schedule,time_day,dose_uM,effective_exposure,A2780Naive,total_A2780cis,total
Optimized,0.0,0.0,0.0,33.5,33.5,67.0
Optimized,0.1,1.287735911196027,0.1666966883272851,36.49514227116843,33.53677819317267,70.03192046434111
Optimized,0.2,1.287735911196027,0.311814584250165,39.74522182285859,33.662009997665166,73.40723182052375
Optimized,0.3,1.287735911196027,0.4381470502901316,43.2698826495916,33.87458640208994,77.14446905168154
Optimized,0.4,1.287735911196027,0.5481258497637629,47.08998698786546,34.17404909144756,81.26403607931302
Optimized,0.5,1.287735911196027,0.6438679555961119,51.22764837500251,34.5605554689997,85.78820384400221
Optimized,0.6,1.287735911196027,0.7272162997595762,55.706258911284834,35.03485129296902,90.74111020425386
Optimized,0.7,1.287735911196027,0.7997752477210146,60.550509510890045,35.598249939557576,96.14875945044761
Optimized,0.8,1.287735911196027,0.8629414807411248,65.78640182201664,36.25261743658859,102.03901925860524
Optimized,0.9,1.287735911196027,0.9179308804781386,71.44125039653649,37.00036251691575,108.44161291345225
Optimized,1.0,1.287735911196027,0.9658019333945459,77.54367359797165,37.84443102139644,115.3881046193681
Optimized,1.1,1.47,1.0310700891034277,84.12357165750349,38.78830404070132,122.9118756982048
Optimized,1.2,1.47,1.0878893188211438,91.21209022556705,39.8359992259277,131.04808945149477
Optimized,1.3,1.47,1.137353331257979,98.841567726324,40.99207472180085,139.83364244812486
Optimized,1.4,1.47,1.1804142551477623,107.04546480934746,42.26163518471936,149.30709999406682
Optimized,1.5,1.47,1.2179009666960643,115.85827421292814,43.65033934228984,159.50861355521798
Optimized,1.6,1.47,1.2505350445505516,125.31540941247508,45.16440853238596,170.47981794486105
Optimized,1.7,1.47,1.278944659409415,135.45307053153212,46.810635629160934,182.26370616069306
Optimized,1.8,1.47,1.3036766656278127,146.30808614777274,48.59639372184199,194.90447986961473
Optimized,1.9,1.47,1.3252071275726691,157.91772983735612,50.52964386063627,208.4473736979924
Optimized,2.0,1.47,1.3439504833467766,170.31951057286162,52.618941123955565,222.9384516968172
Optimized,2.1,1.0764483760234989,1.309322486236986,183.55093642622074,54.8734381939654,238.42437462018614
Optimized,2.2,1.0764483760234989,1.2791770638472446,197.64925143076303,57.302885555087215,254.95213698585025
Optimized,2.3,1.0764483760234989,1.2529339494050604,212.65114592586087,59.917627354878356,272.56877328073926
Optimized,2.4,1.0764483760234989,1.2300879913447775,228.59244124188285,62.72859189155588,291.32103313343873
Optimized,2.5,1.0764483760234989,1.210199429686364,245.5077501774886,65.74727562078782,311.2550257982764
Optimized,2.6,1.0764483760234989,1.192885431131243,263.328502196529,68.98574113772662,332.3142433342556
Optimized,2.7,1.0764483760234989,1.177812719936433,281.40327042751426,72.45715900651506,353.86042943402936
Optimized,2.8,1.0764483760234989,1.1646911627153986,299.55973643713065,76.17608551806934,375.7358219552
Optimized,2.9,1.0764483760234989,1.153268183685312,317.74131125318524,80.15808532068277,397.899396573868
Optimized,3.0,1.0764483760234989,1.1433239028561568,335.8964955772315,84.41975525776233,420.31625083499387
Optimized,3.1,1.345400526944375,1.1694826080150358,351.4515059275538,88.98109392172074,440.43259984927454
Optimized,3.2,1.345400526944375,1.1922550835261851,366.2821649236057,93.86470932001386,460.14687424361955
Optimized,3.3,1.345400526944375,1.2120796749100529,380.35236795679117,99.09318266410217,479.44555062089336
Optimized,3.4,1.345400526944375,1.229337984106384,393.6370155149989,104.69087656942631,498.32789208442523
Optimized,3.5,1.345400526944375,1.2443622148987792,406.12082268181825,110.68405332788862,516.8048760097068
Optimized,3.6,1.345400526944375,1.2574415674781807,417.7971279327295,117.10099749743395,534.8981254301634
Optimized,3.7,1.345400526944375,1.2688278052337199,428.6667374005235,123.97214228479295,552.6388796853165
Optimized,3.8,1.345400526944375,1.2787401009256223,438.73682997924726,131.33019897861948,570.0670289578668
Optimized,3.9,1.345400526944375,1.2873692555237641,448.019939781044,139.210288429366,587.23022821041
Optimized,4.0,1.345400526944375,1.2948813709199483,456.53302544206764,147.65007326461406,604.1830987066817
Optimized,4.1,0.7328134364639066,1.2221219934157301,480.6062493477563,156.65745094793022,637.2637002956866
Optimized,4.2,0.7328134364639066,1.1587812763443266,505.3173904205084,166.2300138845483,671.5474043050567
Optimized,4.3,0.7328134364639066,1.1036399794182157,530.6478530794038,176.3916191671847,707.0394722465885
Optimized,4.4,0.7328134364639066,1.055636692318298,556.5767447221949,187.16547212521414,743.742216847409
Optimized,4.5,0.7328134364639066,1.013847403693392,583.0808817078286,198.57384564370992,781.6547273515384
Optimized,4.6,0.7328134364639066,0.9774677149412316,610.1348115706543,210.63777462693838,820.7725861975927
Optimized,4.7,0.7328134364639066,0.9457973564054986,637.7108523780895,223.37672727668402,861.0875796547735
Optimized,4.8,0.7328134364639066,0.9182267079424266,665.7791499925294,236.8082556629315,902.5874056554609
Optimized,4.9,0.7328134364639066,0.8942250643924607,694.3077538206777,250.9476289438284,945.2553827645061
Optimized,5.0,0.7328134364639066,0.8733304200800077,723.2627114295582,265.80745352579027,989.0701649553484
Optimized,5.1,0.7533507431036425,0.8577991184798682,751.8222999185864,281.4004564685787,1033.2227563871652
Optimized,5.2,0.7533507431036425,0.8442783351231492,780.6914227602931,297.73697297618435,1078.4283957364776
Optimized,5.3,0.7533507431036425,0.8325078095557576,809.8334168806134,314.8210014109288,1124.6544182915422
Optimized,5.4,0.7533507431036425,0.8222609718927794,839.2104127391639,332.65252305370666,1171.8629357928705
Optimized,5.5,0.7533507431036425,0.8133405815932762,868.7834948707837,351.2271484134708,1220.0106432842545
Optimized,5.6,0.7533507431036425,0.8055749307932296,898.5128759337315,370.53579041946705,1269.0486663531985
Optimized,5.7,0.7533507431036425,0.7988145391148748,928.3580830300964,390.5643737314324,1318.9224567615288
Optimized,5.8,0.7533507431036425,0.7929292763311084,958.2781548041951,411.29358958636027,1369.5717443905555
Optimized,5.9,0.7533507431036425,0.7878058574994973,988.2318475739156,432.6987055010951,1420.9305530750107
Optimized,6.0,0.7533507431036425,0.7833456623495905,1018.1778485151315,454.7494387318494,1472.927287246981
Optimized,6.1,0.9934786257125373,0.8105472560895175,1032.7234997300081,477.5248847771607,1510.2483845071688
Optimized,6.2,0.9934786257125373,0.8342276188423573,1046.9523904638984,501.1239537615038,1548.076344225402
Optimized,6.3,0.9934786257125373,0.8548425719758918,1060.8644286459205,525.5388939476087,1586.4033225935293
Optimized,6.4,0.9934786257125373,0.8727889310386063,1074.4594843638706,550.757788207374,1625.2172725712446
Optimized,6.5,0.9934786257125373,0.8884121440297593,1087.7374083385082,576.7643518019847,1664.501760140493
Optimized,6.6,0.9934786257125373,0.9020129408996953,1100.6980539754795,603.5377654578984,1704.2358194333779
Optimized,6.7,0.9934786257125373,0.9138531222760861,1113.3413024006431,631.0525498735385,1744.3938522741814
Optimized,6.8,0.9934786257125373,0.9241605988428225,1125.6670898870327,659.2784875091925,1784.945577396225
Optimized,6.9,0.9934786257125373,0.9331337783741478,1137.6754370822116,688.1805970258821,1825.8560341080938
Optimized,7.0,0.9934786257125373,0.9409453848700334,1149.367536956163,715.90052344007,1865.268060396233
Optimized,7.1,0.9933264079827563,0.9477260788059361,1160.7777188478926,739.4810061171862,1900.2587249650787
Optimized,7.2,0.9933264079827563,0.9536290157313766,1171.899180251603,764.5884362315123,1936.4876164831153
Optimized,7.3,0.9933264079827563,0.9587678207969217,1182.7283881577118,791.0059883246095,1973.7343764823213
Optimized,7.4,0.9933264079827563,0.9632414104414021,1193.2626892053065,818.5421512740768,2011.8048404793833
Optimized,7.5,0.9933264079827563,0.9671358964263613,1203.5002262856415,847.0258832684399,2050.5261095540814
Optimized,7.6,0.9933264079827563,0.9705262433943174,1213.4398721897812,876.3027516604001,2089.742623850181
Optimized,7.7,0.9933264079827563,0.9734777118570416,1223.081176561897,906.2318775182256,2129.3130540801226
Optimized,7.8,0.9933264079827563,0.9760471143898174,1232.424323059463,936.6835398032482,2169.107862862711
Optimized,7.9,0.9933264079827563,0.9782839092120605,1241.470094150131,967.5373209226062,2209.0074150727373
Optimized,8.0,0.9933264079827563,0.9802311522045425,1250.2198414179957,998.6806961109301,2248.9005375289257
Optimized,8.1,0.5091451632669926,0.9192493362978548,1282.7093688722673,1030.8008480917729,2313.5102169640404
Optimized,8.2,0.5091451632669926,0.8661615821094548,1314.7839411455518,1061.9669033116616,2376.750844457213
Optimized,8.3,0.5091451632669926,0.8199460077966115,1346.406235536806,1092.0574829280122,2438.463718464818
Optimized,8.4,0.5091451632669926,0.779713013545511,1377.5427576811674,1120.9621536283787,2498.504911309546
Optimized,8.5,0.5091451632669926,0.7446881577371265,1408.1638641676407,1148.5825457790027,2556.7464099466433
Optimized,8.6,0.5091451632669926,0.7141972497837749,1438.2437353201856,1174.8331883647832,2613.0769236849687
Optimized,8.7,0.5091451632669926,0.6876533726895778,1467.7603026975514,1199.6420545834699,2667.402357281021
Optimized,8.8,0.5091451632669926,0.6645455855331657,1496.6951365598572,1222.950822445216,2719.6459590050736
Optimized,8.9,0.5091451632669926,0.6444290884076294,1525.0332990088027,1244.7148641500394,2769.748163158842
Optimized,9.0,0.5091451632669926,0.6269166605034543,1552.7631687402204,1264.9029859681996,2817.66615470842
Optimized,9.1,0.8928983872077784,0.6613478451987043,1562.980856626908,1282.9146171118987,2845.8954737388067
Optimized,9.2,0.8928983872077784,0.6913219324301245,1572.867872924399,1300.21331196127,2873.0811848856692
Optimized,9.3,0.8928983872077784,0.7174158909537404,1582.4325181330403,1316.7825010588815,2899.215019191922
Optimized,9.4,0.8928983872077784,0.7401320012451117,1591.6833655881674,1332.6108209489182,2924.294186537086
Optimized,9.5,0.8928983872077784,0.7599075238551726,1600.6292019759996,1347.691722748059,2948.3209247240584
Optimized,9.6,0.8928983872077784,0.7771231162028455,1609.278971346096,1362.0230748426877,2971.3020461887836
Optimized,9.7,0.8928983872077784,0.7921101598185959,1617.6417228419857,1375.606764478006,2993.248487319992
Optimized,9.8,0.8928983872077784,0.8051571390804377,1625.726562302319,1388.448302714426,3014.174865016745
Optimized,9.9,0.8928983872077784,0.8165151942261519,1633.5426078198782,1400.5564368338805,3034.099044653759
Optimized,10.0,0.8928983872077784,0.8264029555312059,1641.0989492862125,1411.94277381382,3053.0417231000324
Optimized,10.1,0.5528228650826024,0.7909881669295813,1664.4663248000425,1422.7542960087471,3087.2206208087896
Optimized,10.2,0.5528228650826024,0.7601578027634313,1687.2609704601923,1432.00504377871,3119.2660142389022
Optimized,10.3,0.5528228650826024,0.7333184118719736,1709.4896400315297,1439.7502628665613,3149.239902898091
Optimized,10.4,0.5528228650826024,0.7099533650128991,1731.1602461989082,1446.050130554452,3177.21037675336
Optimized,10.5,0.5528228650826024,0.6896129103083014,1752.281682819958,1450.968654085977,3203.250336905935
Optimized,10.6,0.5528228650826024,0.6719055160075238,1772.8636607562019,1454.572648869316,3227.436309625518
Optimized,10.7,0.5528228650826024,0.6564903339244809,1792.9165576660398,1456.9308054174498,3249.8473630834897
Optimized,10.8,0.5528228650826024,0.6430706384787812,1812.4512818014023,1458.112850169573,3270.5641319709753
Optimized,10.9,0.5528228650826024,0.6313881150489588,1831.4791493545995,1458.1900815721162,3289.6692309267155
Optimized,11.0,0.5528228650826024,0.6212178876966482,1850.009776633458,1457.7879137452803,3307.7976903787385
Optimized,11.1,1.4441964642864131,0.7277520008554927,1812.5043805638136,1456.1922185384014,3268.6965991022153
Optimized,11.2,1.4441964642864131,0.820495333076204,1776.065699842786,1456.5432293112465,3232.6089291540325
Optimized,11.3,1.4441964642864131,0.9012330931829,1740.636878449406,1458.9342968742892,3199.571175323695
Optimized,11.4,1.4441964642864131,0.9715193957230382,1706.1659073026578,1463.2214339454335,3169.3873412480916
Optimized,11.5,1.4441964642864131,1.032707175991371,1672.6051699443394,1469.281034718211,3141.8862046625504
Optimized,11.6,1.4441964642864131,1.0859742325708,1639.9109611563865,1477.0051387335443,3116.9160998899306
Optimized,11.7,1.4441964642864131,1.13234589868113,1608.0430722204542,1486.2979747464049,3094.341046966859
Optimized,11.8,1.4441964642864131,1.172714778734464,1576.964430768186,1497.0733809269334,3074.0378116951197
Optimized,11.9,1.4441964642864131,1.2078579300045313,1546.6407859970045,1509.2528362387877,3055.8936222357925
Optimized,12.0,1.4441964642864131,1.238451820138673,1517.0404320346056,1522.76392701421,3039.8043590488155
Optimized,12.1,0.366044113662475,1.1255191339598838,1544.3908022783194,1537.1526231494968,3081.543425427816
Optimized,12.2,0.366044113662475,1.027205520392257,1571.1745358536405,1549.404964699821,3120.5795005534615
Optimized,12.3,0.366044113662475,0.9416185487211924,1597.391652135672,1559.5960117970615,3156.9876639327335
Optimized,12.4,0.366044113662475,0.8671107623220873,1623.043967500375,1567.8096418460898,3190.8536093464645
Optimized,12.5,0.366044113662475,0.802247966902368,1648.1348595907132,1574.1365700275055,3222.2714296182185
Optimized,12.6,0.366044113662475,0.7457816238127529,1672.6690481408245,1578.672517372848,3251.3415655136723
Optimized,12.7,0.366044113662475,0.6966248170288074,1696.6523935276282,1581.5165470477248,3278.168940575353
Optimized,12.8,0.366044113662475,0.6538313311932024,1720.0917135656414,1582.7695804297412,3302.8612939953828
Optimized,12.9,0.366044113662475,0.6165774379934643,1742.9944642282512,1582.6463536462775,3325.6408178745287
Optimized,13.0,0.366044113662475,0.5841460402836147,1765.362921521046,1582.2595936543842,3347.62251517543
Optimized,13.1,0.6338227362991528,0.5905766605999446,1782.7255710414524,1581.801693635266,3364.5272646767185
Optimized,13.2,0.6338227362991528,0.5961748407387012,1799.6555988811813,1581.3439059385603,3380.9995048197416
Optimized,13.3,0.6338227362991528,0.6010483396119535,1816.154479076558,1580.886231072125,3397.0407101486826
Optimized,13.4,0.6338227362991528,0.6052909668013048,1832.2243919608604,1580.4286695443539,3412.6530615052143
Optimized,13.5,0.6338227362991528,0.608984388290864,1847.8681786605675,1579.971221862984,3427.8394005235514
Optimized,13.6,0.6338227362991528,0.6121996984491004,1863.0892956884459,1579.5138885339802,3442.603184222426
Optimized,13.7,0.6338227362991528,0.6149987885185331,1877.8917699002354,1579.0566700604923,3456.9484399607277
Optimized,13.8,0.6338227362991528,0.6174355379552005,1892.2801540553194,1578.5995669418892,3470.8797209972086
Optimized,13.9,0.6338227362991528,0.6195568515499075,1906.2594831955937,1578.1425796728652,3484.402062868459
Optimized,14.0,0.6338227362991528,0.621403562294711,1919.8352320311212,1577.6857087426174,3497.5209407737384
Optimized,14.1,1.1320589976421924,0.6875076207498347,1901.6486598069698,1576.248685870465,3477.8973456774347
Optimized,14.2,1.1320589976421924,0.745054546074197,1884.0155572239466,1574.8140753738348,3458.8296325977817
Optimized,14.3,1.1320589976421924,0.7951520543313121,1866.9117563884718,1573.3816683990804,3440.293424787552
Optimized,14.4,1.1320589976421924,0.8387644683642709,1850.3144966801028,1571.9513105206222,3422.2658072007252
Optimized,14.5,1.1320589976421924,0.8767312799673469,1834.2023227299312,1570.5228868062702,3404.7252095362014
Optimized,14.6,1.1320589976421924,0.9097833091949354,1818.5549912336016,1569.0963110118132,3387.6513022454146
Optimized,14.7,1.1320589976421924,0.9385567718570629,1803.3533857055152,1567.6715177604053,3371.0249034659205
Optimized,14.8,1.1320589976421924,0.9636055259855278,1788.5794383855823,1566.248456879995,3354.8278952655774
Optimized,14.9,1.1320589976421924,0.9854117330019012,1774.2160586003552,1564.8270893014173,3339.0431479017725
Optimized,15.0,1.1320589976421924,1.0043951388033352,1760.2470669587562,1563.4073840854116,3323.654451044168
Optimized,15.1,0.7557330447590715,0.9722059708000592,1772.653744135402,1562.80824660235,3335.461990737752
Optimized,15.2,0.7557330447590715,0.9441836724627862,1784.7539873596875,1562.2092870651336,3346.963274424821
Optimized,15.3,0.7557330447590715,0.9197888448604337,1796.5509347017496,1561.6105067004544,3358.161441402204
Optimized,15.4,0.7557330447590715,0.8985519139497087,1808.0479950269416,1561.0119067265064,3369.059901753448
Optimized,15.5,0.7557330447590715,0.8800640917827103,1819.2488262876154,1560.413488351309,3379.6623146389247
Optimized,15.6,0.7557330447590715,0.8639695077811267,1830.1573143412666,1559.8152527711618,3389.9725671124284
Optimized,15.7,0.7557330447590715,0.8499583586125469,1840.7775523529453,1559.2172011692228,3399.994753522168
Optimized,15.8,0.7557330447590715,0.8377609448113098,1851.1138208316056,1558.619334714213,3409.7331555458186
Optimized,15.9,0.7557330447590715,0.8271424793558156,1861.1705683422401,1558.0216545592361,3419.1922229014763
Optimized,16.0,0.7557330447590715,0.8178985682721501,1870.9523929282414,1557.424161840712,3428.3765547689536
Optimized,16.1,1.466331102708082,0.9018377945949035,1830.7245242840565,1555.669391828204,3386.3939161122607
Optimized,16.2,1.466331102708082,0.9749111353528728,1791.6880708995154,1553.9177525021219,3345.6058234016373
Optimized,16.3,1.466331102708082,1.038525173311718,1753.7821193187533,1552.182004223877,3305.96412354263
Optimized,16.4,1.466331102708082,1.093904409890292,1716.9492703096894,1551.8962504502438,3268.845520759933
Optimized,16.5,1.466331102708082,1.142114835488671,1681.1336813666899,1553.9117657844488,3235.0454471511384
Optimized,16.6,1.466331102708082,1.1840844486500686,1646.2838319454402,1558.0655332455844,3204.349365191025
Optimized,16.7,1.466331102708082,1.2206211190290235,1612.3526238716668,1564.2124108279547,3176.5650346996217
Optimized,16.8,1.466331102708082,1.252428138008373,1579.2968946030671,1572.222187861426,3151.5190824644933
Optimized,16.9,1.466331102708082,1.2801177562976007,1547.0769943455985,1581.977129383817,3129.0541237294156
Optimized,17.0,1.466331102708082,1.3042229690967289,1515.656417049956,1593.3699189740335,3109.0263360239896
Optimized,17.1,0.7055008868995754,1.226718732814556,1535.5762573300487,1605.8674321612095,3141.4436894912583
Optimized,17.2,0.7055008868995754,1.1592473762612514,1555.0571223254478,1616.5325348661033,3171.589657191551
Optimized,17.3,0.7055008868995754,1.1005101488074058,1574.1070308716403,1625.449532146613,3199.556563018253
Optimized,17.4,0.7055008868995754,1.0493764223610071,1592.7344715848058,1632.706393719865,3225.4408653046708
Optimized,17.5,0.7055008868995754,1.0048619279996664,1610.9482792117556,1638.393351491032,3249.3416307027874
Optimized,17.6,0.7055008868995754,0.9661098098585665,1628.7575261987233,1642.601665931007,3271.35919212973
Optimized,17.7,0.7055008868995754,0.9323741315819238,1646.171428711804,1645.422559639471,3291.593988351275
Optimized,17.8,0.7055008868995754,0.9030055178550241,1663.1992661620761,1646.9463119724976,3310.145578134574
Optimized,17.9,0.7055008868995754,0.8774386546318576,1679.850313172662,1647.2615053426414,3327.1118185153036
Optimized,18.0,0.7055008868995754,0.8551814074516325,1696.1331201359403,1646.7533091850596,3342.886429321
Optimized,18.1,0.49843356253575855,0.8090005998823147,1717.0771280200229,1646.3277003524477,3363.4048283724705
Optimized,18.2,0.49843356253575855,0.7687978718393799,1737.5438995099466,1645.9021881084414,3383.446087618388
Optimized,18.3,0.49843356253575855,0.7337993642955667,1757.5301038336695,1645.4767727448886,3403.006876578558
Optimized,18.4,0.49843356253575855,0.7033313938387858,1777.0335472577667,1645.051454555509,3422.085001813276
Optimized,18.5,0.49843356253575855,0.676807484995151,1796.0531200154016,1644.6262338351535,3440.6793538505553
Optimized,18.6,0.49843356253575855,0.6537170812105173,1814.588741127273,1644.201110879101,3458.7898520063736
Optimized,18.7,0.49843356253575855,0.6336157171890745,1832.6413016597448,1643.7760859823886,3476.4173876421337
Optimized,18.8,0.49843356253575855,0.6161164634171908,1850.2126069313933,1643.351159439181,3493.5637663705743
Optimized,18.9,0.49843356253575855,0.6008824781888218,1867.3053181436953,1642.9263315421792,3510.231649685875
Optimized,19.0,0.49843356253575855,0.5876205237670256,1883.9228938741765,1642.5016025820653,3526.4244964562417
Optimized,19.1,1.2117923240773587,0.6684192117232028,1861.12880497651,1640.8954261212548,3502.0242310977646
Optimized,19.2,1.2117923240773587,0.7387585550371059,1839.0160623945937,1639.2913949324516,3478.307457327045
Optimized,19.3,1.2117923240773587,0.7999925099809364,1817.553387442398,1637.6894893307337,3455.2428767731317
Optimized,19.4,1.2117923240773587,0.8532997639501406,1796.7114333245258,1636.0896904690503,3432.801123793576
Optimized,19.5,1.2117923240773587,0.8997064239207999,1776.4626366721534,1634.4919802835816,3410.954616955735
Optimized,19.6,1.2117923240773587,0.9401057678989341,1756.7810826248065,1632.8963414441898,3389.6774240689965
Optimized,19.7,1.2117923240773587,0.9752754395558743,1737.6423820353705,1631.3027573092354,3368.945139344606
Optimized,19.8,1.2117923240773587,1.0058924170277446,1719.0235595440251,1629.711211884201,3348.734771428226
Optimized,19.9,1.2117923240773587,1.0325460440122827,1700.9029514129397,1628.1216897836505,3329.02464119659
Optimized,20.0,1.2117923240773587,1.0557493739960735,1683.2594611876648,1627.040945715244,3310.300406902909
Optimized,20.1,0.7686663241458054,1.0185866349060921,1696.1952121513866,1627.0661507316495,3323.261362883036
Optimized,20.2,0.7686663241458054,0.9862345914577241,1708.836470740561,1626.4489060085587,3335.2853767491197
Optimized,20.3,0.7686663241458054,0.9580705018099488,1721.1874294667014,1625.7995956888956,3346.9870251555967
Optimized,20.4,0.7686663241458054,0.9335522377023696,1733.2501458240151,1625.1504834279467,3358.4006292519616
Optimized,20.5,0.7686663241458054,0.9122078490724869,1745.0269449469217,1624.5015706806207,3369.528515627542
Optimized,20.6,0.7686663241458054,0.8936264795275451,1756.5204257805158,1623.8528588875915,3380.3732846681073
Optimized,20.7,0.7686663241458054,0.8774504578033989,1767.7334418909734,1623.2043494739057,3390.937791364879
Optimized,20.8,0.7686663241458054,0.8633684129795327,1778.6690826002518,1622.5560438476946,3401.2251264479464
Optimized,20.9,0.7686663241458054,0.8511092809256572,1789.3306545053424,1621.9079433989848,3411.2385979043274
Optimized,21.0,0.7686663241458054,0.8404370866105692,1799.7216634354309,1621.2600494986073,3420.981712934038
Optimized,21.1,1.47,0.9219336511180533,1761.1674126024327,1619.4315370262184,3380.598949628651
Optimized,21.2,1.47,0.9928805312567863,1723.720251848452,1617.6062208148578,3341.3264726633097
Optimized,21.3,1.47,1.054643377725849,1687.3255817380846,1616.1855890270704,3303.511170765155
Optimized,21.4,1.47,1.108411058510093,1651.9305817247798,1616.9930304556644,3268.9236121804443
Optimized,21.5,1.47,1.1552185433039324,1617.484956833902,1620.095504208438,3237.58046104234
Optimized,21.6,1.47,1.1959668255576665,1583.9427184288134,1625.3257594746444,3209.268477903458
Optimized,21.7,1.47,1.2314402656269838,1551.261763602202,1632.534351532447,3183.796115134649
Optimized,21.8,1.47,1.2623216888613655,1519.4034484717438,1641.5866997337546,3160.9901482054984
Optimized,21.9,1.47,1.2892055292534264,1488.3322172622547,1652.3606415717663,3140.692858834021
Optimized,22.0,1.47,1.3126092716502844,1458.0152784694199,1664.7443919864804,3122.7596704559
Optimized,22.1,1.47,1.3329834127770912,1428.422320982443,1678.634836535472,3107.0571575179147
Optimized,22.2,1.47,1.3507201328116925,1399.5252643022998,1693.9361019689038,3093.4613662712036
Optimized,22.3,1.47,1.3661608444288245,1371.2980380014594,1710.5583592296866,3081.856397231146
Optimized,22.4,1.47,1.379602764624795,1343.716386384392,1728.4168227803484,3072.1332091647405
Optimized,22.5,1.47,1.3913046358232586,1316.7576949678075,1747.4309170499866,3064.188612017794
Optimized,22.6,1.47,1.4014917063867798,1290.4008359372256,1767.523586155346,3057.9244220925716
Optimized,22.7,1.47,1.410360066404253,1264.6260301768884,1788.6207272246324,3053.246757401521
Optimized,22.8,1.47,1.418080422213027,1239.414723832568,1810.650730904525,3050.065454737093
Optimized,22.9,1.47,1.4248013823112404,1214.7494776664798,1833.5441151625937,3048.2935928290735
Optimized,23.0,1.47,1.4306523179106616,1190.6138677122524,1857.233240467175,3047.8471081794273
Optimized,23.1,1.47,1.4357458531925704,1166.9923959452467,1881.6520959590212,3048.644491904268
Optimized,23.2,1.47,1.4401800332014236,1143.8704098569729,1906.7361474229976,3050.6065572799707
Optimized,23.3,1.47,1.4440402111059019,1121.234029968036,1932.4222388031149,3053.656268771151
Optimized,23.4,1.47,1.4474006911550794,1099.0700844368935,1958.6485397447095,3057.718624181603
Optimized,23.5,1.47,1.4503261589548455,1077.3660500256376,1985.354532245695,3062.7205822713327
Optimized,23.6,1.47,1.4528729265958433,1056.1099987724333,2012.4810299965984,3068.5910287690317
Optimized,23.7,1.47,1.4550900166003038,1035.2905497955967,2039.9702244206894,3075.2607742162863
Optimized,23.8,1.47,1.4570201055525698,1014.8968257189853,2067.765751817429,3082.6625775364146
Optimized,23.9,1.47,1.4587003455771805,994.9184132640731,2095.812776385528,3090.731189649601
Optimized,24.0,1.47,1.4601630794770815,975.3453276022394,2124.058084271368,3099.4034118736076
Constant 1 uM,0.0,0.0,0.0,33.5,33.5,67.0
Constant 1 uM,0.1,1.0,0.12944943670347162,36.49514227116855,33.53677819317268,70.03192046434123
Constant 1 uM,0.2,1.0,0.2421417167440054,39.74522182285888,33.66200999766518,73.40723182052406
Constant 1 uM,0.3,1.0,0.34024604461237473,43.26988264959213,33.87458640208997,77.1444690516821
Constant 1 uM,0.4,1.0,0.4256508224999271,47.08998698786629,34.17404909144759,81.26403607931388
Constant 1 uM,0.5,1.0,0.4999999999980791,51.22764837500372,34.56055546899976,85.78820384400348
Constant 1 uM,0.6,1.0,0.5647247183498382,55.70625891128599,35.03485129296908,90.74111020425508
Constant 1 uM,0.7,1.0,0.6210708583702359,60.55050951089117,35.59824993955763,96.14875945044881
Constant 1 uM,0.8,1.0,0.6701230223046103,65.78640182201781,36.252617436588636,102.03901925860644
Constant 1 uM,0.9,1.0,0.7128254112486041,71.44125039653777,37.0003625169158,108.44161291345358
Constant 1 uM,1.0,1.0,0.7499999999979027,77.54367359797313,37.84443102139649,115.38810461936961
Constant 1 uM,1.1,1.0,0.782362359173911,84.12357165750544,38.78830404070137,122.9118756982068
Constant 1 uM,1.2,1.0,0.8105354291841746,91.2120902255697,39.83599922592775,131.04808945149745
Constant 1 uM,1.3,1.0,0.8350615111513857,98.84156772632767,40.99207472180089,139.83364244812856
Constant 1 uM,1.4,1.0,0.8564127056233807,107.04546480935251,42.2616351847194,149.3070999940719
Constant 1 uM,1.5,1.0,0.8749999999980131,115.85827421293493,43.65033934228988,159.50861355522483
Constant 1 uM,1.6,1.0,0.8911811795859921,125.31540941248402,45.16440853238599,170.47981794487
Constant 1 uM,1.7,1.0,0.9052677145910949,135.4530705315436,46.81063562916094,182.26370616070454
Constant 1 uM,1.8,1.0,0.9175307555746708,146.30808614778724,48.59639372184196,194.9044798696292
Constant 1 uM,1.9,1.0,0.9282063528106396,157.91772983737414,50.5296438606362,208.44737369801035
Constant 1 uM,2.0,1.0,0.9374999999979291,170.3195105728837,52.61894112395543,222.93845169683914
Constant 1 uM,2.1,1.0,0.9455905897918946,183.55093642625042,54.873438193965136,238.42437462021553
Constant 1 uM,2.2,1.0,0.9526338572944248,197.64925143080154,57.30288555508677,254.9521369858883
Constant 1 uM,2.3,1.0,0.9587653777861942,212.65114592590965,59.917627354877666,272.56877328078735
Constant 1 uM,2.4,1.0,0.9641031764041628,228.59244124194342,62.72859189155491,291.32103313349836
Constant 1 uM,2.5,1.0,0.9687499999978334,245.50775017756095,65.74727562078652,311.2550257983475
Constant 1 uM,2.6,1.0,0.9727952948950741,263.3424203006987,68.9857382243608,332.3281585250595
Constant 1 uM,2.7,1.0,0.9763169286464439,281.53904583446274,72.45706523228263,353.9961110667454
Constant 1 uM,2.8,1.0,0.9793826888924484,299.95208747452585,76.1756023444348,376.1276898189607
Constant 1 uM,2.9,1.0,0.9820515882015591,318.53468745873226,80.15662412103315,398.69131157976545
Constant 1 uM,3.0,1.0,0.9843749999985023,337.24323195954565,84.41634727443575,421.6595792339814
Constant 1 uM,3.1,1.0,0.986397647447113,356.0374707449341,88.97196318822742,445.0094339331615
Constant 1 uM,3.2,1.0,0.9881584643228613,374.88055120597033,93.84166859458968,468.72221980056
Constant 1 uM,3.3,1.0,0.9896913444459144,393.73898140046845,99.04469372291952,492.783675123388
Constant 1 uM,3.4,1.0,0.9910257941005118,412.5825360152937,104.60132714380424,517.183863159098
Constant 1 uM,3.5,1.0,0.9921874999990189,431.38411801300066,110.53293643544511,541.9170544484458
Constant 1 uM,3.6,1.0,0.9931988237233546,450.11958736120744,116.8619836950194,566.9815710562268
Constant 1 uM,3.7,1.0,0.9940792321612549,468.76756677285886,123.61203480616396,592.3796015790228
Constant 1 uM,3.8,1.0,0.9948456722228042,487.30923290833283,130.8077612570181,618.1169941653509
Constant 1 uM,3.9,1.0,0.9955128970501226,505.7281000745506,138.47493318280357,644.2030332573542
Constant 1 uM,4.0,1.0,0.9960937499993932,524.0098021469031,146.6404021850133,670.6502043319164
Constant 1 uM,4.1,1.0,0.9965994118615757,542.1418772632569,155.3320723588293,697.4739496220861
Constant 1 uM,4.2,1.0,0.9970396160805388,560.1135588075738,164.57885784502614,724.6924166526
Constant 1 uM,4.3,1.0,0.9974228361113248,577.915575315355,174.4106251167922,752.3262004321473
Constant 1 uM,4.4,1.0,0.9977564485249937,595.5399611885218,184.85811812097873,780.3980793095005
Constant 1 uM,4.5,1.0,0.9980468749996375,612.9798794931677,195.95286432359416,808.9327438167618
Constant 1 uM,4.6,1.0,0.9982997059307364,630.229457616942,207.7270596682669,837.9565172852089
Constant 1 uM,4.7,1.0,0.9985198080402244,647.2836361694776,220.21343045226556,867.4970666217432
Constant 1 uM,4.8,1.0,0.9987114180556232,664.1380312050419,233.4450701668731,897.583101371915
Constant 1 uM,4.9,1.0,0.9988782242624628,680.7888096177277,247.45524944768354,928.2440590654112
Constant 1 uM,5.0,1.0,0.9990234374997892,697.2325773932852,262.2771974466247,959.5097748399098
Constant 1 uM,5.1,1.0,0.9991498529653424,713.4662802866004,277.94385318251153,991.4101334691119
Constant 1 uM,5.2,1.0,0.9992599040200899,729.4871164195916,294.48758576189425,1023.9747021814858
Constant 1 uM,5.3,1.0,0.9993557090277924,745.2924602519972,311.9398827975564,1057.2323430495535
Constant 1 uM,5.4,1.0,0.9994391121312147,760.8797973593863,330.3310068975235,1091.2108042569098
Constant 1 uM,5.5,1.0,0.9995117187498802,776.2466694521416,349.68962076004516,1125.9362902121868
Constant 1 uM,5.6,1.0,0.9995749264826589,791.3906290805112,370.0423821937455,1161.4330112742566
Constant 1 uM,5.7,1.0,0.9996299520100342,806.3092034893472,391.4135112867234,1197.7227147760705
Constant 1 uM,5.8,1.0,0.9996778545138868,820.9998671079113,413.82433296819994,1234.8242000761113
Constant 1 uM,5.9,1.0,0.9997195560655991,835.4600221818347,437.29279932902324,1272.7528215108578
Constant 1 uM,6.0,1.0,0.9997558593749328,849.6869870733121,461.83299727291376,1311.519984346226
Constant 1 uM,6.1,1.0,0.999787463241323,863.677991769793,487.4546483300713,1351.1326400998644
Constant 1 uM,6.2,1.0,0.9998149760050112,877.430180149185,514.1626087406402,1391.5927888898252
Constant 1 uM,6.3,1.0,0.999838927256938,890.9406185498324,541.9563791601745,1432.8969977100069
Constant 1 uM,6.4,1.0,0.9998597780327946,904.2063101856357,570.8296344962986,1475.0359446819343
Constant 1 uM,6.5,1.0,0.9998779296874616,917.2242149305142,600.7697853911859,1517.9940003217002
Constant 1 uM,6.6,1.0,0.9998937316206566,929.9912739723363,631.7575836487158,1561.7488576210521
Constant 1 uM,6.7,1.0,0.9999074880025005,942.5044388052903,663.7667843960451,1606.2712232013355
Constant 1 uM,6.8,1.0,0.9999194636284627,954.7607039927864,696.763877896219,1651.5245818890053
Constant 1 uM,6.9,1.0,0.9999298890163867,966.7571430921558,730.7079036268539,1697.4650467190097
Constant 1 uM,7.0,1.0,0.9999389648437222,978.491934221712,763.577869304207,1742.0698035259188
Constant 1 uM,7.1,1.0,0.9999468658103214,989.98283664108,792.1388040153515,1782.1216406564315
Constant 1 uM,7.2,1.0,0.999953744001245,1001.2322974622251,822.5264109431536,1823.7587084053787
Constant 1 uM,7.3,1.0,0.9999597318142279,1012.2343704524235,854.4992958732241,1866.7336663256478
Constant 1 uM,7.4,1.0,0.9999649445081931,1022.9839492105549,887.8400273108934,1910.8239765214485
Constant 1 uM,7.5,1.0,0.9999694824218608,1033.476708774977,922.3501571929216,1955.8268659678988
Constant 1 uM,7.6,1.0,0.9999734329051605,1043.7090622601168,957.8463293330943,2001.555391593211
Constant 1 uM,7.7,1.0,0.9999768720006224,1053.6781289142218,994.1572844308658,2047.8354133450875
Constant 1 uM,7.8,1.0,0.999979865907114,1063.3817105433825,1031.1216062667736,2094.5033168101563
Constant 1 uM,7.9,1.0,0.9999824722540966,1072.8182737143495,1068.5860804884373,2141.4043542027866
Constant 1 uM,8.0,1.0,0.9999847412109304,1081.986935552855,1106.4045576255744,2188.3914931784293
Constant 1 uM,8.1,1.0,0.9999867164525803,1090.887451311142,1144.4372274876814,2235.3246787988237
Constant 1 uM,8.2,1.0,0.9999884360003111,1099.5202021996247,1182.5502242571445,2282.0704264567694
Constant 1 uM,8.3,1.0,0.9999899329535569,1107.8861822707152,1220.6154914147758,2328.501673685491
Constant 1 uM,8.4,1.0,0.9999912361270481,1115.9869834126555,1258.5108438849234,2374.4978272975786
Constant 1 uM,8.5,1.0,0.999992370605465,1123.8247777601637,1296.120172020239,2419.9449497804026
Constant 1 uM,8.6,1.0,0.9999933582262899,1131.4022970576336,1333.333738655317,2464.7360357129505
Constant 1 uM,8.7,1.0,0.9999942180001553,1138.7228087192498,1370.048526704688,2508.7713354239377
Constant 1 uM,8.8,1.0,0.9999949664767783,1145.7900885175143,1406.1686008173444,2551.9586893348587
Constant 1 uM,8.9,1.0,0.999995618063524,1152.6083899961206,1441.605452495088,2594.2138424912087
Constant 1 uM,9.0,1.0,0.9999961853027324,1159.1824108434164,1476.2783038378636,2635.46071468128
Constant 1 uM,9.1,1.0,0.9999966791131449,1165.5172565780078,1510.114350651505,2675.631607229513
Constant 1 uM,9.2,1.0,0.9999971090000777,1171.6184019878392,1543.0489309680404,2714.66733295588
Constant 1 uM,9.3,1.0,0.9999974832383891,1177.4916508285635,1575.0256099978774,2752.517260826441
Constant 1 uM,9.4,1.0,0.999997809031762,1183.143094327072,1605.9961770680698,2789.139271395142
Constant 1 uM,9.5,1.0,0.9999980926513663,1188.5790690532403,1635.9205541227598,2824.499623176
Constant 1 uM,9.6,1.0,0.9999983395565727,1193.806114719417,1664.7666188096985,2858.572733529116
Constant 1 uM,9.7,1.0,0.999998554500039,1198.8309324456116,1692.509948012391,2891.3408804580026
Constant 1 uM,9.8,1.0,0.9999987416191948,1203.6603439916687,1719.1334898973214,2922.79383388899
Constant 1 uM,9.9,1.0,0.9999989045158811,1208.3012524091716,1744.6271741410087,2952.92842655018
Constant 1 uM,10.0,1.0,0.9999990463256833,1212.7606045085581,1768.9874710155298,2981.7480755240877
Constant 1 uM,10.1,1.0,0.9999991697782863,1217.0453554740961,1792.2169104951747,3009.2622659692706
Constant 1 uM,10.2,1.0,0.9999992772500195,1221.1624358938018,1814.3235725665309,3035.4860084603324
Constant 1 uM,10.3,1.0,0.9999993708095973,1225.1187214056579,1835.3205595536103,3060.439280959268
Constant 1 uM,10.4,1.0,0.9999994522579405,1228.921005097791,1855.2254605869373,3084.1464656847284
Constant 1 uM,10.5,1.0,0.9999995231628417,1232.575972740331,1874.059817428623,3106.6357901689544
Constant 1 uM,10.6,1.0,0.9999995848891433,1236.0901808718775,1891.848599788276,3127.9387806601535
Constant 1 uM,10.7,1.0,0.99999963862501,1239.470037714758,1908.6196970944225,3148.0897348091803
Constant 1 uM,10.8,1.0,0.9999996854047988,1242.7217868511475,1924.4034324814106,3167.125219332558
Constant 1 uM,10.9,1.0,0.9999997261289704,1245.8514935568558,1939.2321035615832,3185.083597118439
Constant 1 uM,11.0,1.0,0.9999997615814209,1248.8650336611533,1953.13955341568,3202.0045870768336
Constant 1 uM,11.1,1.0,0.9999997924445716,1251.768084779086,1966.1607741801338,3217.9288589592197
Constant 1 uM,11.2,1.0,0.9999998193125048,1254.5661197469421,1978.3315446583867,3232.897664405329
Constant 1 uM,11.3,1.0,0.9999998427023994,1257.2644020812568,1989.6881025465877,3246.9525046278445
Constant 1 uM,11.4,1.0,0.9999998630644852,1259.8679832763828,2000.2668511474951,3260.1348344238777
Constant 1 uM,11.5,1.0,0.9999998807907104,1262.3817017545302,2010.10409984978,3272.48580160431
Constant 1 uM,11.6,1.0,0.9999998962222858,1264.8101832845953,2019.2358371687221,3284.0460204533174
Constant 1 uM,11.7,1.0,0.9999999096562524,1267.1578426914402,2027.6975347708433,3294.8553774622833
Constant 1 uM,11.8,1.0,0.9999999213511996,1269.4288866848917,2035.5239806294362,3304.9528673143277
Constant 1 uM,11.9,1.0,0.9999999315322425,1271.6273176470725,2042.7491392692755,3314.3764569163477
Constant 1 uM,12.0,1.0,0.9999999403953551,1273.7569382272518,2049.4060369453264,3323.162975172578
Constant 1 uM,12.1,1.0,0.9999999481111428,1275.8213566047475,2055.5266695505493,3331.348026155297
Constant 1 uM,12.2,1.0,0.9999999548281262,1277.8239922921855,2061.1419310507663,3338.965923342952
Constant 1 uM,12.3,1.0,0.9999999606755999,1279.7680823632988,2066.2815602897367,3346.0496426530353
Constant 1 uM,12.4,1.0,0.9999999657661214,1281.65668800117,2070.9741040856943,3352.630792086864
Constant 1 uM,12.5,1.0,0.9999999701976777,1283.492701274203,2075.246894643306,3358.739595917509
Constant 1 uM,12.6,1.0,0.9999999740555715,1285.2788520579948,2079.1260394251467,3364.404891483142
Constant 1 uM,12.7,1.0,0.9999999774140632,1287.017715031549,2082.636421758162,3369.6541367897116
Constant 1 uM,12.8,1.0,0.9999999803377999,1288.711716685874,2085.8017105881618,3374.513427274036
Constant 1 uM,12.9,1.0,0.9999999828830607,1290.3631422918713,2088.64437793493,3379.0075202268017
Constant 1 uM,13.0,1.0,0.9999999850988389,1291.974142782552,2091.1857227388064,3383.1598655213584
Constant 1 uM,13.1,1.0,0.9999999870277858,1293.5467415119917,2093.44589992394,3386.9926414359315
Constant 1 uM,13.2,1.0,0.9999999887070316,1295.0828408600862,2095.4439536320783,3390.5267944921643
Constant 1 uM,13.3,1.0,0.9999999901689,1296.584228658113,2097.1978537022005,3393.7820823603133
Constant 1 uM,13.4,1.0,0.9999999914415303,1298.0525844153856,2098.7245345848028,3396.7771190001886
Constant 1 uM,13.5,1.0,0.9999999925494194,1299.4894853319279,2100.0399359845674,3399.5294213164952
Constant 1 uM,13.6,1.0,0.9999999935138929,1300.8964120861713,2101.159044621353,3402.055456707524
Constant 1 uM,13.7,1.0,0.9999999943535158,1302.2747543901944,2102.095936586897,3404.3706909770917
Constant 1 uM,13.8,1.0,0.99999999508445,1303.6258163080781,2102.8638198535937,3406.489636161672
Constant 1 uM,13.9,1.0,0.9999999957207653,1304.9508213355284,2103.4750765624785,3408.425897898007
Constant 1 uM,14.0,1.0,0.9999999962747097,1306.250917241124,2103.9413047805833,3410.192222021707
Constant 1 uM,14.1,1.0,0.9999999967569465,1307.5271806713781,2104.2733594736064,3411.8005401449846
Constant 1 uM,14.2,1.0,0.9999999971767579,1308.7806215233254,2104.481392488922,3413.2620140122476
Constant 1 uM,14.3,1.0,0.999999997542225,1310.0121870895775,2104.5748913868247,3414.5870784764024
Constant 1 uM,14.4,1.0,0.9999999978603826,1311.2227659817975,2104.5627169951895,3415.785482976987
Constant 1 uM,14.5,1.0,0.999999998137355,1312.4131918393002,2104.4531395948993,3416.8663314341993
Constant 1 uM,14.6,1.0,0.9999999983784733,1313.5842468301005,2104.2538736709803,3417.838120501081
Constant 1 uM,14.7,1.0,0.999999998588379,1314.7366649521396,2103.9721111879094,3418.708776140049
Constant 1 uM,14.8,1.0,0.9999999987711126,1315.8711351427326,2103.6145533673953,3419.4856885101276
Constant 1 uM,14.9,1.0,0.9999999989301914,1316.9883042044398,2103.1874409635952,3420.175745168035
Constant 1 uM,15.0,1.0,0.9999999990686775,1318.0887795556555,2102.696583044541,3420.7853626001965
Constant 1 uM,15.1,1.0,0.9999999991892367,1319.1731318141922,2102.147384299872,3421.3205161140645
Constant 1 uM,15.2,1.0,0.9999999992941895,1320.2418972220746,2101.5448709041657,3421.7867681262405
Constant 1 uM,15.3,1.0,0.9999999993855563,1321.2955799196197,2100.893714972442,3422.189294892062
Constant 1 uM,15.4,1.0,0.9999999994650958,1322.3346540767102,2100.198257650123,3422.5329117268334
Constant 1 uM,15.5,1.0,0.9999999995343388,1323.3595658889585,2099.4625308840305,3422.822096772989
Constant 1 uM,15.6,1.0,0.9999999995946184,1324.3707354462176,2098.6902779241327,3423.0610133703503
Constant 1 uM,15.7,1.0,0.9999999996470947,1325.3685584806387,2097.8849726078815,3423.2535310885205
Constant 1 uM,15.8,1.0,0.9999999996927782,1326.3534080012028,2097.049837480268,3423.4032454814705
Constant 1 uM,15.9,1.0,0.9999999997325479,1327.325635821365,2096.1878608033007,3423.5134966246655
Constant 1 uM,16.0,1.0,0.9999999997671695,1328.285573986173,2095.301812508633,3423.587386494806
Constant 1 uM,16.1,1.0,0.9999999997973092,1329.2335361049095,2094.3942591465525,3423.627795251462
Constant 1 uM,16.2,1.0,0.9999999998235475,1330.1698185950427,2093.4675778837186,3423.6373964787617
Constant 1 uM,16.3,1.0,0.9999999998463892,1331.094701842959,2092.5239696008384,3423.618671443797
Constant 1 uM,16.4,1.0,0.9999999998662741,1332.0084512866842,2091.5654711400553,3423.573922426739
Constant 1 uM,16.5,1.0,0.9999999998835848,1332.9113184255166,2090.593966750238,3423.5052851757546
Constant 1 uM,16.6,1.0,0.9999999998986547,1333.8035417612293,2089.611198776599,3423.414740537828
Constant 1 uM,16.7,1.0,0.9999999999117738,1334.6853476752374,2088.6187776392517,3423.3041253144893
Constant 1 uM,16.8,1.0,0.9999999999231947,1335.5569512458796,2087.6181911434096,3423.1751423892892
Constant 1 uM,16.9,1.0,0.999999999933137,1336.4185570097188,2086.6108131620076,3423.0293701717264
Constant 1 uM,17.0,1.0,0.9999999999417923,1337.2703596705371,2085.5979117295797,3422.868271400117
Constant 1 uM,17.1,1.0,0.9999999999493273,1338.112544759484,2084.5806565843,3422.6932013437845
Constant 1 uM,17.2,1.0,0.9999999999558868,1338.945289249621,2083.560126193193,3422.5054154428135
Constant 1 uM,17.3,1.0,0.9999999999615973,1339.7687621279113,2082.5373142936432,3422.3060764215543
Constant 1 uM,17.4,1.0,0.9999999999665685,1340.5831249275102,2081.5131359825323,3422.0962609100425
Constant 1 uM,17.5,1.0,0.9999999999708962,1341.3885322230376,2080.4884333825453,3421.876965605583
Constant 1 uM,17.6,1.0,0.9999999999746637,1342.1851320913352,2079.463980913516,3421.649113004851
Constant 1 uM,17.7,1.0,0.9999999999779434,1342.9730665400607,2078.4404901950124,3421.413556735073
Constant 1 uM,17.8,1.0,0.9999999999807987,1343.7524719063135,2077.418614604832,3421.1710865111454
Constant 1 uM,17.9,1.0,0.9999999999832843,1344.523479227345,2076.39895351654,3420.922432743885
Constant 1 uM,18.0,1.0,0.9999999999854481,1345.2862145852719,2075.382056237791,3420.668270823063
Constant 1 uM,18.1,1.0,0.9999999999873318,1346.0407994275888,2074.3684256697857,3420.4092250973745
Constant 1 uM,18.2,1.0,0.9999999999889717,1346.7873508651494,2073.3585217069576,3420.145872572107
Constant 1 uM,18.3,1.0,0.9999999999903993,1347.525981949182,2072.3527643947277,3419.8787463439103
Constant 1 uM,18.4,1.0,0.9999999999916421,1348.2568019287964,2071.351536862055,3419.608338790852
Constant 1 uM,18.5,1.0,0.999999999992724,1348.9799164903425,2070.355188044373,3419.3351045347154
Constant 1 uM,18.6,1.0,0.999999999993666,1349.695427979887,2069.36403521152,3419.059463191407
Constant 1 uM,18.7,1.0,0.999999999994486,1350.403435609993,2068.3783663142763,3418.7818019242695
Constant 1 uM,18.8,1.0,0.9999999999951997,1351.104035651902,2067.3984421622213,3418.5024778141233
Constant 1 uM,18.9,1.0,0.9999999999958211,1351.7973216141445,2066.424498444769,3418.221820058914
Constant 1 uM,19.0,1.0,0.999999999996362,1352.483384408537,2065.4567476064417,3417.9401320149786
Constant 1 uM,19.1,1.0,0.999999999996833,1353.162312504453,2064.495380586682,3417.657693091135
Constant 1 uM,19.2,1.0,0.999999999997243,1353.8341920721998,2063.5405684338093,3417.374760506009
Constant 1 uM,19.3,1.0,0.9999999999975999,1354.4991071162697,2062.5924638020597,3417.091570918329
Constant 1 uM,19.4,1.0,0.9999999999979107,1355.157139599185,2061.651202340036,3416.808341939221
Constant 1 uM,19.5,1.0,0.9999999999981811,1355.8083695566047,2060.716903978311,3416.525273534916
Constant 1 uM,19.6,1.0,0.9999999999984166,1356.452875204314,2059.7896741234053,3416.2425493277196
Constant 1 uM,19.7,1.0,0.9999999999986217,1357.0907330376756,2058.8696047648323,3415.9603378025076
Constant 1 uM,19.8,1.0,0.9999999999988001,1357.722017924078,2057.956775501456,3415.6787934255344
Constant 1 uM,19.9,1.0,0.9999999999989554,1358.3468031888847,2057.0512544929634,3415.398057681848
Constant 1 uM,20.0,1.0,0.9999999999990906,1358.9651606953446,2056.153099341828,3415.118260037172
Constant 1 uM,20.1,1.0,0.9999999999992084,1359.5771609188987,2055.2623579107894,3414.839518829688
Constant 1 uM,20.2,1.0,0.9999999999993109,1360.1828730162845,2054.3790690804967,3414.561942096781
Constant 1 uM,20.3,1.0,0.9999999999994,1360.7823648898086,2053.5032634516365,3414.2856283414453
Constant 1 uM,20.4,1.0,0.9999999999994776,1361.3757032471383,2052.634963995572,3414.0106672427105
Constant 1 uM,20.5,1.0,0.9999999999995453,1361.9629536569316,2051.7741866572105,3413.7371403141424
Constant 1 uM,20.6,1.0,0.9999999999996041,1362.5441806006056,2050.9209409135774,3413.465121514183
Constant 1 uM,20.7,1.0,0.9999999999996553,1363.1194475205218,2050.075230291297,3413.194677811819
Constant 1 uM,20.8,1.0,0.9999999999996999,1363.688816864847,2049.2370528459805,3412.9258697108276
Constant 1 uM,20.9,1.0,0.9999999999997388,1364.2523501293288,2048.406401606279,3412.6587517356074
Constant 1 uM,21.0,1.0,0.9999999999997725,1364.8101078962086,2047.5832649851789,3412.393372881387
Constant 1 uM,21.1,1.0,0.9999999999998019,1365.36214987048,2046.7676271609296,3412.1297770314095
Constant 1 uM,21.2,1.0,0.9999999999998276,1365.9085349136833,2045.959468429807,3411.8680033434903
Constant 1 uM,21.3,1.0,0.9999999999998499,1366.4493210754172,2045.1587655327762,3411.6080866081934
Constant 1 uM,21.4,1.0,0.9999999999998693,1366.9845656227276,2044.365491957956,3411.350057580684
Constant 1 uM,21.5,1.0,0.9999999999998862,1367.5143250675346,2043.579618220649,3411.0939432881837
Constant 1 uM,21.6,1.0,0.999999999999901,1368.0386551922347,2042.8011121225845,3410.8397673148193
Constant 1 uM,21.7,1.0,0.9999999999999137,1368.557611073613,2042.029938991886,3410.5875500654993
Constant 1 uM,21.8,1.0,0.999999999999925,1369.071247105188,2041.2660619051792,3410.337309010367
Constant 1 uM,21.9,1.0,0.9999999999999347,1369.579617018102,2040.5094418931467,3410.0890589112487
Constant 1 uM,22.0,1.0,0.9999999999999432,1370.0827739006663,2039.7600381307395,3409.8428120314056
Constant 1 uM,22.1,1.0,0.9999999999999506,1370.5807702166537,2039.0178081131737,3409.5985783298274
Constant 1 uM,22.2,1.0,0.999999999999957,1371.073657822434,2038.2827078187495,3409.3563656411834
Constant 1 uM,22.3,1.0,0.9999999999999626,1371.561487983036,2037.5546918594632,3409.116179842499
Constant 1 uM,22.4,1.0,0.9999999999999674,1372.044311387213,2036.8337136203045,3408.8780250075174
Constant 1 uM,22.5,1.0,0.9999999999999716,1372.5221781615858,2036.1197253880719,3408.6419035496574
Constant 1 uM,22.6,1.0,0.9999999999999752,1372.99513788393,2035.4126784704747,3408.4078163544045
Constant 1 uM,22.7,1.0,0.9999999999999785,1373.4632395956708,2034.7125233062354,3408.175762901906
Constant 1 uM,22.8,1.0,0.9999999999999812,1373.926531813641,2034.0192095668515,3407.9457413804926
Constant 1 uM,22.9,1.0,0.9999999999999836,1374.3850625411603,2033.3326862506344,3407.7177487917947
Constant 1 uM,23.0,1.0,0.9999999999999857,1374.8388792784813,2032.652901769588,3407.4917810480692
Constant 1 uM,23.1,1.0,0.9999999999999876,1375.2880290326498,2031.9798040296566,3407.2678330623066
Constant 1 uM,23.2,1.0,0.9999999999999891,1375.7325583268246,2031.313340504829,3407.0458988316536
Constant 1 uM,23.3,1.0,0.9999999999999906,1376.172513209093,2030.653458305551,3406.825971514644
Constant 1 uM,23.4,1.0,0.9999999999999918,1376.607939260821,2030.0001042418653,3406.608043502686
Constant 1 uM,23.5,1.0,0.9999999999999928,1377.0388816045702,2029.353224881665,3406.392106486235
Constant 1 uM,23.6,1.0,0.9999999999999937,1377.4653849116169,2028.7127666044253,3406.178151516042
Constant 1 uM,23.7,1.0,0.9999999999999944,1377.8874934090968,2028.0786756507407,3405.9661690598377
Constant 1 uM,23.8,1.0,0.9999999999999952,1378.305250886809,2027.4508981679808,3405.7561490547896
Constant 1 uM,23.9,1.0,0.9999999999999958,1378.7187007036991,2026.8293802523485,3405.5480809560477
Constant 1 uM,24.0,1.0,0.9999999999999962,1379.1278857940467,2026.2140679876086,3405.3419537816553
Front-loaded,0.0,0.0,0.0,33.5,33.5,67.0
Front-loaded,0.1,1.47,0.1902906719543006,36.49514227116838,33.53677819317267,70.03192046434106
Front-loaded,0.2,1.47,0.3559483236140864,39.74522182285847,33.66200999766515,73.40723182052362
Front-loaded,0.3,1.47,0.5001616855807818,43.26988264959138,33.87458640208992,77.1444690516813
Front-loaded,0.4,1.47,0.6257067090756635,47.08998698786512,34.17404909144753,81.26403607931265
Front-loaded,0.5,1.47,0.7349999999980993,51.22764837500201,34.56055546899967,85.78820384400169
Front-loaded,0.6,1.47,0.8301453359750625,55.70625891128413,35.034851292968995,90.74111020425312
Front-loaded,0.7,1.47,0.9129741618048373,60.5505095108894,35.598249939557554,96.14875945044696
Front-loaded,0.8,1.47,0.9850808427882503,65.786401822016,36.25261743658855,102.03901925860455
Front-loaded,0.9,1.47,1.0478533545358621,71.4412503965358,37.00036251691572,108.44161291345154
Front-loaded,1.0,1.47,1.1024999999973082,77.5436735979709,37.84443102139641,115.38810461936731
Front-loaded,1.1,1.47,1.1500726679860382,84.12357165750278,38.78830404070128,122.91187569820406
Front-loaded,1.2,1.47,1.1914870809011349,91.2120902255665,39.83599922592766,131.04808945149415
Front-loaded,1.3,1.47,1.2275404213929493,98.84156772632382,40.992074721800805,139.83364244812464
Front-loaded,1.4,1.47,1.2589266772667982,107.04546480934785,42.26163518471931,149.30709999406716
Front-loaded,1.5,1.47,1.2862499999975232,115.85827421292932,43.65033934228979,159.5086135552191
Front-loaded,1.6,1.47,1.310036333991866,125.31540941247731,45.1644085323859,170.4798179448632
Front-loaded,1.7,1.47,1.3307435404493784,135.45307053153564,46.81063562916086,182.2637061606965
Front-loaded,1.8,1.47,1.348770210695243,146.30808614777786,48.5963937218419,194.90447986961976
Front-loaded,1.9,1.47,1.3644633386321225,157.91772983736317,50.52964386063614,208.44737369799932
Front-loaded,2.0,1.47,1.3781249999974403,170.31951057287094,52.618941123955395,222.93845169682632
Front-loaded,2.1,1.47,1.390018166994569,183.55093642623564,54.873438193965114,238.42437462020075
Front-loaded,2.2,1.47,1.4003717702232854,197.64925143078463,57.302885555086796,254.95213698587142
Front-loaded,2.3,1.47,1.409385105346181,212.65114592589032,59.91762735487774,272.568773280768
Front-loaded,2.4,1.47,1.4172316693145872,228.5924412419215,62.72859189155502,291.32103313347653
Front-loaded,2.5,1.47,1.4240624999972158,245.50775017753784,65.74727562078665,311.2550257983245
Front-loaded,2.6,1.47,1.4300090834960661,263.24784194150755,68.98575815046715,332.23360009197467
Front-loaded,2.7,1.47,1.435185885110519,280.6176962078714,72.45770204775569,353.0753982556271
Front-loaded,2.8,1.47,1.439692552672052,297.29511802685965,76.17887883756647,373.47399686442617
Front-loaded,2.9,1.47,1.4436158346563974,313.1773879753573,80.16651526512409,393.3439032404814
Front-loaded,3.0,1.47,1.4470312499978821,328.18186160309983,84.43936617512914,412.62122777822896
Front-loaded,3.1,1.47,1.4500045417473288,342.2449289311049,89.0178362970709,431.2627652281758
Front-loaded,3.2,1.47,1.4525929425546706,355.3205968852764,93.92410897705277,449.24470586232917
Front-loaded,3.3,1.47,1.4548462763355516,367.3788385670566,99.18228216966038,466.561120736717
Front-loaded,3.4,1.47,1.4568079173278035,378.40382645534174,104.81851191966246,483.2223383750042
Front-loaded,3.5,1.47,1.458515624998603,388.3921404749916,110.8611634411935,499.2533039161851
Front-loaded,3.6,1.47,1.4600022708733713,397.35101819769716,117.34096973925342,514.6919879369506
Front-loaded,3.7,1.47,1.4612964712770797,405.29669417792815,124.29119751111112,529.5878916890392
Front-loaded,3.8,1.47,1.4624231381675523,412.25285883959305,131.7478198082765,544.0006786478696
Front-loaded,3.9,1.47,1.463403958663705,418.24925427515177,139.74969462644847,557.9989489016002
Front-loaded,4.0,1.47,1.4642578124991281,423.32041442492147,148.3387482133278,571.6591626382492
Front-loaded,4.1,1.47,1.465001135436532,427.50454989484047,157.56016143339318,585.0647113282337
Front-loaded,4.2,1.47,1.465648235638403,430.8425726522827,167.46255699485903,598.3051296471417
Front-loaded,4.3,1.47,1.4662115690836544,433.3772525489669,178.09818471678457,611.4754372657515
Front-loaded,4.4,1.47,1.4667019793317444,435.15249565108564,189.523101283458,624.6755969345436
Front-loaded,4.5,1.47,1.4671289062494677,436.2127333682767,201.79734008916654,638.0100734574432
Front-loaded,4.6,1.47,1.4675005677181803,436.60241108854854,214.9850658113241,651.5874768998726
Front-loaded,4.7,1.47,1.4678241178191254,436.36556522820456,229.1547072583575,665.520272486562
Front-loaded,4.8,1.47,1.468105784541759,435.54547812737616,244.37906081969626,679.9245389470724
Front-loaded,4.9,1.47,1.4683509896658116,434.1844009380924,260.735355503609,694.9197564417013
Front-loaded,5.0,1.47,1.4685644531246798,432.3233354716859,278.30526909776347,710.6286045694494
Front-loaded,5.1,1.4515331807780318,1.4663597645131763,430.62386808631015,297.17218227681525,727.7960503631255
Front-loaded,5.2,1.4515331807780318,1.4644404716005244,428.50183460899274,317.4229704961003,745.924805105093
Front-loaded,5.3,1.4515331807780318,1.4627696300742719,425.9914840131152,339.1507825101867,765.1422665233019
Front-loaded,5.4,1.4515331807780318,1.4613150780424025,423.12555557511746,362.4523765172034,785.5779320923209
Front-loaded,5.5,1.4515331807780318,1.4600488169517047,419.9352429744281,387.42767436344127,807.3629173378694
Front-loaded,5.6,1.4515331807780318,1.4589464726459087,416.4501796935749,414.17917492682324,830.6293546203981
Front-loaded,5.7,1.4515331807780318,1.4579868261895435,412.69844203097267,442.8112080486109,855.5096500795836
Front-loaded,5.8,1.4515331807780318,1.4571514054263826,408.70656650178273,473.4290106739369,882.1355771757196
Front-loaded,5.9,1.4515331807780318,1.4564241294104172,404.49957880871983,506.1376080405951,910.637186849315
Front-loaded,6.0,1.4515331807780318,1.455790998865041,400.10103191945177,541.0404850570309,941.1415169764828
Front-loaded,6.1,1.387620137299771,1.4469663192361863,397.6827943310952,578.218185941559,975.9009802726542
Front-loaded,6.2,1.387620137299771,1.4392839894143747,395.08046743413894,617.7414455208306,1012.8219129549695
Front-loaded,6.3,1.387620137299771,1.432596132860567,392.30990518616954,659.6910991237107,1052.0010043098803
Front-loaded,6.4,1.387620137299771,1.4267740155703572,389.3860681272927,704.1384056168524,1093.524473744145
Front-loaded,6.5,1.387620137299771,1.4217055680837294,386.32305905737894,751.1427304707847,1137.4657895281637
Front-loaded,6.6,1.387620137299771,1.4172932282691593,383.13415965246963,800.7490999228364,1183.883259575306
Front-loaded,6.7,1.387620137299771,1.4134520633580907,379.8318671870176,852.9856766234253,1232.817543810443
Front-loaded,6.8,1.387620137299771,1.4101081350810138,376.42793067418273,907.8612213628168,1284.2891520369994
Front-loaded,6.9,1.387620137299771,1.4071970764357562,372.93338588338645,965.3626195762425,1338.296005459629
Front-loaded,7.0,1.387620137299771,1.4046628526922595,369.35877105629817,1021.3385261747542,1390.6972972310523
Front-loaded,7.1,1.32370709382151,1.3941831753085099,367.67348485709533,1070.5301996665519,1438.2036845236473
Front-loaded,7.2,1.32370709382151,1.385060086258924,365.89347182996056,1125.0485494452537,1490.9420212752143
Front-loaded,7.3,1.32370709382151,1.3771179759478063,364.0236791237002,1184.0027531822439,1548.0264323059441
Front-loaded,7.4,1.32370709382151,1.3702039673427027,362.06928073954805,1246.6810501854266,1608.7503309249746
Front-loaded,7.5,1.32370709382151,1.364184973256895,360.0355326825797,1312.4951451885042,1672.530677871084
Front-loaded,7.6,1.32370709382151,1.3589451345650188,357.9276732943572,1380.9404416765508,1738.868114970908
Front-loaded,7.7,1.32370709382151,1.354383590040225,355.750855963683,1451.567893204873,1807.318749168556
Front-loaded,7.8,1.32370709382151,1.350412534884665,353.51010492843363,1523.9644928857208,1877.4745978141545
Front-loaded,7.9,1.32370709382151,1.3469555305821121,351.21028747617555,1597.7402497786018,1948.9505372547774
Front-loaded,8.0,1.32370709382151,1.3439460335392075,348.85609773735905,1672.5200641983374,2021.3761619356965
Front-loaded,8.1,1.2597940503432494,1.333052606716984,348.1697114111779,1747.976166069301,2096.1458774804787
Front-loaded,8.2,1.2597940503432494,1.3235693278606717,347.4053904825172,1823.595925244719,2171.001315727236
Front-loaded,8.3,1.2597940503432494,1.3153136541104136,346.56681185756867,1899.031523566934,2245.5983354245027
Front-loaded,8.4,1.2597940503432494,1.308126672676736,345.6576310899344,1973.9459191233673,2319.603550213302
Front-loaded,8.5,1.2597940503432494,1.3018700419412492,344.68147770298725,2048.016252021688,2392.6977297246754
Front-loaded,8.6,1.2597940503432494,1.2964233285301356,343.6419505745768,2120.9374595880104,2464.579410162587
Front-loaded,8.7,1.2597940503432494,1.291681689101979,342.54261295881037,2192.425808842578,2534.9684218013886
Front-loaded,8.8,1.2597940503432494,1.2875538522268504,341.3869868885177,2262.2221075554876,2603.609094444005
Front-loaded,8.9,1.2597940503432494,1.2839603615100126,340.1785468448129,2330.0944098667246,2670.2729567115375
Front-loaded,9.0,1.2597940503432494,1.2808320461422689,338.9207126996147,2395.8400872531683,2734.7607999527827
Front-loaded,9.1,1.1958810068649885,1.2698351819604408,339.1226849040671,2459.3348734330443,2798.4575583371115
Front-loaded,9.2,1.1958810068649885,1.2602618556524643,339.26189103814136,2520.254376218063,2859.5162672562046
Front-loaded,9.3,1.1958810068649885,1.2519277910424447,339.34166671416034,2578.4907204990677,2917.832387213228
Front-loaded,9.4,1.1958810068649885,1.244672566401644,339.3653264884034,2633.9681458681125,2973.333472356516
Front-loaded,9.5,1.1958810068649885,1.2383565265037457,339.33614594579893,2686.641441955948,3025.977587901747
Front-loaded,9.6,1.1958810068649885,1.2328580944128258,339.25734482256496,2736.4938609090173,3075.751205731582
Front-loaded,9.7,1.1958810068649885,1.2280714312588297,339.1320714888577,2783.5346306982856,3122.666702187143
Front-loaded,9.8,1.1958810068649885,1.2239043989538119,338.9633890459958,2827.7961929679914,3166.7595820139873
Front-loaded,9.9,1.1958810068649885,1.2202767866334099,338.75426322001437,2869.3312826062156,3208.08554582623
Front-loaded,10.0,1.1958810068649885,1.2171187666844703,338.5075521602937,2908.2099547813277,3246.7175069416217
Front-loaded,10.1,1.1319679633867277,1.2060960431629248,339.6020355804823,2944.5979446847336,3284.1999802652163
Front-loaded,10.2,1.1319679633867277,1.1965002049922209,340.65679238018896,2978.3561729802327,3319.0129653604217
Front-loaded,10.3,1.1319679633867277,1.1881465426674207,341.6745083362151,3009.5978061355117,3351.2723144717265
Front-loaded,10.4,1.1319679633867277,1.1808742572249222,342.6577519617945,3038.443073391871,3381.1008253536656
Front-loaded,10.5,1.1319679633867277,1.1745433650364652,343.60896905891366,3065.0168258293706,3408.6257948882844
Front-loaded,10.6,1.1319679633867277,1.1690320032756103,344.53047931356735,3089.446382489601,3433.9768618031685
Front-loaded,10.7,1.1319679633867277,1.1642340841901515,345.42447471079987,3111.8596669367007,3457.2841416475007
Front-loaded,10.8,1.1319679633867277,1.1600572530276438,346.2930195378113,3132.3836276086195,3478.6766471464307
Front-loaded,10.9,1.1319679633867277,1.1564211103063218,347.1380517439872,3151.1429277704665,3498.280979514454
Front-loaded,11.0,1.1319679633867277,1.1532556642120437,347.9613854344793,3168.258885589818,3516.2202710242973
Front-loaded,11.1,1.0680549199084668,1.1422264758554974,350.0857718514022,3183.959653854348,3534.0454257057504
Front-loaded,11.2,1.0680549199084668,1.1326250097189576,352.19417858319395,3198.080493797678,3550.2746723808723
Front-loaded,11.3,1.0680549199084668,1.1242664479652864,354.2882099764347,3210.7408172383302,3565.029027214765
Front-loaded,11.4,1.0680549199084668,1.1169898973222538,356.36935817867754,3222.054012810891,3578.4233709895684
Front-loaded,11.5,1.0680549199084668,1.1106552920610873,358.43900749617166,3232.1271901667196,3590.566197662891
Front-loaded,11.6,1.0680549199084668,1.1051406978827032,360.4984391822736,3241.0610600451246,3601.559499227398
Front-loaded,11.7,1.0680549199084668,1.1003399648143486,362.54883651547834,3248.9499260007465,3611.498762516225
Front-loaded,11.8,1.0680549199084668,1.0961606839374478,364.5912900475056,3255.881766063104,3620.4730561106094
Front-loaded,11.9,1.0680549199084668,1.0925224086158813,366.626802921727,3261.938385171187,3628.5651880929136
Front-loaded,12.0,1.0680549199084668,1.0893551059852593,368.65629618020023,3267.1956217519537,3635.851917932154
Front-loaded,12.1,1.004141876430206,1.0783243014199482,371.9985306880176,3271.856485345123,3643.8550160331406
Front-loaded,12.2,1.004141876430206,1.0687214282919573,375.34666993534165,3275.6769201410098,3651.0235900763514
Front-loaded,12.3,1.004141876430206,1.060361641681085,378.70154440684314,3278.7309034555697,3657.432447862413
Front-loaded,12.4,1.004141876430206,1.0530840247379247,382.0639085671747,3281.0864915445363,3663.150400111711
Front-loaded,12.5,1.004141876430206,1.04674849120858,385.43444567160157,3282.806159585598,3668.2406052571996
Front-loaded,12.6,1.004141876430206,1.0412330889258095,388.8137724247044,3283.9471488868126,3672.7609213115165
Front-loaded,12.7,1.004141876430206,1.0364316523617247,392.20244345784613,3284.56181433138,3676.764257789226
Front-loaded,12.8,1.004141876430206,1.032251759056219,395.60095560480806,3284.6979666097122,3680.29892221452
Front-loaded,12.9,1.004141876430206,1.0286129505845851,399.00975196220713,3284.3992050928487,3683.408957055056
Front-loaded,13.0,1.004141876430206,1.0254451838198708,402.4292257271948,3283.7052382900806,3686.1344640172756
Front-loaded,13.1,0.9402288329519449,1.0144139752023964,407.72695580726037,3282.859477474027,3690.586433281287
Front-loaded,13.2,0.9402288329519449,1.00481075032656,413.0611349206174,3281.4311958305166,3694.492330751134
Front-loaded,13.3,0.9402288329519449,0.9964506575012674,418.432219428737,3279.4715845462065,3697.9038039749435
Front-loaded,13.4,0.9402288329519449,0.989172773983095,423.84044209822343,3277.272558518339,3701.113000616562
Front-loaded,13.5,0.9402288329519449,0.9828370083867191,429.28539918149045,3275.074901678572,3704.3603008600626
Front-loaded,13.6,0.9402288329519449,0.9773214040778602,434.76652479933176,3272.8786121794305,3707.6451369787624
Front-loaded,13.7,0.9402288329519449,0.9725197916398477,440.28323222193075,3270.683688193076,3710.966920415007
Front-loaded,13.8,0.9402288329519449,0.9683397452271931,445.8349140724942,3268.490127911786,3714.3250419842807
Front-loaded,13.9,0.9402288329519449,0.9647008034680428,451.42094255144815,3266.297929548434,3717.718872099882
Front-loaded,14.0,0.9402288329519449,0.9615329206698046,457.04066968137295,3264.1070913369626,3721.1477610183356
Front-loaded,14.1,0.876315789473684,0.950501611039316,464.6427248388025,3262.273838730248,3726.9165635690506
Front-loaded,14.2,0.876315789473684,0.9408982982265356,472.3111206116587,3260.441484773684,3732.7526053853426
Front-loaded,14.3,0.876315789473684,0.9325381288478097,480.04452900679877,3258.610027694731,3738.6545567015296
Front-loaded,14.4,0.876315789473684,0.9252601786858689,487.84156475851506,3256.7794657522186,3744.6210305107334
Front-loaded,14.5,0.876315789473684,0.9189243550727184,495.7007860036694,3254.949797237462,3750.6505832411312
Front-loaded,14.6,0.876315789473684,0.9134087002573206,503.620695057858,3253.1210204753706,3756.7417155332287
Front-loaded,14.7,0.876315789473684,0.9086070438508097,511.5997392927948,3251.2931338255285,3762.892873118323
Front-loaded,14.8,0.876315789473684,0.904426959161352,519.6363121147998,3249.466135683256,3769.102447798056
Front-loaded,14.9,0.876315789473684,0.9007879840803072,527.7287540439715,3247.64002448065,3775.3687785246216
Front-loaded,15.0,0.876315789473684,0.897620072273674,535.8753538933188,3245.8147986875942,3781.690152580913
Front-loaded,15.1,0.8124027459954232,0.8865887373899384,546.0691932335852,3244.321564382985,3790.39075761657
Front-loaded,15.2,0.8124027459954232,0.8769854025929235,556.3512053808538,3242.828886521926,3799.1800919027796
Front-loaded,15.3,0.8124027459954232,0.8686252140758047,566.7183877871707,3241.3367636929815,3808.0551514801527
Front-loaded,15.4,0.8124027459954232,0.8613472472529212,577.167628997759,3239.8451945303077,3817.0128235280667
Front-loaded,15.5,0.8124027459954232,0.8550114091355748,587.6957119729335,3238.354177715113,3826.0498896880463
Front-loaded,15.6,0.8124027459954232,0.8494957416935386,598.2993176961346,3236.8637119770756,3835.16302967321
Front-loaded,15.7,0.8124027459954232,0.8446940742948983,608.9750290610533,3235.373796095697,3844.34882515675
Front-loaded,15.8,0.8124027459954232,0.8405139800362346,619.7193350295282,3233.8844289016,3853.603763931128
Front-loaded,15.9,0.8124027459954232,0.836874996624711,630.528635050645,3232.395609277763,3862.9242443284083
Front-loaded,16.0,0.8124027459954232,0.8337070775659738,641.3992437302254,3230.9073361606866,3872.306579890912
Front-loaded,16.1,0.7484897025171624,0.8226757363689322,654.3355219571337,3229.695373754841,3884.030895711975
Front-loaded,16.2,0.7484897025171624,0.8130723960758612,667.3601029088186,3228.483759712881,3895.8438626216994
Front-loaded,16.3,0.7484897025171624,0.8047122027741446,680.4672245959633,3227.272493201984,3907.7397177979474
Front-loaded,16.4,0.7484897025171624,0.7974342317860242,693.6509892216344,3226.061573441383,3919.7125626630177
Front-loaded,16.5,0.7484897025171624,0.7910983900426262,706.9053736835759,3224.8509997034666,3931.756373387043
Front-loaded,16.6,0.7484897025171624,0.7855827194439269,720.2242405211002,3223.640771314789,3943.865011835889
Front-loaded,16.7,0.7484897025171624,0.780781049297251,733.6013492651552,3222.4308876569767,3956.0322369221317
Front-loaded,16.8,0.7484897025171624,0.7766009526462824,747.0303681476757,3221.2213481675326,3968.2517163152083
Front-loaded,16.9,0.7484897025171624,0.7729619671521357,760.504886124149,3220.0121523405423,3980.5170384646913
Front-loaded,17.0,0.7484897025171624,0.7697940462803692,774.0184251614833,3218.8032997272626,3992.821724888746
Front-loaded,17.1,0.6845766590389015,0.7587627035050005,789.5170430081494,3217.7974145263306,4007.3144575344795
Front-loaded,17.2,0.6845766590389015,0.7491593618379145,805.0664340816778,3216.791773421177,4021.8582075028544
Front-loaded,17.3,0.6845766590389015,0.7407991673400465,820.6574990640734,3215.7863761375525,4036.443875201626
Front-loaded,17.4,0.6845766590389015,0.7335211953106145,836.281077215483,3214.7812224448135,4051.0622996602965
Front-loaded,17.5,0.6845766590389015,0.7271853526607014,851.9279678843347,3213.7763121561466,4065.704280040481
Front-loaded,17.6,0.6845766590389015,0.7216696812728346,867.5889520911296,3212.771645128688,4080.3605972198175
Front-loaded,17.7,0.6845766590389015,0.7168680104391479,883.2548140803641,3211.7672212635466,4095.0220353439104
Front-loaded,17.8,0.6845766590389015,0.7126879131901012,898.9163627360534,3210.763040505717,4109.67940324177
Front-loaded,17.9,0.6845766590389015,0.7090489271752972,914.5644527581686,3209.7591028438987,4124.323555602067
Front-loaded,18.0,0.6845766590389015,0.7058810058502722,930.1900054999961,3208.7554083102086,4138.945413810205
Front-loaded,18.1,0.6206636155606406,0.6948496626803093,946.9231252175233,3207.8386337217835,4154.761758939307
Front-loaded,18.2,0.6206636155606406,0.6852463206697104,963.6222325163549,3206.9220725527452,4170.5443050691
Front-loaded,18.3,0.6206636155606406,0.6768861258727987,980.2768971673518,3206.005724872769,4186.28262204012
Front-loaded,18.4,0.6206636155606406,0.6696081535830356,996.8768438980456,3205.0895907829104,4201.966434680956
Front-loaded,18.5,0.6206636155606406,0.6632723107064922,1013.4119761449571,3204.173670415098,4217.585646560055
Front-loaded,18.6,0.6206636155606406,0.6577566391213331,1029.8723987533303,3203.257963931544,4233.130362684875
Front-loaded,18.7,0.6206636155606406,0.6529549681158945,1046.2484395284437,3202.342471524103,4248.590911052547
Front-loaded,18.8,0.6206636155606406,0.6487748707173301,1062.530669552853,3201.427193413552,4263.957862966405
Front-loaded,18.9,0.6206636155606406,0.645135884572364,1078.709922194582,3200.5121298488198,4279.222052043402
Front-loaded,19.0,0.6206636155606406,0.6419679631340268,1094.7773107422636,3199.5972811061574,4294.374591848421
Front-loaded,19.1,0.5567505720823798,0.6309366198654043,1111.6117174877354,3198.734562271121,4310.346279758856
Front-loaded,19.2,0.5567505720823798,0.62133327776892,1128.3152144706714,3197.8720439497315,4326.187258420403
Front-loaded,19.3,0.5567505720823798,0.6129730828972432,1144.8786087078952,3197.0097263649054,4341.8883350728
Front-loaded,19.4,0.5567505720823798,0.6056951105423957,1161.2930823357203,3196.1476097574996,4357.44069209322
Front-loaded,19.5,0.5567505720823798,0.5993592676091949,1177.5502061350696,3195.2856943855486,4372.835900520618
Front-loaded,19.6,0.5567505720823798,0.5938435959747145,1193.6419511887711,3194.4239805234715,4388.065931712243
Front-loaded,19.7,0.5567505720823798,0.5890419249263406,1209.5606986766995,3193.562468461257,4403.123167137956
Front-loaded,19.8,0.5567505720823798,0.5848618274903999,1225.2992478269716,3192.701158503635,4418.000406330607
Front-loaded,19.9,0.5567505720823798,0.581222841312897,1240.850822053221,3191.840050969228,4432.690873022449
Front-loaded,20.0,0.5567505720823798,0.5780549198462357,1256.2090733189466,3190.979146189695,4447.188219508642
Front-loaded,20.1,0.4928375286041189,0.5670235765529389,1272.1998407060562,3190.156265614307,4462.356106320363
Front-loaded,20.2,0.4928375286041189,0.5574202344349773,1287.9775492945744,3189.3335783559514,4477.311127650526
Front-loaded,20.3,0.4928375286041189,0.5490600395446066,1303.5362034271898,3188.511084636291,4492.047288063481
Front-loaded,20.4,0.4928375286041189,0.5417820671734874,1318.8702934187743,3187.688784684091,4506.559078102865
Front-loaded,20.5,0.4928375286041189,0.5354462242261234,1333.9747928705665,3186.8666787346156,4520.841471605182
Front-loaded,20.6,0.4928375286041189,0.529930552579315,1348.8451542946634,3186.0447670290255,4534.889921323689
Front-loaded,20.7,0.4928375286041189,0.5251288815202103,1363.4773031547672,3185.223049813784,4548.700352968552
Front-loaded,20.8,0.4928375286041189,0.5209487840749292,1377.8676304337412,3184.4015273400705,4562.2691577738115
Front-loaded,20.9,0.4928375286041189,0.5173097978892959,1392.0129838419086,3183.580199863203,4575.593183705111
Front-loaded,21.0,0.4928375286041189,0.5141418764155574,1405.9106577822402,3182.7590676420746,4588.6697254243145
Front-loaded,21.1,0.428924485125858,0.5031105331160854,1420.3100677657885,3181.964273672335,4602.274341438124
Front-loaded,21.2,0.428924485125858,0.49350719099275087,1434.4452271824764,3181.1696683987498,4615.614895581226
Front-loaded,21.3,0.428924485125858,0.4851469960977045,1448.314123424043,3180.3752519663735,4628.689375390417
Front-loaded,21.4,0.428924485125858,0.4778690237225175,1461.9151973551825,3179.581024521514,4641.496221876696
Front-loaded,21.5,0.428924485125858,0.471533180771614,1475.2473276509857,3178.7869862114057,4654.034313862391
Front-loaded,21.6,0.428924485125858,0.4660175091217257,1488.309814372876,3177.9931371839043,4666.3029515567805
Front-loaded,21.7,0.428924485125858,0.46121583805994126,1501.10236191069,3177.1994775871835,4678.3018394978735
Front-loaded,21.8,0.428924485125858,0.45703574061232816,1513.6250614136745,3176.4060075694492,4690.031068983124
Front-loaded,21.9,0.428924485125858,0.4533967544246657,1525.8783728277285,3175.612727278666,4701.491100106395
Front-loaded,22.0,0.428924485125858,0.4502288329491615,1537.8631066502496,3174.8196368622966,4712.682743512547
Front-loaded,22.1,0.36501144164759713,0.43919748964814287,1550.2355780506696,3174.04368246707,4724.279260517739
Front-loaded,22.2,0.36501144164759713,0.4295941475234633,1562.3276932252534,3173.2679133311403,4735.595606556393
Front-loaded,22.3,0.36501144164759713,0.42123395262724755,1574.1409640674694,3172.4923295158783,4746.633293583348
Front-loaded,22.4,0.36501144164759713,0.41395598025104363,1585.6772249842322,3171.716931082003,4757.394156066235
Front-loaded,22.5,0.36501144164759713,0.40762013729925617,1596.9386125434546,3170.9417180894598,4767.880330632915
Front-loaded,22.6,0.36501144164759713,0.4021044656485995,1607.9275453135858,3170.1666905973098,4778.094235910896
Front-loaded,22.7,0.36501144164759713,0.39730279458614703,1618.6467039758788,3169.3918486636253,4788.038552639504
Front-loaded,22.8,0.36501144164759713,0.39312269713795334,1629.0990117819777,3168.6171923453953,4797.716204127373
Front-loaded,22.9,0.36501144164759713,0.38948371094978596,1639.28761542146,3167.842721698432,4807.130337119892
Front-loaded,23.0,0.36501144164759713,0.38631578947384265,1649.2158663562527,3167.0684367772947,4816.284303133548
Front-loaded,23.1,0.30109839816933626,0.3752844461724385,1659.4363357732625,3166.3044487715356,4825.740784544798
Front-loaded,23.2,0.30109839816933626,0.3656811040474233,1669.3893201974695,3165.5406433977437,4834.929963595213
Front-loaded,23.3,0.30109839816933626,0.35732090915091586,1679.0786879900133,3164.77702065887,4843.855708648884
Front-loaded,23.4,0.30109839816933626,0.35004293677445825,1688.5084733918427,3164.0135805571626,4852.522053949006
Front-loaded,23.5,0.30109839816933626,0.3437070938224506,1697.6828586523452,3163.2503230941425,4860.933181746487
Front-loaded,23.6,0.30109839816933626,0.33819142217160275,1706.6061568660934,3162.4872482705737,4869.093405136668
Front-loaded,23.7,0.30109839816933626,0.3333897511089841,1715.2827955381188,3161.7243560864463,4877.007151624565
Front-loaded,23.8,0.30109839816933626,0.32920965366064614,1723.717300892189,3160.961646540955,4884.6789474331445
Front-loaded,23.9,0.30109839816933626,0.3255706674723535,1731.9142829311318,3160.199119632484,4892.113402563616
Front-loaded,24.0,0.30109839816933626,0.3224027459963013,1739.8784212532664,3159.4367753585916,4899.3151966118585
Back-loaded,0.0,0.0,0.0,33.5,33.5,67.0
Back-loaded,0.1,0.3010983981693367,0.03897701803522254,36.49514227116902,33.53677819317271,70.03192046434174
Back-loaded,0.2,0.3010983981693367,0.07290848304142623,39.74522182285973,33.66200999766522,73.40723182052496
Back-loaded,0.3,0.3010983981693367,0.10244753901606185,43.26988264959324,33.87458640209001,77.14446905168325
Back-loaded,0.4,0.3010983981693367,0.12816278083402913,47.089986987867555,34.17404909144764,81.26403607931519
Back-loaded,0.5,0.3010983981693367,0.15054919908396278,51.227648375004996,34.5605554689998,85.7882038440048
Back-loaded,0.6,0.3010983981693367,0.17003770810162752,55.70625891128764,35.03485129296914,90.74111020425678
Back-loaded,0.7,0.3010983981693367,0.1870034406047573,60.55050951089357,35.5982499395577,96.14875945045127
Back-loaded,0.8,0.3010983981693367,0.2017729685920872,65.78640182202139,36.25261743658871,102.0390192586101
Back-loaded,0.9,0.3010983981693367,0.2146305895010736,71.44125039654298,37.0003625169159,108.44161291345888
Back-loaded,1.0,0.3010983981693367,0.2258237986260383,77.54367359798044,37.8444310213966,115.38810461937705
Back-loaded,1.1,0.3650114416475976,0.24384156061115106,84.12357165751378,38.788304040701476,122.91187569821525
Back-loaded,1.2,0.3650114416475976,0.2595269334566245,91.21209022557926,39.83599922592787,131.04808945150714
Back-loaded,1.3,0.3650114416475976,0.27318184362275844,98.84156772633861,40.99207472180101,139.8336424481396
Back-loaded,1.4,0.3650114416475976,0.2850691333596414,107.04546480936501,42.26163518471952,149.30709999408452
Back-loaded,1.5,0.3650114416475976,0.2954176201361464,115.85827421294915,43.650339342289996,159.50861355523915
Back-loaded,1.6,0.3650114416475976,0.30442650112869285,125.31540941250017,45.16440853238609,170.47981794488626
Back-loaded,1.7,0.3650114416475976,0.31226918755141975,135.45307053156182,46.81063562916102,182.26370616072285
Back-loaded,1.8,0.3650114416475976,0.31909664263447785,146.30808614780773,48.59639372184201,194.90447986964975
Back-loaded,1.9,0.3650114416475976,0.3250402875029118,157.91772983739716,50.529643860636234,208.4473736980334
Back-loaded,2.0,0.3650114416475976,0.3302145308911583,170.31951057290934,52.61894112395543,222.93845169686477
Back-loaded,2.1,0.42892448512585846,0.3429924788637085,183.55093642627318,54.873438193965185,238.42437462023838
Back-loaded,2.2,0.42892448512585846,0.35411632866897563,197.64925143082058,57.302885555086895,254.9521369859075
Back-loaded,2.3,0.42892448512585846,0.3638002023829673,212.65114592592403,59.91762735487789,272.5687732808019
Back-loaded,2.4,0.42892448512585846,0.3722305040995661,228.5924412419523,62.728591891555254,291.3210331335075
Back-loaded,2.5,0.42892448512585846,0.379569508007702,245.5077501775649,65.747275620787,311.2550257983519
Back-loaded,2.6,0.42892448512585846,0.3859584819939568,263.42142246447565,68.98572139329775,332.4071438577734
Back-loaded,2.7,0.42892448512585846,0.3915204068965677,282.3065714462208,72.4565346797468,354.7631061259676
Back-loaded,2.8,0.42892448512585846,0.39636234375353996,302.1742485847515,76.17286858726979,378.34711717202134
Back-loaded,2.9,0.42892448512585846,0.4005774946118153,323.0423445067639,80.14834335399108,403.190687860755
Back-loaded,3.0,0.42892448512585846,0.4042469965659,344.92581048031906,84.3969886086956,429.3227990890146
Back-loaded,3.1,0.49283752860411933,0.4157149910353195,367.69588142819134,88.93330366439729,456.62918509258867
Back-loaded,3.2,0.49283752860411933,0.42569846008054313,391.46294711303227,93.77213467765567,485.23508179068796
Back-loaded,3.3,0.49283752860411933,0.43438957468150546,416.229270693061,98.92843253259804,515.157703225659
Back-loaded,3.4,0.49283752860411933,0.4419556293930379,441.9932970249504,104.41723967966499,546.4105367046154
Back-loaded,3.5,0.49283752860411933,0.4485422625840851,468.7494540723206,110.25356927641731,579.0030233487379
Back-loaded,3.6,0.49283752860411933,0.4542762598187696,496.4879803324591,116.45226854212711,612.9402488745862
Back-loaded,3.7,0.49283752860411933,0.4592679943413561,525.1947822130618,123.02786619031747,648.2226484033793
Back-loaded,3.8,0.49283752860411933,0.4636135516418296,554.8513250813024,129.994404143083,684.8457292243854
Back-loaded,3.9,0.49283752860411933,0.4673965789976396,585.4345614056189,137.3652541247552,722.7998155303742
Back-loaded,4.0,0.49283752860411933,0.47068989559324237,616.9168990158126,145.15292017699016,762.0698191928028
Back-loaded,4.1,0.5567505720823802,0.4818304016868713,648.7155331885691,153.3698908899227,802.0854240784918
Back-loaded,4.2,0.5567505720823802,0.4915287755420771,681.289507310236,162.02778800413915,843.3172953143751
Back-loaded,4.3,0.5567505720823802,0.49997170036477556,714.5989771617194,171.13593673748306,885.7349138992024
Back-loaded,4.4,0.5567505720823802,0.5073216933250349,748.600333158537,180.702009420393,929.30234257893
Back-loaded,4.5,0.5567505720823802,0.5137202338368031,783.2463823664617,190.73179593862335,973.9781783050851
Back-loaded,4.6,0.5567505720823802,0.5192904868835875,818.4865691175602,201.2289756162017,1019.7155447337618
Back-loaded,4.7,0.5567505720823802,0.5241396738111744,854.2672327035726,212.19489483586,1066.4621275394327
Back-loaded,4.8,0.5567505720823802,0.5283611362225665,890.5318999641155,223.62835507718032,1114.1602550412958
Back-loaded,4.9,0.5567505720823802,0.5320361327027796,927.2216099446545,235.5254163442386,1162.747026288893
Back-loaded,5.0,0.5567505720823802,0.5352354029587737,964.2752671904004,247.87922113147616,1212.1544883218767
Back-loaded,5.1,0.6206636155606411,0.5462940369584381,1000.6096862092293,260.683645546622,1261.2933317558513
Back-loaded,5.2,0.6206636155606411,0.5559211370161241,1037.1388495704061,273.9304520036637,1311.0693015740699
Back-loaded,5.3,0.6206636155606411,0.5643020143942425,1073.8022921171005,287.60495517011685,1361.4072472872174
Back-loaded,5.4,0.6206636155606411,0.5715979919166706,1110.5392105196202,301.6892600229278,1412.228470542548
Back-loaded,5.5,0.6206636155606411,0.5779495092586073,1147.288835595994,316.16224341470775,1463.4510790107017
Back-loaded,5.6,0.6206636155606411,0.5834788262584114,1183.9908035037558,330.9995785169751,1514.990382020731
Back-loaded,5.7,0.6206636155606411,0.5882923762872928,1220.5855212717297,346.17380435524797,1566.7593256269777
Back-loaded,5.8,0.6206636155606411,0.5924828149764361,1257.0145222274934,361.65444170570936,1618.6689639332026
Back-loaded,5.9,0.6206636155606411,0.5961308037377645,1293.2208070524773,377.40815557607664,1670.628962628554
Back-loaded,6.0,0.6206636155606411,0.5993065624088659,1329.1491664584041,393.3989633763626,1722.5481298347668
Back-loaded,6.1,0.684576659038902,0.6103447283850181,1362.9856259621572,409.59976998157794,1772.585395943735
Back-loaded,6.2,0.684576659038902,0.6199540099933047,1396.4292233837737,425.9833571069939,1822.4125804907674
Back-loaded,6.3,0.684576659038902,0.6283193755102605,1429.4383319445994,442.5103977326586,1871.9487296772581
Back-loaded,6.4,0.684576659038902,0.6356018491732148,1461.9738589200483,459.14005764686317,1921.1139165669115
Back-loaded,6.5,0.684576659038902,0.6419416107226842,1493.9993898165035,475.8303331787006,1969.829722995204
Back-loaded,6.6,0.684576659038902,0.6474606937108017,1525.481306020895,492.5384082663233,2018.0197142872184
Back-loaded,6.7,0.684576659038902,0.6522653345150355,1556.3888754595498,509.2210247367689,2065.6099001963184
Back-loaded,6.8,0.684576659038902,0.6564480172736361,1586.6943162222742,525.8348593371486,2112.529175559423
Back-loaded,6.9,0.684576659038902,0.6600892541052553,1616.372833512797,542.3369009067488,2158.709734419546
Back-loaded,7.0,0.684576659038902,0.6632591348802122,1645.4028746623997,558.4783475372933,2203.881222199693
Back-loaded,7.1,0.7484897025171628,0.6742921838504476,1670.1491397900204,573.1550885742948,2243.3042283643153
Back-loaded,7.2,0.7484897025171628,0.6838970108463518,1694.2779760324881,587.6994363651145,2281.9774123976026
Back-loaded,7.3,0.7484897025171628,0.6922584983979893,1717.7827618972615,602.0815748731532,2319.8643367704144
Back-loaded,7.4,0.7484897025171628,0.6995375960960519,1740.6588185269975,616.27276629382,2356.9315848208175
Back-loaded,7.5,0.7484897025171628,0.7058744186974392,1762.9033373465888,630.2455343444674,2393.1488716910562
Back-loaded,7.6,0.7484897025171628,0.7113909431826377,1784.515299267869,643.973829639715,2428.489128907584
Back-loaded,7.7,0.7484897025171628,0.7161933566807067,1805.495386658735,657.4331753953525,2462.9285620540877
Back-loaded,7.8,0.7484897025171628,0.7203741004566654,1825.8458892982985,670.6007921437428,2496.446681442041
Back-loaded,7.9,0.7484897025171628,0.7240136493058498,1845.5706055344558,683.4557005920892,2529.026306126545
Back-loaded,8.0,0.7484897025171628,0.7271820606066721,1864.6747398365205,695.9788021987777,2560.653542035298
Back-loaded,8.1,0.8124027459954236,0.7382138303255552,1878.8721354560391,707.584136299294,2586.456271755333
Back-loaded,8.2,0.8124027459954236,0.7478175436685008,1892.5754573600373,719.0158934356388,2611.591350795676
Back-loaded,8.3,0.8124027459954236,0.7561780617289569,1905.794026385361,730.254723122847,2636.048749508208
Back-loaded,8.4,0.8124027459954236,0.7634563154359542,1918.5376691640236,741.2829306771213,2659.820599841145
Back-loaded,8.5,0.8124027459954236,0.7697924033004121,1930.8166572074704,752.0844854799772,2682.9011426874476
Back-loaded,8.6,0.8124027459954236,0.7753082881599276,1942.6416474237885,762.6450164885906,2705.286663912379
Back-loaded,8.7,0.8124027459954236,0.7801101448314713,1954.0236243923434,772.9517956984843,2726.975420090828
Back-loaded,8.8,0.8124027459954236,0.7842904038617651,1964.9738446813803,782.9937104058655,2747.9675550872457
Back-loaded,8.9,0.8124027459954236,0.7879295307153231,1975.5037834545267,792.7612252295337,2768.2650086840604
Back-loaded,9.0,0.8124027459954236,0.7910975746476046,1985.625083572496,802.2463349364477,2787.871418508944
Back-loaded,9.1,0.8763157894736845,0.8021290245536854,1990.495944103507,811.1707768832767,2801.6667209867837
Back-loaded,9.2,0.8763157894736845,0.8117324594834048,1995.1276376827816,820.0083127501786,2815.1359504329603
Back-loaded,9.3,0.8763157894736845,0.8200927351710566,1999.5283678659735,828.7421161617109,2828.2704840276842
Back-loaded,9.4,0.8763157894736845,0.8273707778802585,2003.7062690782036,837.3577198808845,2841.0639889590884
Back-loaded,9.5,0.8763157894736845,0.8337066820604521,2007.6693848636526,845.8427775465327,2853.5121624101853
Back-loaded,9.6,0.8763157894736845,0.8392224070135141,2011.425648842357,854.1868484776753,2865.612497320032
Back-loaded,9.7,0.8763157894736845,0.8440241244783924,2014.9828681504225,862.3812031105169,2877.3640712609395
Back-loaded,9.8,0.8763157894736845,0.8482042623222342,2018.3487091556021,870.4186469335663,2888.7673560891685
Back-loaded,9.9,0.8763157894736845,0.8518432836768487,2021.53068525463,878.2933610428869,2899.824046297517
Back-loaded,10.0,0.8763157894736845,0.8550112357669574,2024.5361465720557,886.000757659867,2910.5369042319226
Back-loaded,10.1,0.9402288329519454,0.8660426057197933,2022.0299660549297,893.467974376565,2915.4979404314945
Back-loaded,10.2,0.9402288329519454,0.8756459710461642,2019.5271482487508,900.9612407709254,2920.488389019676
Back-loaded,10.3,0.9402288329519454,0.8840061861405762,2017.0282179001924,908.4686703908907,2925.496888291083
Back-loaded,10.4,0.9402288329519454,0.8912841761002939,2014.5337205387093,915.9801055276968,2930.513826066406
Back-loaded,10.5,0.9402288329519454,0.8976200343593898,2012.0442121747308,923.4868244130041,2935.531036587735
Back-loaded,10.6,0.9402288329519454,0.90313571933581,2009.5602513240665,930.9813004402748,2940.5415517643414
Back-loaded,10.7,0.9402288329519454,0.9079374019989965,2007.0823929008864,938.4570041752656,2945.539397076152
Back-loaded,10.8,0.9402288329519454,0.9121175095462022,2004.6111836066962,945.9082405606908,2950.519424167387
Back-loaded,10.9,0.9402288329519454,0.9157565045260597,2002.1471585123193,953.3300150659308,2955.47717357825
Back-loaded,11.0,0.9402288329519454,0.9189244336556055,1999.690838586814,960.7179236380902,2960.408762224904
Back-loaded,11.1,1.0041418764302064,0.929955783620101,1991.5917749455912,968.0664806600374,2959.6582556056287
Back-loaded,11.2,1.0041418764302064,0.939559131545607,1983.6738112982164,975.5853349414848,2959.2591462397013
Back-loaded,11.3,1.0041418764302064,0.9479193314916817,1975.929661790922,983.2634708502894,2959.1931326412114
Back-loaded,11.4,1.0041418764302064,0.9551973082640012,1968.3524083664608,991.0905686353578,2959.4429770018187
Back-loaded,11.5,1.0041418764302064,0.9615331550427949,1960.93547834468,999.0568776459703,2959.99235599065
Back-loaded,11.6,1.0041418764302064,0.9670488300250416,1953.672624137569,1007.1531175434144,2960.8257416809834
Back-loaded,11.7,1.0041418764302064,0.9718505039878014,1946.5579047806423,1015.3704014424766,2961.928306223119
Back-loaded,11.8,1.0041418764302064,0.9760306039608482,1939.5856690222665,1023.7001762614364,2963.2858452837027
Back-loaded,11.9,1.0041418764302064,0.9796695923470173,1932.7505397597308,1032.1341765970928,2964.8847163568234
Back-loaded,12.0,1.0041418764302064,0.9828375157364225,1926.0473996482422,1040.6643892453974,2966.7117888936396
Back-loaded,12.1,1.0680549199084672,0.9938688607038102,1915.223938544921,1049.2992040435897,2964.523142588511
Back-loaded,12.2,1.0680549199084672,1.0034722042790771,1904.647356649417,1058.1877793878807,2962.8351360372976
Back-loaded,12.3,1.0680549199084672,1.0118324004380437,1894.3072940553488,1067.3169040807518,2961.624198136101
Back-loaded,12.4,1.0680549199084672,1.019110373913487,1884.1939371996614,1076.6737259850183,2960.8676631846797
Back-loaded,12.5,1.0680549199084672,1.025446217822176,1874.2979861931449,1086.2457108378512,2960.543697030996
Back-loaded,12.6,1.0680549199084672,1.0309618903058262,1864.6106246415118,1096.0206092466285,2960.6312338881403
Back-loaded,12.7,1.0680549199084672,1.0357635620934071,1855.123491709257,1105.9864304391604,2961.1099221484174
Back-loaded,12.8,1.0680549199084672,1.0399436601728398,1845.828656208447,1116.1314216353194,2961.960077843766
Back-loaded,12.9,1.0680549199084672,1.0435826469105494,1836.7185925200495,1126.44405213069,2963.1626446507394
Back-loaded,13.0,1.0680549199084672,1.0467505688649084,1827.7861581772584,1136.9130013531571,2964.6991595304153
Back-loaded,13.1,1.1319679633867281,1.0577819125827714,1814.6656660235544,1147.5566946505278,2962.222360674082
Back-loaded,13.2,1.1319679633867281,1.0673852550703327,1801.8316711699565,1158.5313775932552,2960.3630487632117
Back-loaded,13.3,1.1319679633867281,1.0757454502824588,1789.272175585877,1169.8198099179274,2959.0919855038046
Back-loaded,13.4,1.1319679633867281,1.0830234229336808,1776.975835585145,1181.4051197545677,2958.3809553397127
Back-loaded,13.5,1.1319679633867281,1.0893592661248852,1764.9319212279374,1193.270766001017,2958.2026872289543
Back-loaded,13.6,1.1319679633867281,1.0948749379839662,1753.1302788553633,1205.4005077522183,2958.530786607582
Back-loaded,13.7,1.1319679633867281,1.0996766092278623,1741.561296454983,1217.7783800313698,2959.339676486353
Back-loaded,13.8,1.1319679633867281,1.103856706834011,1730.2158715879877,1230.38867515285,2960.6045467408376
Back-loaded,13.9,1.1319679633867281,1.1074956931596862,1719.0853816374079,1243.2159291131582,2962.301310750566
Back-loaded,14.0,1.1319679633867281,1.1106636147553368,1708.1616561620374,1256.2449124597206,2964.406568621758
Back-loaded,14.1,1.195881006864989,1.121694958160963,1693.0272781889794,1269.5049170490265,2962.532195238006
Back-loaded,14.2,1.195881006864989,1.1312983003767012,1678.2033766166844,1283.1594541718282,2961.362830788513
Back-loaded,14.3,1.195881006864989,1.1396584953521824,1663.6773970667125,1297.1865131499042,2960.8639102166167
Back-loaded,14.4,1.195881006864989,1.1469364677973883,1649.437482150059,1311.5644655449207,2961.0019476949797
Back-loaded,14.5,1.195881006864989,1.1532723108092438,1635.472427235255,1326.2720265124954,2961.7444537477504
Back-loaded,14.6,1.195881006864989,1.1587879825121916,1621.7716396573906,1341.2882254945903,2963.059865151981
Back-loaded,14.7,1.195881006864989,1.1635896536201664,1608.325101030731,1356.5923853046397,2964.917486335371
Back-loaded,14.8,1.195881006864989,1.16776975110799,1595.123332364567,1372.164108727529,2967.287441092096
Back-loaded,14.9,1.195881006864989,1.1714087373306576,1582.1573617145825,1387.9832718127263,2970.1406335273086
Back-loaded,15.0,1.195881006864989,1.1745766588366355,1569.4186941309356,1404.030023086092,2973.4487172170275
Back-loaded,15.1,1.2597940503432499,1.185608002164188,1552.5145529288588,1420.3447969560907,2972.8593498849496
Back-loaded,15.2,1.2597940503432499,1.1952113443119612,1535.9377353552366,1437.097722820902,2973.0354581761385
Back-loaded,15.3,1.2597940503432499,1.2035715392282773,1519.6759029185935,1454.2608523273086,2973.936755245902
Back-loaded,15.4,1.2597940503432499,1.2108495116219784,1503.7174056844146,1471.8066416964655,2975.52404738088
Back-loaded,15.5,1.2597940503432499,1.2171853545889972,1488.0512376155373,1489.7079238413423,2977.7591614568796
Back-loaded,15.6,1.2597940503432499,1.222701026252914,1472.6669953644962,1507.9378922128715,2980.6048875773677
Back-loaded,15.7,1.2597940503432499,1.227502697326911,1457.5548401786268,1526.470095028145,2984.0249352067717
Back-loaded,15.8,1.2597940503432499,1.2316827947851556,1442.7054626169818,1545.2784386069734,2987.9839012239554
Back-loaded,15.9,1.2597940503432499,1.235321780982074,1428.1100498118349,1564.3371986055251,2992.4472484173602
Back-loaded,16.0,1.2597940503432499,1.238489702465636,1413.760255037331,1583.6210379910249,2997.3812930283557
Back-loaded,16.1,1.3237070938215105,1.2495210457736636,1395.3792244106899,1603.1805735753346,2998.5597979860245
Back-loaded,16.2,1.3237070938215105,1.2591243879044411,1377.3422481089597,1623.190822964843,3000.5330710738026
Back-loaded,16.3,1.3237070938215105,1.2674845828059642,1359.6377146344505,1643.6164484334631,3003.2541630679134
Back-loaded,16.4,1.3237070938215105,1.274762555186789,1342.254649706972,1664.4226481261662,3006.6772978331383
Back-loaded,16.5,1.3237070938215105,1.2810983981425998,1325.1826734575016,1685.575153613598,3010.7578270710997
Back-loaded,16.6,1.3237070938215105,1.2866140697967607,1308.4119609288368,1707.0402404350878,3015.4522013639244
Back-loaded,16.7,1.3237070938215105,1.2914157408622653,1291.9332055659254,1728.7847496698569,3020.717955235782
Back-loaded,16.8,1.3237070938215105,1.2955958383131174,1275.7375854149905,1750.7761186723956,3026.513704087386
Back-loaded,16.9,1.3237070938215105,1.2992348245036007,1259.8167317825378,1772.9824191991713,3032.7991509817093
Back-loaded,17.0,1.3237070938215105,1.302402745981562,1244.162700133396,1795.3724012440125,3039.5351013774084
Back-loaded,17.1,1.3876201372997714,1.3134340892847016,1224.7180255917963,1818.004682176823,3042.7227077686193
Back-loaded,17.2,1.3876201372997714,1.323037431411227,1205.6393974313642,1841.0561311168278,3046.6955285481918
Back-loaded,17.3,1.3876201372997714,1.3313976263090503,1186.9161490548952,1864.4830434236403,3051.3991924785355
Back-loaded,17.4,1.3876201372997714,1.3386755986866556,1168.538160948418,1888.2426275757136,3056.780788524132
Back-loaded,17.5,1.3876201372997714,1.3450114416396657,1150.495821991666,1912.293036532783,3062.788858524449
Back-loaded,17.6,1.3876201372997714,1.3505271132913887,1132.7799938837325,1936.59341050564,3069.3734043893724
Back-loaded,17.7,1.3876201372997714,1.355328784354772,1115.381978395224,1961.1039284036733,3076.4859067988973
Back-loaded,17.8,1.3876201372997714,1.3595088818037788,1098.293487190369,1985.7858654123525,3084.0793526027214
Back-loaded,17.9,1.3876201372997714,1.3631478679926559,1081.506613990603,2010.6016543379717,3092.108268328575
Back-loaded,18.0,1.3876201372997714,1.3663157894692188,1065.0138088756753,2035.5149485479697,3100.528757423645
Back-loaded,18.1,1.4515331807780323,1.3773471327711289,1045.0855584707977,2060.589199096945,3105.6747575677423
Back-loaded,18.2,1.4515331807780323,1.3869504748965864,1025.5531065706923,2085.9989625508215,3111.5520691215133
Back-loaded,18.3,1.4515331807780323,1.3953106697934825,1006.4065674080504,2111.6926806132633,3118.099248021314
Back-loaded,18.4,1.4515331807780323,1.4025886421702827,987.636481535458,2137.6204331587687,3125.2569146942265
Back-loaded,18.5,1.4515331807780323,1.408924485122593,969.2337843271853,2163.733991537623,3132.9677758648086
Back-loaded,18.6,1.4515331807780323,1.4144401567737086,951.1897773401674,2189.9868775994773,3141.176654939645
Back-loaded,18.7,1.4515331807780323,1.4192418278365637,933.4961022621079,2216.3344251650487,3149.8305274271565
Back-loaded,18.8,1.4515331807780323,1.4234219252851115,916.1447172022977,2242.733841038725,3158.878558241023
Back-loaded,18.9,1.4515331807780323,1.4270609114735895,899.1278751050796,2269.1442630187576,3168.272138123837
Back-loaded,19.0,1.4515331807780323,1.4302288329498059,882.4381040873901,2295.5268127248664,3177.9649168122564
Back-loaded,19.1,1.47,1.4353771881213515,865.1199986200377,2321.872749380856,3186.9927480008937
Back-loaded,19.2,1.47,1.4398590916160072,848.1473254735466,2348.2066968561476,3196.354022329694
Back-loaded,19.3,1.47,1.4437608152279329,831.5124944616524,2374.4891629636118,3206.001657425264
Back-loaded,19.4,1.47,1.4471574629161317,815.2081552757659,2400.6829135191697,3215.8910687949356
Back-loaded,19.5,1.47,1.4501144164744206,799.2271828183937,2426.752992787859,3225.9801756062525
Back-loaded,19.6,1.47,1.4526885940602363,783.5626639008373,2452.6667338335437,3236.229397734381
Back-loaded,19.7,1.47,1.4549295458075973,768.2078851684488,2478.3937581375053,3246.601643305954
Back-loaded,19.8,1.47,1.4568804076135862,753.1563221298275,2503.9059641724466,3257.062286302274
Back-loaded,19.9,1.47,1.4585787314577057,738.4016291781688,2529.177504909243,3267.579134087412
Back-loaded,20.0,1.47,1.4600572082368657,723.9376305037406,2554.184754491456,3278.1223849951966
Back-loaded,20.1,1.47,1.4613442970297859,709.75831180626,2578.906264535606,3288.6645763418665
Back-loaded,20.2,1.47,1.462464772903476,695.8578127248387,2603.3227107026783,3299.180523427517
Back-loaded,20.3,1.47,1.4634402038064782,682.2304199112801,2627.4168303383,3309.64725024958
Back-loaded,20.4,1.47,1.464289365728544,668.8705606799201,2651.1733520962707,3320.043912776191
Back-loaded,20.5,1.47,1.4650286041181286,655.7727971738802,2674.5789185442927,3330.351715718173
Back-loaded,20.6,1.47,1.4656721485145923,642.9318209937717,2697.622002803764,3340.553823797536
Back-loaded,20.7,1.47,1.4662323864514402,630.3424482404088,2720.292820300277,3350.635268540686
Back-loaded,20.8,1.47,1.466720101902943,617.9996149281596,2742.5832367007374,3360.582851628897
Back-loaded,20.9,1.47,1.467144682863977,605.8983727301397,2764.4866730902813,3370.385045820421
Back-loaded,21.0,1.47,1.4675143020587698,594.033885020587,2785.99800940063,3380.031894421217
Back-loaded,21.1,1.47,1.4678360742570014,582.40142318353,2807.1134870446526,3389.5149102281825
Back-loaded,21.2,1.47,1.4681161932254243,570.9963631602184,2827.8306116430267,3398.8269748032453
Back-loaded,21.3,1.47,1.4683600509511743,559.814182210853,2848.1480566510695,3407.9622388619227
Back-loaded,21.4,1.47,1.4685723414316891,548.8504558688957,2868.065568610029,3416.9160244789246
Back-loaded,21.5,1.47,1.4687571510290827,538.1008550686789,2887.583874660023,3425.6847297287018
Back-loaded,21.6,1.47,1.4689180371281956,527.5611434292707,2906.704592863627,3434.2657362928976
Back-loaded,21.7,1.47,1.4690580966124047,517.2271746794889,2925.430145801982,3442.657320481471
Back-loaded,21.8,1.47,1.4691800254752785,507.0948902107379,2943.7636778207534,3450.8585680314914
Back-loaded,21.9,1.47,1.4692861707155371,497.16031674589465,2961.7089762227856,3458.8692929686804
Back-loaded,22.0,1.47,1.4693785755142394,487.4195641138482,2979.2703966288605,3466.6899607427085
Back-loaded,22.1,1.47,1.4694590185638063,477.8688231205489,2996.452792658321,3474.3216157788697
Back-loaded,22.2,1.47,1.4695290483059265,468.50436350847747,3013.2614500180835,3481.765813526561
Back-loaded,22.3,1.47,1.469590012737384,459.32253199742513,3029.7020250318587,3489.0245570292836
Back-loaded,22.4,1.47,1.4696430853575373,450.3197504003059,3045.7804875914726,3496.1002379917786
Back-loaded,22.5,1.47,1.4696892877569139,441.492513808453,3061.5030684688973,3502.9955822773504
Back-loaded,22.6,1.47,1.4697295092817224,432.8373888415134,3076.8762108907163,3509.71359973223
Back-loaded,22.7,1.47,1.4697645241528061,424.35101195759756,3091.9065262460613,3516.257538203659
Back-loaded,22.8,1.47,1.4697950063685559,416.03008781984767,3106.6007537740775,3522.630841593925
Back-loaded,22.9,1.47,1.469821542678651,407.87138771600945,3120.965724057353,3528.8371117733623
Back-loaded,23.0,1.47,1.469844643878355,399.87174802795573,3135.008326132945,3534.8800741609007
Back-loaded,23.1,1.47,1.4698647546407728,392.0280687484458,3148.735478022197,3540.763546770643
Back-loaded,23.2,1.47,1.4698822620763263,384.3373120426668,3162.1541004739775,3546.4914125166442
Back-loaded,23.3,1.47,1.469897503184211,376.79650085235147,3175.271093712764,3552.0675945651155
Back-loaded,23.4,1.47,1.469910771339267,369.402717540478,3188.093316982728,3557.496034523206
Back-loaded,23.5,1.47,1.4699223219391264,362.15310257472214,3200.6275706811643,3562.7806732558865
Back-loaded,23.6,1.47,1.4699323773203414,355.04485324800453,3212.880580878861,3567.9254341268656
Back-loaded,23.7,1.47,1.4699411310381234,348.07522243459533,3224.858986030949,3572.934208465544
Back-loaded,23.8,1.47,1.4699487515920704,341.24151738035846,3236.569325689044,3577.8108430694024
Back-loaded,23.9,1.47,1.4699553856696022,334.5410985258269,3248.0180310337946,3582.5591295596214
Back-loaded,24.0,1.47,1.4699611609695353,327.9713783608693,3259.2114170560258,3587.1827954168953
Pulsed,0.0,0.0,0.0,33.5,33.5,67.0
Pulsed,0.1,1.47,0.1902906719543006,36.49514227116838,33.53677819317267,70.03192046434106
Pulsed,0.2,1.47,0.3559483236140864,39.74522182285847,33.66200999766515,73.40723182052362
Pulsed,0.3,1.47,0.5001616855807818,43.26988264959138,33.87458640208992,77.1444690516813
Pulsed,0.4,1.47,0.6257067090756635,47.08998698786512,34.17404909144753,81.26403607931265
Pulsed,0.5,1.47,0.7349999999980993,51.22764837500201,34.56055546899967,85.78820384400169
Pulsed,0.6,1.47,0.8301453359750625,55.70625891128413,35.034851292968995,90.74111020425312
Pulsed,0.7,1.47,0.9129741618048373,60.5505095108894,35.598249939557554,96.14875945044696
Pulsed,0.8,1.47,0.9850808427882503,65.786401822016,36.25261743658855,102.03901925860455
Pulsed,0.9,1.47,1.0478533545358621,71.4412503965358,37.00036251691572,108.44161291345154
Pulsed,1.0,1.47,1.1024999999973082,77.5436735979709,37.84443102139641,115.38810461936731
Pulsed,1.1,0.53,1.0283901974851437,84.12357165750275,38.78830404070127,122.91187569820403
Pulsed,1.2,0.53,0.9638738671623277,91.21209022556623,39.83599922592766,131.0480894514939
Pulsed,1.3,0.53,0.9077091394579527,98.841567726323,40.992074721800805,139.8336424481238
Pulsed,1.4,0.53,0.8588149041175066,107.0454648093462,42.261635184719324,149.3070999940655
Pulsed,1.5,0.53,0.8162499999999308,115.85827421292647,43.65033934228981,159.5086135552163
Pulsed,1.6,0.53,0.7791950987437201,125.31540941247282,45.164408532385934,170.47981794485875
Pulsed,1.7,0.53,0.7469369335822387,135.45307053152902,46.81063562916092,182.26370616068996
Pulsed,1.8,0.53,0.7188545697300096,146.30808614776853,48.596393721841984,194.90447986961053
Pulsed,1.9,0.53,0.6944074520597647,157.9177298373505,50.52964386063629,208.4473736979868
Pulsed,2.0,0.53,0.6731250000009672,170.31951057285417,52.618941123955615,222.9384516968098
Pulsed,2.1,1.47,0.7762800198735069,183.55093642621236,54.87343819396547,238.42437462017784
Pulsed,2.2,1.47,0.8660816805305563,197.64925143075317,57.30288555508733,254.9521369858405
Pulsed,2.3,1.47,0.9442585668005804,212.65114592584897,59.91762735487851,272.5687732807275
Pulsed,2.4,1.47,1.0123154991797496,228.59244124186844,62.728591891556114,291.3210331334246
Pulsed,2.5,1.47,1.071562499998677,245.50775017747108,65.74727562078814,311.2550257982592
Pulsed,2.6,1.47,1.123140009935041,263.2478136136532,68.9857581644091,332.2335717780623
Pulsed,2.7,1.47,1.1680408402637399,280.6176663860235,72.45770210338667,353.07536848941015
Pulsed,2.8,1.47,1.2071292833988485,297.29508681545093,76.17887894241946,373.47396575787036
Pulsed,2.9,1.47,1.2411577495884771,313.1773554830068,80.16651542760579,393.3438709106126
Pulsed,3.0,1.47,1.2707812499979496,328.18182794045606,84.43936640459155,412.62119434504757
Pulsed,3.1,0.53,1.17488753446548,350.0198601248361,89.01069762478788,439.030557749624
Pulsed,3.2,0.53,1.0914072063920428,372.8217778573266,93.89090226867096,466.71268012599757
Pulsed,3.3,0.53,1.0187333597635087,396.5912683530935,99.09585122028537,495.6871195733789
Pulsed,3.4,0.53,0.9554671016441024,421.32852236207196,104.64160933110568,525.9701316931777
Pulsed,3.5,0.53,0.9003906250005889,447.03003901575033,110.54432045708985,557.5743594728401
Pulsed,3.6,0.53,0.8524437672341956,473.68845228064214,116.82007589763568,590.5085281782779
Pulsed,3.7,0.53,0.8107036031973718,501.2923826296071,123.48476580962662,624.7771484392338
Pulsed,3.8,0.53,0.7743666798830358,529.8263174133766,130.5539134794368,660.3802308928134
Pulsed,3.9,0.53,0.7427335508232888,559.270523207467,138.042492704695,697.3130159121621
Pulsed,4.0,0.53,0.7151953125015056,589.6009931218975,145.9647289648641,735.5657220867616
Pulsed,4.1,1.47,0.8129043541190291,594.1232224894933,154.38595888732084,748.509181376814
Pulsed,4.2,1.47,0.8979650153384172,597.5515693062063,163.389729441922,760.9412987481282
Pulsed,4.3,1.47,0.9720146218773639,599.9482062978431,173.0191324180328,772.9673387158759
Pulsed,4.4,1.47,1.036478548561734,601.375402566466,183.32036466995214,784.6957672364182
Pulsed,4.5,1.47,1.0925976562491102,601.8949047180632,194.34287380959745,796.2377785276607
Pulsed,4.6,1.47,1.1414521770580381,601.5674378158402,206.1394960560138,807.7069338718541
Pulsed,4.7,1.47,1.183982507667813,600.4523092082848,218.7665820796449,819.2188912879296
Pulsed,4.8,1.47,1.2210073109373187,598.6071000615894,232.28410585913926,830.8912059207288
Pulsed,4.9,1.47,1.2532392742795089,596.0874311784161,246.7557506556856,842.8431818341016
Pulsed,5.0,1.47,1.281298828123185,592.9467913471755,262.24896520760643,855.1957565547818
Pulsed,5.1,0.53,1.1840436180269165,622.9495216787856,278.6992357973174,901.6487574761029
Pulsed,5.2,0.53,1.0993780400940445,653.6912145989753,296.00169262662973,949.692907225605
Pulsed,5.3,0.53,1.0256723735327355,685.1325094747806,314.1623368243481,999.2948462991287
Pulsed,5.4,0.53,0.9615078639896326,717.2301378966822,333.18170059055274,1050.411838487235
Pulsed,5.5,0.53,0.90564941406324,749.9371255434048,353.05428737188504,1102.9914129152899
Pulsed,5.6,0.53,0.8570218090149541,783.2030405209557,373.76805128610494,1156.9710918070607
Pulsed,5.7,0.53,0.8146890200484165,816.9742864749821,395.3039327453759,1212.278219220358
Pulsed,5.8,0.53,0.7778361867676961,851.1944378343649,417.63546778219785,1268.8299056165627
Pulsed,5.9,0.53,0.7457539319961032,885.8046136078925,440.7284885322463,1326.533102140139
Pulsed,6.0,0.53,0.7178247070328827,920.7438852531585,464.5409315824358,1385.2848168355943
Pulsed,6.1,1.47,0.8151933750094681,908.1254808419762,489.39086890434834,1397.5163497463245
Pulsed,6.2,1.47,0.899957723763997,895.3302872538094,515.6711958184067,1411.0014830722162
Pulsed,6.3,1.47,0.9737493753197378,882.3909139428769,543.4456077547446,1425.8365216976215
Pulsed,6.4,1.47,1.0379887391481706,869.3376332881513,572.7765766414124,1442.1142099295637
Pulsed,6.5,1.47,1.0939123535148119,856.1985146284585,603.7245765482911,1459.9230911767495
Pulsed,6.6,1.47,1.142596687503252,842.9995512722309,636.3472143142864,1479.3467655865172
Pulsed,6.7,1.47,1.1849788618805837,829.7647805998051,670.69826642627,1500.4630470260752
Pulsed,6.8,1.47,1.2218746876584787,816.5163974378552,706.8266265390761,1523.3430239769314
Pulsed,6.9,1.47,1.253994369572693,803.2748609334193,744.7751717278029,1548.0500326612223
Pulsed,7.0,1.47,1.2819561767563132,790.0589914165356,781.2798720929443,1571.3388635094798
Pulsed,7.1,0.53,1.184615873249739,821.0405358703902,821.881545453157,1642.922081323547
Pulsed,7.2,0.53,1.0998762172006038,852.248753873457,863.0213126201189,1715.270066493576
Pulsed,7.3,0.53,1.0261060618934628,883.6280595517126,904.5290493638122,1788.1571089155248
Pulsed,7.4,0.53,0.9618854116363574,915.1229892000384,946.2248474946712,1861.3478366947097
Pulsed,7.5,0.53,0.9059780883797727,946.6786832873804,987.9214028213531,1934.6000861087336
Pulsed,7.6,0.53,0.8573079366263635,978.2413507235243,1029.4266531032827,2007.668003826807
Pulsed,7.7,0.53,0.8149381086017188,1009.7587062807936,1070.5465916593362,2080.30529794013
Pulsed,7.8,0.53,0.7780530309481027,1041.1803729266219,1111.08817281296,2152.268545739582
Pulsed,7.9,0.53,0.7459427058195256,1072.4582419790875,1150.8622200351351,2223.3204620142224
Pulsed,8.0,0.53,0.7179890441912231,1103.5467853907096,1189.6862469255757,2293.233032316285
Pulsed,8.1,1.47,0.8153364388157921,1083.439995464335,1214.3772958364757,2297.8172913008107
Pulsed,8.2,1.47,0.9000822680416215,1063.6164795008629,1244.4161512954886,2308.0326307963514
Pulsed,8.3,1.47,0.9738577974111694,1044.0769828727573,1278.3872448828258,2322.464227755583
Pulsed,8.4,1.47,1.038083126061298,1024.82239578684,1315.3100794131858,2340.1324752000255
Pulsed,8.5,1.47,1.0939945220955496,1005.8535276115688,1354.4964893540057,2360.3500169655745
Pulsed,8.6,1.47,1.1426682194078392,987.1709816648001,1395.4548015456376,2382.6257832104375
Pulsed,8.7,1.47,1.1850411340207605,968.7750894246852,1437.8252152663417,2406.600304691027
Pulsed,8.8,1.47,1.2219288987055383,950.6658800485712,1481.3361447413854,2432.0020247899565
Pulsed,8.9,1.47,1.254041563030606,932.843070868604,1525.7747288791845,2458.6177997477885
Pulsed,9.0,1.47,1.2819972610477357,915.3060702826073,1570.9669634672177,2486.273033749825
Pulsed,9.1,0.53,1.1846516392027677,942.7356522834592,1617.0644844457915,2559.800136729251
Pulsed,9.2,0.53,1.0999073532711505,970.0525392983069,1660.8671462419172,2630.9196855402242
Pulsed,9.3,0.53,1.0261331674172103,997.2292342874148,1702.2138600686603,2699.443094356075
Pulsed,9.4,0.53,0.9619090083653271,1024.2408399712447,1740.9735325004772,2765.2143724717216
Pulsed,9.5,0.53,0.9059986305254781,1051.065018003168,1777.0453472373645,2828.1103652405327
Pulsed,9.6,0.53,0.8573258196028956,1077.681909879185,1810.3583126382014,2888.0402225173866
Pulsed,9.7,0.53,0.8149536766370352,1104.0740262051431,1840.8701608670128,2944.9441870721557
Pulsed,9.8,0.53,0.7780665837100427,1130.2261111114763,1868.5657020610188,2998.791813172495
Pulsed,9.9,0.53,0.7459545041840945,1156.1249884688018,1893.4547466267225,3049.5797350955245
Pulsed,10.0,0.53,0.7179993152641737,1181.7593961693499,1915.5697111724999,3097.3291073418495
Pulsed,10.1,1.47,0.8153453803041258,1158.6782463209026,1934.80599651778,3093.484242838683
Pulsed,10.2,1.47,0.9000900520593225,1136.0602231683515,1954.9668452250369,3091.0270683933886
Pulsed,10.3,1.47,0.9738645737921501,1113.893832053528,1975.9560707809005,3089.8499028344286
Pulsed,10.4,1.47,1.0380890252435537,1092.1681511006232,1997.69180804596,3089.859959146583
Pulsed,10.5,1.47,1.0939996576319653,1070.8727722797564,2020.1018919924707,3090.974664272227
Pulsed,10.6,1.47,1.1426726901519377,1049.9977517089774,2043.1208192572285,3093.118570966206
Pulsed,10.7,1.47,1.1850450260295193,1029.5335669804565,2066.6877578769686,3096.2213248574253
Pulsed,10.8,1.47,1.2219322868959057,1009.4710800171537,2090.7452534809595,3100.2163334981133
Pulsed,10.9,1.47,1.254044512621607,989.80150442266,2115.2383997962324,3105.0399042188924
Pulsed,11.0,1.47,1.2819998288158003,970.5163765796552,2140.1143196631197,3110.6306962427752
Pulsed,11.1,0.53,1.1846538745747028,994.671232606509,2165.3488179203355,3160.0200505268444
Pulsed,11.2,0.53,1.099909299275446,1018.7124840590895,2187.3291918053465,3206.041675864436
Pulsed,11.3,0.53,1.0261348615123456,1042.6322085853733,2206.1587550355594,3248.7909636209324
Pulsed,11.4,0.53,0.9619104831608025,1066.4233629972978,2221.956936836673,3288.3802998339706
Pulsed,11.5,0.53,0.9059999144095124,1090.0796415151572,2234.8556842742632,3324.93532578942
Pulsed,11.6,0.53,0.8573269372888669,1113.5953462411985,2244.9961421281105,3358.5914883693085
Pulsed,11.7,0.53,0.8149546496391911,1136.9652710946757,2252.5256562085347,3389.490927303211
Pulsed,11.8,0.53,0.7780674307576234,1160.1845997893972,2257.595124975679,3417.7797247650765
Pulsed,11.9,0.53,0.7459552415818533,1183.2488178977821,2260.3567068093585,3443.605524707141
Pulsed,12.0,0.53,0.717999957206217,1206.153638620569,2260.961876401697,3467.1155150222658
Pulsed,12.1,1.47,0.8153459391469966,1182.0301106591744,2259.721385326329,3441.7514959855034
Pulsed,12.2,1.47,0.900090538560099,1158.4465728941059,2260.6300159349103,3419.076588829016
Pulsed,12.3,1.47,0.9738649973153899,1135.3841820426928,2263.506775267876,3398.8909573105684
Pulsed,12.4,1.47,1.03808939394158,1112.825453436692,2268.1877692141647,3381.0132226508567
Pulsed,12.5,1.47,1.0939999786020072,1090.75411117587,2274.523740522518,3365.277851698388
Pulsed,12.6,1.47,1.1426729695723843,1069.1549581440202,2282.3780341378983,3351.5329922819183
Pulsed,12.7,1.47,1.1850452692789268,1048.0137628061113,2291.624908885811,3339.638671691922
Pulsed,12.8,1.47,1.2219324986565634,1027.3171602655927,2302.148132235939,3329.465292501532
Pulsed,12.9,1.47,1.254044696969653,1007.0525655044977,2313.8398080958086,3320.892373600306
Pulsed,13.0,1.47,1.28199998929975,987.2080970830939,2326.5993975793917,3313.8074946624856
Pulsed,13.1,0.53,1.1846540142840933,1010.2466570353706,2340.3201312712936,3350.5667883066644
Pulsed,13.2,0.53,1.099909420899535,1033.208165291728,2351.067278078443,3384.2754433701707
Pulsed,13.3,0.53,1.026134967392264,1056.0876738266177,2359.011580781053,3415.0992546076704
Pulsed,13.4,0.53,0.961910575334625,1078.8804091150707,2364.3259093548304,3443.206318469901
Pulsed,13.5,0.53,0.9059999946514863,1101.5816938274825,2367.182759519789,3468.7644533472717
Pulsed,13.6,0.53,0.8573270071435626,1124.1868834710071,2367.752191110954,3491.939074581961
Pulsed,13.7,0.53,0.8149547104523269,1146.6892798356291,2367.129319807622,3513.818599643251
Pulsed,13.8,0.53,0.7780674836985375,1169.0727978011923,2366.50465199235,3535.577449793542
Pulsed,13.9,0.53,0.7459552876695984,1191.3190592720189,2365.880122772955,3557.199182044974
Pulsed,14.0,0.53,0.7179999973279323,1213.4102501020893,2365.2557322908724,3578.6659823929613
Pulsed,14.1,1.47,0.8153459740745822,1188.9664541208372,2362.5881656984498,3551.554619819287
Pulsed,14.2,1.47,0.900090568966102,1165.0845818342004,2359.924730081376,3525.0093119155763
Pulsed,14.3,1.47,0.9738650237852711,1141.7455076911854,2357.2653869630176,3499.010894654203
Pulsed,14.4,1.47,1.0380894169835961,1118.9310698018398,2355.133257402172,3474.0643272040124
Pulsed,14.5,1.47,1.0939999986611393,1096.6232922380727,2355.124178085562,3451.747470323635
Pulsed,14.6,1.47,1.1426729870347276,1074.8049163145336,2357.167191354638,3431.9721076691712
Pulsed,14.7,1.47,1.1850452844806434,1053.4599061873523,2361.0786836655884,3414.538589852941
Pulsed,14.8,1.47,1.2219325118903162,1032.5733198425903,2366.692394914297,3399.265714756887
Pulsed,14.9,1.47,1.2540447084902242,1012.1311891421741,2373.8570191136164,3385.9882082557906
Pulsed,15.0,1.47,1.2819999993289362,992.1204159078322,2382.434212153745,3374.5546280615777
Pulsed,15.1,0.53,1.1846540230150067,1014.8215491164358,2392.247741894289,3407.069291010725
Pulsed,15.2,0.53,1.099909428500238,1037.4600960930259,2399.229652895199,3436.689748988225
Pulsed,15.3,0.53,1.026134974009062,1060.0316461751113,2403.5668930150596,3463.598539190171
Pulsed,15.4,0.53,0.9619105810948824,1082.5317592479057,2405.4438863995265,3487.9756456474324
Pulsed,15.5,0.53,0.9059999996658147,1104.9557617780672,2405.2100722063838,3510.1658339844507
Pulsed,15.6,0.53,0.857327011508791,1127.2929509111373,2404.575372370826,3531.868323281963
Pulsed,15.7,0.53,0.8149547142513903,1149.5250617330526,2403.9408133784536,3553.4658751115066
Pulsed,15.8,0.53,0.7780674870058144,1171.633761334729,2403.3063953341953,3574.9401566689244
Pulsed,15.9,0.53,0.7459552905487514,1193.601233333113,2402.672118365137,3596.27335169825
Pulsed,16.0,0.53,0.7179999998343821,1215.410227310552,2402.037982619867,3617.448209930419
Pulsed,16.1,1.47,0.8153459762565735,1190.8704816432828,2399.3276938436466,3590.1981754869294
Pulsed,16.2,1.47,0.9000905708656308,1166.8989057956076,2396.6215876484816,3563.520493444089
Pulsed,16.3,1.47,0.9738650254389075,1143.4759595644339,2393.9196321838585,3537.3955917482926
Pulsed,16.4,1.47,1.038089418424555,1120.5831713640707,2391.2217966031776,3511.804967967248
Pulsed,16.5,1.47,1.0939999999157959,1098.203039899278,2388.7726268094034,3486.9756667086813
Pulsed,16.6,1.47,1.1426729881269717,1076.3183916485227,2388.2770142933923,3464.5954059419146
Pulsed,16.7,1.47,1.1850452854314966,1054.9125008818842,2389.890406340776,3444.80290722266
Pulsed,16.8,1.47,1.2219325127180813,1033.9697967409988,2393.41781643538,3427.387613176379
Pulsed,16.9,1.47,1.2540447092108356,1013.4757704622386,2398.6833153247517,3412.1590857869905
Pulsed,17.0,1.47,1.2819999999562648,993.4168571923803,2405.5273627581178,3398.9442199504983
Pulsed,17.1,0.53,1.1846540235611283,1015.978224154026,2413.7296253470763,3429.7078495011024
Pulsed,17.2,0.53,1.0999094289756643,1038.4837258286434,2419.155487085015,3457.6392129136584
Pulsed,17.3,0.53,1.0261349744229442,1060.9291656131309,2421.9994117665656,3482.9285773796964
Pulsed,17.4,0.53,0.9619105814551694,1083.3102291765226,2422.4516457230498,3505.761874899572
Pulsed,17.5,0.53,0.9059999999797282,1105.61988674473,2421.8124063289147,3527.4322930736444
Pulsed,17.6,0.53,0.8573270117820682,1127.8414788635607,2421.173308814032,3549.0147876775927
Pulsed,17.7,0.53,0.8149547144892938,1149.956439081176,2420.534353263251,3570.490792344427
Pulsed,17.8,0.53,0.7780674872129218,1171.9466653027148,2419.895539784046,3591.8422050867607
Pulsed,17.9,0.53,0.7459552907290486,1193.794571955082,2419.2568685059246,3613.0514404610067
Pulsed,18.0,0.53,0.7179999999913391,1215.4831382753453,2418.618339579767,3634.101477855112
Pulsed,18.1,1.47,0.8153459763932129,1190.922572812505,2415.8887880828815,3606.8113608953863
Pulsed,18.2,1.47,0.9000905709845854,1166.9320176346725,2413.1634508041625,3580.0954684388353
Pulsed,18.3,1.47,0.9738650255424647,1143.4918071919078,2410.4422956747067,3553.9341028666145
Pulsed,18.4,1.47,1.0380894185147103,1120.5833532146298,2407.725291609127,3528.3086448237573
Pulsed,18.5,1.47,1.0939999999940524,1098.189068470009,2405.0124084532226,3503.2014769232314
Pulsed,18.6,1.47,1.1426729881941726,1076.2921138409508,2403.3214432489976,3479.6135570899482
Pulsed,18.7,1.47,1.1850452854899982,1054.8757479819099,2403.8571305229293,3458.7328785048394
Pulsed,18.8,1.47,1.2219325127690102,1033.9241391066464,2406.415592938333,3440.3397320449794
Pulsed,18.9,1.47,1.2540447092551705,1013.4225587089819,2410.8072175887255,3424.2297762977078
Pulsed,19.0,1.47,1.2819999999948604,993.3572561862978,2416.8607597108285,3410.2180158971264
Pulsed,19.1,0.53,1.1846540235947272,1015.8500752701956,2424.32877938628,3440.178854656476
Pulsed,19.2,0.53,1.0999094290049127,1038.2906367899664,2429.039883140751,3467.330519930718
Pulsed,19.3,0.53,1.0261349744484045,1060.6748674836247,2431.19308460085,3491.8679520844744
Pulsed,19.4,0.53,0.9619105814772371,1082.9984535197154,2431.090668373898,3514.0891218936135
Pulsed,19.5,0.53,0.9059999999989411,1105.251715149436,2430.4491414485337,3535.70085659797
Pulsed,19.6,0.53,0.8573270117987922,1127.4165868441792,2429.807756981226,3557.224343825405
Pulsed,19.7,0.53,0.8149547145038523,1149.4746070187746,2429.16651505748,3578.6411220762543
Pulsed,19.8,0.53,0.7780674872255957,1171.4077773071647,2428.525415785385,3599.93319309255
Pulsed,19.9,0.53,0.7459552907400837,1193.1986142364217,2427.8844592950154,3621.083073531437
Pulsed,20.0,0.53,0.7180000000009468,1214.8301970502873,2427.24364573777,3642.073842788057
Pulsed,20.1,1.47,0.815345976401576,1190.2761092255919,2424.5040995294194,3614.7802087550112
Pulsed,20.2,1.47,0.9000905709918652,1166.2923138778801,2421.7687833381647,3588.061097216045
Pulsed,20.3,1.47,0.973865025548801,1142.8591204457066,2419.037664964788,3561.8967854104944
Pulsed,20.4,1.47,1.0380894185202243,1119.957917220742,2416.310713197925,3536.2686304186673
Pulsed,20.5,1.47,1.0939999999988512,1097.5710949857523,2413.587897761619,3511.1589927473715
Pulsed,20.6,1.47,1.1426729881995334,1075.6819047310603,2411.419607581894,3487.1015123129546
Pulsed,20.7,1.47,1.1850452854946643,1054.273753799246,2411.421518253566,3465.6952720528116
Pulsed,20.8,1.47,1.2219325127730738,1033.3307123256627,2413.5039569747632,3446.834669300426
Pulsed,20.9,1.47,1.2540447092587077,1012.8379647184372,2417.4695865089307,3430.307551227368
Pulsed,21.0,1.47,1.281999999997939,992.7816890763582,2423.14058099384,3415.9222700701985
Pulsed,21.1,0.53,1.1846540235974083,1015.2365372079989,2430.2529170028006,3445.4894542107995
Pulsed,21.2,0.53,1.0999094290072475,1037.6413130521612,2434.6136706444922,3472.2549836966537
Pulsed,21.3,0.53,1.0261349744504384,1059.9920233306855,2436.4248501301313,3496.4168734608165
Pulsed,21.4,0.53,0.9619105814789556,1082.2842452012976,2436.1172118701,3518.401457071398
Pulsed,21.5,0.53,0.9060000000004363,1104.5067555553571,2435.474354595934,3539.981110151291
Pulsed,21.6,0.53,0.8573270118000972,1126.6411323683426,2434.8316401139514,3561.4727724822937
Pulsed,21.7,0.53,0.8149547145049889,1148.668964345463,2434.189068509496,3582.858032854959
Pulsed,21.8,0.53,0.7780674872265851,1170.5723014761218,2433.546639890482,3604.118941366604
Pulsed,21.9,0.53,0.7459552907409451,1192.333706513464,2432.9043543867947,3625.2380609002585
Pulsed,22.0,0.53,0.7180000000016965,1213.9363026239794,2432.2622121496347,3646.198514773614
Pulsed,22.1,1.47,0.8153459764022292,1189.3983682720943,2429.5168716972817,3618.9152399693758
Pulsed,22.2,1.47,0.9000905709924365,1165.4304358223908,2426.775769872092,3592.2062056944833
Pulsed,22.3,1.47,0.9738650255492999,1142.0128262303863,2424.038874420075,3566.0517006504615
Pulsed,22.4,1.47,1.0380894185206597,1119.1269383380832,2421.30615407663,3540.433092414713
Pulsed,22.5,1.47,1.0939999999992318,1096.755172598141,2418.5775785140295,3515.3327511121706
Pulsed,22.6,1.47,1.1426729881996047,1074.8808219904324,2416.2194691600434,3491.1002911504756
Pulsed,22.7,1.47,1.1850452854947282,1053.4874089130192,2415.943886070915,3469.431294983934
Pulsed,22.8,1.47,1.2219325127731284,1032.5589798039616,2417.7805667336656,3450.3395465376275
Pulsed,22.9,1.47,1.2540447092587548,1012.0806895736974,2421.5276974086664,3433.608386982364
Pulsed,23.0,1.47,1.2819999999979794,992.0386940084248,2427.003648461112,3419.042342469537
Pulsed,23.1,0.53,1.1846540235974405,1014.4701657990188,2433.934276589649,3448.404442388668
Pulsed,23.2,0.53,1.099909429007276,1036.8530369502607,2438.1134871598015,3474.966524110062
Pulsed,23.3,0.53,1.0261349744504644,1059.183367208289,2439.745303335496,3498.928670543785
Pulsed,23.4,0.53,0.961910581478887,1081.4566314020626,2439.3472184258912,3520.803849827954
Pulsed,23.5,0.53,0.9060000000003783,1103.6607797665497,2438.7035067305633,3542.364286497113
Pulsed,23.6,0.53,0.857327011800044,1125.7772671445623,2438.059938040244,3563.8372051848064
Pulsed,23.7,0.53,0.8149547145049414,1147.7877072131273,2437.4165124397955,3585.204219652923
Pulsed,23.8,0.53,0.7780674872265427,1169.6741728131942,2436.7732300366474,3606.4474028498416
Pulsed,23.9,0.53,0.7459552907409074,1191.4192473663347,2436.130090960206,3627.5493383265407
Pulsed,24.0,0.53,0.7180000000016638,1213.00607247847,2435.487095361196,3648.493167839666
