workbook,sheet,series,day,value
ALL A2780-cis LR data.xlsx,1 - A2780 20k 1-3,N Samples,0.0,3.0
ALL A2780-cis LR data.xlsx,1 - A2780 20k 1-3,Mean Cells,0.0,16.645
ALL A2780-cis LR data.xlsx,1 - A2780 20k 1-3,SD Cells,0.0,0.0
ALL A2780-cis LR data.xlsx,1 - A2780 20k 1-3,SEM Cells,0.0,0.0
ALL A2780-cis LR data.xlsx,1 - A2780 20k 1-3,N Samples,1.0,3.0
ALL A2780-cis LR data.xlsx,1 - A2780 20k 1-3,Mean Cells,1.0,355.2548430333333
ALL A2780-cis LR data.xlsx,1 - A2780 20k 1-3,SD Cells,1.0,319.70519959159355
ALL A2780-cis LR data.xlsx,1 - A2780 20k 1-3,SEM Cells,1.0,184.5818830455296
ALL A2780-cis LR data.xlsx,1 - A2780 20k 1-3,N Samples,2.0,3.0
ALL A2780-cis LR data.xlsx,1 - A2780 20k 1-3,Mean Cells,2.0,243.07517813333334
ALL A2780-cis LR data.xlsx,1 - A2780 20k 1-3,SD Cells,2.0,66.65586070951468
ALL A2780-cis LR data.xlsx,1 - A2780 20k 1-3,SEM Cells,2.0,38.4837791237045
ALL A2780-cis LR data.xlsx,1 - A2780 20k 1-3,N Samples,3.0,3.0
ALL A2780-cis LR data.xlsx,1 - A2780 20k 1-3,Mean Cells,3.0,519.1483920666666
ALL A2780-cis LR data.xlsx,1 - A2780 20k 1-3,SD Cells,3.0,130.81275068841748
ALL A2780-cis LR data.xlsx,1 - A2780 20k 1-3,SEM Cells,3.0,75.52477682339324
ALL A2780-cis LR data.xlsx,1 - A2780 20k 1-3,N Samples,4.0,3.0
ALL A2780-cis LR data.xlsx,1 - A2780 20k 1-3,Mean Cells,4.0,646.7999999666666
ALL A2780-cis LR data.xlsx,1 - A2780 20k 1-3,SD Cells,4.0,84.33373476288477
ALL A2780-cis LR data.xlsx,1 - A2780 20k 1-3,SEM Cells,4.0,48.690104467118026
ALL A2780-cis LR data.xlsx,1 - A2780 20k 1-3,N Samples,5.0,3.0
ALL A2780-cis LR data.xlsx,1 - A2780 20k 1-3,Mean Cells,5.0,2267.1919893333334
ALL A2780-cis LR data.xlsx,1 - A2780 20k 1-3,SD Cells,5.0,778.5208516471054
ALL A2780-cis LR data.xlsx,1 - A2780 20k 1-3,SEM Cells,5.0,449.47922326819304
ALL A2780-cis LR data.xlsx,1 - A2780 20k 1-3,N Samples,6.0,3.0
ALL A2780-cis LR data.xlsx,1 - A2780 20k 1-3,Mean Cells,6.0,877.5612556
ALL A2780-cis LR data.xlsx,1 - A2780 20k 1-3,SD Cells,6.0,279.9392799319041
ALL A2780-cis LR data.xlsx,1 - A2780 20k 1-3,SEM Cells,6.0,161.62301862543484
ALL A2780-cis LR data.xlsx,1 - A2780 20k 1-3,N Samples,7.0,3.0
ALL A2780-cis LR data.xlsx,1 - A2780 20k 1-3,Mean Cells,7.0,1038.4631233666667
ALL A2780-cis LR data.xlsx,1 - A2780 20k 1-3,SD Cells,7.0,468.50167090245174
ALL A2780-cis LR data.xlsx,1 - A2780 20k 1-3,SEM Cells,7.0,270.48956581132
ALL A2780-cis LR data.xlsx,1 - A2780 20k 1-3,N Samples,8.0,3.0
ALL A2780-cis LR data.xlsx,1 - A2780 20k 1-3,Mean Cells,8.0,156.82704796666667
ALL A2780-cis LR data.xlsx,1 - A2780 20k 1-3,SD Cells,8.0,50.659798717597205
ALL A2780-cis LR data.xlsx,1 - A2780 20k 1-3,SEM Cells,8.0,29.248448426697006
ALL A2780-cis LR data.xlsx,1 - A2780 20k 1-3,N Samples,9.0,3.0
ALL A2780-cis LR data.xlsx,1 - A2780 20k 1-3,Mean Cells,9.0,246.32427726666666
ALL A2780-cis LR data.xlsx,1 - A2780 20k 1-3,SD Cells,9.0,135.90103324092803
ALL A2780-cis LR data.xlsx,1 - A2780 20k 1-3,SEM Cells,9.0,78.46249812479809
ALL A2780-cis LR data.xlsx,1 - A2780 20k 1-3,N Samples,10.0,3.0
ALL A2780-cis LR data.xlsx,1 - A2780 20k 1-3,Mean Cells,10.0,2108.786333333333
ALL A2780-cis LR data.xlsx,1 - A2780 20k 1-3,SD Cells,10.0,771.070501669162
ALL A2780-cis LR data.xlsx,1 - A2780 20k 1-3,SEM Cells,10.0,445.1777617028705
ALL A2780-cis LR data.xlsx,1 - A2780 20k 1-3,N Samples,11.0,3.0
ALL A2780-cis LR data.xlsx,1 - A2780 20k 1-3,Mean Cells,11.0,2092.9223333333334
ALL A2780-cis LR data.xlsx,1 - A2780 20k 1-3,SD Cells,11.0,1082.5990997522274
ALL A2780-cis LR data.xlsx,1 - A2780 20k 1-3,SEM Cells,11.0,625.038881666395
ALL A2780-cis LR data.xlsx,1 - A2780 20k 1-3,N Samples,13.0,3.0
ALL A2780-cis LR data.xlsx,1 - A2780 20k 1-3,Mean Cells,13.0,597.7451615636433
ALL A2780-cis LR data.xlsx,1 - A2780 20k 1-3,SD Cells,13.0,199.53426244392867
ALL A2780-cis LR data.xlsx,1 - A2780 20k 1-3,SEM Cells,13.0,115.20116013455566
ALL A2780-cis LR data.xlsx,1 - A2780 20k 1-3,N Samples,14.0,3.0
ALL A2780-cis LR data.xlsx,1 - A2780 20k 1-3,Mean Cells,14.0,2321.604621606008
ALL A2780-cis LR data.xlsx,1 - A2780 20k 1-3,SD Cells,14.0,1058.073904694038
ALL A2780-cis LR data.xlsx,1 - A2780 20k 1-3,SEM Cells,14.0,610.8792536976213
ALL A2780-cis LR data.xlsx,1 - A2780cis 20k 1-3,N Samples,0.0,3.0
ALL A2780-cis LR data.xlsx,1 - A2780cis 20k 1-3,Mean Cells,0.0,49.935
ALL A2780-cis LR data.xlsx,1 - A2780cis 20k 1-3,SD Cells,0.0,0.0
ALL A2780-cis LR data.xlsx,1 - A2780cis 20k 1-3,SEM Cells,0.0,0.0
ALL A2780-cis LR data.xlsx,1 - A2780cis 20k 1-3,N Samples,1.0,3.0
ALL A2780-cis LR data.xlsx,1 - A2780cis 20k 1-3,Mean Cells,1.0,387.9096090891585
ALL A2780-cis LR data.xlsx,1 - A2780cis 20k 1-3,SD Cells,1.0,133.38577747615074
ALL A2780-cis LR data.xlsx,1 - A2780cis 20k 1-3,SEM Cells,1.0,77.01031453192316
ALL A2780-cis LR data.xlsx,1 - A2780cis 20k 1-3,N Samples,2.0,3.0
ALL A2780-cis LR data.xlsx,1 - A2780cis 20k 1-3,Mean Cells,2.0,439.1986997881763
ALL A2780-cis LR data.xlsx,1 - A2780cis 20k 1-3,SD Cells,2.0,96.11641607125894
ALL A2780-cis LR data.xlsx,1 - A2780cis 20k 1-3,SEM Cells,2.0,55.49283869228342
ALL A2780-cis LR data.xlsx,1 - A2780cis 20k 1-3,N Samples,3.0,3.0
ALL A2780-cis LR data.xlsx,1 - A2780cis 20k 1-3,Mean Cells,3.0,521.188357404198
ALL A2780-cis LR data.xlsx,1 - A2780cis 20k 1-3,SD Cells,3.0,194.15853560484808
ALL A2780-cis LR data.xlsx,1 - A2780cis 20k 1-3,SEM Cells,3.0,112.09748279692259
ALL A2780-cis LR data.xlsx,1 - A2780cis 20k 1-3,N Samples,4.0,3.0
ALL A2780-cis LR data.xlsx,1 - A2780cis 20k 1-3,Mean Cells,4.0,362.1803104178702
ALL A2780-cis LR data.xlsx,1 - A2780cis 20k 1-3,SD Cells,4.0,65.42472300747538
ALL A2780-cis LR data.xlsx,1 - A2780cis 20k 1-3,SEM Cells,4.0,37.77298144002261
ALL A2780-cis LR data.xlsx,1 - A2780cis 20k 1-3,N Samples,5.0,3.0
ALL A2780-cis LR data.xlsx,1 - A2780cis 20k 1-3,Mean Cells,5.0,143.1933125361063
ALL A2780-cis LR data.xlsx,1 - A2780cis 20k 1-3,SD Cells,5.0,41.63594254315968
ALL A2780-cis LR data.xlsx,1 - A2780cis 20k 1-3,SEM Cells,5.0,24.038522635257035
ALL A2780-cis LR data.xlsx,1 - A2780cis 20k 1-3,N Samples,6.0,3.0
ALL A2780-cis LR data.xlsx,1 - A2780cis 20k 1-3,Mean Cells,6.0,93.33016753321779
ALL A2780-cis LR data.xlsx,1 - A2780cis 20k 1-3,SD Cells,6.0,27.85483212562544
ALL A2780-cis LR data.xlsx,1 - A2780cis 20k 1-3,SEM Cells,6.0,16.081994825961683
ALL A2780-cis LR data.xlsx,1 - A2780cis 20k 1-3,N Samples,7.0,3.0
ALL A2780-cis LR data.xlsx,1 - A2780cis 20k 1-3,Mean Cells,7.0,64.2644914307722
ALL A2780-cis LR data.xlsx,1 - A2780cis 20k 1-3,SD Cells,7.0,25.286609680148075
ALL A2780-cis LR data.xlsx,1 - A2780cis 20k 1-3,SEM Cells,7.0,14.599230905726488
ALL A2780-cis LR data.xlsx,1 - A2780cis 20k 1-3,N Samples,8.0,3.0
ALL A2780-cis LR data.xlsx,1 - A2780cis 20k 1-3,Mean Cells,8.0,45.77005969574427
ALL A2780-cis LR data.xlsx,1 - A2780cis 20k 1-3,SD Cells,8.0,12.878873173790517
ALL A2780-cis LR data.xlsx,1 - A2780cis 20k 1-3,SEM Cells,8.0,7.435620893747005
ALL A2780-cis LR data.xlsx,1 - A2780cis 20k 1-3,N Samples,9.0,3.0
ALL A2780-cis LR data.xlsx,1 - A2780cis 20k 1-3,Mean Cells,9.0,33.48742040439053
ALL A2780-cis LR data.xlsx,1 - A2780cis 20k 1-3,SD Cells,9.0,9.285587907077549
ALL A2780-cis LR data.xlsx,1 - A2780cis 20k 1-3,SEM Cells,9.0,5.361036677735156
ALL A2780-cis LR data.xlsx,1 - A2780cis 20k 1-3,N Samples,10.0,3.0
ALL A2780-cis LR data.xlsx,1 - A2780cis 20k 1-3,Mean Cells,10.0,36.7905626420181
ALL A2780-cis LR data.xlsx,1 - A2780cis 20k 1-3,SD Cells,10.0,13.193630076972765
ALL A2780-cis LR data.xlsx,1 - A2780cis 20k 1-3,SEM Cells,10.0,7.617345876528569
ALL A2780-cis LR data.xlsx,1 - A2780cis 20k 1-3,N Samples,11.0,3.0
ALL A2780-cis LR data.xlsx,1 - A2780cis 20k 1-3,Mean Cells,11.0,34.56571965337955
ALL A2780-cis LR data.xlsx,1 - A2780cis 20k 1-3,SD Cells,11.0,23.18015677090359
ALL A2780-cis LR data.xlsx,1 - A2780cis 20k 1-3,SEM Cells,11.0,13.383069751538915
ALL A2780-cis LR data.xlsx,1 - A2780cis 20k 1-3,N Samples,13.0,3.0
ALL A2780-cis LR data.xlsx,1 - A2780cis 20k 1-3,Mean Cells,13.0,16.697786558829193
ALL A2780-cis LR data.xlsx,1 - A2780cis 20k 1-3,SD Cells,13.0,5.780040848073494
ALL A2780-cis LR data.xlsx,1 - A2780cis 20k 1-3,SEM Cells,13.0,3.3371081395622646
ALL A2780-cis LR data.xlsx,1 - A2780cis 20k 1-3,N Samples,14.0,3.0
ALL A2780-cis LR data.xlsx,1 - A2780cis 20k 1-3,Mean Cells,14.0,14.710266088965916
ALL A2780-cis LR data.xlsx,1 - A2780cis 20k 1-3,SD Cells,14.0,6.1848892293599915
ALL A2780-cis LR data.xlsx,1 - A2780cis 20k 1-3,SEM Cells,14.0,3.5708474614790084
ALL A2780-cis LR data.xlsx,1 - A2780 30k 1-3,N Samples,0.0,3.0
ALL A2780-cis LR data.xlsx,1 - A2780 30k 1-3,Mean Cells,0.0,24.95
ALL A2780-cis LR data.xlsx,1 - A2780 30k 1-3,SD Cells,0.0,0.0
ALL A2780-cis LR data.xlsx,1 - A2780 30k 1-3,SEM Cells,0.0,0.0
ALL A2780-cis LR data.xlsx,1 - A2780 30k 1-3,N Samples,1.0,3.0
ALL A2780-cis LR data.xlsx,1 - A2780 30k 1-3,Mean Cells,1.0,304.2665511
ALL A2780-cis LR data.xlsx,1 - A2780 30k 1-3,SD Cells,1.0,81.42691660143085
ALL A2780-cis LR data.xlsx,1 - A2780 30k 1-3,SEM Cells,1.0,47.01185221911731
ALL A2780-cis LR data.xlsx,1 - A2780 30k 1-3,N Samples,2.0,3.0
ALL A2780-cis LR data.xlsx,1 - A2780 30k 1-3,Mean Cells,2.0,461.53645293333335
ALL A2780-cis LR data.xlsx,1 - A2780 30k 1-3,SD Cells,2.0,238.5470585368608
ALL A2780-cis LR data.xlsx,1 - A2780 30k 1-3,SEM Cells,2.0,137.72520846065
ALL A2780-cis LR data.xlsx,1 - A2780 30k 1-3,N Samples,3.0,3.0
ALL A2780-cis LR data.xlsx,1 - A2780 30k 1-3,Mean Cells,3.0,869.8122856
ALL A2780-cis LR data.xlsx,1 - A2780 30k 1-3,SD Cells,3.0,353.77614558781113
ALL A2780-cis LR data.xlsx,1 - A2780 30k 1-3,SEM Cells,3.0,204.252752887991
ALL A2780-cis LR data.xlsx,1 - A2780 30k 1-3,N Samples,4.0,3.0
ALL A2780-cis LR data.xlsx,1 - A2780 30k 1-3,Mean Cells,4.0,1207.0729445666668
ALL A2780-cis LR data.xlsx,1 - A2780 30k 1-3,SD Cells,4.0,368.5584323998874
ALL A2780-cis LR data.xlsx,1 - A2780 30k 1-3,SEM Cells,4.0,212.7873101581815
ALL A2780-cis LR data.xlsx,1 - A2780 30k 1-3,N Samples,5.0,3.0
ALL A2780-cis LR data.xlsx,1 - A2780 30k 1-3,Mean Cells,5.0,3280.515116666667
ALL A2780-cis LR data.xlsx,1 - A2780 30k 1-3,SD Cells,5.0,203.74399169205677
ALL A2780-cis LR data.xlsx,1 - A2780 30k 1-3,SEM Cells,5.0,117.63164844917786
ALL A2780-cis LR data.xlsx,1 - A2780 30k 1-3,N Samples,6.0,3.0
ALL A2780-cis LR data.xlsx,1 - A2780 30k 1-3,Mean Cells,6.0,1749.207549
ALL A2780-cis LR data.xlsx,1 - A2780 30k 1-3,SD Cells,6.0,311.8866905751161
ALL A2780-cis LR data.xlsx,1 - A2780 30k 1-3,SEM Cells,6.0,180.06786476020483
ALL A2780-cis LR data.xlsx,1 - A2780 30k 1-3,N Samples,7.0,3.0
ALL A2780-cis LR data.xlsx,1 - A2780 30k 1-3,Mean Cells,7.0,2042.3465816666667
ALL A2780-cis LR data.xlsx,1 - A2780 30k 1-3,SD Cells,7.0,197.3535067658369
ALL A2780-cis LR data.xlsx,1 - A2780 30k 1-3,SEM Cells,7.0,113.94210025677256
ALL A2780-cis LR data.xlsx,1 - A2780 30k 1-3,N Samples,8.0,3.0
ALL A2780-cis LR data.xlsx,1 - A2780 30k 1-3,Mean Cells,8.0,296.49023686
ALL A2780-cis LR data.xlsx,1 - A2780 30k 1-3,SD Cells,8.0,196.1055562051376
ALL A2780-cis LR data.xlsx,1 - A2780 30k 1-3,SEM Cells,8.0,113.22159566461748
ALL A2780-cis LR data.xlsx,1 - A2780 30k 1-3,N Samples,9.0,3.0
ALL A2780-cis LR data.xlsx,1 - A2780 30k 1-3,Mean Cells,9.0,583.6512613333333
ALL A2780-cis LR data.xlsx,1 - A2780 30k 1-3,SD Cells,9.0,289.9969295195795
ALL A2780-cis LR data.xlsx,1 - A2780 30k 1-3,SEM Cells,9.0,167.42980532229416
ALL A2780-cis LR data.xlsx,1 - A2780 30k 1-3,N Samples,10.0,3.0
ALL A2780-cis LR data.xlsx,1 - A2780 30k 1-3,Mean Cells,10.0,3520.6346666666664
ALL A2780-cis LR data.xlsx,1 - A2780 30k 1-3,SD Cells,10.0,770.2475439664437
ALL A2780-cis LR data.xlsx,1 - A2780 30k 1-3,SEM Cells,10.0,444.7026268516744
ALL A2780-cis LR data.xlsx,1 - A2780 30k 1-3,N Samples,11.0,3.0
ALL A2780-cis LR data.xlsx,1 - A2780 30k 1-3,Mean Cells,11.0,3932.3089999999997
ALL A2780-cis LR data.xlsx,1 - A2780 30k 1-3,SD Cells,11.0,269.2146088513772
ALL A2780-cis LR data.xlsx,1 - A2780 30k 1-3,SEM Cells,11.0,155.43112689012244
ALL A2780-cis LR data.xlsx,1 - A2780 30k 1-3,N Samples,13.0,3.0
ALL A2780-cis LR data.xlsx,1 - A2780 30k 1-3,Mean Cells,13.0,776.1088388214904
ALL A2780-cis LR data.xlsx,1 - A2780 30k 1-3,SD Cells,13.0,454.09597858533397
ALL A2780-cis LR data.xlsx,1 - A2780 30k 1-3,SEM Cells,13.0,262.1724354741691
ALL A2780-cis LR data.xlsx,1 - A2780 30k 1-3,N Samples,14.0,3.0
ALL A2780-cis LR data.xlsx,1 - A2780 30k 1-3,Mean Cells,14.0,3171.0646331600233
ALL A2780-cis LR data.xlsx,1 - A2780 30k 1-3,SD Cells,14.0,338.9131853193098
ALL A2780-cis LR data.xlsx,1 - A2780 30k 1-3,SEM Cells,14.0,195.67161877601703
ALL A2780-cis LR data.xlsx,1 - A2780cis 30k 1-3,N Samples,0.0,3.0
ALL A2780-cis LR data.xlsx,1 - A2780cis 30k 1-3,Mean Cells,0.0,74.85
ALL A2780-cis LR data.xlsx,1 - A2780cis 30k 1-3,SD Cells,0.0,0.0
ALL A2780-cis LR data.xlsx,1 - A2780cis 30k 1-3,SEM Cells,0.0,0.0
ALL A2780-cis LR data.xlsx,1 - A2780cis 30k 1-3,N Samples,1.0,3.0
ALL A2780-cis LR data.xlsx,1 - A2780cis 30k 1-3,Mean Cells,1.0,461.44020797227034
ALL A2780-cis LR data.xlsx,1 - A2780cis 30k 1-3,SD Cells,1.0,76.66882005173535
ALL A2780-cis LR data.xlsx,1 - A2780cis 30k 1-3,SEM Cells,1.0,44.264763895320385
ALL A2780-cis LR data.xlsx,1 - A2780cis 30k 1-3,N Samples,2.0,3.0
ALL A2780-cis LR data.xlsx,1 - A2780cis 30k 1-3,Mean Cells,2.0,601.6166570383208
ALL A2780-cis LR data.xlsx,1 - A2780cis 30k 1-3,SD Cells,2.0,150.98440585257276
ALL A2780-cis LR data.xlsx,1 - A2780cis 30k 1-3,SEM Cells,2.0,87.1708873624186
ALL A2780-cis LR data.xlsx,1 - A2780cis 30k 1-3,N Samples,3.0,3.0
ALL A2780-cis LR data.xlsx,1 - A2780cis 30k 1-3,Mean Cells,3.0,760.5372616984401
ALL A2780-cis LR data.xlsx,1 - A2780cis 30k 1-3,SD Cells,3.0,216.23744224986888
ALL A2780-cis LR data.xlsx,1 - A2780cis 30k 1-3,SEM Cells,3.0,124.84474549183795
ALL A2780-cis LR data.xlsx,1 - A2780cis 30k 1-3,N Samples,4.0,3.0
ALL A2780-cis LR data.xlsx,1 - A2780cis 30k 1-3,Mean Cells,4.0,394.38254573464275
ALL A2780-cis LR data.xlsx,1 - A2780cis 30k 1-3,SD Cells,4.0,87.5134023882136
ALL A2780-cis LR data.xlsx,1 - A2780cis 30k 1-3,SEM Cells,4.0,50.525886426535166
ALL A2780-cis LR data.xlsx,1 - A2780cis 30k 1-3,N Samples,5.0,3.0
ALL A2780-cis LR data.xlsx,1 - A2780cis 30k 1-3,Mean Cells,5.0,199.12416714808396
ALL A2780-cis LR data.xlsx,1 - A2780cis 30k 1-3,SD Cells,5.0,59.80562547629629
ALL A2780-cis LR data.xlsx,1 - A2780cis 30k 1-3,SEM Cells,5.0,34.528793967793604
ALL A2780-cis LR data.xlsx,1 - A2780cis 30k 1-3,N Samples,6.0,3.0
ALL A2780-cis LR data.xlsx,1 - A2780cis 30k 1-3,Mean Cells,6.0,86.62356248796455
ALL A2780-cis LR data.xlsx,1 - A2780cis 30k 1-3,SD Cells,6.0,15.594688136533698
ALL A2780-cis LR data.xlsx,1 - A2780cis 30k 1-3,SEM Cells,6.0,9.003597393555994
ALL A2780-cis LR data.xlsx,1 - A2780cis 30k 1-3,N Samples,7.0,3.0
ALL A2780-cis LR data.xlsx,1 - A2780cis 30k 1-3,Mean Cells,7.0,79.60237242441748
ALL A2780-cis LR data.xlsx,1 - A2780cis 30k 1-3,SD Cells,7.0,19.158642458856594
ALL A2780-cis LR data.xlsx,1 - A2780cis 30k 1-3,SEM Cells,7.0,11.061247380928648
ALL A2780-cis LR data.xlsx,1 - A2780cis 30k 1-3,N Samples,8.0,3.0
ALL A2780-cis LR data.xlsx,1 - A2780cis 30k 1-3,Mean Cells,8.0,109.12184093972654
ALL A2780-cis LR data.xlsx,1 - A2780cis 30k 1-3,SD Cells,8.0,60.86086116519921
ALL A2780-cis LR data.xlsx,1 - A2780cis 30k 1-3,SEM Cells,8.0,35.138034576840205
ALL A2780-cis LR data.xlsx,1 - A2780cis 30k 1-3,N Samples,9.0,3.0
ALL A2780-cis LR data.xlsx,1 - A2780cis 30k 1-3,Mean Cells,9.0,48.202888503755055
ALL A2780-cis LR data.xlsx,1 - A2780cis 30k 1-3,SD Cells,9.0,17.86501939716108
ALL A2780-cis LR data.xlsx,1 - A2780cis 30k 1-3,SEM Cells,9.0,10.314373758028836
ALL A2780-cis LR data.xlsx,1 - A2780cis 30k 1-3,N Samples,10.0,3.0
ALL A2780-cis LR data.xlsx,1 - A2780cis 30k 1-3,Mean Cells,10.0,38.00288850375505
ALL A2780-cis LR data.xlsx,1 - A2780cis 30k 1-3,SD Cells,10.0,4.198053404099894
ALL A2780-cis LR data.xlsx,1 - A2780cis 30k 1-3,SEM Cells,10.0,2.4237472629294987
ALL A2780-cis LR data.xlsx,1 - A2780cis 30k 1-3,N Samples,11.0,3.0
ALL A2780-cis LR data.xlsx,1 - A2780cis 30k 1-3,Mean Cells,11.0,34.25225958020412
ALL A2780-cis LR data.xlsx,1 - A2780cis 30k 1-3,SD Cells,11.0,5.985367024583407
ALL A2780-cis LR data.xlsx,1 - A2780cis 30k 1-3,SEM Cells,11.0,3.45565326284194
ALL A2780-cis LR data.xlsx,1 - A2780cis 30k 1-3,N Samples,12.0,3.0
ALL A2780-cis LR data.xlsx,1 - A2780cis 30k 1-3,N Samples,13.0,3.0
ALL A2780-cis LR data.xlsx,1 - A2780cis 30k 1-3,Mean Cells,13.0,13.358395108800309
ALL A2780-cis LR data.xlsx,1 - A2780cis 30k 1-3,SD Cells,13.0,9.617378815306399
ALL A2780-cis LR data.xlsx,1 - A2780cis 30k 1-3,SEM Cells,13.0,5.552596247915754
ALL A2780-cis LR data.xlsx,1 - A2780cis 30k 1-3,N Samples,14.0,3.0
ALL A2780-cis LR data.xlsx,1 - A2780cis 30k 1-3,Mean Cells,14.0,13.518851530906991
ALL A2780-cis LR data.xlsx,1 - A2780cis 30k 1-3,SD Cells,14.0,9.21229973627748
ALL A2780-cis LR data.xlsx,1 - A2780cis 30k 1-3,SEM Cells,14.0,5.318723732595322
ALL A2780-cis LR data.xlsx,1 - A2780 20k 1-1,N Samples,0.0,3.0
ALL A2780-cis LR data.xlsx,1 - A2780 20k 1-1,Mean Cells,0.0,33.29
ALL A2780-cis LR data.xlsx,1 - A2780 20k 1-1,SD Cells,0.0,0.0
ALL A2780-cis LR data.xlsx,1 - A2780 20k 1-1,SEM Cells,0.0,0.0
ALL A2780-cis LR data.xlsx,1 - A2780 20k 1-1,N Samples,1.0,3.0
ALL A2780-cis LR data.xlsx,1 - A2780 20k 1-1,Mean Cells,1.0,546.0348931
ALL A2780-cis LR data.xlsx,1 - A2780 20k 1-1,SD Cells,1.0,135.93004071426907
ALL A2780-cis LR data.xlsx,1 - A2780 20k 1-1,SEM Cells,1.0,78.47924559734004
ALL A2780-cis LR data.xlsx,1 - A2780 20k 1-1,N Samples,2.0,3.0
ALL A2780-cis LR data.xlsx,1 - A2780 20k 1-1,Mean Cells,2.0,603.4411323
ALL A2780-cis LR data.xlsx,1 - A2780 20k 1-1,SD Cells,2.0,218.57106807960545
ALL A2780-cis LR data.xlsx,1 - A2780 20k 1-1,SEM Cells,2.0,126.19206499282423
ALL A2780-cis LR data.xlsx,1 - A2780 20k 1-1,N Samples,3.0,3.0
ALL A2780-cis LR data.xlsx,1 - A2780 20k 1-1,Mean Cells,3.0,1158.9699211666666
ALL A2780-cis LR data.xlsx,1 - A2780 20k 1-1,SD Cells,3.0,481.1110910776519
ALL A2780-cis LR data.xlsx,1 - A2780 20k 1-1,SEM Cells,3.0,277.7696179437969
ALL A2780-cis LR data.xlsx,1 - A2780 20k 1-1,N Samples,4.0,3.0
ALL A2780-cis LR data.xlsx,1 - A2780 20k 1-1,Mean Cells,4.0,1330.0561912
ALL A2780-cis LR data.xlsx,1 - A2780 20k 1-1,SD Cells,4.0,469.48901295500417
ALL A2780-cis LR data.xlsx,1 - A2780 20k 1-1,SEM Cells,4.0,271.0596080111434
ALL A2780-cis LR data.xlsx,1 - A2780 20k 1-1,N Samples,5.0,3.0
ALL A2780-cis LR data.xlsx,1 - A2780 20k 1-1,Mean Cells,5.0,1788.969844
ALL A2780-cis LR data.xlsx,1 - A2780 20k 1-1,SD Cells,5.0,605.7895091742737
ALL A2780-cis LR data.xlsx,1 - A2780 20k 1-1,SEM Cells,5.0,349.7527361940182
ALL A2780-cis LR data.xlsx,1 - A2780 20k 1-1,N Samples,6.0,3.0
ALL A2780-cis LR data.xlsx,1 - A2780 20k 1-1,Mean Cells,6.0,2031.948654
ALL A2780-cis LR data.xlsx,1 - A2780 20k 1-1,SD Cells,6.0,684.7981685031399
ALL A2780-cis LR data.xlsx,1 - A2780 20k 1-1,SEM Cells,6.0,395.36840692585054
ALL A2780-cis LR data.xlsx,1 - A2780 20k 1-1,N Samples,7.0,3.0
ALL A2780-cis LR data.xlsx,1 - A2780 20k 1-1,Mean Cells,7.0,2395.0393223333335
ALL A2780-cis LR data.xlsx,1 - A2780 20k 1-1,SD Cells,7.0,608.7378204918746
ALL A2780-cis LR data.xlsx,1 - A2780 20k 1-1,SEM Cells,7.0,351.4549445268899
ALL A2780-cis LR data.xlsx,1 - A2780 20k 1-1,N Samples,8.0,3.0
ALL A2780-cis LR data.xlsx,1 - A2780 20k 1-1,Mean Cells,8.0,802.9966494333333
ALL A2780-cis LR data.xlsx,1 - A2780 20k 1-1,SD Cells,8.0,464.79163441333566
ALL A2780-cis LR data.xlsx,1 - A2780 20k 1-1,SEM Cells,8.0,268.3475752456255
ALL A2780-cis LR data.xlsx,1 - A2780 20k 1-1,N Samples,9.0,3.0
ALL A2780-cis LR data.xlsx,1 - A2780 20k 1-1,Mean Cells,9.0,1534.9288583333334
ALL A2780-cis LR data.xlsx,1 - A2780 20k 1-1,SD Cells,9.0,321.5874284537116
ALL A2780-cis LR data.xlsx,1 - A2780 20k 1-1,SEM Cells,9.0,185.66858838574993
ALL A2780-cis LR data.xlsx,1 - A2780 20k 1-1,N Samples,10.0,3.0
ALL A2780-cis LR data.xlsx,1 - A2780 20k 1-1,Mean Cells,10.0,3279.3790000000004
ALL A2780-cis LR data.xlsx,1 - A2780 20k 1-1,SD Cells,10.0,438.75073998683797
ALL A2780-cis LR data.xlsx,1 - A2780 20k 1-1,SEM Cells,10.0,253.3128578385484
ALL A2780-cis LR data.xlsx,1 - A2780 20k 1-1,N Samples,11.0,3.0
ALL A2780-cis LR data.xlsx,1 - A2780 20k 1-1,Mean Cells,11.0,3808.7533333333336
ALL A2780-cis LR data.xlsx,1 - A2780 20k 1-1,SD Cells,11.0,470.12328089164964
ALL A2780-cis LR data.xlsx,1 - A2780 20k 1-1,SEM Cells,11.0,271.425802775104
ALL A2780-cis LR data.xlsx,1 - A2780 20k 1-1,N Samples,12.0,3.0
ALL A2780-cis LR data.xlsx,1 - A2780 20k 1-1,Mean Cells,12.0,4055.1296666666663
ALL A2780-cis LR data.xlsx,1 - A2780 20k 1-1,SD Cells,12.0,338.31347746481117
ALL A2780-cis LR data.xlsx,1 - A2780 20k 1-1,SEM Cells,12.0,195.32537728478712
ALL A2780-cis LR data.xlsx,1 - A2780 20k 1-1,N Samples,13.0,3.0
ALL A2780-cis LR data.xlsx,1 - A2780 20k 1-1,Mean Cells,13.0,3605.702291444444
ALL A2780-cis LR data.xlsx,1 - A2780 20k 1-1,SD Cells,13.0,365.0803218451045
ALL A2780-cis LR data.xlsx,1 - A2780 20k 1-1,SEM Cells,13.0,210.7792220931063
ALL A2780-cis LR data.xlsx,1 - A2780 20k 1-1,N Samples,14.0,3.0
ALL A2780-cis LR data.xlsx,1 - A2780 20k 1-1,Mean Cells,14.0,3422.5317158055564
ALL A2780-cis LR data.xlsx,1 - A2780 20k 1-1,SD Cells,14.0,806.879485981246
ALL A2780-cis LR data.xlsx,1 - A2780 20k 1-1,SEM Cells,14.0,465.8520884348593
ALL A2780-cis LR data.xlsx,1 - A2780cis 20k 1-1,N Samples,0.0,3.0
ALL A2780-cis LR data.xlsx,1 - A2780cis 20k 1-1,Mean Cells,0.0,33.29
ALL A2780-cis LR data.xlsx,1 - A2780cis 20k 1-1,SD Cells,0.0,0.0
ALL A2780-cis LR data.xlsx,1 - A2780cis 20k 1-1,SEM Cells,0.0,0.0
ALL A2780-cis LR data.xlsx,1 - A2780cis 20k 1-1,N Samples,1.0,3.0
ALL A2780-cis LR data.xlsx,1 - A2780cis 20k 1-1,Mean Cells,1.0,217.0841517427306
ALL A2780-cis LR data.xlsx,1 - A2780cis 20k 1-1,SD Cells,1.0,82.9425778357047
ALL A2780-cis LR data.xlsx,1 - A2780cis 20k 1-1,SEM Cells,1.0,47.886919640725594
ALL A2780-cis LR data.xlsx,1 - A2780cis 20k 1-1,N Samples,2.0,3.0
ALL A2780-cis LR data.xlsx,1 - A2780cis 20k 1-1,Mean Cells,2.0,272.939433853264
ALL A2780-cis LR data.xlsx,1 - A2780cis 20k 1-1,SD Cells,2.0,78.19907899854381
ALL A2780-cis LR data.xlsx,1 - A2780cis 20k 1-1,SEM Cells,2.0,45.148259310190085
ALL A2780-cis LR data.xlsx,1 - A2780cis 20k 1-1,N Samples,3.0,3.0
ALL A2780-cis LR data.xlsx,1 - A2780cis 20k 1-1,Mean Cells,3.0,342.41906412478335
ALL A2780-cis LR data.xlsx,1 - A2780cis 20k 1-1,SD Cells,3.0,136.73248194182895
ALL A2780-cis LR data.xlsx,1 - A2780cis 20k 1-1,SEM Cells,3.0,78.94253525608059
ALL A2780-cis LR data.xlsx,1 - A2780cis 20k 1-1,N Samples,4.0,3.0
ALL A2780-cis LR data.xlsx,1 - A2780cis 20k 1-1,Mean Cells,4.0,206.2195647987676
ALL A2780-cis LR data.xlsx,1 - A2780cis 20k 1-1,SD Cells,4.0,68.24739548229503
ALL A2780-cis LR data.xlsx,1 - A2780cis 20k 1-1,SEM Cells,4.0,39.40265215319389
ALL A2780-cis LR data.xlsx,1 - A2780cis 20k 1-1,N Samples,5.0,3.0
ALL A2780-cis LR data.xlsx,1 - A2780cis 20k 1-1,Mean Cells,5.0,105.47071057192375
ALL A2780-cis LR data.xlsx,1 - A2780cis 20k 1-1,SD Cells,5.0,35.641477226573436
ALL A2780-cis LR data.xlsx,1 - A2780cis 20k 1-1,SEM Cells,5.0,20.57761647107809
ALL A2780-cis LR data.xlsx,1 - A2780cis 20k 1-1,N Samples,6.0,3.0
ALL A2780-cis LR data.xlsx,1 - A2780cis 20k 1-1,Mean Cells,6.0,82.17904871942999
ALL A2780-cis LR data.xlsx,1 - A2780cis 20k 1-1,SD Cells,6.0,22.668800203278657
ALL A2780-cis LR data.xlsx,1 - A2780cis 20k 1-1,SEM Cells,6.0,13.087837899568777
ALL A2780-cis LR data.xlsx,1 - A2780cis 20k 1-1,N Samples,7.0,3.0
ALL A2780-cis LR data.xlsx,1 - A2780cis 20k 1-1,Mean Cells,7.0,47.75628730984017
ALL A2780-cis LR data.xlsx,1 - A2780cis 20k 1-1,SD Cells,7.0,18.86061349505297
ALL A2780-cis LR data.xlsx,1 - A2780cis 20k 1-1,SEM Cells,7.0,10.889180278450322
ALL A2780-cis LR data.xlsx,1 - A2780cis 20k 1-1,N Samples,8.0,3.0
ALL A2780-cis LR data.xlsx,1 - A2780cis 20k 1-1,Mean Cells,8.0,36.841709994222995
ALL A2780-cis LR data.xlsx,1 - A2780cis 20k 1-1,SD Cells,8.0,9.075318696496982
ALL A2780-cis LR data.xlsx,1 - A2780cis 20k 1-1,SEM Cells,8.0,5.239637692404177
ALL A2780-cis LR data.xlsx,1 - A2780cis 20k 1-1,N Samples,9.0,3.0
ALL A2780-cis LR data.xlsx,1 - A2780cis 20k 1-1,Mean Cells,9.0,28.779087232813406
ALL A2780-cis LR data.xlsx,1 - A2780cis 20k 1-1,SD Cells,9.0,6.735970466876508
ALL A2780-cis LR data.xlsx,1 - A2780cis 20k 1-1,SEM Cells,9.0,3.8890143623045215
ALL A2780-cis LR data.xlsx,1 - A2780cis 20k 1-1,N Samples,10.0,3.0
ALL A2780-cis LR data.xlsx,1 - A2780cis 20k 1-1,Mean Cells,10.0,29.48642403235125
ALL A2780-cis LR data.xlsx,1 - A2780cis 20k 1-1,SD Cells,10.0,4.625729189052591
ALL A2780-cis LR data.xlsx,1 - A2780cis 20k 1-1,SEM Cells,10.0,2.670665992497823
ALL A2780-cis LR data.xlsx,1 - A2780cis 20k 1-1,N Samples,11.0,3.0
ALL A2780-cis LR data.xlsx,1 - A2780cis 20k 1-1,Mean Cells,11.0,27.453298671288277
ALL A2780-cis LR data.xlsx,1 - A2780cis 20k 1-1,SD Cells,11.0,4.892063554196502
ALL A2780-cis LR data.xlsx,1 - A2780cis 20k 1-1,SEM Cells,11.0,2.8244342099081083
ALL A2780-cis LR data.xlsx,1 - A2780cis 20k 1-1,N Samples,12.0,3.0
ALL A2780-cis LR data.xlsx,1 - A2780cis 20k 1-1,Mean Cells,12.0,28.124417485076066
ALL A2780-cis LR data.xlsx,1 - A2780cis 20k 1-1,SD Cells,12.0,3.270931474764462
ALL A2780-cis LR data.xlsx,1 - A2780cis 20k 1-1,SEM Cells,12.0,1.8884731674560817
ALL A2780-cis LR data.xlsx,1 - A2780cis 20k 1-1,N Samples,13.0,3.0
ALL A2780-cis LR data.xlsx,1 - A2780cis 20k 1-1,Mean Cells,13.0,15.122649720777973
ALL A2780-cis LR data.xlsx,1 - A2780cis 20k 1-1,SD Cells,13.0,4.61183204207588
ALL A2780-cis LR data.xlsx,1 - A2780cis 20k 1-1,SEM Cells,13.0,2.662642470949851
ALL A2780-cis LR data.xlsx,1 - A2780cis 20k 1-1,N Samples,14.0,3.0
ALL A2780-cis LR data.xlsx,1 - A2780cis 20k 1-1,Mean Cells,14.0,15.52578698247641
ALL A2780-cis LR data.xlsx,1 - A2780cis 20k 1-1,SD Cells,14.0,3.7851801988577902
ALL A2780-cis LR data.xlsx,1 - A2780cis 20k 1-1,SEM Cells,14.0,2.1853748067417866
ALL A2780-cis LR data.xlsx,1 - A2780 30k 1-1,N Samples,0.0,3.0
ALL A2780-cis LR data.xlsx,1 - A2780 30k 1-1,Mean Cells,0.0,49.9
ALL A2780-cis LR data.xlsx,1 - A2780 30k 1-1,SD Cells,0.0,0.0
ALL A2780-cis LR data.xlsx,1 - A2780 30k 1-1,SEM Cells,0.0,0.0
ALL A2780-cis LR data.xlsx,1 - A2780 30k 1-1,N Samples,1.0,3.0
ALL A2780-cis LR data.xlsx,1 - A2780 30k 1-1,Mean Cells,1.0,466.89863276666665
ALL A2780-cis LR data.xlsx,1 - A2780 30k 1-1,SD Cells,1.0,155.80394051525892
ALL A2780-cis LR data.xlsx,1 - A2780 30k 1-1,SEM Cells,1.0,89.95344699728918
ALL A2780-cis LR data.xlsx,1 - A2780 30k 1-1,N Samples,2.0,3.0
ALL A2780-cis LR data.xlsx,1 - A2780 30k 1-1,Mean Cells,2.0,644.1471596333333
ALL A2780-cis LR data.xlsx,1 - A2780 30k 1-1,SD Cells,2.0,83.26236757605369
ALL A2780-cis LR data.xlsx,1 - A2780 30k 1-1,SEM Cells,2.0,48.07155033340017
ALL A2780-cis LR data.xlsx,1 - A2780 30k 1-1,N Samples,3.0,3.0
ALL A2780-cis LR data.xlsx,1 - A2780 30k 1-1,Mean Cells,3.0,939.3024841666667
ALL A2780-cis LR data.xlsx,1 - A2780 30k 1-1,SD Cells,3.0,283.97986958041247
ALL A2780-cis LR data.xlsx,1 - A2780 30k 1-1,SEM Cells,3.0,163.95585414668597
ALL A2780-cis LR data.xlsx,1 - A2780 30k 1-1,N Samples,4.0,3.0
ALL A2780-cis LR data.xlsx,1 - A2780 30k 1-1,Mean Cells,4.0,1445.288893
ALL A2780-cis LR data.xlsx,1 - A2780 30k 1-1,SD Cells,4.0,441.02195265005054
ALL A2780-cis LR data.xlsx,1 - A2780 30k 1-1,SEM Cells,4.0,254.62414308104107
ALL A2780-cis LR data.xlsx,1 - A2780 30k 1-1,N Samples,5.0,3.0
ALL A2780-cis LR data.xlsx,1 - A2780 30k 1-1,Mean Cells,5.0,1517.70052
ALL A2780-cis LR data.xlsx,1 - A2780 30k 1-1,SD Cells,5.0,636.8561136140754
ALL A2780-cis LR data.xlsx,1 - A2780 30k 1-1,SEM Cells,5.0,367.68904863014535
ALL A2780-cis LR data.xlsx,1 - A2780 30k 1-1,N Samples,6.0,3.0
ALL A2780-cis LR data.xlsx,1 - A2780 30k 1-1,Mean Cells,6.0,1976.4381053333334
ALL A2780-cis LR data.xlsx,1 - A2780 30k 1-1,SD Cells,6.0,566.1277335523655
ALL A2780-cis LR data.xlsx,1 - A2780 30k 1-1,SEM Cells,6.0,326.85399936217095
ALL A2780-cis LR data.xlsx,1 - A2780 30k 1-1,N Samples,7.0,3.0
ALL A2780-cis LR data.xlsx,1 - A2780 30k 1-1,Mean Cells,7.0,2276.2046983333335
ALL A2780-cis LR data.xlsx,1 - A2780 30k 1-1,SD Cells,7.0,860.080392964457
ALL A2780-cis LR data.xlsx,1 - A2780 30k 1-1,SEM Cells,7.0,496.5676464027484
ALL A2780-cis LR data.xlsx,1 - A2780 30k 1-1,N Samples,8.0,3.0
ALL A2780-cis LR data.xlsx,1 - A2780 30k 1-1,Mean Cells,8.0,627.2983863000001
ALL A2780-cis LR data.xlsx,1 - A2780 30k 1-1,SD Cells,8.0,162.70757977097213
ALL A2780-cis LR data.xlsx,1 - A2780 30k 1-1,SEM Cells,8.0,93.93926497996327
ALL A2780-cis LR data.xlsx,1 - A2780 30k 1-1,N Samples,9.0,3.0
ALL A2780-cis LR data.xlsx,1 - A2780 30k 1-1,Mean Cells,9.0,1373.9274795666668
ALL A2780-cis LR data.xlsx,1 - A2780 30k 1-1,SD Cells,9.0,548.6192246821444
ALL A2780-cis LR data.xlsx,1 - A2780 30k 1-1,SEM Cells,9.0,316.74545705283987
ALL A2780-cis LR data.xlsx,1 - A2780 30k 1-1,N Samples,10.0,3.0
ALL A2780-cis LR data.xlsx,1 - A2780 30k 1-1,Mean Cells,10.0,2977.122333333333
ALL A2780-cis LR data.xlsx,1 - A2780 30k 1-1,SD Cells,10.0,1092.9781372915627
ALL A2780-cis LR data.xlsx,1 - A2780 30k 1-1,SEM Cells,10.0,631.0312217836595
ALL A2780-cis LR data.xlsx,1 - A2780 30k 1-1,N Samples,11.0,3.0
ALL A2780-cis LR data.xlsx,1 - A2780 30k 1-1,Mean Cells,11.0,3312.5266666666666
ALL A2780-cis LR data.xlsx,1 - A2780 30k 1-1,SD Cells,11.0,935.912705776737
ALL A2780-cis LR data.xlsx,1 - A2780 30k 1-1,SEM Cells,11.0,540.3494526181902
ALL A2780-cis LR data.xlsx,1 - A2780 30k 1-1,N Samples,12.0,3.0
ALL A2780-cis LR data.xlsx,1 - A2780 30k 1-1,Mean Cells,12.0,3410.697666666667
ALL A2780-cis LR data.xlsx,1 - A2780 30k 1-1,SD Cells,12.0,850.7135009633575
ALL A2780-cis LR data.xlsx,1 - A2780 30k 1-1,SEM Cells,12.0,491.15966878444345
ALL A2780-cis LR data.xlsx,1 - A2780 30k 1-1,N Samples,13.0,3.0
ALL A2780-cis LR data.xlsx,1 - A2780 30k 1-1,Mean Cells,13.0,3302.9012901277783
ALL A2780-cis LR data.xlsx,1 - A2780 30k 1-1,SD Cells,13.0,788.7593852042908
ALL A2780-cis LR data.xlsx,1 - A2780 30k 1-1,SEM Cells,13.0,455.390443373541
ALL A2780-cis LR data.xlsx,1 - A2780 30k 1-1,N Samples,14.0,3.0
ALL A2780-cis LR data.xlsx,1 - A2780 30k 1-1,Mean Cells,14.0,3257.5079144777774
ALL A2780-cis LR data.xlsx,1 - A2780 30k 1-1,SD Cells,14.0,817.554192015407
ALL A2780-cis LR data.xlsx,1 - A2780 30k 1-1,SEM Cells,14.0,472.01513283720226
ALL A2780-cis LR data.xlsx,1 - A2780cis 30k 1-1,N Samples,0.0,3.0
ALL A2780-cis LR data.xlsx,1 - A2780cis 30k 1-1,Mean Cells,0.0,49.9
ALL A2780-cis LR data.xlsx,1 - A2780cis 30k 1-1,SD Cells,0.0,0.0
ALL A2780-cis LR data.xlsx,1 - A2780cis 30k 1-1,SEM Cells,0.0,0.0
ALL A2780-cis LR data.xlsx,1 - A2780cis 30k 1-1,N Samples,1.0,3.0
ALL A2780-cis LR data.xlsx,1 - A2780cis 30k 1-1,Mean Cells,1.0,183.46964375120353
ALL A2780-cis LR data.xlsx,1 - A2780cis 30k 1-1,SD Cells,1.0,77.81604442025417
ALL A2780-cis LR data.xlsx,1 - A2780cis 30k 1-1,SEM Cells,1.0,44.92711419330563
ALL A2780-cis LR data.xlsx,1 - A2780cis 30k 1-1,N Samples,2.0,3.0
ALL A2780-cis LR data.xlsx,1 - A2780cis 30k 1-1,Mean Cells,2.0,231.61578890814556
ALL A2780-cis LR data.xlsx,1 - A2780cis 30k 1-1,SD Cells,2.0,103.90507342691211
ALL A2780-cis LR data.xlsx,1 - A2780cis 30k 1-1,SEM Cells,2.0,59.989622113195544
ALL A2780-cis LR data.xlsx,1 - A2780cis 30k 1-1,N Samples,3.0,3.0
ALL A2780-cis LR data.xlsx,1 - A2780cis 30k 1-1,Mean Cells,3.0,235.3606893895629
ALL A2780-cis LR data.xlsx,1 - A2780cis 30k 1-1,SD Cells,3.0,152.64980111747317
ALL A2780-cis LR data.xlsx,1 - A2780cis 30k 1-1,SEM Cells,3.0,88.13240376691598
ALL A2780-cis LR data.xlsx,1 - A2780cis 30k 1-1,N Samples,4.0,3.0
ALL A2780-cis LR data.xlsx,1 - A2780cis 30k 1-1,Mean Cells,4.0,139.90853071442325
ALL A2780-cis LR data.xlsx,1 - A2780cis 30k 1-1,SD Cells,4.0,74.84089401642319
ALL A2780-cis LR data.xlsx,1 - A2780cis 30k 1-1,SEM Cells,4.0,43.20941030677418
ALL A2780-cis LR data.xlsx,1 - A2780cis 30k 1-1,N Samples,5.0,3.0
ALL A2780-cis LR data.xlsx,1 - A2780cis 30k 1-1,Mean Cells,5.0,67.93168110918543
ALL A2780-cis LR data.xlsx,1 - A2780cis 30k 1-1,SD Cells,5.0,21.587313321684853
ALL A2780-cis LR data.xlsx,1 - A2780cis 30k 1-1,SEM Cells,5.0,12.463441157355545
ALL A2780-cis LR data.xlsx,1 - A2780cis 30k 1-1,N Samples,6.0,3.0
ALL A2780-cis LR data.xlsx,1 - A2780cis 30k 1-1,Mean Cells,6.0,51.42313498940882
ALL A2780-cis LR data.xlsx,1 - A2780cis 30k 1-1,SD Cells,6.0,13.795992667279604
ALL A2780-cis LR data.xlsx,1 - A2780cis 30k 1-1,SEM Cells,6.0,7.965120080191983
ALL A2780-cis LR data.xlsx,1 - A2780cis 30k 1-1,N Samples,7.0,3.0
ALL A2780-cis LR data.xlsx,1 - A2780cis 30k 1-1,Mean Cells,7.0,46.84709801656075
ALL A2780-cis LR data.xlsx,1 - A2780cis 30k 1-1,SD Cells,7.0,9.514452867365732
ALL A2780-cis LR data.xlsx,1 - A2780cis 30k 1-1,SEM Cells,7.0,5.493171924165612
ALL A2780-cis LR data.xlsx,1 - A2780cis 30k 1-1,N Samples,8.0,3.0
ALL A2780-cis LR data.xlsx,1 - A2780cis 30k 1-1,Mean Cells,8.0,27.746065857885615
ALL A2780-cis LR data.xlsx,1 - A2780cis 30k 1-1,SD Cells,8.0,14.015156714151658
ALL A2780-cis LR data.xlsx,1 - A2780cis 30k 1-1,SEM Cells,8.0,8.09165450165025
ALL A2780-cis LR data.xlsx,1 - A2780cis 30k 1-1,N Samples,9.0,3.0
ALL A2780-cis LR data.xlsx,1 - A2780cis 30k 1-1,Mean Cells,9.0,24.96716811091854
ALL A2780-cis LR data.xlsx,1 - A2780cis 30k 1-1,SD Cells,9.0,10.71397000085658
ALL A2780-cis LR data.xlsx,1 - A2780cis 30k 1-1,SEM Cells,9.0,6.185713464084122
ALL A2780-cis LR data.xlsx,1 - A2780cis 30k 1-1,N Samples,10.0,3.0
ALL A2780-cis LR data.xlsx,1 - A2780cis 30k 1-1,Mean Cells,10.0,18.376767571731175
ALL A2780-cis LR data.xlsx,1 - A2780cis 30k 1-1,SD Cells,10.0,5.76179877418491
ALL A2780-cis LR data.xlsx,1 - A2780cis 30k 1-1,SEM Cells,10.0,3.3265760732921135
ALL A2780-cis LR data.xlsx,1 - A2780cis 30k 1-1,N Samples,11.0,3.0
ALL A2780-cis LR data.xlsx,1 - A2780cis 30k 1-1,Mean Cells,11.0,21.96007317542846
ALL A2780-cis LR data.xlsx,1 - A2780cis 30k 1-1,SD Cells,11.0,7.330545318629261
ALL A2780-cis LR data.xlsx,1 - A2780cis 30k 1-1,SEM Cells,11.0,4.232292313017354
ALL A2780-cis LR data.xlsx,1 - A2780cis 30k 1-1,N Samples,12.0,3.0
ALL A2780-cis LR data.xlsx,1 - A2780cis 30k 1-1,Mean Cells,12.0,12.367027113421912
ALL A2780-cis LR data.xlsx,1 - A2780cis 30k 1-1,SD Cells,12.0,0.9154429086228631
ALL A2780-cis LR data.xlsx,1 - A2780cis 30k 1-1,SEM Cells,12.0,0.5285312097211441
ALL A2780-cis LR data.xlsx,1 - A2780cis 30k 1-1,N Samples,13.0,3.0
ALL A2780-cis LR data.xlsx,1 - A2780cis 30k 1-1,Mean Cells,13.0,15.383145657616021
ALL A2780-cis LR data.xlsx,1 - A2780cis 30k 1-1,SD Cells,13.0,7.799038499186122
ALL A2780-cis LR data.xlsx,1 - A2780cis 30k 1-1,SEM Cells,13.0,4.502776976925363
ALL A2780-cis LR data.xlsx,1 - A2780cis 30k 1-1,N Samples,14.0,3.0
ALL A2780-cis LR data.xlsx,1 - A2780cis 30k 1-1,Mean Cells,14.0,12.042997034469478
ALL A2780-cis LR data.xlsx,1 - A2780cis 30k 1-1,SD Cells,14.0,1.982065469950459
ALL A2780-cis LR data.xlsx,1 - A2780cis 30k 1-1,SEM Cells,14.0,1.1443460326273596
ALL A2780-cis LR data.xlsx,1 - A2780 20k 3-1,N Samples,0.0,3.0
ALL A2780-cis LR data.xlsx,1 - A2780 20k 3-1,Mean Cells,0.0,49.935
ALL A2780-cis LR data.xlsx,1 - A2780 20k 3-1,SD Cells,0.0,0.0
ALL A2780-cis LR data.xlsx,1 - A2780 20k 3-1,SEM Cells,0.0,0.0
ALL A2780-cis LR data.xlsx,1 - A2780 20k 3-1,N Samples,1.0,3.0
ALL A2780-cis LR data.xlsx,1 - A2780 20k 3-1,Mean Cells,1.0,285.4157
ALL A2780-cis LR data.xlsx,1 - A2780 20k 3-1,SD Cells,1.0,65.21493808139333
ALL A2780-cis LR data.xlsx,1 - A2780 20k 3-1,SEM Cells,1.0,37.65186205647721
ALL A2780-cis LR data.xlsx,1 - A2780 20k 3-1,N Samples,2.0,3.0
ALL A2780-cis LR data.xlsx,1 - A2780 20k 3-1,Mean Cells,2.0,542.0775
ALL A2780-cis LR data.xlsx,1 - A2780 20k 3-1,SD Cells,2.0,208.11541756977033
ALL A2780-cis LR data.xlsx,1 - A2780 20k 3-1,SEM Cells,2.0,120.15549235641828
ALL A2780-cis LR data.xlsx,1 - A2780 20k 3-1,N Samples,3.0,3.0
ALL A2780-cis LR data.xlsx,1 - A2780 20k 3-1,Mean Cells,3.0,1032.8010666666667
ALL A2780-cis LR data.xlsx,1 - A2780 20k 3-1,SD Cells,3.0,398.94342291119864
ALL A2780-cis LR data.xlsx,1 - A2780 20k 3-1,SEM Cells,3.0,230.33009260921125
ALL A2780-cis LR data.xlsx,1 - A2780 20k 3-1,N Samples,4.0,3.0
ALL A2780-cis LR data.xlsx,1 - A2780 20k 3-1,Mean Cells,4.0,1178.4804333333334
ALL A2780-cis LR data.xlsx,1 - A2780 20k 3-1,SD Cells,4.0,444.3149059862869
ALL A2780-cis LR data.xlsx,1 - A2780 20k 3-1,SEM Cells,4.0,256.525330576146
ALL A2780-cis LR data.xlsx,1 - A2780 20k 3-1,N Samples,5.0,3.0
ALL A2780-cis LR data.xlsx,1 - A2780 20k 3-1,Mean Cells,5.0,1635.1760000000002
ALL A2780-cis LR data.xlsx,1 - A2780 20k 3-1,SD Cells,5.0,627.2395488543424
ALL A2780-cis LR data.xlsx,1 - A2780 20k 3-1,SEM Cells,5.0,362.136922377434
ALL A2780-cis LR data.xlsx,1 - A2780 20k 3-1,N Samples,6.0,3.0
ALL A2780-cis LR data.xlsx,1 - A2780 20k 3-1,Mean Cells,6.0,1983.3369999999998
ALL A2780-cis LR data.xlsx,1 - A2780 20k 3-1,SD Cells,6.0,791.1164891133297
ALL A2780-cis LR data.xlsx,1 - A2780 20k 3-1,SEM Cells,6.0,456.75131794993257
ALL A2780-cis LR data.xlsx,1 - A2780 20k 3-1,N Samples,7.0,3.0
ALL A2780-cis LR data.xlsx,1 - A2780 20k 3-1,Mean Cells,7.0,2195.815666666667
ALL A2780-cis LR data.xlsx,1 - A2780 20k 3-1,SD Cells,7.0,802.9452569224953
ALL A2780-cis LR data.xlsx,1 - A2780 20k 3-1,SEM Cells,7.0,463.58066022873595
ALL A2780-cis LR data.xlsx,1 - A2780 20k 3-1,N Samples,8.0,3.0
ALL A2780-cis LR data.xlsx,1 - A2780 20k 3-1,N Samples,9.0,3.0
ALL A2780-cis LR data.xlsx,1 - A2780 20k 3-1,N Samples,10.0,3.0
ALL A2780-cis LR data.xlsx,1 - A2780 20k 3-1,Mean Cells,10.0,2905.827333333333
ALL A2780-cis LR data.xlsx,1 - A2780 20k 3-1,SD Cells,10.0,488.53208485250434
ALL A2780-cis LR data.xlsx,1 - A2780 20k 3-1,SEM Cells,10.0,282.0541306973625
ALL A2780-cis LR data.xlsx,1 - A2780 20k 3-1,N Samples,11.0,3.0
ALL A2780-cis LR data.xlsx,1 - A2780 20k 3-1,Mean Cells,11.0,3223.3823333333335
ALL A2780-cis LR data.xlsx,1 - A2780 20k 3-1,SD Cells,11.0,486.24531187594084
ALL A2780-cis LR data.xlsx,1 - A2780 20k 3-1,SEM Cells,11.0,280.733861703768
ALL A2780-cis LR data.xlsx,1 - A2780 20k 3-1,N Samples,12.0,3.0
ALL A2780-cis LR data.xlsx,1 - A2780 20k 3-1,N Samples,13.0,3.0
ALL A2780-cis LR data.xlsx,1 - A2780 20k 3-1,Mean Cells,13.0,2669.111666666666
ALL A2780-cis LR data.xlsx,1 - A2780 20k 3-1,SD Cells,13.0,280.17254598610003
ALL A2780-cis LR data.xlsx,1 - A2780 20k 3-1,SEM Cells,13.0,161.75769484461767
ALL A2780-cis LR data.xlsx,1 - A2780 20k 3-1,N Samples,14.0,3.0
ALL A2780-cis LR data.xlsx,1 - A2780 20k 3-1,Mean Cells,14.0,2816.1030000000005
ALL A2780-cis LR data.xlsx,1 - A2780 20k 3-1,SD Cells,14.0,199.7985455227341
ALL A2780-cis LR data.xlsx,1 - A2780 20k 3-1,SEM Cells,14.0,115.35374404124623
ALL A2780-cis LR data.xlsx,1 - A2780cis 20k 3-1,N Samples,0.0,3.0
ALL A2780-cis LR data.xlsx,1 - A2780cis 20k 3-1,Mean Cells,0.0,16.645
ALL A2780-cis LR data.xlsx,1 - A2780cis 20k 3-1,SD Cells,0.0,0.0
ALL A2780-cis LR data.xlsx,1 - A2780cis 20k 3-1,SEM Cells,0.0,0.0
ALL A2780-cis LR data.xlsx,1 - A2780cis 20k 3-1,N Samples,1.0,3.0
ALL A2780-cis LR data.xlsx,1 - A2780cis 20k 3-1,Mean Cells,1.0,107.36595417444444
ALL A2780-cis LR data.xlsx,1 - A2780cis 20k 3-1,SD Cells,1.0,77.81604442025417
ALL A2780-cis LR data.xlsx,1 - A2780cis 20k 3-1,SEM Cells,1.0,44.92711419330563
ALL A2780-cis LR data.xlsx,1 - A2780cis 20k 3-1,N Samples,2.0,3.0
ALL A2780-cis LR data.xlsx,1 - A2780cis 20k 3-1,Mean Cells,2.0,120.49139226
ALL A2780-cis LR data.xlsx,1 - A2780cis 20k 3-1,SD Cells,2.0,103.90507342691211
ALL A2780-cis LR data.xlsx,1 - A2780cis 20k 3-1,SEM Cells,2.0,59.989622113195544
ALL A2780-cis LR data.xlsx,1 - A2780cis 20k 3-1,N Samples,3.0,3.0
ALL A2780-cis LR data.xlsx,1 - A2780cis 20k 3-1,Mean Cells,3.0,133.68126324944447
ALL A2780-cis LR data.xlsx,1 - A2780cis 20k 3-1,SD Cells,3.0,152.64980111747317
ALL A2780-cis LR data.xlsx,1 - A2780cis 20k 3-1,SEM Cells,3.0,88.13240376691598
ALL A2780-cis LR data.xlsx,1 - A2780cis 20k 3-1,N Samples,4.0,3.0
ALL A2780-cis LR data.xlsx,1 - A2780cis 20k 3-1,Mean Cells,4.0,74.64016946055555
ALL A2780-cis LR data.xlsx,1 - A2780cis 20k 3-1,SD Cells,4.0,74.84089401642319
ALL A2780-cis LR data.xlsx,1 - A2780cis 20k 3-1,SEM Cells,4.0,43.20941030677418
ALL A2780-cis LR data.xlsx,1 - A2780cis 20k 3-1,N Samples,5.0,3.0
ALL A2780-cis LR data.xlsx,1 - A2780cis 20k 3-1,Mean Cells,5.0,40.28211823611111
ALL A2780-cis LR data.xlsx,1 - A2780cis 20k 3-1,SD Cells,5.0,21.587313321684853
ALL A2780-cis LR data.xlsx,1 - A2780cis 20k 3-1,SEM Cells,5.0,12.463441157355545
ALL A2780-cis LR data.xlsx,1 - A2780cis 20k 3-1,N Samples,6.0,3.0
ALL A2780-cis LR data.xlsx,1 - A2780cis 20k 3-1,Mean Cells,6.0,33.59133448722222
ALL A2780-cis LR data.xlsx,1 - A2780cis 20k 3-1,SD Cells,6.0,13.795992667279604
ALL A2780-cis LR data.xlsx,1 - A2780cis 20k 3-1,SEM Cells,6.0,7.965120080191983
ALL A2780-cis LR data.xlsx,1 - A2780cis 20k 3-1,N Samples,7.0,3.0
ALL A2780-cis LR data.xlsx,1 - A2780cis 20k 3-1,Mean Cells,7.0,23.496938186833333
ALL A2780-cis LR data.xlsx,1 - A2780cis 20k 3-1,SD Cells,7.0,9.514452867365732
ALL A2780-cis LR data.xlsx,1 - A2780cis 20k 3-1,SEM Cells,7.0,5.493171924165612
ALL A2780-cis LR data.xlsx,1 - A2780cis 20k 3-1,N Samples,8.0,3.0
ALL A2780-cis LR data.xlsx,1 - A2780cis 20k 3-1,Mean Cells,8.0,12.478270748722222
ALL A2780-cis LR data.xlsx,1 - A2780cis 20k 3-1,SD Cells,8.0,14.015156714151658
ALL A2780-cis LR data.xlsx,1 - A2780cis 20k 3-1,SEM Cells,8.0,8.09165450165025
ALL A2780-cis LR data.xlsx,1 - A2780cis 20k 3-1,N Samples,9.0,3.0
ALL A2780-cis LR data.xlsx,1 - A2780cis 20k 3-1,Mean Cells,9.0,13.992062390722223
ALL A2780-cis LR data.xlsx,1 - A2780cis 20k 3-1,SD Cells,9.0,10.71397000085658
ALL A2780-cis LR data.xlsx,1 - A2780cis 20k 3-1,SEM Cells,9.0,6.185713464084122
ALL A2780-cis LR data.xlsx,1 - A2780cis 20k 3-1,N Samples,10.0,3.0
ALL A2780-cis LR data.xlsx,1 - A2780cis 20k 3-1,Mean Cells,10.0,14.245954169055556
ALL A2780-cis LR data.xlsx,1 - A2780cis 20k 3-1,SD Cells,10.0,5.76179877418491
ALL A2780-cis LR data.xlsx,1 - A2780cis 20k 3-1,SEM Cells,10.0,3.3265760732921135
ALL A2780-cis LR data.xlsx,1 - A2780cis 20k 3-1,N Samples,11.0,3.0
ALL A2780-cis LR data.xlsx,1 - A2780cis 20k 3-1,Mean Cells,11.0,10.091750433055557
ALL A2780-cis LR data.xlsx,1 - A2780cis 20k 3-1,SD Cells,11.0,7.330545318629261
ALL A2780-cis LR data.xlsx,1 - A2780cis 20k 3-1,SEM Cells,11.0,4.232292313017354
ALL A2780-cis LR data.xlsx,1 - A2780cis 20k 3-1,N Samples,12.0,3.0
ALL A2780-cis LR data.xlsx,1 - A2780cis 20k 3-1,Mean Cells,12.0,5.252779010777778
ALL A2780-cis LR data.xlsx,1 - A2780cis 20k 3-1,SD Cells,12.0,0.9154429086228631
ALL A2780-cis LR data.xlsx,1 - A2780cis 20k 3-1,SEM Cells,12.0,0.5285312097211441
ALL A2780-cis LR data.xlsx,1 - A2780cis 20k 3-1,N Samples,13.0,3.0
ALL A2780-cis LR data.xlsx,1 - A2780cis 20k 3-1,Mean Cells,13.0,3.5676913540000004
ALL A2780-cis LR data.xlsx,1 - A2780cis 20k 3-1,SD Cells,13.0,7.799038499186122
ALL A2780-cis LR data.xlsx,1 - A2780cis 20k 3-1,SEM Cells,13.0,4.502776976925363
ALL A2780-cis LR data.xlsx,1 - A2780cis 20k 3-1,N Samples,14.0,3.0
ALL A2780-cis LR data.xlsx,1 - A2780cis 20k 3-1,Mean Cells,14.0,107.36595417444444
ALL A2780-cis LR data.xlsx,1 - A2780cis 20k 3-1,SD Cells,14.0,1.982065469950459
ALL A2780-cis LR data.xlsx,1 - A2780cis 20k 3-1,SEM Cells,14.0,1.1443460326273596
ALL A2780-cis LR data.xlsx,1 - A2780 30k 3-1,N Samples,0.0,3.0
ALL A2780-cis LR data.xlsx,1 - A2780 30k 3-1,Mean Cells,0.0,74.85
ALL A2780-cis LR data.xlsx,1 - A2780 30k 3-1,SD Cells,0.0,0.0
ALL A2780-cis LR data.xlsx,1 - A2780 30k 3-1,SEM Cells,0.0,0.0
ALL A2780-cis LR data.xlsx,1 - A2780 30k 3-1,N Samples,1.0,3.0
ALL A2780-cis LR data.xlsx,1 - A2780 30k 3-1,Mean Cells,1.0,704.5427306
ALL A2780-cis LR data.xlsx,1 - A2780 30k 3-1,SD Cells,1.0,37.15643297514596
ALL A2780-cis LR data.xlsx,1 - A2780 30k 3-1,SEM Cells,1.0,21.45227658032681
ALL A2780-cis LR data.xlsx,1 - A2780 30k 3-1,N Samples,2.0,3.0
ALL A2780-cis LR data.xlsx,1 - A2780 30k 3-1,Mean Cells,2.0,1080.4734064333334
ALL A2780-cis LR data.xlsx,1 - A2780 30k 3-1,SD Cells,2.0,296.75845867909874
ALL A2780-cis LR data.xlsx,1 - A2780 30k 3-1,SEM Cells,2.0,171.3335760026761
ALL A2780-cis LR data.xlsx,1 - A2780 30k 3-1,N Samples,3.0,3.0
ALL A2780-cis LR data.xlsx,1 - A2780 30k 3-1,Mean Cells,3.0,1910.6240323333332
ALL A2780-cis LR data.xlsx,1 - A2780 30k 3-1,SD Cells,3.0,393.8066095639068
ALL A2780-cis LR data.xlsx,1 - A2780 30k 3-1,SEM Cells,3.0,227.36435204037548
ALL A2780-cis LR data.xlsx,1 - A2780 30k 3-1,N Samples,4.0,3.0
ALL A2780-cis LR data.xlsx,1 - A2780 30k 3-1,Mean Cells,4.0,2020.192374333333
ALL A2780-cis LR data.xlsx,1 - A2780 30k 3-1,SD Cells,4.0,474.1135533365907
ALL A2780-cis LR data.xlsx,1 - A2780 30k 3-1,SEM Cells,4.0,273.72958764533064
ALL A2780-cis LR data.xlsx,1 - A2780 30k 3-1,N Samples,5.0,3.0
ALL A2780-cis LR data.xlsx,1 - A2780 30k 3-1,Mean Cells,5.0,2887.4453303333335
ALL A2780-cis LR data.xlsx,1 - A2780 30k 3-1,SD Cells,5.0,605.8597888022758
ALL A2780-cis LR data.xlsx,1 - A2780 30k 3-1,SEM Cells,5.0,349.7933121561638
ALL A2780-cis LR data.xlsx,1 - A2780 30k 3-1,N Samples,6.0,3.0
ALL A2780-cis LR data.xlsx,1 - A2780 30k 3-1,Mean Cells,6.0,3106.099017666667
ALL A2780-cis LR data.xlsx,1 - A2780 30k 3-1,SD Cells,6.0,484.83217366211204
ALL A2780-cis LR data.xlsx,1 - A2780 30k 3-1,SEM Cells,6.0,279.91798597561177
ALL A2780-cis LR data.xlsx,1 - A2780 30k 3-1,N Samples,7.0,3.0
ALL A2780-cis LR data.xlsx,1 - A2780 30k 3-1,Mean Cells,7.0,3480.636241
ALL A2780-cis LR data.xlsx,1 - A2780 30k 3-1,SD Cells,7.0,393.70472816204693
ALL A2780-cis LR data.xlsx,1 - A2780 30k 3-1,SEM Cells,7.0,227.30553078558626
ALL A2780-cis LR data.xlsx,1 - A2780 30k 3-1,N Samples,8.0,3.0
ALL A2780-cis LR data.xlsx,1 - A2780 30k 3-1,Mean Cells,8.0,1232.7220875333333
ALL A2780-cis LR data.xlsx,1 - A2780 30k 3-1,SD Cells,8.0,336.74874495443277
ALL A2780-cis LR data.xlsx,1 - A2780 30k 3-1,SEM Cells,8.0,194.4219785487104
ALL A2780-cis LR data.xlsx,1 - A2780 30k 3-1,N Samples,9.0,3.0
ALL A2780-cis LR data.xlsx,1 - A2780 30k 3-1,Mean Cells,9.0,2181.4256116666666
ALL A2780-cis LR data.xlsx,1 - A2780 30k 3-1,SD Cells,9.0,618.0382106229417
ALL A2780-cis LR data.xlsx,1 - A2780 30k 3-1,SEM Cells,9.0,356.82452727263006
ALL A2780-cis LR data.xlsx,1 - A2780 30k 3-1,N Samples,10.0,3.0
ALL A2780-cis LR data.xlsx,1 - A2780 30k 3-1,Mean Cells,10.0,3948.0570000000002
ALL A2780-cis LR data.xlsx,1 - A2780 30k 3-1,SD Cells,10.0,226.92123324845562
ALL A2780-cis LR data.xlsx,1 - A2780 30k 3-1,SEM Cells,10.0,131.01303510083773
ALL A2780-cis LR data.xlsx,1 - A2780 30k 3-1,N Samples,11.0,3.0
ALL A2780-cis LR data.xlsx,1 - A2780 30k 3-1,Mean Cells,11.0,4002.1486666666665
ALL A2780-cis LR data.xlsx,1 - A2780 30k 3-1,SD Cells,11.0,206.0471464527801
ALL A2780-cis LR data.xlsx,1 - A2780 30k 3-1,SEM Cells,11.0,118.96137547026684
ALL A2780-cis LR data.xlsx,1 - A2780 30k 3-1,N Samples,12.0,3.0
ALL A2780-cis LR data.xlsx,1 - A2780 30k 3-1,SEM Cells,12.0,0.0
ALL A2780-cis LR data.xlsx,1 - A2780 30k 3-1,N Samples,13.0,3.0
ALL A2780-cis LR data.xlsx,1 - A2780 30k 3-1,Mean Cells,13.0,3531.6643333333336
ALL A2780-cis LR data.xlsx,1 - A2780 30k 3-1,SD Cells,13.0,242.30144731786746
ALL A2780-cis LR data.xlsx,1 - A2780 30k 3-1,SEM Cells,13.0,139.8928058340067
ALL A2780-cis LR data.xlsx,1 - A2780 30k 3-1,N Samples,14.0,3.0
ALL A2780-cis LR data.xlsx,1 - A2780 30k 3-1,Mean Cells,14.0,3465.5913333333333
ALL A2780-cis LR data.xlsx,1 - A2780 30k 3-1,SD Cells,14.0,233.38781084352584
ALL A2780-cis LR data.xlsx,1 - A2780 30k 3-1,SEM Cells,14.0,134.7465154160871
ALL A2780-cis LR data.xlsx,1 - A2780cis 30k 3-1,N Samples,0.0,3.0
ALL A2780-cis LR data.xlsx,1 - A2780cis 30k 3-1,Mean Cells,0.0,24.95
ALL A2780-cis LR data.xlsx,1 - A2780cis 30k 3-1,SD Cells,0.0,0.0
ALL A2780-cis LR data.xlsx,1 - A2780cis 30k 3-1,SEM Cells,0.0,0.0
ALL A2780-cis LR data.xlsx,1 - A2780cis 30k 3-1,N Samples,1.0,3.0
ALL A2780-cis LR data.xlsx,1 - A2780cis 30k 3-1,Mean Cells,1.0,206.78517235
ALL A2780-cis LR data.xlsx,1 - A2780cis 30k 3-1,SD Cells,1.0,26.094489073642762
ALL A2780-cis LR data.xlsx,1 - A2780cis 30k 3-1,SEM Cells,1.0,15.065660291033398
ALL A2780-cis LR data.xlsx,1 - A2780cis 30k 3-1,N Samples,2.0,3.0
ALL A2780-cis LR data.xlsx,1 - A2780cis 30k 3-1,Mean Cells,2.0,223.84436741555555
ALL A2780-cis LR data.xlsx,1 - A2780cis 30k 3-1,SD Cells,2.0,59.410550100247605
ALL A2780-cis LR data.xlsx,1 - A2780cis 30k 3-1,SEM Cells,2.0,34.3006970930817
ALL A2780-cis LR data.xlsx,1 - A2780cis 30k 3-1,N Samples,3.0,3.0
ALL A2780-cis LR data.xlsx,1 - A2780cis 30k 3-1,Mean Cells,3.0,205.6144425205555
ALL A2780-cis LR data.xlsx,1 - A2780cis 30k 3-1,SD Cells,3.0,60.3084684219948
ALL A2780-cis LR data.xlsx,1 - A2780cis 30k 3-1,SEM Cells,3.0,34.819110477852746
ALL A2780-cis LR data.xlsx,1 - A2780cis 30k 3-1,N Samples,4.0,3.0
ALL A2780-cis LR data.xlsx,1 - A2780cis 30k 3-1,Mean Cells,4.0,100.29027537944444
ALL A2780-cis LR data.xlsx,1 - A2780cis 30k 3-1,SD Cells,4.0,25.764977134496245
ALL A2780-cis LR data.xlsx,1 - A2780cis 30k 3-1,SEM Cells,4.0,14.87541648426596
ALL A2780-cis LR data.xlsx,1 - A2780cis 30k 3-1,N Samples,5.0,3.0
ALL A2780-cis LR data.xlsx,1 - A2780cis 30k 3-1,Mean Cells,5.0,55.01582900333333
ALL A2780-cis LR data.xlsx,1 - A2780cis 30k 3-1,SD Cells,5.0,11.933214523843867
ALL A2780-cis LR data.xlsx,1 - A2780cis 30k 3-1,SEM Cells,5.0,6.889644617638809
ALL A2780-cis LR data.xlsx,1 - A2780cis 30k 3-1,N Samples,6.0,3.0
ALL A2780-cis LR data.xlsx,1 - A2780cis 30k 3-1,Mean Cells,6.0,46.778047371666666
ALL A2780-cis LR data.xlsx,1 - A2780cis 30k 3-1,SD Cells,6.0,8.889193018025423
ALL A2780-cis LR data.xlsx,1 - A2780cis 30k 3-1,SEM Cells,6.0,5.13217798183552
ALL A2780-cis LR data.xlsx,1 - A2780cis 30k 3-1,N Samples,7.0,3.0
ALL A2780-cis LR data.xlsx,1 - A2780cis 30k 3-1,Mean Cells,7.0,64.08295782722222
ALL A2780-cis LR data.xlsx,1 - A2780cis 30k 3-1,SD Cells,7.0,34.0669190541391
ALL A2780-cis LR data.xlsx,1 - A2780cis 30k 3-1,SEM Cells,7.0,19.6685448863684
ALL A2780-cis LR data.xlsx,1 - A2780cis 30k 3-1,N Samples,8.0,3.0
ALL A2780-cis LR data.xlsx,1 - A2780cis 30k 3-1,Mean Cells,8.0,19.35689967261111
ALL A2780-cis LR data.xlsx,1 - A2780cis 30k 3-1,SD Cells,8.0,6.659202586091444
ALL A2780-cis LR data.xlsx,1 - A2780cis 30k 3-1,SEM Cells,8.0,3.8446924056681477
ALL A2780-cis LR data.xlsx,1 - A2780cis 30k 3-1,N Samples,9.0,3.0
ALL A2780-cis LR data.xlsx,1 - A2780cis 30k 3-1,Mean Cells,9.0,14.673040631555557
ALL A2780-cis LR data.xlsx,1 - A2780cis 30k 3-1,SD Cells,9.0,2.285106753561191
ALL A2780-cis LR data.xlsx,1 - A2780cis 30k 3-1,SEM Cells,9.0,1.3193069992955855
ALL A2780-cis LR data.xlsx,1 - A2780cis 30k 3-1,N Samples,10.0,3.0
ALL A2780-cis LR data.xlsx,1 - A2780cis 30k 3-1,Mean Cells,10.0,20.602441749277776
ALL A2780-cis LR data.xlsx,1 - A2780cis 30k 3-1,SD Cells,10.0,11.408973192490036
ALL A2780-cis LR data.xlsx,1 - A2780cis 30k 3-1,SEM Cells,10.0,6.586973743861346
ALL A2780-cis LR data.xlsx,1 - A2780cis 30k 3-1,N Samples,11.0,3.0
ALL A2780-cis LR data.xlsx,1 - A2780cis 30k 3-1,Mean Cells,11.0,11.721979587944446
ALL A2780-cis LR data.xlsx,1 - A2780cis 30k 3-1,SD Cells,11.0,4.76372869753577
ALL A2780-cis LR data.xlsx,1 - A2780cis 30k 3-1,SEM Cells,11.0,2.7503400458686222
ALL A2780-cis LR data.xlsx,1 - A2780cis 30k 3-1,N Samples,12.0,3.0
ALL A2780-cis LR data.xlsx,1 - A2780cis 30k 3-1,Mean Cells,12.0,12.373445715500003
ALL A2780-cis LR data.xlsx,1 - A2780cis 30k 3-1,SD Cells,12.0,5.133475626654889
ALL A2780-cis LR data.xlsx,1 - A2780cis 30k 3-1,SEM Cells,12.0,2.963813534927583
ALL A2780-cis LR data.xlsx,1 - A2780cis 30k 3-1,N Samples,13.0,3.0
ALL A2780-cis LR data.xlsx,1 - A2780cis 30k 3-1,Mean Cells,13.0,11.765658308999997
ALL A2780-cis LR data.xlsx,1 - A2780cis 30k 3-1,SD Cells,13.0,3.888824106873898
ALL A2780-cis LR data.xlsx,1 - A2780cis 30k 3-1,SEM Cells,13.0,2.245213644934751
ALL A2780-cis LR data.xlsx,1 - A2780cis 30k 3-1,N Samples,14.0,3.0
ALL A2780-cis LR data.xlsx,1 - A2780cis 30k 3-1,Mean Cells,14.0,206.78517235
ALL A2780-cis LR data.xlsx,1 - A2780cis 30k 3-1,SD Cells,14.0,26.094489073642762
ALL A2780-cis LR data.xlsx,1 - A2780cis 30k 3-1,SEM Cells,14.0,15.065660291033398
ALL A2780-cis LR data.xlsx,1 - mono A2780 20k,N Samples,0.0,3.0
ALL A2780-cis LR data.xlsx,1 - mono A2780 20k,Mean Cells,0.0,66.58
ALL A2780-cis LR data.xlsx,1 - mono A2780 20k,SD Cells,0.0,0.0
ALL A2780-cis LR data.xlsx,1 - mono A2780 20k,SEM Cells,0.0,0.0
ALL A2780-cis LR data.xlsx,1 - mono A2780 20k,N Samples,1.0,3.0
ALL A2780-cis LR data.xlsx,1 - mono A2780 20k,Mean Cells,1.0,412.03928365106873
ALL A2780-cis LR data.xlsx,1 - mono A2780 20k,SD Cells,1.0,40.65034762739327
ALL A2780-cis LR data.xlsx,1 - mono A2780 20k,SEM Cells,1.0,23.469489145327373
ALL A2780-cis LR data.xlsx,1 - mono A2780 20k,N Samples,2.0,3.0
ALL A2780-cis LR data.xlsx,1 - mono A2780 20k,Mean Cells,2.0,578.9696514538801
ALL A2780-cis LR data.xlsx,1 - mono A2780 20k,SD Cells,2.0,84.38487852745766
ALL A2780-cis LR data.xlsx,1 - mono A2780 20k,SEM Cells,2.0,48.71963233336155
ALL A2780-cis LR data.xlsx,1 - mono A2780 20k,N Samples,3.0,3.0
ALL A2780-cis LR data.xlsx,1 - mono A2780 20k,Mean Cells,3.0,885.5267475447718
ALL A2780-cis LR data.xlsx,1 - mono A2780 20k,SD Cells,3.0,51.83387631462753
ALL A2780-cis LR data.xlsx,1 - mono A2780 20k,SEM Cells,3.0,29.926302443391975
ALL A2780-cis LR data.xlsx,1 - mono A2780 20k,N Samples,4.0,3.0
ALL A2780-cis LR data.xlsx,1 - mono A2780 20k,Mean Cells,4.0,929.1773156171771
ALL A2780-cis LR data.xlsx,1 - mono A2780 20k,SD Cells,4.0,128.8243468398914
ALL A2780-cis LR data.xlsx,1 - mono A2780 20k,SEM Cells,4.0,74.37677132618902
ALL A2780-cis LR data.xlsx,1 - mono A2780 20k,N Samples,5.0,3.0
ALL A2780-cis LR data.xlsx,1 - mono A2780 20k,Mean Cells,5.0,1793.7441170806853
ALL A2780-cis LR data.xlsx,1 - mono A2780 20k,SD Cells,5.0,360.66360579687256
ALL A2780-cis LR data.xlsx,1 - mono A2780 20k,SEM Cells,5.0,208.22922989372546
ALL A2780-cis LR data.xlsx,1 - mono A2780 20k,N Samples,6.0,3.0
ALL A2780-cis LR data.xlsx,1 - mono A2780 20k,Mean Cells,6.0,2061.104910456384
ALL A2780-cis LR data.xlsx,1 - mono A2780 20k,SD Cells,6.0,159.58820683150893
ALL A2780-cis LR data.xlsx,1 - mono A2780 20k,SEM Cells,6.0,92.13829417366136
ALL A2780-cis LR data.xlsx,1 - mono A2780 20k,N Samples,7.0,3.0
ALL A2780-cis LR data.xlsx,1 - mono A2780 20k,Mean Cells,7.0,2442.2791835162716
ALL A2780-cis LR data.xlsx,1 - mono A2780 20k,SD Cells,7.0,98.54719327124772
ALL A2780-cis LR data.xlsx,1 - mono A2780 20k,SEM Cells,7.0,56.89624856303695
ALL A2780-cis LR data.xlsx,1 - mono A2780 20k,N Samples,8.0,3.0
ALL A2780-cis LR data.xlsx,1 - mono A2780 20k,Mean Cells,8.0,670.7284036202581
ALL A2780-cis LR data.xlsx,1 - mono A2780 20k,SD Cells,8.0,126.49294448899532
ALL A2780-cis LR data.xlsx,1 - mono A2780 20k,SEM Cells,8.0,73.03073555130985
ALL A2780-cis LR data.xlsx,1 - mono A2780 20k,N Samples,9.0,3.0
ALL A2780-cis LR data.xlsx,1 - mono A2780 20k,Mean Cells,9.0,982.5601386481802
ALL A2780-cis LR data.xlsx,1 - mono A2780 20k,SD Cells,9.0,201.1332524027991
ALL A2780-cis LR data.xlsx,1 - mono A2780 20k,SEM Cells,9.0,116.124337417741
ALL A2780-cis LR data.xlsx,1 - mono A2780 20k,N Samples,10.0,3.0
ALL A2780-cis LR data.xlsx,1 - mono A2780 20k,Mean Cells,10.0,1367.513728
ALL A2780-cis LR data.xlsx,1 - mono A2780 20k,SD Cells,10.0,340.08735903036836
ALL A2780-cis LR data.xlsx,1 - mono A2780 20k,SEM Cells,10.0,196.3495282841721
ALL A2780-cis LR data.xlsx,1 - mono A2780 20k,N Samples,11.0,3.0
ALL A2780-cis LR data.xlsx,1 - mono A2780 20k,Mean Cells,11.0,1579.1276718659735
ALL A2780-cis LR data.xlsx,1 - mono A2780 20k,SD Cells,11.0,392.4490078527225
ALL A2780-cis LR data.xlsx,1 - mono A2780 20k,SEM Cells,11.0,226.58054032697092
ALL A2780-cis LR data.xlsx,1 - mono A2780 20k,N Samples,12.0,3.0
ALL A2780-cis LR data.xlsx,1 - mono A2780 20k,Mean Cells,12.0,2476.1967263624106
ALL A2780-cis LR data.xlsx,1 - mono A2780 20k,SD Cells,12.0,481.531043071258
ALL A2780-cis LR data.xlsx,1 - mono A2780 20k,SEM Cells,12.0,278.0120773403521
ALL A2780-cis LR data.xlsx,1 - mono A2780 20k,N Samples,13.0,3.0
ALL A2780-cis LR data.xlsx,1 - mono A2780 20k,Mean Cells,13.0,2752.389647602542
ALL A2780-cis LR data.xlsx,1 - mono A2780 20k,SD Cells,13.0,313.47172655298215
ALL A2780-cis LR data.xlsx,1 - mono A2780 20k,SEM Cells,13.0,180.98298570870102
ALL A2780-cis LR data.xlsx,1 - mono A2780 20k,N Samples,14.0,3.0
ALL A2780-cis LR data.xlsx,1 - mono A2780 20k,Mean Cells,14.0,2747.744409782399
ALL A2780-cis LR data.xlsx,1 - mono A2780 20k,SD Cells,14.0,432.89726260181214
ALL A2780-cis LR data.xlsx,1 - mono A2780 20k,SEM Cells,14.0,249.93335109460838
ALL A2780-cis LR data.xlsx,1 - mono A2780cis 20k,N Samples,0.0,3.0
ALL A2780-cis LR data.xlsx,1 - mono A2780cis 20k,Mean Cells,0.0,66.58
ALL A2780-cis LR data.xlsx,1 - mono A2780cis 20k,SD Cells,0.0,0.0
ALL A2780-cis LR data.xlsx,1 - mono A2780cis 20k,SEM Cells,0.0,0.0
ALL A2780-cis LR data.xlsx,1 - mono A2780cis 20k,N Samples,1.0,3.0
ALL A2780-cis LR data.xlsx,1 - mono A2780cis 20k,Mean Cells,1.0,238.81093009820907
ALL A2780-cis LR data.xlsx,1 - mono A2780cis 20k,SD Cells,1.0,92.79883026799625
ALL A2780-cis LR data.xlsx,1 - mono A2780cis 20k,SEM Cells,1.0,53.57742963571003
ALL A2780-cis LR data.xlsx,1 - mono A2780cis 20k,N Samples,2.0,3.0
ALL A2780-cis LR data.xlsx,1 - mono A2780cis 20k,Mean Cells,2.0,162.15476988253417
ALL A2780-cis LR data.xlsx,1 - mono A2780cis 20k,SD Cells,2.0,51.8849750534148
ALL A2780-cis LR data.xlsx,1 - mono A2780cis 20k,SEM Cells,2.0,29.955804313986054
ALL A2780-cis LR data.xlsx,1 - mono A2780cis 20k,N Samples,3.0,3.0
ALL A2780-cis LR data.xlsx,1 - mono A2780cis 20k,Mean Cells,3.0,233.8010783747352
ALL A2780-cis LR data.xlsx,1 - mono A2780cis 20k,SD Cells,3.0,105.59979884395884
ALL A2780-cis LR data.xlsx,1 - mono A2780cis 20k,SEM Cells,3.0,60.96807228892997
ALL A2780-cis LR data.xlsx,1 - mono A2780cis 20k,N Samples,4.0,3.0
ALL A2780-cis LR data.xlsx,1 - mono A2780cis 20k,Mean Cells,4.0,250.53853264009243
ALL A2780-cis LR data.xlsx,1 - mono A2780cis 20k,SD Cells,4.0,129.88671525478395
ALL A2780-cis LR data.xlsx,1 - mono A2780cis 20k,SEM Cells,4.0,74.99013001650579
ALL A2780-cis LR data.xlsx,1 - mono A2780cis 20k,N Samples,5.0,3.0
ALL A2780-cis LR data.xlsx,1 - mono A2780cis 20k,Mean Cells,5.0,183.1105719237435
ALL A2780-cis LR data.xlsx,1 - mono A2780cis 20k,SD Cells,5.0,76.96036811782008
ALL A2780-cis LR data.xlsx,1 - mono A2780cis 20k,SEM Cells,5.0,44.43308924975612
ALL A2780-cis LR data.xlsx,1 - mono A2780cis 20k,N Samples,6.0,3.0
ALL A2780-cis LR data.xlsx,1 - mono A2780cis 20k,Mean Cells,6.0,129.18710571923742
ALL A2780-cis LR data.xlsx,1 - mono A2780cis 20k,SD Cells,6.0,23.58257941191215
ALL A2780-cis LR data.xlsx,1 - mono A2780cis 20k,SEM Cells,6.0,13.615408571653207
ALL A2780-cis LR data.xlsx,1 - mono A2780cis 20k,N Samples,7.0,3.0
ALL A2780-cis LR data.xlsx,1 - mono A2780cis 20k,Mean Cells,7.0,89.23256306566532
ALL A2780-cis LR data.xlsx,1 - mono A2780cis 20k,SD Cells,7.0,20.09294324995812
ALL A2780-cis LR data.xlsx,1 - mono A2780cis 20k,SEM Cells,7.0,11.600666194175195
ALL A2780-cis LR data.xlsx,1 - mono A2780cis 20k,N Samples,8.0,3.0
ALL A2780-cis LR data.xlsx,1 - mono A2780cis 20k,Mean Cells,8.0,45.77883304448296
ALL A2780-cis LR data.xlsx,1 - mono A2780cis 20k,SD Cells,8.0,5.564516929943599
ALL A2780-cis LR data.xlsx,1 - mono A2780cis 20k,SEM Cells,8.0,3.212675347413167
ALL A2780-cis LR data.xlsx,1 - mono A2780cis 20k,N Samples,9.0,3.0
ALL A2780-cis LR data.xlsx,1 - mono A2780cis 20k,Mean Cells,9.0,19.873995763527827
ALL A2780-cis LR data.xlsx,1 - mono A2780cis 20k,SD Cells,9.0,4.690354770909406
ALL A2780-cis LR data.xlsx,1 - mono A2780cis 20k,SEM Cells,9.0,2.707977589579391
ALL A2780-cis LR data.xlsx,1 - mono A2780cis 20k,N Samples,10.0,3.0
ALL A2780-cis LR data.xlsx,1 - mono A2780cis 20k,Mean Cells,10.0,8.366175967648758
ALL A2780-cis LR data.xlsx,1 - mono A2780cis 20k,SD Cells,10.0,2.0251170897061836
ALL A2780-cis LR data.xlsx,1 - mono A2780cis 20k,SEM Cells,10.0,1.1692018968823767
ALL A2780-cis LR data.xlsx,1 - mono A2780cis 20k,N Samples,11.0,3.0
ALL A2780-cis LR data.xlsx,1 - mono A2780cis 20k,Mean Cells,11.0,6.406006162141344
ALL A2780-cis LR data.xlsx,1 - mono A2780cis 20k,SD Cells,11.0,2.5179093820359535
ALL A2780-cis LR data.xlsx,1 - mono A2780cis 20k,SEM Cells,11.0,1.453715659513542
ALL A2780-cis LR data.xlsx,1 - mono A2780 30k,N Samples,0.0,3.0
ALL A2780-cis LR data.xlsx,1 - mono A2780 30k,Mean Cells,0.0,99.8
ALL A2780-cis LR data.xlsx,1 - mono A2780 30k,SD Cells,0.0,0.0
ALL A2780-cis LR data.xlsx,1 - mono A2780 30k,SEM Cells,0.0,0.0
ALL A2780-cis LR data.xlsx,1 - mono A2780 30k,N Samples,1.0,3.0
ALL A2780-cis LR data.xlsx,1 - mono A2780 30k,Mean Cells,1.0,725.6057384941267
ALL A2780-cis LR data.xlsx,1 - mono A2780 30k,SD Cells,1.0,193.45887135389975
ALL A2780-cis LR data.xlsx,1 - mono A2780 30k,SEM Cells,1.0,111.69353145329521
ALL A2780-cis LR data.xlsx,1 - mono A2780 30k,N Samples,2.0,3.0
ALL A2780-cis LR data.xlsx,1 - mono A2780 30k,Mean Cells,2.0,731.2704024648565
ALL A2780-cis LR data.xlsx,1 - mono A2780 30k,SD Cells,2.0,368.79308795367524
ALL A2780-cis LR data.xlsx,1 - mono A2780 30k,SEM Cells,2.0,212.92278860532775
ALL A2780-cis LR data.xlsx,1 - mono A2780 30k,N Samples,3.0,3.0
ALL A2780-cis LR data.xlsx,1 - mono A2780 30k,Mean Cells,3.0,1024.6360870402464
ALL A2780-cis LR data.xlsx,1 - mono A2780 30k,SD Cells,3.0,503.0762110235703
ALL A2780-cis LR data.xlsx,1 - mono A2780 30k,SEM Cells,3.0,290.4511858573553
ALL A2780-cis LR data.xlsx,1 - mono A2780 30k,N Samples,4.0,3.0
ALL A2780-cis LR data.xlsx,1 - mono A2780 30k,Mean Cells,4.0,1486.1234618029764
ALL A2780-cis LR data.xlsx,1 - mono A2780 30k,SD Cells,4.0,693.0358973004348
ALL A2780-cis LR data.xlsx,1 - mono A2780 30k,SEM Cells,4.0,400.12446186447994
ALL A2780-cis LR data.xlsx,1 - mono A2780 30k,N Samples,5.0,3.0
ALL A2780-cis LR data.xlsx,1 - mono A2780 30k,Mean Cells,5.0,2130.3312150972465
ALL A2780-cis LR data.xlsx,1 - mono A2780 30k,SD Cells,5.0,506.52498299498956
ALL A2780-cis LR data.xlsx,1 - mono A2780 30k,SEM Cells,5.0,292.44233528342784
ALL A2780-cis LR data.xlsx,1 - mono A2780 30k,N Samples,6.0,3.0
ALL A2780-cis LR data.xlsx,1 - mono A2780 30k,Mean Cells,6.0,2794.9158097438863
ALL A2780-cis LR data.xlsx,1 - mono A2780 30k,SD Cells,6.0,519.4135364445481
ALL A2780-cis LR data.xlsx,1 - mono A2780 30k,SEM Cells,6.0,299.88354508699535
ALL A2780-cis LR data.xlsx,1 - mono A2780 30k,N Samples,7.0,3.0
ALL A2780-cis LR data.xlsx,1 - mono A2780 30k,Mean Cells,7.0,2814.22491815906
ALL A2780-cis LR data.xlsx,1 - mono A2780 30k,SD Cells,7.0,458.05588786536356
ALL A2780-cis LR data.xlsx,1 - mono A2780 30k,SEM Cells,7.0,264.4586901629607
ALL A2780-cis LR data.xlsx,1 - mono A2780 30k,N Samples,8.0,3.0
ALL A2780-cis LR data.xlsx,1 - mono A2780 30k,Mean Cells,8.0,868.2260350471788
ALL A2780-cis LR data.xlsx,1 - mono A2780 30k,SD Cells,8.0,301.017794680681
ALL A2780-cis LR data.xlsx,1 - mono A2780 30k,SEM Cells,8.0,173.7927047897587
ALL A2780-cis LR data.xlsx,1 - mono A2780 30k,N Samples,9.0,3.0
ALL A2780-cis LR data.xlsx,1 - mono A2780 30k,Mean Cells,9.0,1286.093895628731
ALL A2780-cis LR data.xlsx,1 - mono A2780 30k,SD Cells,9.0,273.4864575292511
ALL A2780-cis LR data.xlsx,1 - mono A2780 30k,SEM Cells,9.0,157.89747987423027
ALL A2780-cis LR data.xlsx,1 - mono A2780 30k,N Samples,10.0,3.0
ALL A2780-cis LR data.xlsx,1 - mono A2780 30k,Mean Cells,10.0,2192.8662430194495
ALL A2780-cis LR data.xlsx,1 - mono A2780 30k,SD Cells,10.0,770.7031068230706
ALL A2780-cis LR data.xlsx,1 - mono A2780 30k,SEM Cells,10.0,444.96564618958075
ALL A2780-cis LR data.xlsx,1 - mono A2780 30k,N Samples,11.0,3.0
ALL A2780-cis LR data.xlsx,1 - mono A2780 30k,Mean Cells,11.0,2247.1252840362026
ALL A2780-cis LR data.xlsx,1 - mono A2780 30k,SD Cells,11.0,460.1603892644517
ALL A2780-cis LR data.xlsx,1 - mono A2780 30k,SEM Cells,11.0,265.6737246122342
ALL A2780-cis LR data.xlsx,1 - mono A2780 30k,N Samples,12.0,3.0
ALL A2780-cis LR data.xlsx,1 - mono A2780 30k,Mean Cells,12.0,2921.288072405161
ALL A2780-cis LR data.xlsx,1 - mono A2780 30k,SD Cells,12.0,348.1956816960525
ALL A2780-cis LR data.xlsx,1 - mono A2780 30k,SEM Cells,12.0,201.03087055788114
ALL A2780-cis LR data.xlsx,1 - mono A2780 30k,N Samples,13.0,3.0
ALL A2780-cis LR data.xlsx,1 - mono A2780 30k,Mean Cells,13.0,3215.3749470440976
ALL A2780-cis LR data.xlsx,1 - mono A2780 30k,SD Cells,13.0,326.9451237355749
ALL A2780-cis LR data.xlsx,1 - mono A2780 30k,SEM Cells,13.0,188.76185519896967
ALL A2780-cis LR data.xlsx,1 - mono A2780 30k,N Samples,14.0,3.0
ALL A2780-cis LR data.xlsx,1 - mono A2780 30k,Mean Cells,14.0,3017.9614481032154
ALL A2780-cis LR data.xlsx,1 - mono A2780 30k,SD Cells,14.0,282.4632942860799
ALL A2780-cis LR data.xlsx,1 - mono A2780 30k,SEM Cells,14.0,163.08025899225672
ALL A2780-cis LR data.xlsx,1 - mono A2780cis 30k,N Samples,0.0,3.0
ALL A2780-cis LR data.xlsx,1 - mono A2780cis 30k,Mean Cells,0.0,99.8
ALL A2780-cis LR data.xlsx,1 - mono A2780cis 30k,SD Cells,0.0,0.0
ALL A2780-cis LR data.xlsx,1 - mono A2780cis 30k,SEM Cells,0.0,0.0
ALL A2780-cis LR data.xlsx,1 - mono A2780cis 30k,N Samples,1.0,3.0
ALL A2780-cis LR data.xlsx,1 - mono A2780cis 30k,Mean Cells,1.0,512.7865742345465
ALL A2780-cis LR data.xlsx,1 - mono A2780cis 30k,SD Cells,1.0,226.84811170085467
ALL A2780-cis LR data.xlsx,1 - mono A2780cis 30k,SEM Cells,1.0,130.97081835564674
ALL A2780-cis LR data.xlsx,1 - mono A2780cis 30k,N Samples,2.0,3.0
ALL A2780-cis LR data.xlsx,1 - mono A2780cis 30k,Mean Cells,2.0,470.36187175043324
ALL A2780-cis LR data.xlsx,1 - mono A2780cis 30k,SD Cells,2.0,96.13682496186543
ALL A2780-cis LR data.xlsx,1 - mono A2780cis 30k,SEM Cells,2.0,55.50462177076894
ALL A2780-cis LR data.xlsx,1 - mono A2780cis 30k,N Samples,3.0,3.0
ALL A2780-cis LR data.xlsx,1 - mono A2780cis 30k,Mean Cells,3.0,539.6246485653766
ALL A2780-cis LR data.xlsx,1 - mono A2780cis 30k,SD Cells,3.0,162.46037891667726
ALL A2780-cis LR data.xlsx,1 - mono A2780cis 30k,SEM Cells,3.0,93.79654350019223
ALL A2780-cis LR data.xlsx,1 - mono A2780cis 30k,N Samples,4.0,3.0
ALL A2780-cis LR data.xlsx,1 - mono A2780cis 30k,Mean Cells,4.0,450.96896591565564
ALL A2780-cis LR data.xlsx,1 - mono A2780cis 30k,SD Cells,4.0,135.4051617241282
ALL A2780-cis LR data.xlsx,1 - mono A2780cis 30k,SEM Cells,4.0,78.17620657109023
ALL A2780-cis LR data.xlsx,1 - mono A2780cis 30k,N Samples,5.0,3.0
ALL A2780-cis LR data.xlsx,1 - mono A2780cis 30k,Mean Cells,5.0,432.48033891777396
ALL A2780-cis LR data.xlsx,1 - mono A2780cis 30k,SD Cells,5.0,110.311969131467
ALL A2780-cis LR data.xlsx,1 - mono A2780cis 30k,SEM Cells,5.0,63.68864507289016
ALL A2780-cis LR data.xlsx,1 - mono A2780cis 30k,N Samples,6.0,3.0
ALL A2780-cis LR data.xlsx,1 - mono A2780cis 30k,Mean Cells,6.0,284.0470633545157
ALL A2780-cis LR data.xlsx,1 - mono A2780cis 30k,SD Cells,6.0,54.87733627812098
ALL A2780-cis LR data.xlsx,1 - mono A2780cis 30k,SEM Cells,6.0,31.683444872582765
ALL A2780-cis LR data.xlsx,1 - mono A2780cis 30k,N Samples,7.0,3.0
ALL A2780-cis LR data.xlsx,1 - mono A2780cis 30k,Mean Cells,7.0,142.0210745233969
ALL A2780-cis LR data.xlsx,1 - mono A2780cis 30k,SD Cells,7.0,63.579474959289975
ALL A2780-cis LR data.xlsx,1 - mono A2780cis 30k,SEM Cells,7.0,36.70762698268114
ALL A2780-cis LR data.xlsx,1 - mono A2780cis 30k,N Samples,8.0,3.0
ALL A2780-cis LR data.xlsx,1 - mono A2780cis 30k,Mean Cells,8.0,60.80460234931638
ALL A2780-cis LR data.xlsx,1 - mono A2780cis 30k,SD Cells,8.0,20.321977964018927
ALL A2780-cis LR data.xlsx,1 - mono A2780cis 30k,SEM Cells,8.0,11.732899447991972
ALL A2780-cis LR data.xlsx,1 - mono A2780cis 30k,N Samples,9.0,3.0
ALL A2780-cis LR data.xlsx,1 - mono A2780cis 30k,Mean Cells,9.0,47.64366537371736
ALL A2780-cis LR data.xlsx,1 - mono A2780cis 30k,SD Cells,9.0,18.4740565493286
ALL A2780-cis LR data.xlsx,1 - mono A2780cis 30k,SEM Cells,9.0,10.666001521779238
ALL A2780-cis LR data.xlsx,1 - mono A2780cis 30k,N Samples,10.0,3.0
ALL A2780-cis LR data.xlsx,1 - mono A2780cis 30k,Mean Cells,10.0,21.49229732331985
ALL A2780-cis LR data.xlsx,1 - mono A2780cis 30k,SD Cells,10.0,2.8235361272330475
ALL A2780-cis LR data.xlsx,1 - mono A2780cis 30k,SEM Cells,10.0,1.6301693431246336
ALL A2780-cis LR data.xlsx,1 - mono A2780cis 30k,N Samples,11.0,3.0
ALL A2780-cis LR data.xlsx,1 - mono A2780cis 30k,Mean Cells,11.0,11.651857115347582
ALL A2780-cis LR data.xlsx,1 - mono A2780cis 30k,SD Cells,11.0,2.8248302500803804
ALL A2780-cis LR data.xlsx,1 - mono A2780cis 30k,SEM Cells,11.0,1.6309165052989056
ALL A2780-cis LR data.xlsx,2 - A2780 30k 1-3,N Samples,0.0,3.0
ALL A2780-cis LR data.xlsx,2 - A2780 30k 1-3,Mean Cells,0.0,25.0
ALL A2780-cis LR data.xlsx,2 - A2780 30k 1-3,SD Cells,0.0,0.0
ALL A2780-cis LR data.xlsx,2 - A2780 30k 1-3,SEM Cells,0.0,0.0
ALL A2780-cis LR data.xlsx,2 - A2780 30k 1-3,N Samples,1.0,3.0
ALL A2780-cis LR data.xlsx,2 - A2780 30k 1-3,Mean Cells,1.0,159.32399999999998
ALL A2780-cis LR data.xlsx,2 - A2780 30k 1-3,SD Cells,1.0,40.28060256153083
ALL A2780-cis LR data.xlsx,2 - A2780 30k 1-3,SEM Cells,1.0,23.256016732020154
ALL A2780-cis LR data.xlsx,2 - A2780 30k 1-3,N Samples,2.0,3.0
ALL A2780-cis LR data.xlsx,2 - A2780 30k 1-3,Mean Cells,2.0,302.7059
ALL A2780-cis LR data.xlsx,2 - A2780 30k 1-3,SD Cells,2.0,129.49407216174018
ALL A2780-cis LR data.xlsx,2 - A2780 30k 1-3,SEM Cells,2.0,74.76343742104152
ALL A2780-cis LR data.xlsx,2 - A2780 30k 1-3,N Samples,3.0,3.0
ALL A2780-cis LR data.xlsx,2 - A2780 30k 1-3,Mean Cells,3.0,478.82043333333337
ALL A2780-cis LR data.xlsx,2 - A2780 30k 1-3,SD Cells,3.0,199.07399546084187
ALL A2780-cis LR data.xlsx,2 - A2780 30k 1-3,SEM Cells,3.0,114.93542486797139
ALL A2780-cis LR data.xlsx,2 - A2780 30k 1-3,N Samples,4.0,3.0
ALL A2780-cis LR data.xlsx,2 - A2780 30k 1-3,Mean Cells,4.0,1020.9616333333333
ALL A2780-cis LR data.xlsx,2 - A2780 30k 1-3,SD Cells,4.0,441.7978834914254
ALL A2780-cis LR data.xlsx,2 - A2780 30k 1-3,SEM Cells,4.0,255.0721269611814
ALL A2780-cis LR data.xlsx,2 - A2780 30k 1-3,N Samples,5.0,3.0
ALL A2780-cis LR data.xlsx,2 - A2780 30k 1-3,Mean Cells,5.0,1080.4394333333332
ALL A2780-cis LR data.xlsx,2 - A2780 30k 1-3,SD Cells,5.0,441.43739069571745
ALL A2780-cis LR data.xlsx,2 - A2780 30k 1-3,SEM Cells,5.0,254.86399634853848
ALL A2780-cis LR data.xlsx,2 - A2780 30k 1-3,N Samples,6.0,3.0
ALL A2780-cis LR data.xlsx,2 - A2780 30k 1-3,Mean Cells,6.0,2362.1806666666666
ALL A2780-cis LR data.xlsx,2 - A2780 30k 1-3,SD Cells,6.0,768.5699532445523
ALL A2780-cis LR data.xlsx,2 - A2780 30k 1-3,SEM Cells,6.0,443.73406939680035
ALL A2780-cis LR data.xlsx,2 - A2780 30k 1-3,N Samples,7.0,3.0
ALL A2780-cis LR data.xlsx,2 - A2780 30k 1-3,Mean Cells,7.0,2465.702333333333
ALL A2780-cis LR data.xlsx,2 - A2780 30k 1-3,SD Cells,7.0,335.09152993522855
ALL A2780-cis LR data.xlsx,2 - A2780 30k 1-3,SEM Cells,7.0,193.46518501126775
ALL A2780-cis LR data.xlsx,2 - A2780 30k 1-3,N Samples,8.0,3.0
ALL A2780-cis LR data.xlsx,2 - A2780 30k 1-3,Mean Cells,8.0,1564.7923333333335
ALL A2780-cis LR data.xlsx,2 - A2780 30k 1-3,SD Cells,8.0,634.3148306514148
ALL A2780-cis LR data.xlsx,2 - A2780 30k 1-3,SEM Cells,8.0,366.22183822756625
ALL A2780-cis LR data.xlsx,2 - A2780 30k 1-3,N Samples,9.0,3.0
ALL A2780-cis LR data.xlsx,2 - A2780 30k 1-3,Mean Cells,9.0,1836.1366666666665
ALL A2780-cis LR data.xlsx,2 - A2780 30k 1-3,SD Cells,9.0,313.7205150963706
ALL A2780-cis LR data.xlsx,2 - A2780 30k 1-3,SEM Cells,9.0,181.12662384119764
ALL A2780-cis LR data.xlsx,2 - A2780 30k 1-3,N Samples,10.0,3.0
ALL A2780-cis LR data.xlsx,2 - A2780 30k 1-3,Mean Cells,10.0,2668.372
ALL A2780-cis LR data.xlsx,2 - A2780 30k 1-3,SD Cells,10.0,710.7162615509807
ALL A2780-cis LR data.xlsx,2 - A2780 30k 1-3,SEM Cells,10.0,410.3322249239032
ALL A2780-cis LR data.xlsx,2 - A2780 30k 1-3,N Samples,11.0,3.0
ALL A2780-cis LR data.xlsx,2 - A2780 30k 1-3,Mean Cells,11.0,1444.3149999999998
ALL A2780-cis LR data.xlsx,2 - A2780 30k 1-3,SD Cells,11.0,301.69085844122134
ALL A2780-cis LR data.xlsx,2 - A2780 30k 1-3,SEM Cells,11.0,174.18129833308842
ALL A2780-cis LR data.xlsx,2 - A2780 30k 1-3,N Samples,12.0,3.0
ALL A2780-cis LR data.xlsx,2 - A2780 30k 1-3,Mean Cells,12.0,336.02641
ALL A2780-cis LR data.xlsx,2 - A2780 30k 1-3,SD Cells,12.0,340.55563538000126
ALL A2780-cis LR data.xlsx,2 - A2780 30k 1-3,SEM Cells,12.0,196.6198877606878
ALL A2780-cis LR data.xlsx,2 - A2780cis 30k 1-3,N Samples,0.0,3.0
ALL A2780-cis LR data.xlsx,2 - A2780cis 30k 1-3,Mean Cells,0.0,75.0
ALL A2780-cis LR data.xlsx,2 - A2780cis 30k 1-3,SD Cells,0.0,0.0
ALL A2780-cis LR data.xlsx,2 - A2780cis 30k 1-3,SEM Cells,0.0,0.0
ALL A2780-cis LR data.xlsx,2 - A2780cis 30k 1-3,N Samples,1.0,3.0
ALL A2780-cis LR data.xlsx,2 - A2780cis 30k 1-3,Mean Cells,1.0,339.50326666666666
ALL A2780-cis LR data.xlsx,2 - A2780cis 30k 1-3,SD Cells,1.0,71.86369035342769
ALL A2780-cis LR data.xlsx,2 - A2780cis 30k 1-3,SEM Cells,1.0,41.49052097051139
ALL A2780-cis LR data.xlsx,2 - A2780cis 30k 1-3,N Samples,2.0,3.0
ALL A2780-cis LR data.xlsx,2 - A2780cis 30k 1-3,Mean Cells,2.0,453.1713333333333
ALL A2780-cis LR data.xlsx,2 - A2780cis 30k 1-3,SD Cells,2.0,317.44338035223444
ALL A2780-cis LR data.xlsx,2 - A2780cis 30k 1-3,SEM Cells,2.0,183.27602109882733
ALL A2780-cis LR data.xlsx,2 - A2780cis 30k 1-3,N Samples,3.0,3.0
ALL A2780-cis LR data.xlsx,2 - A2780cis 30k 1-3,Mean Cells,3.0,873.4261
ALL A2780-cis LR data.xlsx,2 - A2780cis 30k 1-3,SD Cells,3.0,377.2819421252894
ALL A2780-cis LR data.xlsx,2 - A2780cis 30k 1-3,SEM Cells,3.0,217.82383084642066
ALL A2780-cis LR data.xlsx,2 - A2780cis 30k 1-3,N Samples,4.0,3.0
ALL A2780-cis LR data.xlsx,2 - A2780cis 30k 1-3,Mean Cells,4.0,669.6772666666667
ALL A2780-cis LR data.xlsx,2 - A2780cis 30k 1-3,SD Cells,4.0,407.5424913650271
ALL A2780-cis LR data.xlsx,2 - A2780cis 30k 1-3,SEM Cells,4.0,235.29476709580914
ALL A2780-cis LR data.xlsx,2 - A2780cis 30k 1-3,N Samples,5.0,3.0
ALL A2780-cis LR data.xlsx,2 - A2780cis 30k 1-3,Mean Cells,5.0,539.02
ALL A2780-cis LR data.xlsx,2 - A2780cis 30k 1-3,SD Cells,5.0,194.17127520467596
ALL A2780-cis LR data.xlsx,2 - A2780cis 30k 1-3,SEM Cells,5.0,112.10483800831258
ALL A2780-cis LR data.xlsx,2 - A2780cis 30k 1-3,N Samples,6.0,3.0
ALL A2780-cis LR data.xlsx,2 - A2780cis 30k 1-3,Mean Cells,6.0,216.1353
ALL A2780-cis LR data.xlsx,2 - A2780cis 30k 1-3,SD Cells,6.0,51.104360994048335
ALL A2780-cis LR data.xlsx,2 - A2780cis 30k 1-3,SEM Cells,6.0,29.50511657667762
ALL A2780-cis LR data.xlsx,2 - A2780cis 30k 1-3,N Samples,7.0,3.0
ALL A2780-cis LR data.xlsx,2 - A2780cis 30k 1-3,Mean Cells,7.0,190.2848333333333
ALL A2780-cis LR data.xlsx,2 - A2780cis 30k 1-3,SD Cells,7.0,105.65893663090382
ALL A2780-cis LR data.xlsx,2 - A2780cis 30k 1-3,SEM Cells,7.0,61.00221550614194
ALL A2780-cis LR data.xlsx,2 - A2780cis 30k 1-3,N Samples,8.0,3.0
ALL A2780-cis LR data.xlsx,2 - A2780cis 30k 1-3,Mean Cells,8.0,75.98884
ALL A2780-cis LR data.xlsx,2 - A2780cis 30k 1-3,SD Cells,8.0,39.85016474750888
ALL A2780-cis LR data.xlsx,2 - A2780cis 30k 1-3,SEM Cells,8.0,23.007503344225185
ALL A2780-cis LR data.xlsx,2 - A2780cis 30k 1-3,N Samples,9.0,3.0
ALL A2780-cis LR data.xlsx,2 - A2780cis 30k 1-3,Mean Cells,9.0,61.67606333333333
ALL A2780-cis LR data.xlsx,2 - A2780cis 30k 1-3,SD Cells,9.0,33.399658290021996
ALL A2780-cis LR data.xlsx,2 - A2780cis 30k 1-3,SEM Cells,9.0,19.283301704585718
ALL A2780-cis LR data.xlsx,2 - A2780cis 30k 1-3,N Samples,10.0,3.0
ALL A2780-cis LR data.xlsx,2 - A2780cis 30k 1-3,Mean Cells,10.0,31.275949999999998
ALL A2780-cis LR data.xlsx,2 - A2780cis 30k 1-3,SD Cells,10.0,11.678573996152114
ALL A2780-cis LR data.xlsx,2 - A2780cis 30k 1-3,SEM Cells,10.0,6.742627840429387
ALL A2780-cis LR data.xlsx,2 - A2780cis 30k 1-3,N Samples,11.0,3.0
ALL A2780-cis LR data.xlsx,2 - A2780cis 30k 1-3,Mean Cells,11.0,15.114258
ALL A2780-cis LR data.xlsx,2 - A2780cis 30k 1-3,SD Cells,11.0,7.934601926582839
ALL A2780-cis LR data.xlsx,2 - A2780cis 30k 1-3,SEM Cells,11.0,4.581044558225125
ALL A2780-cis LR data.xlsx,2 - A2780cis 30k 1-3,N Samples,12.0,3.0
ALL A2780-cis LR data.xlsx,2 - A2780cis 30k 1-3,Mean Cells,12.0,99.01080999999999
ALL A2780-cis LR data.xlsx,2 - A2780cis 30k 1-3,SD Cells,12.0,66.18762750916747
ALL A2780-cis LR data.xlsx,2 - A2780cis 30k 1-3,SEM Cells,12.0,38.21344455944052
ALL A2780-cis LR data.xlsx,2 - A2780 30k 1-1,N Samples,0.0,3.0
ALL A2780-cis LR data.xlsx,2 - A2780 30k 1-1,Mean Cells,0.0,50.0
ALL A2780-cis LR data.xlsx,2 - A2780 30k 1-1,SD Cells,0.0,0.0
ALL A2780-cis LR data.xlsx,2 - A2780 30k 1-1,SEM Cells,0.0,0.0
ALL A2780-cis LR data.xlsx,2 - A2780 30k 1-1,N Samples,1.0,3.0
ALL A2780-cis LR data.xlsx,2 - A2780 30k 1-1,Mean Cells,1.0,245.29376666666667
ALL A2780-cis LR data.xlsx,2 - A2780 30k 1-1,SD Cells,1.0,15.245225934807689
ALL A2780-cis LR data.xlsx,2 - A2780 30k 1-1,SEM Cells,1.0,8.801835297317883
ALL A2780-cis LR data.xlsx,2 - A2780 30k 1-1,N Samples,2.0,3.0
ALL A2780-cis LR data.xlsx,2 - A2780 30k 1-1,Mean Cells,2.0,345.35373333333337
ALL A2780-cis LR data.xlsx,2 - A2780 30k 1-1,SD Cells,2.0,48.96146861832527
ALL A2780-cis LR data.xlsx,2 - A2780 30k 1-1,SEM Cells,2.0,28.26791708670951
ALL A2780-cis LR data.xlsx,2 - A2780 30k 1-1,N Samples,3.0,3.0
ALL A2780-cis LR data.xlsx,2 - A2780 30k 1-1,SEM Cells,3.0,0.0
ALL A2780-cis LR data.xlsx,2 - A2780 30k 1-1,N Samples,4.0,3.0
ALL A2780-cis LR data.xlsx,2 - A2780 30k 1-1,Mean Cells,4.0,1682.798
ALL A2780-cis LR data.xlsx,2 - A2780 30k 1-1,SD Cells,4.0,356.0067697375978
ALL A2780-cis LR data.xlsx,2 - A2780 30k 1-1,SEM Cells,4.0,205.5406043413312
ALL A2780-cis LR data.xlsx,2 - A2780 30k 1-1,N Samples,5.0,3.0
ALL A2780-cis LR data.xlsx,2 - A2780 30k 1-1,Mean Cells,5.0,2399.4186666666665
ALL A2780-cis LR data.xlsx,2 - A2780 30k 1-1,SD Cells,5.0,181.48842233137995
ALL A2780-cis LR data.xlsx,2 - A2780 30k 1-1,SEM Cells,5.0,104.78238948782271
ALL A2780-cis LR data.xlsx,2 - A2780 30k 1-1,N Samples,6.0,3.0
ALL A2780-cis LR data.xlsx,2 - A2780 30k 1-1,Mean Cells,6.0,2797.727666666667
ALL A2780-cis LR data.xlsx,2 - A2780 30k 1-1,SD Cells,6.0,379.9673158737868
ALL A2780-cis LR data.xlsx,2 - A2780 30k 1-1,SEM Cells,6.0,219.3742321029904
ALL A2780-cis LR data.xlsx,2 - A2780 30k 1-1,N Samples,7.0,3.0
ALL A2780-cis LR data.xlsx,2 - A2780 30k 1-1,Mean Cells,7.0,3369.9743333333336
ALL A2780-cis LR data.xlsx,2 - A2780 30k 1-1,SD Cells,7.0,352.5365067511921
ALL A2780-cis LR data.xlsx,2 - A2780 30k 1-1,SEM Cells,7.0,203.5370470719711
ALL A2780-cis LR data.xlsx,2 - A2780 30k 1-1,N Samples,8.0,3.0
ALL A2780-cis LR data.xlsx,2 - A2780 30k 1-1,Mean Cells,8.0,2840.8153333333335
ALL A2780-cis LR data.xlsx,2 - A2780 30k 1-1,SD Cells,8.0,534.6274412423414
ALL A2780-cis LR data.xlsx,2 - A2780 30k 1-1,SEM Cells,8.0,308.6672971174267
ALL A2780-cis LR data.xlsx,2 - A2780 30k 1-1,N Samples,9.0,3.0
ALL A2780-cis LR data.xlsx,2 - A2780 30k 1-1,Mean Cells,9.0,3253.807666666666
ALL A2780-cis LR data.xlsx,2 - A2780 30k 1-1,SD Cells,9.0,481.52636868019584
ALL A2780-cis LR data.xlsx,2 - A2780 30k 1-1,SEM Cells,9.0,278.0093785794141
ALL A2780-cis LR data.xlsx,2 - A2780 30k 1-1,N Samples,10.0,3.0
ALL A2780-cis LR data.xlsx,2 - A2780 30k 1-1,Mean Cells,10.0,3831.6583333333333
ALL A2780-cis LR data.xlsx,2 - A2780 30k 1-1,SD Cells,10.0,364.2195410467884
ALL A2780-cis LR data.xlsx,2 - A2780 30k 1-1,SEM Cells,10.0,210.28225006748522
ALL A2780-cis LR data.xlsx,2 - A2780 30k 1-1,N Samples,11.0,3.0
ALL A2780-cis LR data.xlsx,2 - A2780 30k 1-1,Mean Cells,11.0,3351.762
ALL A2780-cis LR data.xlsx,2 - A2780 30k 1-1,SD Cells,11.0,340.33916219559575
ALL A2780-cis LR data.xlsx,2 - A2780 30k 1-1,SEM Cells,11.0,196.4949069093989
ALL A2780-cis LR data.xlsx,2 - A2780 30k 1-1,N Samples,12.0,3.0
ALL A2780-cis LR data.xlsx,2 - A2780 30k 1-1,Mean Cells,12.0,2838.935
ALL A2780-cis LR data.xlsx,2 - A2780 30k 1-1,SD Cells,12.0,476.2624181352108
ALL A2780-cis LR data.xlsx,2 - A2780 30k 1-1,SEM Cells,12.0,274.97023531526605
ALL A2780-cis LR data.xlsx,2 - A2780cis 30k 1-1,N Samples,0.0,3.0
ALL A2780-cis LR data.xlsx,2 - A2780cis 30k 1-1,Mean Cells,0.0,50.0
ALL A2780-cis LR data.xlsx,2 - A2780cis 30k 1-1,SD Cells,0.0,0.0
ALL A2780-cis LR data.xlsx,2 - A2780cis 30k 1-1,SEM Cells,0.0,0.0
ALL A2780-cis LR data.xlsx,2 - A2780cis 30k 1-1,N Samples,1.0,3.0
ALL A2780-cis LR data.xlsx,2 - A2780cis 30k 1-1,Mean Cells,1.0,175.43313333333333
ALL A2780-cis LR data.xlsx,2 - A2780cis 30k 1-1,SD Cells,1.0,14.788814382611397
ALL A2780-cis LR data.xlsx,2 - A2780cis 30k 1-1,SEM Cells,1.0,8.5383259647961
ALL A2780-cis LR data.xlsx,2 - A2780cis 30k 1-1,N Samples,2.0,3.0
ALL A2780-cis LR data.xlsx,2 - A2780cis 30k 1-1,Mean Cells,2.0,240.72316666666666
ALL A2780-cis LR data.xlsx,2 - A2780cis 30k 1-1,SD Cells,2.0,9.88954422930264
ALL A2780-cis LR data.xlsx,2 - A2780cis 30k 1-1,SEM Cells,2.0,5.7097310229505895
ALL A2780-cis LR data.xlsx,2 - A2780cis 30k 1-1,N Samples,3.0,3.0
ALL A2780-cis LR data.xlsx,2 - A2780cis 30k 1-1,SEM Cells,3.0,0.0
ALL A2780-cis LR data.xlsx,2 - A2780cis 30k 1-1,N Samples,4.0,3.0
ALL A2780-cis LR data.xlsx,2 - A2780cis 30k 1-1,Mean Cells,4.0,442.7222
ALL A2780-cis LR data.xlsx,2 - A2780cis 30k 1-1,SD Cells,4.0,71.65148929861795
ALL A2780-cis LR data.xlsx,2 - A2780cis 30k 1-1,SEM Cells,4.0,41.36800663439466
ALL A2780-cis LR data.xlsx,2 - A2780cis 30k 1-1,N Samples,5.0,3.0
ALL A2780-cis LR data.xlsx,2 - A2780cis 30k 1-1,Mean Cells,5.0,371.97223333333335
ALL A2780-cis LR data.xlsx,2 - A2780cis 30k 1-1,SD Cells,5.0,21.23650200982574
ALL A2780-cis LR data.xlsx,2 - A2780cis 30k 1-1,SEM Cells,5.0,12.260900152018921
ALL A2780-cis LR data.xlsx,2 - A2780cis 30k 1-1,N Samples,6.0,3.0
ALL A2780-cis LR data.xlsx,2 - A2780cis 30k 1-1,Mean Cells,6.0,200.91053333333335
ALL A2780-cis LR data.xlsx,2 - A2780cis 30k 1-1,SD Cells,6.0,22.34483764302918
ALL A2780-cis LR data.xlsx,2 - A2780cis 30k 1-1,SEM Cells,6.0,12.90079802820138
ALL A2780-cis LR data.xlsx,2 - A2780cis 30k 1-1,N Samples,7.0,3.0
ALL A2780-cis LR data.xlsx,2 - A2780cis 30k 1-1,Mean Cells,7.0,182.07213333333334
ALL A2780-cis LR data.xlsx,2 - A2780cis 30k 1-1,SD Cells,7.0,27.920272436767807
ALL A2780-cis LR data.xlsx,2 - A2780cis 30k 1-1,SEM Cells,7.0,16.119776807215583
ALL A2780-cis LR data.xlsx,2 - A2780cis 30k 1-1,N Samples,8.0,3.0
ALL A2780-cis LR data.xlsx,2 - A2780cis 30k 1-1,Mean Cells,8.0,81.05969666666665
ALL A2780-cis LR data.xlsx,2 - A2780cis 30k 1-1,SD Cells,8.0,2.1852357531702005
ALL A2780-cis LR data.xlsx,2 - A2780cis 30k 1-1,SEM Cells,8.0,1.26164645033561
ALL A2780-cis LR data.xlsx,2 - A2780cis 30k 1-1,N Samples,9.0,3.0
ALL A2780-cis LR data.xlsx,2 - A2780cis 30k 1-1,Mean Cells,9.0,76.70168666666666
ALL A2780-cis LR data.xlsx,2 - A2780cis 30k 1-1,SD Cells,9.0,12.39835850409375
ALL A2780-cis LR data.xlsx,2 - A2780cis 30k 1-1,SEM Cells,9.0,7.158195619848013
ALL A2780-cis LR data.xlsx,2 - A2780cis 30k 1-1,N Samples,10.0,3.0
ALL A2780-cis LR data.xlsx,2 - A2780cis 30k 1-1,Mean Cells,10.0,50.20772333333333
ALL A2780-cis LR data.xlsx,2 - A2780cis 30k 1-1,SD Cells,10.0,8.985111421715079
ALL A2780-cis LR data.xlsx,2 - A2780cis 30k 1-1,SEM Cells,10.0,5.187556498025982
ALL A2780-cis LR data.xlsx,2 - A2780cis 30k 1-1,N Samples,11.0,3.0
ALL A2780-cis LR data.xlsx,2 - A2780cis 30k 1-1,Mean Cells,11.0,43.4523
ALL A2780-cis LR data.xlsx,2 - A2780cis 30k 1-1,SD Cells,11.0,10.464901425092345
ALL A2780-cis LR data.xlsx,2 - A2780cis 30k 1-1,SEM Cells,11.0,6.041913654819964
ALL A2780-cis LR data.xlsx,2 - A2780cis 30k 1-1,N Samples,12.0,3.0
ALL A2780-cis LR data.xlsx,2 - A2780cis 30k 1-1,Mean Cells,12.0,28.455650000000002
ALL A2780-cis LR data.xlsx,2 - A2780cis 30k 1-1,SD Cells,12.0,4.802649830343645
ALL A2780-cis LR data.xlsx,2 - A2780cis 30k 1-1,SEM Cells,12.0,2.772811172372414
ALL A2780-cis LR data.xlsx,2 - A2780 30k 3-1,N Samples,0.0,3.0
ALL A2780-cis LR data.xlsx,2 - A2780 30k 3-1,Mean Cells,0.0,75.0
ALL A2780-cis LR data.xlsx,2 - A2780 30k 3-1,SD Cells,0.0,0.0
ALL A2780-cis LR data.xlsx,2 - A2780 30k 3-1,SEM Cells,0.0,0.0
ALL A2780-cis LR data.xlsx,2 - A2780 30k 3-1,N Samples,1.0,3.0
ALL A2780-cis LR data.xlsx,2 - A2780 30k 3-1,Mean Cells,1.0,1222.2842333333333
ALL A2780-cis LR data.xlsx,2 - A2780 30k 3-1,SD Cells,1.0,504.0111945524255
ALL A2780-cis LR data.xlsx,2 - A2780 30k 3-1,SEM Cells,1.0,290.9909988494277
ALL A2780-cis LR data.xlsx,2 - A2780 30k 3-1,N Samples,2.0,3.0
ALL A2780-cis LR data.xlsx,2 - A2780 30k 3-1,Mean Cells,2.0,1726.6703333333335
ALL A2780-cis LR data.xlsx,2 - A2780 30k 3-1,SD Cells,2.0,361.8781657082008
ALL A2780-cis LR data.xlsx,2 - A2780 30k 3-1,SEM Cells,2.0,208.93045638547775
ALL A2780-cis LR data.xlsx,2 - A2780 30k 3-1,N Samples,3.0,3.0
ALL A2780-cis LR data.xlsx,2 - A2780 30k 3-1,Mean Cells,3.0,3290.4953333333337
ALL A2780-cis LR data.xlsx,2 - A2780 30k 3-1,SD Cells,3.0,453.17160452342085
ALL A2780-cis LR data.xlsx,2 - A2780 30k 3-1,SEM Cells,3.0,261.6387478606917
ALL A2780-cis LR data.xlsx,2 - A2780 30k 3-1,N Samples,4.0,3.0
ALL A2780-cis LR data.xlsx,2 - A2780 30k 3-1,Mean Cells,4.0,3497.1479999999997
ALL A2780-cis LR data.xlsx,2 - A2780 30k 3-1,SD Cells,4.0,438.18360139558587
ALL A2780-cis LR data.xlsx,2 - A2780 30k 3-1,SEM Cells,4.0,252.9854202202212
ALL A2780-cis LR data.xlsx,2 - A2780 30k 3-1,N Samples,5.0,3.0
ALL A2780-cis LR data.xlsx,2 - A2780 30k 3-1,Mean Cells,5.0,4007.253666666667
ALL A2780-cis LR data.xlsx,2 - A2780 30k 3-1,SD Cells,5.0,233.8554916830763
ALL A2780-cis LR data.xlsx,2 - A2780 30k 3-1,SEM Cells,5.0,135.01653107469642
ALL A2780-cis LR data.xlsx,2 - A2780 30k 3-1,N Samples,6.0,3.0
ALL A2780-cis LR data.xlsx,2 - A2780 30k 3-1,Mean Cells,6.0,4283.907
ALL A2780-cis LR data.xlsx,2 - A2780 30k 3-1,SD Cells,6.0,100.02561535426807
ALL A2780-cis LR data.xlsx,2 - A2780 30k 3-1,SEM Cells,6.0,57.74981595064464
ALL A2780-cis LR data.xlsx,2 - A2780 30k 3-1,N Samples,7.0,3.0
ALL A2780-cis LR data.xlsx,2 - A2780 30k 3-1,Mean Cells,7.0,4354.624
ALL A2780-cis LR data.xlsx,2 - A2780 30k 3-1,SD Cells,7.0,38.41688421774972
ALL A2780-cis LR data.xlsx,2 - A2780 30k 3-1,SEM Cells,7.0,22.179998444544488
ALL A2780-cis LR data.xlsx,2 - A2780 30k 3-1,N Samples,8.0,3.0
ALL A2780-cis LR data.xlsx,2 - A2780 30k 3-1,Mean Cells,8.0,4259.878
ALL A2780-cis LR data.xlsx,2 - A2780 30k 3-1,SD Cells,8.0,121.39075286445838
ALL A2780-cis LR data.xlsx,2 - A2780 30k 3-1,SEM Cells,8.0,70.08498384342639
ALL A2780-cis LR data.xlsx,2 - A2780 30k 3-1,N Samples,9.0,3.0
ALL A2780-cis LR data.xlsx,2 - A2780 30k 3-1,Mean Cells,9.0,4115.240333333333
ALL A2780-cis LR data.xlsx,2 - A2780 30k 3-1,SD Cells,9.0,232.59454265380646
ALL A2780-cis LR data.xlsx,2 - A2780 30k 3-1,SEM Cells,9.0,134.28852181321307
ALL A2780-cis LR data.xlsx,2 - A2780 30k 3-1,N Samples,10.0,3.0
ALL A2780-cis LR data.xlsx,2 - A2780 30k 3-1,Mean Cells,10.0,4308.782333333334
ALL A2780-cis LR data.xlsx,2 - A2780 30k 3-1,SD Cells,10.0,70.33117779714301
ALL A2780-cis LR data.xlsx,2 - A2780 30k 3-1,SEM Cells,10.0,40.60572443360395
ALL A2780-cis LR data.xlsx,2 - A2780 30k 3-1,N Samples,11.0,3.0
ALL A2780-cis LR data.xlsx,2 - A2780 30k 3-1,Mean Cells,11.0,4300.637333333333
ALL A2780-cis LR data.xlsx,2 - A2780 30k 3-1,SD Cells,11.0,133.74062907109914
ALL A2780-cis LR data.xlsx,2 - A2780 30k 3-1,SEM Cells,11.0,77.21518819578898
ALL A2780-cis LR data.xlsx,2 - A2780 30k 3-1,N Samples,12.0,3.0
ALL A2780-cis LR data.xlsx,2 - A2780 30k 3-1,Mean Cells,12.0,3875.492333333333
ALL A2780-cis LR data.xlsx,2 - A2780 30k 3-1,SD Cells,12.0,173.82251393399338
ALL A2780-cis LR data.xlsx,2 - A2780 30k 3-1,SEM Cells,12.0,100.35647521100856
ALL A2780-cis LR data.xlsx,2 - A2780cis 30k 3-1,N Samples,0.0,3.0
ALL A2780-cis LR data.xlsx,2 - A2780cis 30k 3-1,Mean Cells,0.0,25.0
ALL A2780-cis LR data.xlsx,2 - A2780cis 30k 3-1,SD Cells,0.0,0.0
ALL A2780-cis LR data.xlsx,2 - A2780cis 30k 3-1,SEM Cells,0.0,0.0
ALL A2780-cis LR data.xlsx,2 - A2780cis 30k 3-1,N Samples,1.0,3.0
ALL A2780-cis LR data.xlsx,2 - A2780cis 30k 3-1,Mean Cells,1.0,160.48364333333333
ALL A2780-cis LR data.xlsx,2 - A2780cis 30k 3-1,SD Cells,1.0,86.72513566208839
ALL A2780-cis LR data.xlsx,2 - A2780cis 30k 3-1,SEM Cells,1.0,50.07078042001355
ALL A2780-cis LR data.xlsx,2 - A2780cis 30k 3-1,N Samples,2.0,3.0
ALL A2780-cis LR data.xlsx,2 - A2780cis 30k 3-1,Mean Cells,2.0,176.10136666666665
ALL A2780-cis LR data.xlsx,2 - A2780cis 30k 3-1,SD Cells,2.0,18.889880850427115
ALL A2780-cis LR data.xlsx,2 - A2780cis 30k 3-1,SEM Cells,2.0,10.906077793954053
ALL A2780-cis LR data.xlsx,2 - A2780cis 30k 3-1,N Samples,3.0,3.0
ALL A2780-cis LR data.xlsx,2 - A2780cis 30k 3-1,Mean Cells,3.0,259.10996666666665
ALL A2780-cis LR data.xlsx,2 - A2780cis 30k 3-1,SD Cells,3.0,15.163237107007642
ALL A2780-cis LR data.xlsx,2 - A2780cis 30k 3-1,SEM Cells,3.0,8.754499025516985
ALL A2780-cis LR data.xlsx,2 - A2780cis 30k 3-1,N Samples,4.0,3.0
ALL A2780-cis LR data.xlsx,2 - A2780cis 30k 3-1,Mean Cells,4.0,197.31803333333332
ALL A2780-cis LR data.xlsx,2 - A2780cis 30k 3-1,SD Cells,4.0,53.34124939681617
ALL A2780-cis LR data.xlsx,2 - A2780cis 30k 3-1,SEM Cells,4.0,30.79658469816278
ALL A2780-cis LR data.xlsx,2 - A2780cis 30k 3-1,N Samples,5.0,3.0
ALL A2780-cis LR data.xlsx,2 - A2780cis 30k 3-1,Mean Cells,5.0,123.9901
ALL A2780-cis LR data.xlsx,2 - A2780cis 30k 3-1,SD Cells,5.0,20.870751066743942
ALL A2780-cis LR data.xlsx,2 - A2780cis 30k 3-1,SEM Cells,5.0,12.049733746574285
ALL A2780-cis LR data.xlsx,2 - A2780cis 30k 3-1,N Samples,6.0,3.0
ALL A2780-cis LR data.xlsx,2 - A2780cis 30k 3-1,Mean Cells,6.0,73.97585333333335
ALL A2780-cis LR data.xlsx,2 - A2780cis 30k 3-1,SD Cells,6.0,9.398709043514023
ALL A2780-cis LR data.xlsx,2 - A2780cis 30k 3-1,SEM Cells,6.0,5.426347196307791
ALL A2780-cis LR data.xlsx,2 - A2780cis 30k 3-1,N Samples,7.0,3.0
ALL A2780-cis LR data.xlsx,2 - A2780cis 30k 3-1,Mean Cells,7.0,59.372040000000005
ALL A2780-cis LR data.xlsx,2 - A2780cis 30k 3-1,SD Cells,7.0,7.5784847700117055
ALL A2780-cis LR data.xlsx,2 - A2780cis 30k 3-1,SEM Cells,7.0,4.375440222015738
ALL A2780-cis LR data.xlsx,2 - A2780cis 30k 3-1,N Samples,8.0,3.0
ALL A2780-cis LR data.xlsx,2 - A2780cis 30k 3-1,Mean Cells,8.0,33.26265
ALL A2780-cis LR data.xlsx,2 - A2780cis 30k 3-1,SD Cells,8.0,13.310556644603558
ALL A2780-cis LR data.xlsx,2 - A2780cis 30k 3-1,SEM Cells,8.0,7.684853461825627
ALL A2780-cis LR data.xlsx,2 - A2780cis 30k 3-1,N Samples,9.0,3.0
ALL A2780-cis LR data.xlsx,2 - A2780cis 30k 3-1,Mean Cells,9.0,26.387753333333333
ALL A2780-cis LR data.xlsx,2 - A2780cis 30k 3-1,SD Cells,9.0,8.499073562985176
ALL A2780-cis LR data.xlsx,2 - A2780cis 30k 3-1,SEM Cells,9.0,4.906942409451923
ALL A2780-cis LR data.xlsx,2 - A2780cis 30k 3-1,N Samples,10.0,3.0
ALL A2780-cis LR data.xlsx,2 - A2780cis 30k 3-1,Mean Cells,10.0,16.269606666666665
ALL A2780-cis LR data.xlsx,2 - A2780cis 30k 3-1,SD Cells,10.0,4.055344851702925
ALL A2780-cis LR data.xlsx,2 - A2780cis 30k 3-1,SEM Cells,10.0,2.341354441787447
ALL A2780-cis LR data.xlsx,2 - A2780cis 30k 3-1,N Samples,11.0,3.0
ALL A2780-cis LR data.xlsx,2 - A2780cis 30k 3-1,Mean Cells,11.0,15.085693333333333
ALL A2780-cis LR data.xlsx,2 - A2780cis 30k 3-1,SD Cells,11.0,8.496398579435484
ALL A2780-cis LR data.xlsx,2 - A2780cis 30k 3-1,SEM Cells,11.0,4.905398006979431
ALL A2780-cis LR data.xlsx,2 - A2780cis 30k 3-1,N Samples,12.0,3.0
ALL A2780-cis LR data.xlsx,2 - A2780cis 30k 3-1,Mean Cells,12.0,6.139588
ALL A2780-cis LR data.xlsx,2 - A2780cis 30k 3-1,SD Cells,12.0,4.9251671514359785
ALL A2780-cis LR data.xlsx,2 - A2780cis 30k 3-1,SEM Cells,12.0,2.8435465806854645
ALL Tyknu-cpr LR data.xlsx,1 - Tyknu 30k 1-3,N Samples,0.0,3.0
ALL Tyknu-cpr LR data.xlsx,1 - Tyknu 30k 1-3,Mean Cells,0.0,25.0
ALL Tyknu-cpr LR data.xlsx,1 - Tyknu 30k 1-3,SD Cells,0.0,0.0
ALL Tyknu-cpr LR data.xlsx,1 - Tyknu 30k 1-3,SEM Cells,0.0,0.0
ALL Tyknu-cpr LR data.xlsx,1 - Tyknu 30k 1-3,N Samples,1.0,3.0
ALL Tyknu-cpr LR data.xlsx,1 - Tyknu 30k 1-3,Mean Cells,1.0,17.73522135416667
ALL Tyknu-cpr LR data.xlsx,1 - Tyknu 30k 1-3,SD Cells,1.0,1.4180139560224911
ALL Tyknu-cpr LR data.xlsx,1 - Tyknu 30k 1-3,SEM Cells,1.0,0.8186907392242314
ALL Tyknu-cpr LR data.xlsx,1 - Tyknu 30k 1-3,N Samples,2.0,3.0
ALL Tyknu-cpr LR data.xlsx,1 - Tyknu 30k 1-3,Mean Cells,2.0,17.607204861111114
ALL Tyknu-cpr LR data.xlsx,1 - Tyknu 30k 1-3,SD Cells,2.0,3.902607595067527
ALL Tyknu-cpr LR data.xlsx,1 - Tyknu 30k 1-3,SEM Cells,2.0,2.2531715455537147
ALL Tyknu-cpr LR data.xlsx,1 - Tyknu 30k 1-3,N Samples,3.0,3.0
ALL Tyknu-cpr LR data.xlsx,1 - Tyknu 30k 1-3,Mean Cells,3.0,27.710394965277775
ALL Tyknu-cpr LR data.xlsx,1 - Tyknu 30k 1-3,SD Cells,3.0,1.4617927519699925
ALL Tyknu-cpr LR data.xlsx,1 - Tyknu 30k 1-3,SEM Cells,3.0,0.8439664388493191
ALL Tyknu-cpr LR data.xlsx,1 - Tyknu 30k 1-3,N Samples,4.0,3.0
ALL Tyknu-cpr LR data.xlsx,1 - Tyknu 30k 1-3,Mean Cells,4.0,24.4384765625
ALL Tyknu-cpr LR data.xlsx,1 - Tyknu 30k 1-3,SD Cells,4.0,0.15104878025184815
ALL Tyknu-cpr LR data.xlsx,1 - Tyknu 30k 1-3,SEM Cells,4.0,0.08720805393916917
ALL Tyknu-cpr LR data.xlsx,1 - Tyknu 30k 1-3,N Samples,5.0,3.0
ALL Tyknu-cpr LR data.xlsx,1 - Tyknu 30k 1-3,Mean Cells,5.0,36.31204427083333
ALL Tyknu-cpr LR data.xlsx,1 - Tyknu 30k 1-3,SD Cells,5.0,7.978499721345755
ALL Tyknu-cpr LR data.xlsx,1 - Tyknu 30k 1-3,SEM Cells,5.0,4.606388961848326
ALL Tyknu-cpr LR data.xlsx,1 - Tyknu 30k 1-3,N Samples,6.0,3.0
ALL Tyknu-cpr LR data.xlsx,1 - Tyknu 30k 1-3,Mean Cells,6.0,26.243098958333334
ALL Tyknu-cpr LR data.xlsx,1 - Tyknu 30k 1-3,SD Cells,6.0,4.153308712726599
ALL Tyknu-cpr LR data.xlsx,1 - Tyknu 30k 1-3,SEM Cells,6.0,2.39791390332032
ALL Tyknu-cpr LR data.xlsx,1 - Tyknu 30k 1-3,N Samples,7.0,3.0
ALL Tyknu-cpr LR data.xlsx,1 - Tyknu 30k 1-3,Mean Cells,7.0,27.813216145833334
ALL Tyknu-cpr LR data.xlsx,1 - Tyknu 30k 1-3,SD Cells,7.0,3.4754754239048418
ALL Tyknu-cpr LR data.xlsx,1 - Tyknu 30k 1-3,SEM Cells,7.0,2.006566671553389
ALL Tyknu-cpr LR data.xlsx,1 - Tyknu 30k 1-3,N Samples,8.0,3.0
ALL Tyknu-cpr LR data.xlsx,1 - Tyknu 30k 1-3,Mean Cells,8.0,1.5214192708333334
ALL Tyknu-cpr LR data.xlsx,1 - Tyknu 30k 1-3,SD Cells,8.0,0.37220835289491866
ALL Tyknu-cpr LR data.xlsx,1 - Tyknu 30k 1-3,SEM Cells,8.0,0.21489459273850853
ALL Tyknu-cpr LR data.xlsx,1 - Tyknu 30k 1-3,N Samples,9.0,3.0
ALL Tyknu-cpr LR data.xlsx,1 - Tyknu 30k 1-3,Mean Cells,9.0,3.3293858506944445
ALL Tyknu-cpr LR data.xlsx,1 - Tyknu 30k 1-3,SD Cells,9.0,0.9134269320736704
ALL Tyknu-cpr LR data.xlsx,1 - Tyknu 30k 1-3,SEM Cells,9.0,0.5273672851177876
ALL Tyknu-cpr LR data.xlsx,1 - Tyknu 30k 1-3,N Samples,10.0,3.0
ALL Tyknu-cpr LR data.xlsx,1 - Tyknu 30k 1-3,Mean Cells,10.0,2.79052734375
ALL Tyknu-cpr LR data.xlsx,1 - Tyknu 30k 1-3,SD Cells,10.0,0.8354380962004762
ALL Tyknu-cpr LR data.xlsx,1 - Tyknu 30k 1-3,SEM Cells,10.0,0.4823404097326134
ALL Tyknu-cpr LR data.xlsx,1 - Tyknu 30k 1-3,N Samples,11.0,3.0
ALL Tyknu-cpr LR data.xlsx,1 - Tyknu 30k 1-3,Mean Cells,11.0,3.3112803819444445
ALL Tyknu-cpr LR data.xlsx,1 - Tyknu 30k 1-3,SD Cells,11.0,0.4562013716811888
ALL Tyknu-cpr LR data.xlsx,1 - Tyknu 30k 1-3,SEM Cells,11.0,0.2633879847448109
ALL Tyknu-cpr LR data.xlsx,1 - Tyknu 30k 1-3,N Samples,13.0,3.0
ALL Tyknu-cpr LR data.xlsx,1 - Tyknu 30k 1-3,Mean Cells,13.0,1.721829861111111
ALL Tyknu-cpr LR data.xlsx,1 - Tyknu 30k 1-3,SD Cells,13.0,0.821705966525294
ALL Tyknu-cpr LR data.xlsx,1 - Tyknu 30k 1-3,SEM Cells,13.0,0.4744121609681002
ALL Tyknu-cpr LR data.xlsx,1 - Tyknu 30k 1-3,N Samples,14.0,3.0
ALL Tyknu-cpr LR data.xlsx,1 - Tyknu 30k 1-3,Mean Cells,14.0,1.281076388888889
ALL Tyknu-cpr LR data.xlsx,1 - Tyknu 30k 1-3,SD Cells,14.0,0.3416306144074237
ALL Tyknu-cpr LR data.xlsx,1 - Tyknu 30k 1-3,SEM Cells,14.0,0.19724052719154334
ALL Tyknu-cpr LR data.xlsx,1 - Tyknu-cpr 30k 1-3,N Samples,0.0,3.0
ALL Tyknu-cpr LR data.xlsx,1 - Tyknu-cpr 30k 1-3,Mean Cells,0.0,75.0
ALL Tyknu-cpr LR data.xlsx,1 - Tyknu-cpr 30k 1-3,SD Cells,0.0,0.0
ALL Tyknu-cpr LR data.xlsx,1 - Tyknu-cpr 30k 1-3,SEM Cells,0.0,0.0
ALL Tyknu-cpr LR data.xlsx,1 - Tyknu-cpr 30k 1-3,N Samples,1.0,3.0
ALL Tyknu-cpr LR data.xlsx,1 - Tyknu-cpr 30k 1-3,Mean Cells,1.0,39.80299479166666
ALL Tyknu-cpr LR data.xlsx,1 - Tyknu-cpr 30k 1-3,SD Cells,1.0,6.316622111046783
ALL Tyknu-cpr LR data.xlsx,1 - Tyknu-cpr 30k 1-3,SEM Cells,1.0,3.6469034761820027
ALL Tyknu-cpr LR data.xlsx,1 - Tyknu-cpr 30k 1-3,N Samples,2.0,3.0
ALL Tyknu-cpr LR data.xlsx,1 - Tyknu-cpr 30k 1-3,Mean Cells,2.0,56.06236979166667
ALL Tyknu-cpr LR data.xlsx,1 - Tyknu-cpr 30k 1-3,SD Cells,2.0,9.056881220333855
ALL Tyknu-cpr LR data.xlsx,1 - Tyknu-cpr 30k 1-3,SEM Cells,2.0,5.228992810578218
ALL Tyknu-cpr LR data.xlsx,1 - Tyknu-cpr 30k 1-3,N Samples,3.0,3.0
ALL Tyknu-cpr LR data.xlsx,1 - Tyknu-cpr 30k 1-3,Mean Cells,3.0,68.5843532986111
ALL Tyknu-cpr LR data.xlsx,1 - Tyknu-cpr 30k 1-3,SD Cells,3.0,8.966963390449838
ALL Tyknu-cpr LR data.xlsx,1 - Tyknu-cpr 30k 1-3,SEM Cells,3.0,5.177078727289733
ALL Tyknu-cpr LR data.xlsx,1 - Tyknu-cpr 30k 1-3,N Samples,4.0,3.0
ALL Tyknu-cpr LR data.xlsx,1 - Tyknu-cpr 30k 1-3,Mean Cells,4.0,75.56388888888888
ALL Tyknu-cpr LR data.xlsx,1 - Tyknu-cpr 30k 1-3,SD Cells,4.0,7.26032676851529
ALL Tyknu-cpr LR data.xlsx,1 - Tyknu-cpr 30k 1-3,SEM Cells,4.0,4.191751614206948
ALL Tyknu-cpr LR data.xlsx,1 - Tyknu-cpr 30k 1-3,N Samples,5.0,3.0
ALL Tyknu-cpr LR data.xlsx,1 - Tyknu-cpr 30k 1-3,Mean Cells,5.0,80.482421875
ALL Tyknu-cpr LR data.xlsx,1 - Tyknu-cpr 30k 1-3,SD Cells,5.0,9.266504764972153
ALL Tyknu-cpr LR data.xlsx,1 - Tyknu-cpr 30k 1-3,SEM Cells,5.0,5.350019020503622
ALL Tyknu-cpr LR data.xlsx,1 - Tyknu-cpr 30k 1-3,N Samples,6.0,3.0
ALL Tyknu-cpr LR data.xlsx,1 - Tyknu-cpr 30k 1-3,Mean Cells,6.0,69.62960069444445
ALL Tyknu-cpr LR data.xlsx,1 - Tyknu-cpr 30k 1-3,SD Cells,6.0,3.396809579099103
ALL Tyknu-cpr LR data.xlsx,1 - Tyknu-cpr 30k 1-3,SEM Cells,6.0,1.9611489248787666
ALL Tyknu-cpr LR data.xlsx,1 - Tyknu-cpr 30k 1-3,N Samples,7.0,3.0
ALL Tyknu-cpr LR data.xlsx,1 - Tyknu-cpr 30k 1-3,Mean Cells,7.0,67.15865885416666
ALL Tyknu-cpr LR data.xlsx,1 - Tyknu-cpr 30k 1-3,SD Cells,7.0,5.681087674828451
ALL Tyknu-cpr LR data.xlsx,1 - Tyknu-cpr 30k 1-3,SEM Cells,7.0,3.2799774983520713
ALL Tyknu-cpr LR data.xlsx,1 - Tyknu-cpr 30k 1-3,N Samples,8.0,3.0
ALL Tyknu-cpr LR data.xlsx,1 - Tyknu-cpr 30k 1-3,Mean Cells,8.0,59.9912109375
ALL Tyknu-cpr LR data.xlsx,1 - Tyknu-cpr 30k 1-3,SD Cells,8.0,5.285206066722909
ALL Tyknu-cpr LR data.xlsx,1 - Tyknu-cpr 30k 1-3,SEM Cells,8.0,3.0514151453451146
ALL Tyknu-cpr LR data.xlsx,1 - Tyknu-cpr 30k 1-3,N Samples,9.0,3.0
ALL Tyknu-cpr LR data.xlsx,1 - Tyknu-cpr 30k 1-3,Mean Cells,9.0,60.64876302083334
ALL Tyknu-cpr LR data.xlsx,1 - Tyknu-cpr 30k 1-3,SD Cells,9.0,12.829447492049487
ALL Tyknu-cpr LR data.xlsx,1 - Tyknu-cpr 30k 1-3,SEM Cells,9.0,7.407084963088941
ALL Tyknu-cpr LR data.xlsx,1 - Tyknu-cpr 30k 1-3,N Samples,10.0,3.0
ALL Tyknu-cpr LR data.xlsx,1 - Tyknu-cpr 30k 1-3,Mean Cells,10.0,58.783832465277776
ALL Tyknu-cpr LR data.xlsx,1 - Tyknu-cpr 30k 1-3,SD Cells,10.0,2.95087794322393
ALL Tyknu-cpr LR data.xlsx,1 - Tyknu-cpr 30k 1-3,SEM Cells,10.0,1.703690174866065
ALL Tyknu-cpr LR data.xlsx,1 - Tyknu-cpr 30k 1-3,N Samples,11.0,3.0
ALL Tyknu-cpr LR data.xlsx,1 - Tyknu-cpr 30k 1-3,Mean Cells,11.0,60.033962673611114
ALL Tyknu-cpr LR data.xlsx,1 - Tyknu-cpr 30k 1-3,SD Cells,11.0,10.471452034831769
ALL Tyknu-cpr LR data.xlsx,1 - Tyknu-cpr 30k 1-3,SEM Cells,11.0,6.045695651116376
ALL Tyknu-cpr LR data.xlsx,1 - Tyknu-cpr 30k 1-3,N Samples,13.0,3.0
ALL Tyknu-cpr LR data.xlsx,1 - Tyknu-cpr 30k 1-3,Mean Cells,13.0,28.564010416666665
ALL Tyknu-cpr LR data.xlsx,1 - Tyknu-cpr 30k 1-3,SD Cells,13.0,13.55357138146815
ALL Tyknu-cpr LR data.xlsx,1 - Tyknu-cpr 30k 1-3,SEM Cells,13.0,7.825158085571444
ALL Tyknu-cpr LR data.xlsx,1 - Tyknu-cpr 30k 1-3,N Samples,14.0,3.0
ALL Tyknu-cpr LR data.xlsx,1 - Tyknu-cpr 30k 1-3,Mean Cells,14.0,32.52701605902778
ALL Tyknu-cpr LR data.xlsx,1 - Tyknu-cpr 30k 1-3,SD Cells,14.0,7.651189919046845
ALL Tyknu-cpr LR data.xlsx,1 - Tyknu-cpr 30k 1-3,SEM Cells,14.0,4.417416559382647
ALL Tyknu-cpr LR data.xlsx,1 - Tyknu 40k 1-3,N Samples,0.0,3.0
ALL Tyknu-cpr LR data.xlsx,1 - Tyknu 40k 1-3,Mean Cells,0.0,33.25
ALL Tyknu-cpr LR data.xlsx,1 - Tyknu 40k 1-3,SD Cells,0.0,0.0
ALL Tyknu-cpr LR data.xlsx,1 - Tyknu 40k 1-3,SEM Cells,0.0,0.0
ALL Tyknu-cpr LR data.xlsx,1 - Tyknu 40k 1-3,N Samples,1.0,3.0
ALL Tyknu-cpr LR data.xlsx,1 - Tyknu 40k 1-3,Mean Cells,1.0,16.414105902777777
ALL Tyknu-cpr LR data.xlsx,1 - Tyknu 40k 1-3,SD Cells,1.0,4.139491662005159
ALL Tyknu-cpr LR data.xlsx,1 - Tyknu 40k 1-3,SEM Cells,1.0,2.38993662536689
ALL Tyknu-cpr LR data.xlsx,1 - Tyknu 40k 1-3,N Samples,2.0,3.0
ALL Tyknu-cpr LR data.xlsx,1 - Tyknu 40k 1-3,Mean Cells,2.0,20.62380642361111
ALL Tyknu-cpr LR data.xlsx,1 - Tyknu 40k 1-3,SD Cells,2.0,8.530085490553088
ALL Tyknu-cpr LR data.xlsx,1 - Tyknu 40k 1-3,SEM Cells,2.0,4.9248471541813466
ALL Tyknu-cpr LR data.xlsx,1 - Tyknu 40k 1-3,N Samples,3.0,3.0
ALL Tyknu-cpr LR data.xlsx,1 - Tyknu 40k 1-3,Mean Cells,3.0,27.882052951388886
ALL Tyknu-cpr LR data.xlsx,1 - Tyknu 40k 1-3,SD Cells,3.0,10.231253090975391
ALL Tyknu-cpr LR data.xlsx,1 - Tyknu 40k 1-3,SEM Cells,3.0,5.907016726221833
ALL Tyknu-cpr LR data.xlsx,1 - Tyknu 40k 1-3,N Samples,4.0,3.0
ALL Tyknu-cpr LR data.xlsx,1 - Tyknu 40k 1-3,Mean Cells,4.0,28.49036458333333
ALL Tyknu-cpr LR data.xlsx,1 - Tyknu 40k 1-3,SD Cells,4.0,10.971622549438935
ALL Tyknu-cpr LR data.xlsx,1 - Tyknu 40k 1-3,SEM Cells,4.0,6.334469232365538
ALL Tyknu-cpr LR data.xlsx,1 - Tyknu 40k 1-3,N Samples,5.0,3.0
ALL Tyknu-cpr LR data.xlsx,1 - Tyknu 40k 1-3,Mean Cells,5.0,31.698936631944445
ALL Tyknu-cpr LR data.xlsx,1 - Tyknu 40k 1-3,SD Cells,5.0,7.602846806310827
ALL Tyknu-cpr LR data.xlsx,1 - Tyknu 40k 1-3,SEM Cells,5.0,4.389505650231043
ALL Tyknu-cpr LR data.xlsx,1 - Tyknu 40k 1-3,N Samples,6.0,3.0
ALL Tyknu-cpr LR data.xlsx,1 - Tyknu 40k 1-3,Mean Cells,6.0,25.8533203125
ALL Tyknu-cpr LR data.xlsx,1 - Tyknu 40k 1-3,SD Cells,6.0,6.320719283669082
ALL Tyknu-cpr LR data.xlsx,1 - Tyknu 40k 1-3,SEM Cells,6.0,3.6492689798984035
ALL Tyknu-cpr LR data.xlsx,1 - Tyknu 40k 1-3,N Samples,7.0,3.0
ALL Tyknu-cpr LR data.xlsx,1 - Tyknu 40k 1-3,Mean Cells,7.0,32.31247829861112
ALL Tyknu-cpr LR data.xlsx,1 - Tyknu 40k 1-3,SD Cells,7.0,4.97362019275491
ALL Tyknu-cpr LR data.xlsx,1 - Tyknu 40k 1-3,SEM Cells,7.0,2.871520957134006
ALL Tyknu-cpr LR data.xlsx,1 - Tyknu 40k 1-3,N Samples,8.0,3.0
ALL Tyknu-cpr LR data.xlsx,1 - Tyknu 40k 1-3,Mean Cells,8.0,2.362649739583333
ALL Tyknu-cpr LR data.xlsx,1 - Tyknu 40k 1-3,SD Cells,8.0,0.5187866006831141
ALL Tyknu-cpr LR data.xlsx,1 - Tyknu 40k 1-3,SEM Cells,8.0,0.2995215835563668
ALL Tyknu-cpr LR data.xlsx,1 - Tyknu 40k 1-3,N Samples,9.0,3.0
ALL Tyknu-cpr LR data.xlsx,1 - Tyknu 40k 1-3,Mean Cells,9.0,3.2581423611111116
ALL Tyknu-cpr LR data.xlsx,1 - Tyknu 40k 1-3,SD Cells,9.0,0.5627754688414326
ALL Tyknu-cpr LR data.xlsx,1 - Tyknu 40k 1-3,SEM Cells,9.0,0.324918568428919
ALL Tyknu-cpr LR data.xlsx,1 - Tyknu 40k 1-3,N Samples,10.0,3.0
ALL Tyknu-cpr LR data.xlsx,1 - Tyknu 40k 1-3,Mean Cells,10.0,2.289625217013889
ALL Tyknu-cpr LR data.xlsx,1 - Tyknu 40k 1-3,SD Cells,10.0,0.817783536209371
ALL Tyknu-cpr LR data.xlsx,1 - Tyknu 40k 1-3,SEM Cells,10.0,0.47214754476932447
ALL Tyknu-cpr LR data.xlsx,1 - Tyknu 40k 1-3,N Samples,11.0,3.0
ALL Tyknu-cpr LR data.xlsx,1 - Tyknu 40k 1-3,Mean Cells,11.0,2.6589800347222226
ALL Tyknu-cpr LR data.xlsx,1 - Tyknu 40k 1-3,SD Cells,11.0,0.3958586940382127
ALL Tyknu-cpr LR data.xlsx,1 - Tyknu 40k 1-3,SEM Cells,11.0,0.22854912356401583
ALL Tyknu-cpr LR data.xlsx,1 - Tyknu 40k 1-3,N Samples,13.0,3.0
ALL Tyknu-cpr LR data.xlsx,1 - Tyknu 40k 1-3,Mean Cells,13.0,0.9781575520833332
ALL Tyknu-cpr LR data.xlsx,1 - Tyknu 40k 1-3,SD Cells,13.0,0.05108697574774701
ALL Tyknu-cpr LR data.xlsx,1 - Tyknu 40k 1-3,SEM Cells,13.0,0.02949507920004562
ALL Tyknu-cpr LR data.xlsx,1 - Tyknu 40k 1-3,N Samples,14.0,3.0
ALL Tyknu-cpr LR data.xlsx,1 - Tyknu 40k 1-3,Mean Cells,14.0,1.8011401909722224
ALL Tyknu-cpr LR data.xlsx,1 - Tyknu 40k 1-3,SD Cells,14.0,0.927287421554035
ALL Tyknu-cpr LR data.xlsx,1 - Tyknu 40k 1-3,SEM Cells,14.0,0.5353696424503761
ALL Tyknu-cpr LR data.xlsx,1 - Tyknu-cpr 40k 1-3,N Samples,0.0,3.0
ALL Tyknu-cpr LR data.xlsx,1 - Tyknu-cpr 40k 1-3,Mean Cells,0.0,99.75
ALL Tyknu-cpr LR data.xlsx,1 - Tyknu-cpr 40k 1-3,SD Cells,0.0,0.0
ALL Tyknu-cpr LR data.xlsx,1 - Tyknu-cpr 40k 1-3,SEM Cells,0.0,0.0
ALL Tyknu-cpr LR data.xlsx,1 - Tyknu-cpr 40k 1-3,N Samples,1.0,3.0
ALL Tyknu-cpr LR data.xlsx,1 - Tyknu-cpr 40k 1-3,Mean Cells,1.0,44.359049479166664
ALL Tyknu-cpr LR data.xlsx,1 - Tyknu-cpr 40k 1-3,SD Cells,1.0,6.661185972259525
ALL Tyknu-cpr LR data.xlsx,1 - Tyknu-cpr 40k 1-3,SEM Cells,1.0,3.845837514206196
ALL Tyknu-cpr LR data.xlsx,1 - Tyknu-cpr 40k 1-3,N Samples,2.0,3.0
ALL Tyknu-cpr LR data.xlsx,1 - Tyknu-cpr 40k 1-3,Mean Cells,2.0,64.86369357638888
ALL Tyknu-cpr LR data.xlsx,1 - Tyknu-cpr 40k 1-3,SD Cells,2.0,14.137762273100892
ALL Tyknu-cpr LR data.xlsx,1 - Tyknu-cpr 40k 1-3,SEM Cells,2.0,8.162440854113736
ALL Tyknu-cpr LR data.xlsx,1 - Tyknu-cpr 40k 1-3,N Samples,3.0,3.0
ALL Tyknu-cpr LR data.xlsx,1 - Tyknu-cpr 40k 1-3,Mean Cells,3.0,79.14854600694446
ALL Tyknu-cpr LR data.xlsx,1 - Tyknu-cpr 40k 1-3,SD Cells,3.0,20.055579615349846
ALL Tyknu-cpr LR data.xlsx,1 - Tyknu-cpr 40k 1-3,SEM Cells,3.0,11.579094289676204
ALL Tyknu-cpr LR data.xlsx,1 - Tyknu-cpr 40k 1-3,N Samples,4.0,3.0
ALL Tyknu-cpr LR data.xlsx,1 - Tyknu-cpr 40k 1-3,Mean Cells,4.0,91.85481770833333
ALL Tyknu-cpr LR data.xlsx,1 - Tyknu-cpr 40k 1-3,SD Cells,4.0,18.161148773288637
ALL Tyknu-cpr LR data.xlsx,1 - Tyknu-cpr 40k 1-3,SEM Cells,4.0,10.485344133051036
ALL Tyknu-cpr LR data.xlsx,1 - Tyknu-cpr 40k 1-3,N Samples,5.0,3.0
ALL Tyknu-cpr LR data.xlsx,1 - Tyknu-cpr 40k 1-3,Mean Cells,5.0,85.47862413194444
ALL Tyknu-cpr LR data.xlsx,1 - Tyknu-cpr 40k 1-3,SD Cells,5.0,9.661336182477022
ALL Tyknu-cpr LR data.xlsx,1 - Tyknu-cpr 40k 1-3,SEM Cells,5.0,5.577975045684581
ALL Tyknu-cpr LR data.xlsx,1 - Tyknu-cpr 40k 1-3,N Samples,6.0,3.0
ALL Tyknu-cpr LR data.xlsx,1 - Tyknu-cpr 40k 1-3,Mean Cells,6.0,72.78723958333332
ALL Tyknu-cpr LR data.xlsx,1 - Tyknu-cpr 40k 1-3,SD Cells,6.0,7.863175769815816
ALL Tyknu-cpr LR data.xlsx,1 - Tyknu-cpr 40k 1-3,SEM Cells,6.0,4.539806647388504
ALL Tyknu-cpr LR data.xlsx,1 - Tyknu-cpr 40k 1-3,N Samples,7.0,3.0
ALL Tyknu-cpr LR data.xlsx,1 - Tyknu-cpr 40k 1-3,Mean Cells,7.0,72.90633680555554
ALL Tyknu-cpr LR data.xlsx,1 - Tyknu-cpr 40k 1-3,SD Cells,7.0,7.847929263720147
ALL Tyknu-cpr LR data.xlsx,1 - Tyknu-cpr 40k 1-3,SEM Cells,7.0,4.531004072989968
ALL Tyknu-cpr LR data.xlsx,1 - Tyknu-cpr 40k 1-3,N Samples,8.0,3.0
ALL Tyknu-cpr LR data.xlsx,1 - Tyknu-cpr 40k 1-3,Mean Cells,8.0,64.2365234375
ALL Tyknu-cpr LR data.xlsx,1 - Tyknu-cpr 40k 1-3,SD Cells,8.0,5.342923860398075
ALL Tyknu-cpr LR data.xlsx,1 - Tyknu-cpr 40k 1-3,SEM Cells,8.0,3.0847385290605036
ALL Tyknu-cpr LR data.xlsx,1 - Tyknu-cpr 40k 1-3,N Samples,9.0,3.0
ALL Tyknu-cpr LR data.xlsx,1 - Tyknu-cpr 40k 1-3,Mean Cells,9.0,60.56388888888889
ALL Tyknu-cpr LR data.xlsx,1 - Tyknu-cpr 40k 1-3,SD Cells,9.0,1.0412358897952914
ALL Tyknu-cpr LR data.xlsx,1 - Tyknu-cpr 40k 1-3,SEM Cells,9.0,0.601157821263211
ALL Tyknu-cpr LR data.xlsx,1 - Tyknu-cpr 40k 1-3,N Samples,10.0,3.0
ALL Tyknu-cpr LR data.xlsx,1 - Tyknu-cpr 40k 1-3,Mean Cells,10.0,54.30887586805556
ALL Tyknu-cpr LR data.xlsx,1 - Tyknu-cpr 40k 1-3,SD Cells,10.0,4.432965581423475
ALL Tyknu-cpr LR data.xlsx,1 - Tyknu-cpr 40k 1-3,SEM Cells,10.0,2.559373871743189
ALL Tyknu-cpr LR data.xlsx,1 - Tyknu-cpr 40k 1-3,N Samples,11.0,3.0
ALL Tyknu-cpr LR data.xlsx,1 - Tyknu-cpr 40k 1-3,Mean Cells,11.0,53.65199652777778
ALL Tyknu-cpr LR data.xlsx,1 - Tyknu-cpr 40k 1-3,SD Cells,11.0,12.310359814412292
ALL Tyknu-cpr LR data.xlsx,1 - Tyknu-cpr 40k 1-3,SEM Cells,11.0,7.107389552672089
ALL Tyknu-cpr LR data.xlsx,1 - Tyknu-cpr 40k 1-3,N Samples,13.0,3.0
ALL Tyknu-cpr LR data.xlsx,1 - Tyknu-cpr 40k 1-3,Mean Cells,13.0,39.89340928819445
ALL Tyknu-cpr LR data.xlsx,1 - Tyknu-cpr 40k 1-3,SD Cells,13.0,6.695755640092519
ALL Tyknu-cpr LR data.xlsx,1 - Tyknu-cpr 40k 1-3,SEM Cells,13.0,3.8657963212353708
ALL Tyknu-cpr LR data.xlsx,1 - Tyknu-cpr 40k 1-3,N Samples,14.0,3.0
ALL Tyknu-cpr LR data.xlsx,1 - Tyknu-cpr 40k 1-3,Mean Cells,14.0,45.44209700520833
ALL Tyknu-cpr LR data.xlsx,1 - Tyknu-cpr 40k 1-3,SD Cells,14.0,6.87404568062499
ALL Tyknu-cpr LR data.xlsx,1 - Tyknu-cpr 40k 1-3,SEM Cells,14.0,3.9687321241306224
ALL Tyknu-cpr LR data.xlsx,1 - Tyknu 30k 1-1,N Samples,0.0,3.0
ALL Tyknu-cpr LR data.xlsx,1 - Tyknu 30k 1-1,Mean Cells,0.0,50.0
ALL Tyknu-cpr LR data.xlsx,1 - Tyknu 30k 1-1,SD Cells,0.0,0.0
ALL Tyknu-cpr LR data.xlsx,1 - Tyknu 30k 1-1,SEM Cells,0.0,0.0
ALL Tyknu-cpr LR data.xlsx,1 - Tyknu 30k 1-1,N Samples,1.0,3.0
ALL Tyknu-cpr LR data.xlsx,1 - Tyknu 30k 1-1,Mean Cells,1.0,40.80611979166667
ALL Tyknu-cpr LR data.xlsx,1 - Tyknu 30k 1-1,SD Cells,1.0,9.168913111456181
ALL Tyknu-cpr LR data.xlsx,1 - Tyknu 30k 1-1,SEM Cells,1.0,5.293674453075516
ALL Tyknu-cpr LR data.xlsx,1 - Tyknu 30k 1-1,N Samples,2.0,3.0
ALL Tyknu-cpr LR data.xlsx,1 - Tyknu 30k 1-1,Mean Cells,2.0,54.15401475694444
ALL Tyknu-cpr LR data.xlsx,1 - Tyknu 30k 1-1,SD Cells,2.0,1.1555397804927734
ALL Tyknu-cpr LR data.xlsx,1 - Tyknu 30k 1-1,SEM Cells,2.0,0.6671512033268239
ALL Tyknu-cpr LR data.xlsx,1 - Tyknu 30k 1-1,N Samples,3.0,3.0
ALL Tyknu-cpr LR data.xlsx,1 - Tyknu 30k 1-1,Mean Cells,3.0,60.1263888888889
ALL Tyknu-cpr LR data.xlsx,1 - Tyknu 30k 1-1,SD Cells,3.0,2.574419769240562
ALL Tyknu-cpr LR data.xlsx,1 - Tyknu 30k 1-1,SEM Cells,3.0,1.486341946778133
ALL Tyknu-cpr LR data.xlsx,1 - Tyknu 30k 1-1,N Samples,4.0,3.0
ALL Tyknu-cpr LR data.xlsx,1 - Tyknu 30k 1-1,Mean Cells,4.0,67.28196614583334
ALL Tyknu-cpr LR data.xlsx,1 - Tyknu 30k 1-1,SD Cells,4.0,3.327517242578037
ALL Tyknu-cpr LR data.xlsx,1 - Tyknu 30k 1-1,SEM Cells,4.0,1.9211429757355512
ALL Tyknu-cpr LR data.xlsx,1 - Tyknu 30k 1-1,N Samples,5.0,3.0
ALL Tyknu-cpr LR data.xlsx,1 - Tyknu 30k 1-1,Mean Cells,5.0,76.86749131944445
ALL Tyknu-cpr LR data.xlsx,1 - Tyknu 30k 1-1,SD Cells,5.0,7.614694747793908
ALL Tyknu-cpr LR data.xlsx,1 - Tyknu 30k 1-1,SEM Cells,5.0,4.396346062435643
ALL Tyknu-cpr LR data.xlsx,1 - Tyknu 30k 1-1,N Samples,6.0,3.0
ALL Tyknu-cpr LR data.xlsx,1 - Tyknu 30k 1-1,Mean Cells,6.0,57.26896701388889
ALL Tyknu-cpr LR data.xlsx,1 - Tyknu 30k 1-1,SD Cells,6.0,3.116657771360192
ALL Tyknu-cpr LR data.xlsx,1 - Tyknu 30k 1-1,SEM Cells,6.0,1.7994032032667462
ALL Tyknu-cpr LR data.xlsx,1 - Tyknu 30k 1-1,N Samples,7.0,3.0
ALL Tyknu-cpr LR data.xlsx,1 - Tyknu 30k 1-1,Mean Cells,7.0,80.39249131944445
ALL Tyknu-cpr LR data.xlsx,1 - Tyknu 30k 1-1,SD Cells,7.0,5.702540434337015
ALL Tyknu-cpr LR data.xlsx,1 - Tyknu 30k 1-1,SEM Cells,7.0,3.2923632548292012
ALL Tyknu-cpr LR data.xlsx,1 - Tyknu 30k 1-1,N Samples,8.0,3.0
ALL Tyknu-cpr LR data.xlsx,1 - Tyknu 30k 1-1,Mean Cells,8.0,7.376959635416667
ALL Tyknu-cpr LR data.xlsx,1 - Tyknu 30k 1-1,SD Cells,8.0,1.3334445980695613
ALL Tyknu-cpr LR data.xlsx,1 - Tyknu 30k 1-1,SEM Cells,8.0,0.7698645976449136
ALL Tyknu-cpr LR data.xlsx,1 - Tyknu 30k 1-1,N Samples,9.0,3.0
ALL Tyknu-cpr LR data.xlsx,1 - Tyknu 30k 1-1,Mean Cells,9.0,13.747439236111111
ALL Tyknu-cpr LR data.xlsx,1 - Tyknu 30k 1-1,SD Cells,9.0,2.38574708148539
ALL Tyknu-cpr LR data.xlsx,1 - Tyknu 30k 1-1,SEM Cells,9.0,1.377411719713954
ALL Tyknu-cpr LR data.xlsx,1 - Tyknu 30k 1-1,N Samples,10.0,3.0
ALL Tyknu-cpr LR data.xlsx,1 - Tyknu 30k 1-1,Mean Cells,10.0,12.539657118055556
ALL Tyknu-cpr LR data.xlsx,1 - Tyknu 30k 1-1,SD Cells,10.0,2.256153917622252
ALL Tyknu-cpr LR data.xlsx,1 - Tyknu 30k 1-1,SEM Cells,10.0,1.3025910716724358
ALL Tyknu-cpr LR data.xlsx,1 - Tyknu 30k 1-1,N Samples,11.0,3.0
ALL Tyknu-cpr LR data.xlsx,1 - Tyknu 30k 1-1,Mean Cells,11.0,8.327669270833335
ALL Tyknu-cpr LR data.xlsx,1 - Tyknu 30k 1-1,SD Cells,11.0,0.3296161592503698
ALL Tyknu-cpr LR data.xlsx,1 - Tyknu 30k 1-1,SEM Cells,11.0,0.19030397827245157
ALL Tyknu-cpr LR data.xlsx,1 - Tyknu 30k 1-1,N Samples,13.0,3.0
ALL Tyknu-cpr LR data.xlsx,1 - Tyknu 30k 1-1,Mean Cells,13.0,8.054565972222223
ALL Tyknu-cpr LR data.xlsx,1 - Tyknu 30k 1-1,SD Cells,13.0,0.9055490444419928
ALL Tyknu-cpr LR data.xlsx,1 - Tyknu 30k 1-1,SEM Cells,13.0,0.5228189845729929
ALL Tyknu-cpr LR data.xlsx,1 - Tyknu 30k 1-1,N Samples,14.0,3.0
ALL Tyknu-cpr LR data.xlsx,1 - Tyknu 30k 1-1,Mean Cells,14.0,5.72056640625
ALL Tyknu-cpr LR data.xlsx,1 - Tyknu 30k 1-1,SD Cells,14.0,1.870336239969943
ALL Tyknu-cpr LR data.xlsx,1 - Tyknu 30k 1-1,SEM Cells,14.0,1.0798391316217593
ALL Tyknu-cpr LR data.xlsx,1 - Tyknu-cpr 30k 1-1,N Samples,0.0,3.0
ALL Tyknu-cpr LR data.xlsx,1 - Tyknu-cpr 30k 1-1,Mean Cells,0.0,50.0
ALL Tyknu-cpr LR data.xlsx,1 - Tyknu-cpr 30k 1-1,SD Cells,0.0,0.0
ALL Tyknu-cpr LR data.xlsx,1 - Tyknu-cpr 30k 1-1,SEM Cells,0.0,0.0
ALL Tyknu-cpr LR data.xlsx,1 - Tyknu-cpr 30k 1-1,N Samples,1.0,3.0
ALL Tyknu-cpr LR data.xlsx,1 - Tyknu-cpr 30k 1-1,Mean Cells,1.0,33.19674479166667
ALL Tyknu-cpr LR data.xlsx,1 - Tyknu-cpr 30k 1-1,SD Cells,1.0,8.44344123848691
ALL Tyknu-cpr LR data.xlsx,1 - Tyknu-cpr 30k 1-1,SEM Cells,1.0,4.874823071927205
ALL Tyknu-cpr LR data.xlsx,1 - Tyknu-cpr 30k 1-1,N Samples,2.0,3.0
ALL Tyknu-cpr LR data.xlsx,1 - Tyknu-cpr 30k 1-1,Mean Cells,2.0,40.341710069444446
ALL Tyknu-cpr LR data.xlsx,1 - Tyknu-cpr 30k 1-1,SD Cells,2.0,11.28289356141622
ALL Tyknu-cpr LR data.xlsx,1 - Tyknu-cpr 30k 1-1,SEM Cells,2.0,6.51418163492155
ALL Tyknu-cpr LR data.xlsx,1 - Tyknu-cpr 30k 1-1,N Samples,3.0,3.0
ALL Tyknu-cpr LR data.xlsx,1 - Tyknu-cpr 30k 1-1,Mean Cells,3.0,58.608268229166676
ALL Tyknu-cpr LR data.xlsx,1 - Tyknu-cpr 30k 1-1,SD Cells,3.0,15.08820773879596
ALL Tyknu-cpr LR data.xlsx,1 - Tyknu-cpr 30k 1-1,SEM Cells,3.0,8.711180799582843
ALL Tyknu-cpr LR data.xlsx,1 - Tyknu-cpr 30k 1-1,N Samples,4.0,3.0
ALL Tyknu-cpr LR data.xlsx,1 - Tyknu-cpr 30k 1-1,Mean Cells,4.0,69.45668402777778
ALL Tyknu-cpr LR data.xlsx,1 - Tyknu-cpr 30k 1-1,SD Cells,4.0,10.52058840956087
ALL Tyknu-cpr LR data.xlsx,1 - Tyknu-cpr 30k 1-1,SEM Cells,4.0,6.074064550293226
ALL Tyknu-cpr LR data.xlsx,1 - Tyknu-cpr 30k 1-1,N Samples,5.0,3.0
ALL Tyknu-cpr LR data.xlsx,1 - Tyknu-cpr 30k 1-1,Mean Cells,5.0,55.59869791666667
ALL Tyknu-cpr LR data.xlsx,1 - Tyknu-cpr 30k 1-1,SD Cells,5.0,6.123046065437769
ALL Tyknu-cpr LR data.xlsx,1 - Tyknu-cpr 30k 1-1,SEM Cells,5.0,3.535142294140975
ALL Tyknu-cpr LR data.xlsx,1 - Tyknu-cpr 30k 1-1,N Samples,6.0,3.0
ALL Tyknu-cpr LR data.xlsx,1 - Tyknu-cpr 30k 1-1,Mean Cells,6.0,45.54735243055555
ALL Tyknu-cpr LR data.xlsx,1 - Tyknu-cpr 30k 1-1,SD Cells,6.0,1.014259699999496
ALL Tyknu-cpr LR data.xlsx,1 - Tyknu-cpr 30k 1-1,SEM Cells,6.0,0.585583110822898
ALL Tyknu-cpr LR data.xlsx,1 - Tyknu-cpr 30k 1-1,N Samples,7.0,3.0
ALL Tyknu-cpr LR data.xlsx,1 - Tyknu-cpr 30k 1-1,Mean Cells,7.0,48.666210937500004
ALL Tyknu-cpr LR data.xlsx,1 - Tyknu-cpr 30k 1-1,SD Cells,7.0,7.276951079100101
ALL Tyknu-cpr LR data.xlsx,1 - Tyknu-cpr 30k 1-1,SEM Cells,7.0,4.201349664398181
ALL Tyknu-cpr LR data.xlsx,1 - Tyknu-cpr 30k 1-1,N Samples,8.0,3.0
ALL Tyknu-cpr LR data.xlsx,1 - Tyknu-cpr 30k 1-1,Mean Cells,8.0,35.891124131944444
ALL Tyknu-cpr LR data.xlsx,1 - Tyknu-cpr 30k 1-1,SD Cells,8.0,5.462970076695809
ALL Tyknu-cpr LR data.xlsx,1 - Tyknu-cpr 30k 1-1,SEM Cells,8.0,3.154047244355196
ALL Tyknu-cpr LR data.xlsx,1 - Tyknu-cpr 30k 1-1,N Samples,9.0,3.0
ALL Tyknu-cpr LR data.xlsx,1 - Tyknu-cpr 30k 1-1,Mean Cells,9.0,41.31514756944445
ALL Tyknu-cpr LR data.xlsx,1 - Tyknu-cpr 30k 1-1,SD Cells,9.0,4.464661637521087
ALL Tyknu-cpr LR data.xlsx,1 - Tyknu-cpr 30k 1-1,SEM Cells,9.0,2.577673598263395
ALL Tyknu-cpr LR data.xlsx,1 - Tyknu-cpr 30k 1-1,N Samples,10.0,3.0
ALL Tyknu-cpr LR data.xlsx,1 - Tyknu-cpr 30k 1-1,Mean Cells,10.0,35.69435763888889
ALL Tyknu-cpr LR data.xlsx,1 - Tyknu-cpr 30k 1-1,SD Cells,10.0,5.297635924844277
ALL Tyknu-cpr LR data.xlsx,1 - Tyknu-cpr 30k 1-1,SEM Cells,10.0,3.0585915272774757
ALL Tyknu-cpr LR data.xlsx,1 - Tyknu-cpr 30k 1-1,N Samples,11.0,3.0
ALL Tyknu-cpr LR data.xlsx,1 - Tyknu-cpr 30k 1-1,Mean Cells,11.0,29.93567708333333
ALL Tyknu-cpr LR data.xlsx,1 - Tyknu-cpr 30k 1-1,SD Cells,11.0,4.007990839251692
ALL Tyknu-cpr LR data.xlsx,1 - Tyknu-cpr 30k 1-1,SEM Cells,11.0,2.3140145899515185
ALL Tyknu-cpr LR data.xlsx,1 - Tyknu-cpr 30k 1-1,N Samples,12.0,3.0
ALL Tyknu-cpr LR data.xlsx,1 - Tyknu-cpr 30k 1-1,Mean Cells,12.0,30.6873263888889
ALL Tyknu-cpr LR data.xlsx,1 - Tyknu-cpr 30k 1-1,SD Cells,12.0,6.236549089321221
ALL Tyknu-cpr LR data.xlsx,1 - Tyknu-cpr 30k 1-1,SEM Cells,12.0,3.6006732955339222
ALL Tyknu-cpr LR data.xlsx,1 - Tyknu-cpr 30k 1-1,N Samples,13.0,3.0
ALL Tyknu-cpr LR data.xlsx,1 - Tyknu-cpr 30k 1-1,Mean Cells,13.0,24.25078125
ALL Tyknu-cpr LR data.xlsx,1 - Tyknu-cpr 30k 1-1,SD Cells,13.0,7.483579086709008
ALL Tyknu-cpr LR data.xlsx,1 - Tyknu-cpr 30k 1-1,SEM Cells,13.0,4.3206464002133
ALL Tyknu-cpr LR data.xlsx,1 - Tyknu-cpr 30k 1-1,N Samples,14.0,3.0
ALL Tyknu-cpr LR data.xlsx,1 - Tyknu-cpr 30k 1-1,Mean Cells,14.0,23.848914930555555
ALL Tyknu-cpr LR data.xlsx,1 - Tyknu-cpr 30k 1-1,SD Cells,14.0,2.3781768559989036
ALL Tyknu-cpr LR data.xlsx,1 - Tyknu-cpr 30k 1-1,SEM Cells,14.0,1.373041047991505
ALL Tyknu-cpr LR data.xlsx,1 - Tyknu 40k 1-1,N Samples,0.0,3.0
ALL Tyknu-cpr LR data.xlsx,1 - Tyknu 40k 1-1,Mean Cells,0.0,66.5
ALL Tyknu-cpr LR data.xlsx,1 - Tyknu 40k 1-1,SD Cells,0.0,0.0
ALL Tyknu-cpr LR data.xlsx,1 - Tyknu 40k 1-1,SEM Cells,0.0,0.0
ALL Tyknu-cpr LR data.xlsx,1 - Tyknu 40k 1-1,N Samples,1.0,3.0
ALL Tyknu-cpr LR data.xlsx,1 - Tyknu 40k 1-1,Mean Cells,1.0,68.71048177083334
ALL Tyknu-cpr LR data.xlsx,1 - Tyknu 40k 1-1,SD Cells,1.0,17.940976459901453
ALL Tyknu-cpr LR data.xlsx,1 - Tyknu 40k 1-1,SEM Cells,1.0,10.358227588648843
ALL Tyknu-cpr LR data.xlsx,1 - Tyknu 40k 1-1,N Samples,2.0,3.0
ALL Tyknu-cpr LR data.xlsx,1 - Tyknu 40k 1-1,Mean Cells,2.0,87.94835069444446
ALL Tyknu-cpr LR data.xlsx,1 - Tyknu 40k 1-1,SD Cells,2.0,28.421101873727647
ALL Tyknu-cpr LR data.xlsx,1 - Tyknu 40k 1-1,SEM Cells,2.0,16.408930817462434
ALL Tyknu-cpr LR data.xlsx,1 - Tyknu 40k 1-1,N Samples,3.0,3.0
ALL Tyknu-cpr LR data.xlsx,1 - Tyknu 40k 1-1,Mean Cells,3.0,83.6728515625
ALL Tyknu-cpr LR data.xlsx,1 - Tyknu 40k 1-1,SD Cells,3.0,38.789503557623824
ALL Tyknu-cpr LR data.xlsx,1 - Tyknu 40k 1-1,SEM Cells,3.0,22.39513032072606
ALL Tyknu-cpr LR data.xlsx,1 - Tyknu 40k 1-1,N Samples,4.0,3.0
ALL Tyknu-cpr LR data.xlsx,1 - Tyknu 40k 1-1,Mean Cells,4.0,96.98656684027776
ALL Tyknu-cpr LR data.xlsx,1 - Tyknu 40k 1-1,SD Cells,4.0,44.103290910458675
ALL Tyknu-cpr LR data.xlsx,1 - Tyknu 40k 1-1,SEM Cells,4.0,25.463046879301693
ALL Tyknu-cpr LR data.xlsx,1 - Tyknu 40k 1-1,N Samples,5.0,3.0
ALL Tyknu-cpr LR data.xlsx,1 - Tyknu 40k 1-1,Mean Cells,5.0,102.9873480902778
ALL Tyknu-cpr LR data.xlsx,1 - Tyknu 40k 1-1,SD Cells,5.0,41.37838343397159
ALL Tyknu-cpr LR data.xlsx,1 - Tyknu 40k 1-1,SEM Cells,5.0,23.88982081423505
ALL Tyknu-cpr LR data.xlsx,1 - Tyknu 40k 1-1,N Samples,6.0,3.0
ALL Tyknu-cpr LR data.xlsx,1 - Tyknu 40k 1-1,Mean Cells,6.0,71.44401041666667
ALL Tyknu-cpr LR data.xlsx,1 - Tyknu 40k 1-1,SD Cells,6.0,22.267204611765447
ALL Tyknu-cpr LR data.xlsx,1 - Tyknu 40k 1-1,SEM Cells,6.0,12.855976576703258
ALL Tyknu-cpr LR data.xlsx,1 - Tyknu 40k 1-1,N Samples,7.0,3.0
ALL Tyknu-cpr LR data.xlsx,1 - Tyknu 40k 1-1,Mean Cells,7.0,107.61582031250002
ALL Tyknu-cpr LR data.xlsx,1 - Tyknu 40k 1-1,SD Cells,7.0,23.782157026970665
ALL Tyknu-cpr LR data.xlsx,1 - Tyknu 40k 1-1,SEM Cells,7.0,13.730634761431464
ALL Tyknu-cpr LR data.xlsx,1 - Tyknu 40k 1-1,N Samples,8.0,3.0
ALL Tyknu-cpr LR data.xlsx,1 - Tyknu 40k 1-1,Mean Cells,8.0,11.298784722222221
ALL Tyknu-cpr LR data.xlsx,1 - Tyknu 40k 1-1,SD Cells,8.0,3.1447254406570986
ALL Tyknu-cpr LR data.xlsx,1 - Tyknu 40k 1-1,SEM Cells,8.0,1.8156080796908405
ALL Tyknu-cpr LR data.xlsx,1 - Tyknu 40k 1-1,N Samples,9.0,3.0
ALL Tyknu-cpr LR data.xlsx,1 - Tyknu 40k 1-1,Mean Cells,9.0,17.301236979166667
ALL Tyknu-cpr LR data.xlsx,1 - Tyknu 40k 1-1,SD Cells,9.0,5.506598797288318
ALL Tyknu-cpr LR data.xlsx,1 - Tyknu 40k 1-1,SEM Cells,9.0,3.1792362979336803
ALL Tyknu-cpr LR data.xlsx,1 - Tyknu 40k 1-1,N Samples,10.0,3.0
ALL Tyknu-cpr LR data.xlsx,1 - Tyknu 40k 1-1,Mean Cells,10.0,15.080555555555557
ALL Tyknu-cpr LR data.xlsx,1 - Tyknu 40k 1-1,SD Cells,10.0,4.768376692938808
ALL Tyknu-cpr LR data.xlsx,1 - Tyknu 40k 1-1,SEM Cells,10.0,2.753023567265758
ALL Tyknu-cpr LR data.xlsx,1 - Tyknu 40k 1-1,N Samples,11.0,3.0
ALL Tyknu-cpr LR data.xlsx,1 - Tyknu 40k 1-1,Mean Cells,11.0,11.542951388888888
ALL Tyknu-cpr LR data.xlsx,1 - Tyknu 40k 1-1,SD Cells,11.0,3.4523554670931476
ALL Tyknu-cpr LR data.xlsx,1 - Tyknu 40k 1-1,SEM Cells,11.0,1.993218358264505
ALL Tyknu-cpr LR data.xlsx,1 - Tyknu 40k 1-1,N Samples,13.0,3.0
ALL Tyknu-cpr LR data.xlsx,1 - Tyknu 40k 1-1,Mean Cells,13.0,12.920117187499997
ALL Tyknu-cpr LR data.xlsx,1 - Tyknu 40k 1-1,SD Cells,13.0,4.0538091012449335
ALL Tyknu-cpr LR data.xlsx,1 - Tyknu 40k 1-1,SEM Cells,13.0,2.3404677758471175
ALL Tyknu-cpr LR data.xlsx,1 - Tyknu 40k 1-1,N Samples,14.0,3.0
ALL Tyknu-cpr LR data.xlsx,1 - Tyknu 40k 1-1,Mean Cells,14.0,10.79890625
ALL Tyknu-cpr LR data.xlsx,1 - Tyknu 40k 1-1,SD Cells,14.0,1.9427688951040556
ALL Tyknu-cpr LR data.xlsx,1 - Tyknu 40k 1-1,SEM Cells,14.0,1.1216581445615583
ALL Tyknu-cpr LR data.xlsx,1 - Tyknu-cpr 40k 1-1,N Samples,0.0,3.0
ALL Tyknu-cpr LR data.xlsx,1 - Tyknu-cpr 40k 1-1,Mean Cells,0.0,66.5
ALL Tyknu-cpr LR data.xlsx,1 - Tyknu-cpr 40k 1-1,SD Cells,0.0,0.0
ALL Tyknu-cpr LR data.xlsx,1 - Tyknu-cpr 40k 1-1,SEM Cells,0.0,0.0
ALL Tyknu-cpr LR data.xlsx,1 - Tyknu-cpr 40k 1-1,N Samples,1.0,3.0
ALL Tyknu-cpr LR data.xlsx,1 - Tyknu-cpr 40k 1-1,Mean Cells,1.0,40.53331163194445
ALL Tyknu-cpr LR data.xlsx,1 - Tyknu-cpr 40k 1-1,SD Cells,1.0,20.719810441091187
ALL Tyknu-cpr LR data.xlsx,1 - Tyknu-cpr 40k 1-1,SEM Cells,1.0,11.962588135722017
ALL Tyknu-cpr LR data.xlsx,1 - Tyknu-cpr 40k 1-1,N Samples,2.0,3.0
ALL Tyknu-cpr LR data.xlsx,1 - Tyknu-cpr 40k 1-1,Mean Cells,2.0,61.15253906250001
ALL Tyknu-cpr LR data.xlsx,1 - Tyknu-cpr 40k 1-1,SD Cells,2.0,28.61873240878902
ALL Tyknu-cpr LR data.xlsx,1 - Tyknu-cpr 40k 1-1,SEM Cells,2.0,16.523032860080207
ALL Tyknu-cpr LR data.xlsx,1 - Tyknu-cpr 40k 1-1,N Samples,3.0,3.0
ALL Tyknu-cpr LR data.xlsx,1 - Tyknu-cpr 40k 1-1,Mean Cells,3.0,67.94348958333333
ALL Tyknu-cpr LR data.xlsx,1 - Tyknu-cpr 40k 1-1,SD Cells,3.0,27.715517320809806
ALL Tyknu-cpr LR data.xlsx,1 - Tyknu-cpr 40k 1-1,SEM Cells,3.0,16.00156138589928
ALL Tyknu-cpr LR data.xlsx,1 - Tyknu-cpr 40k 1-1,N Samples,4.0,3.0
ALL Tyknu-cpr LR data.xlsx,1 - Tyknu-cpr 40k 1-1,Mean Cells,4.0,67.70230034722222
ALL Tyknu-cpr LR data.xlsx,1 - Tyknu-cpr 40k 1-1,SD Cells,4.0,10.833083839543177
ALL Tyknu-cpr LR data.xlsx,1 - Tyknu-cpr 40k 1-1,SEM Cells,4.0,6.254483870914038
ALL Tyknu-cpr LR data.xlsx,1 - Tyknu-cpr 40k 1-1,N Samples,5.0,3.0
ALL Tyknu-cpr LR data.xlsx,1 - Tyknu-cpr 40k 1-1,Mean Cells,5.0,54.00629340277778
ALL Tyknu-cpr LR data.xlsx,1 - Tyknu-cpr 40k 1-1,SD Cells,5.0,6.487434982510835
ALL Tyknu-cpr LR data.xlsx,1 - Tyknu-cpr 40k 1-1,SEM Cells,5.0,3.745522333502826
ALL Tyknu-cpr LR data.xlsx,1 - Tyknu-cpr 40k 1-1,N Samples,6.0,3.0
ALL Tyknu-cpr LR data.xlsx,1 - Tyknu-cpr 40k 1-1,Mean Cells,6.0,46.13140190972223
ALL Tyknu-cpr LR data.xlsx,1 - Tyknu-cpr 40k 1-1,SD Cells,6.0,6.4074392082161395
ALL Tyknu-cpr LR data.xlsx,1 - Tyknu-cpr 40k 1-1,SEM Cells,6.0,3.699336751679751
ALL Tyknu-cpr LR data.xlsx,1 - Tyknu-cpr 40k 1-1,N Samples,7.0,3.0
ALL Tyknu-cpr LR data.xlsx,1 - Tyknu-cpr 40k 1-1,Mean Cells,7.0,47.78532986111111
ALL Tyknu-cpr LR data.xlsx,1 - Tyknu-cpr 40k 1-1,SD Cells,7.0,12.203852917711927
ALL Tyknu-cpr LR data.xlsx,1 - Tyknu-cpr 40k 1-1,SEM Cells,7.0,7.0458977671915815
ALL Tyknu-cpr LR data.xlsx,1 - Tyknu-cpr 40k 1-1,N Samples,8.0,3.0
ALL Tyknu-cpr LR data.xlsx,1 - Tyknu-cpr 40k 1-1,Mean Cells,8.0,39.71807725694444
ALL Tyknu-cpr LR data.xlsx,1 - Tyknu-cpr 40k 1-1,SD Cells,8.0,9.621990573459655
ALL Tyknu-cpr LR data.xlsx,1 - Tyknu-cpr 40k 1-1,SEM Cells,8.0,5.555258847726974
ALL Tyknu-cpr LR data.xlsx,1 - Tyknu-cpr 40k 1-1,N Samples,9.0,3.0
ALL Tyknu-cpr LR data.xlsx,1 - Tyknu-cpr 40k 1-1,Mean Cells,9.0,39.57654079861111
ALL Tyknu-cpr LR data.xlsx,1 - Tyknu-cpr 40k 1-1,SD Cells,9.0,13.17024397807468
ALL Tyknu-cpr LR data.xlsx,1 - Tyknu-cpr 40k 1-1,SEM Cells,9.0,7.603843906034465
ALL Tyknu-cpr LR data.xlsx,1 - Tyknu-cpr 40k 1-1,N Samples,10.0,3.0
ALL Tyknu-cpr LR data.xlsx,1 - Tyknu-cpr 40k 1-1,Mean Cells,10.0,35.50470920138889
ALL Tyknu-cpr LR data.xlsx,1 - Tyknu-cpr 40k 1-1,SD Cells,10.0,14.434628934662891
ALL Tyknu-cpr LR data.xlsx,1 - Tyknu-cpr 40k 1-1,SEM Cells,10.0,8.333836901079982
ALL Tyknu-cpr LR data.xlsx,1 - Tyknu-cpr 40k 1-1,N Samples,11.0,3.0
ALL Tyknu-cpr LR data.xlsx,1 - Tyknu-cpr 40k 1-1,Mean Cells,11.0,27.703624131944448
ALL Tyknu-cpr LR data.xlsx,1 - Tyknu-cpr 40k 1-1,SD Cells,11.0,7.707380162964788
ALL Tyknu-cpr LR data.xlsx,1 - Tyknu-cpr 40k 1-1,SEM Cells,11.0,4.449858011834502
ALL Tyknu-cpr LR data.xlsx,1 - Tyknu-cpr 40k 1-1,N Samples,12.0,3.0
ALL Tyknu-cpr LR data.xlsx,1 - Tyknu-cpr 40k 1-1,Mean Cells,12.0,35.05766059027778
ALL Tyknu-cpr LR data.xlsx,1 - Tyknu-cpr 40k 1-1,SD Cells,12.0,13.511964159225258
ALL Tyknu-cpr LR data.xlsx,1 - Tyknu-cpr 40k 1-1,SEM Cells,12.0,7.801136144609278
ALL Tyknu-cpr LR data.xlsx,1 - Tyknu-cpr 40k 1-1,N Samples,13.0,3.0
ALL Tyknu-cpr LR data.xlsx,1 - Tyknu-cpr 40k 1-1,Mean Cells,13.0,25.720377604166668
ALL Tyknu-cpr LR data.xlsx,1 - Tyknu-cpr 40k 1-1,SD Cells,13.0,7.5246335624394085
ALL Tyknu-cpr LR data.xlsx,1 - Tyknu-cpr 40k 1-1,SEM Cells,13.0,4.3443492128276855
ALL Tyknu-cpr LR data.xlsx,1 - Tyknu-cpr 40k 1-1,N Samples,14.0,3.0
ALL Tyknu-cpr LR data.xlsx,1 - Tyknu-cpr 40k 1-1,Mean Cells,14.0,28.30431857638889
ALL Tyknu-cpr LR data.xlsx,1 - Tyknu-cpr 40k 1-1,SD Cells,14.0,7.1683443661676485
ALL Tyknu-cpr LR data.xlsx,1 - Tyknu-cpr 40k 1-1,SEM Cells,14.0,4.138645549450829
ALL Tyknu-cpr LR data.xlsx,1 - Tyknu 30k 3-1,N Samples,0.0,3.0
ALL Tyknu-cpr LR data.xlsx,1 - Tyknu 30k 3-1,Mean Cells,0.0,75.0
ALL Tyknu-cpr LR data.xlsx,1 - Tyknu 30k 3-1,SD Cells,0.0,0.0
ALL Tyknu-cpr LR data.xlsx,1 - Tyknu 30k 3-1,SEM Cells,0.0,0.0
ALL Tyknu-cpr LR data.xlsx,1 - Tyknu 30k 3-1,N Samples,1.0,3.0
ALL Tyknu-cpr LR data.xlsx,1 - Tyknu 30k 3-1,Mean Cells,1.0,87.6945529513889
ALL Tyknu-cpr LR data.xlsx,1 - Tyknu 30k 3-1,SD Cells,1.0,33.49431495180283
ALL Tyknu-cpr LR data.xlsx,1 - Tyknu 30k 3-1,SEM Cells,1.0,19.33795175374547
ALL Tyknu-cpr LR data.xlsx,1 - Tyknu 30k 3-1,N Samples,2.0,3.0
ALL Tyknu-cpr LR data.xlsx,1 - Tyknu 30k 3-1,Mean Cells,2.0,85.21959635416665
ALL Tyknu-cpr LR data.xlsx,1 - Tyknu 30k 3-1,SD Cells,2.0,33.554617876806915
ALL Tyknu-cpr LR data.xlsx,1 - Tyknu 30k 3-1,SEM Cells,2.0,19.3727676637295
ALL Tyknu-cpr LR data.xlsx,1 - Tyknu 30k 3-1,N Samples,3.0,3.0
ALL Tyknu-cpr LR data.xlsx,1 - Tyknu 30k 3-1,Mean Cells,3.0,149.34016927083334
ALL Tyknu-cpr LR data.xlsx,1 - Tyknu 30k 3-1,SD Cells,3.0,24.22308651085997
ALL Tyknu-cpr LR data.xlsx,1 - Tyknu 30k 3-1,SEM Cells,3.0,13.985205517648598
ALL Tyknu-cpr LR data.xlsx,1 - Tyknu 30k 3-1,N Samples,4.0,3.0
ALL Tyknu-cpr LR data.xlsx,1 - Tyknu 30k 3-1,Mean Cells,4.0,115.46171875
ALL Tyknu-cpr LR data.xlsx,1 - Tyknu 30k 3-1,SD Cells,4.0,25.924933617152377
ALL Tyknu-cpr LR data.xlsx,1 - Tyknu 30k 3-1,SEM Cells,4.0,14.967767402586103
ALL Tyknu-cpr LR data.xlsx,1 - Tyknu 30k 3-1,N Samples,5.0,3.0
ALL Tyknu-cpr LR data.xlsx,1 - Tyknu 30k 3-1,N Samples,6.0,3.0
ALL Tyknu-cpr LR data.xlsx,1 - Tyknu 30k 3-1,Mean Cells,6.0,115.26286892361111
ALL Tyknu-cpr LR data.xlsx,1 - Tyknu 30k 3-1,SD Cells,6.0,34.35621196088359
ALL Tyknu-cpr LR data.xlsx,1 - Tyknu 30k 3-1,SEM Cells,6.0,19.835568223951984
ALL Tyknu-cpr LR data.xlsx,1 - Tyknu 30k 3-1,N Samples,7.0,3.0
ALL Tyknu-cpr LR data.xlsx,1 - Tyknu 30k 3-1,Mean Cells,7.0,246.58604600694443
ALL Tyknu-cpr LR data.xlsx,1 - Tyknu 30k 3-1,SD Cells,7.0,47.65182352090804
ALL Tyknu-cpr LR data.xlsx,1 - Tyknu 30k 3-1,SEM Cells,7.0,27.5117931371728
ALL Tyknu-cpr LR data.xlsx,1 - Tyknu 30k 3-1,N Samples,8.0,3.0
ALL Tyknu-cpr LR data.xlsx,1 - Tyknu 30k 3-1,Mean Cells,8.0,20.250195312499997
ALL Tyknu-cpr LR data.xlsx,1 - Tyknu 30k 3-1,SD Cells,8.0,1.4247642232802198
ALL Tyknu-cpr LR data.xlsx,1 - Tyknu 30k 3-1,SEM Cells,8.0,0.822588007842583
ALL Tyknu-cpr LR data.xlsx,1 - Tyknu 30k 3-1,N Samples,9.0,3.0
ALL Tyknu-cpr LR data.xlsx,1 - Tyknu 30k 3-1,Mean Cells,9.0,19.386430121527777
ALL Tyknu-cpr LR data.xlsx,1 - Tyknu 30k 3-1,SD Cells,9.0,8.270066045820867
ALL Tyknu-cpr LR data.xlsx,1 - Tyknu 30k 3-1,SEM Cells,9.0,4.774724857770662
ALL Tyknu-cpr LR data.xlsx,1 - Tyknu 30k 3-1,N Samples,10.0,3.0
ALL Tyknu-cpr LR data.xlsx,1 - Tyknu 30k 3-1,Mean Cells,10.0,23.746983506944446
ALL Tyknu-cpr LR data.xlsx,1 - Tyknu 30k 3-1,SD Cells,10.0,4.937355510387715
ALL Tyknu-cpr LR data.xlsx,1 - Tyknu 30k 3-1,SEM Cells,10.0,2.8505835330072298
ALL Tyknu-cpr LR data.xlsx,1 - Tyknu 30k 3-1,N Samples,11.0,3.0
ALL Tyknu-cpr LR data.xlsx,1 - Tyknu 30k 3-1,Mean Cells,11.0,13.864887152777776
ALL Tyknu-cpr LR data.xlsx,1 - Tyknu 30k 3-1,SD Cells,11.0,4.153037654835384
ALL Tyknu-cpr LR data.xlsx,1 - Tyknu 30k 3-1,SEM Cells,11.0,2.397757407973861
ALL Tyknu-cpr LR data.xlsx,1 - Tyknu 30k 3-1,N Samples,13.0,3.0
ALL Tyknu-cpr LR data.xlsx,1 - Tyknu 30k 3-1,Mean Cells,13.0,14.879722222222222
ALL Tyknu-cpr LR data.xlsx,1 - Tyknu 30k 3-1,SD Cells,13.0,7.155210979040662
ALL Tyknu-cpr LR data.xlsx,1 - Tyknu 30k 3-1,SEM Cells,13.0,4.131062984857692
ALL Tyknu-cpr LR data.xlsx,1 - Tyknu 30k 3-1,N Samples,14.0,3.0
ALL Tyknu-cpr LR data.xlsx,1 - Tyknu 30k 3-1,Mean Cells,14.0,14.801345486111112
ALL Tyknu-cpr LR data.xlsx,1 - Tyknu 30k 3-1,SD Cells,14.0,5.185368989764698
ALL Tyknu-cpr LR data.xlsx,1 - Tyknu 30k 3-1,SEM Cells,14.0,2.9937741820881865
ALL Tyknu-cpr LR data.xlsx,1 - Tyknu-cpr 30k 3-1,N Samples,0.0,3.0
ALL Tyknu-cpr LR data.xlsx,1 - Tyknu-cpr 30k 3-1,Mean Cells,0.0,25.0
ALL Tyknu-cpr LR data.xlsx,1 - Tyknu-cpr 30k 3-1,SD Cells,0.0,0.0
ALL Tyknu-cpr LR data.xlsx,1 - Tyknu-cpr 30k 3-1,SEM Cells,0.0,0.0
ALL Tyknu-cpr LR data.xlsx,1 - Tyknu-cpr 30k 3-1,N Samples,1.0,3.0
ALL Tyknu-cpr LR data.xlsx,1 - Tyknu-cpr 30k 3-1,Mean Cells,1.0,16.028819444444448
ALL Tyknu-cpr LR data.xlsx,1 - Tyknu-cpr 30k 3-1,SD Cells,1.0,7.594868009851488
ALL Tyknu-cpr LR data.xlsx,1 - Tyknu-cpr 30k 3-1,SEM Cells,1.0,4.384899089947434
ALL Tyknu-cpr LR data.xlsx,1 - Tyknu-cpr 30k 3-1,N Samples,2.0,3.0
ALL Tyknu-cpr LR data.xlsx,1 - Tyknu-cpr 30k 3-1,Mean Cells,2.0,22.801236979166664
ALL Tyknu-cpr LR data.xlsx,1 - Tyknu-cpr 30k 3-1,SD Cells,2.0,12.40491071969687
ALL Tyknu-cpr LR data.xlsx,1 - Tyknu-cpr 30k 3-1,SEM Cells,2.0,7.161978543290263
ALL Tyknu-cpr LR data.xlsx,1 - Tyknu-cpr 30k 3-1,N Samples,3.0,3.0
ALL Tyknu-cpr LR data.xlsx,1 - Tyknu-cpr 30k 3-1,Mean Cells,3.0,35.36543185763889
ALL Tyknu-cpr LR data.xlsx,1 - Tyknu-cpr 30k 3-1,SD Cells,3.0,21.408036229492843
ALL Tyknu-cpr LR data.xlsx,1 - Tyknu-cpr 30k 3-1,SEM Cells,3.0,12.359935479918954
ALL Tyknu-cpr LR data.xlsx,1 - Tyknu-cpr 30k 3-1,N Samples,4.0,3.0
ALL Tyknu-cpr LR data.xlsx,1 - Tyknu-cpr 30k 3-1,Mean Cells,4.0,37.583658854166664
ALL Tyknu-cpr LR data.xlsx,1 - Tyknu-cpr 30k 3-1,SD Cells,4.0,15.65109972802013
ALL Tyknu-cpr LR data.xlsx,1 - Tyknu-cpr 30k 3-1,SEM Cells,4.0,9.036166641086101
ALL Tyknu-cpr LR data.xlsx,1 - Tyknu-cpr 30k 3-1,N Samples,5.0,3.0
ALL Tyknu-cpr LR data.xlsx,1 - Tyknu-cpr 30k 3-1,N Samples,6.0,3.0
ALL Tyknu-cpr LR data.xlsx,1 - Tyknu-cpr 30k 3-1,Mean Cells,6.0,27.016601562500004
ALL Tyknu-cpr LR data.xlsx,1 - Tyknu-cpr 30k 3-1,SD Cells,6.0,5.97637833889284
ALL Tyknu-cpr LR data.xlsx,1 - Tyknu-cpr 30k 3-1,SEM Cells,6.0,3.45046364273883
ALL Tyknu-cpr LR data.xlsx,1 - Tyknu-cpr 30k 3-1,N Samples,7.0,3.0
ALL Tyknu-cpr LR data.xlsx,1 - Tyknu-cpr 30k 3-1,Mean Cells,7.0,23.316753472222228
ALL Tyknu-cpr LR data.xlsx,1 - Tyknu-cpr 30k 3-1,SD Cells,7.0,4.639080841042274
ALL Tyknu-cpr LR data.xlsx,1 - Tyknu-cpr 30k 3-1,SEM Cells,7.0,2.6783745723681927
ALL Tyknu-cpr LR data.xlsx,1 - Tyknu-cpr 30k 3-1,N Samples,8.0,3.0
ALL Tyknu-cpr LR data.xlsx,1 - Tyknu-cpr 30k 3-1,Mean Cells,8.0,20.24526909722222
ALL Tyknu-cpr LR data.xlsx,1 - Tyknu-cpr 30k 3-1,SD Cells,8.0,6.2604299116990765
ALL Tyknu-cpr LR data.xlsx,1 - Tyknu-cpr 30k 3-1,SEM Cells,8.0,3.614460894762247
ALL Tyknu-cpr LR data.xlsx,1 - Tyknu-cpr 30k 3-1,N Samples,9.0,3.0
ALL Tyknu-cpr LR data.xlsx,1 - Tyknu-cpr 30k 3-1,Mean Cells,9.0,17.817161458333334
ALL Tyknu-cpr LR data.xlsx,1 - Tyknu-cpr 30k 3-1,SD Cells,9.0,4.912440487463129
ALL Tyknu-cpr LR data.xlsx,1 - Tyknu-cpr 30k 3-1,SEM Cells,9.0,2.836198837814854
ALL Tyknu-cpr LR data.xlsx,1 - Tyknu-cpr 30k 3-1,N Samples,10.0,3.0
ALL Tyknu-cpr LR data.xlsx,1 - Tyknu-cpr 30k 3-1,Mean Cells,10.0,19.28793402777778
ALL Tyknu-cpr LR data.xlsx,1 - Tyknu-cpr 30k 3-1,SD Cells,10.0,1.8559617050453876
ALL Tyknu-cpr LR data.xlsx,1 - Tyknu-cpr 30k 3-1,SEM Cells,10.0,1.0715399900135913
ALL Tyknu-cpr LR data.xlsx,1 - Tyknu-cpr 30k 3-1,N Samples,11.0,3.0
ALL Tyknu-cpr LR data.xlsx,1 - Tyknu-cpr 30k 3-1,Mean Cells,11.0,13.809275173611113
ALL Tyknu-cpr LR data.xlsx,1 - Tyknu-cpr 30k 3-1,SD Cells,11.0,1.959310618807809
ALL Tyknu-cpr LR data.xlsx,1 - Tyknu-cpr 30k 3-1,SEM Cells,11.0,1.1312085131947809
ALL Tyknu-cpr LR data.xlsx,1 - Tyknu-cpr 30k 3-1,N Samples,13.0,3.0
ALL Tyknu-cpr LR data.xlsx,1 - Tyknu-cpr 30k 3-1,Mean Cells,13.0,12.99048828125
ALL Tyknu-cpr LR data.xlsx,1 - Tyknu-cpr 30k 3-1,SD Cells,13.0,6.467892751942979
ALL Tyknu-cpr LR data.xlsx,1 - Tyknu-cpr 30k 3-1,SEM Cells,13.0,3.7342396214239084
ALL Tyknu-cpr LR data.xlsx,1 - Tyknu-cpr 30k 3-1,N Samples,14.0,3.0
ALL Tyknu-cpr LR data.xlsx,1 - Tyknu-cpr 30k 3-1,Mean Cells,14.0,11.990405815972224
ALL Tyknu-cpr LR data.xlsx,1 - Tyknu-cpr 30k 3-1,SD Cells,14.0,3.7012579745757885
ALL Tyknu-cpr LR data.xlsx,1 - Tyknu-cpr 30k 3-1,SEM Cells,14.0,2.1369222879615806
ALL Tyknu-cpr LR data.xlsx,1 - Tyknu 40k 3-1,N Samples,0.0,3.0
ALL Tyknu-cpr LR data.xlsx,1 - Tyknu 40k 3-1,Mean Cells,0.0,99.75
ALL Tyknu-cpr LR data.xlsx,1 - Tyknu 40k 3-1,SD Cells,0.0,0.0
ALL Tyknu-cpr LR data.xlsx,1 - Tyknu 40k 3-1,SEM Cells,0.0,0.0
ALL Tyknu-cpr LR data.xlsx,1 - Tyknu 40k 3-1,N Samples,1.0,3.0
ALL Tyknu-cpr LR data.xlsx,1 - Tyknu 40k 3-1,Mean Cells,1.0,95.94930555555555
ALL Tyknu-cpr LR data.xlsx,1 - Tyknu 40k 3-1,SD Cells,1.0,20.043986843505436
ALL Tyknu-cpr LR data.xlsx,1 - Tyknu 40k 3-1,SEM Cells,1.0,11.572401199731182
ALL Tyknu-cpr LR data.xlsx,1 - Tyknu 40k 3-1,N Samples,2.0,3.0
ALL Tyknu-cpr LR data.xlsx,1 - Tyknu 40k 3-1,Mean Cells,2.0,99.36983506944443
ALL Tyknu-cpr LR data.xlsx,1 - Tyknu 40k 3-1,SD Cells,2.0,27.35042736102627
ALL Tyknu-cpr LR data.xlsx,1 - Tyknu 40k 3-1,SEM Cells,2.0,15.790776599339823
ALL Tyknu-cpr LR data.xlsx,1 - Tyknu 40k 3-1,N Samples,3.0,3.0
ALL Tyknu-cpr LR data.xlsx,1 - Tyknu 40k 3-1,Mean Cells,3.0,176.24453125
ALL Tyknu-cpr LR data.xlsx,1 - Tyknu 40k 3-1,SD Cells,3.0,37.19935994486363
ALL Tyknu-cpr LR data.xlsx,1 - Tyknu 40k 3-1,SEM Cells,3.0,21.477060477848802
ALL Tyknu-cpr LR data.xlsx,1 - Tyknu 40k 3-1,N Samples,4.0,3.0
ALL Tyknu-cpr LR data.xlsx,1 - Tyknu 40k 3-1,Mean Cells,4.0,162.68517795138885
ALL Tyknu-cpr LR data.xlsx,1 - Tyknu 40k 3-1,SD Cells,4.0,25.304968459931594
ALL Tyknu-cpr LR data.xlsx,1 - Tyknu 40k 3-1,SEM Cells,4.0,14.609830352176497
ALL Tyknu-cpr LR data.xlsx,1 - Tyknu 40k 3-1,N Samples,5.0,3.0
ALL Tyknu-cpr LR data.xlsx,1 - Tyknu 40k 3-1,N Samples,6.0,3.0
ALL Tyknu-cpr LR data.xlsx,1 - Tyknu 40k 3-1,Mean Cells,6.0,166.53756510416667
ALL Tyknu-cpr LR data.xlsx,1 - Tyknu 40k 3-1,SD Cells,6.0,11.600607984511733
ALL Tyknu-cpr LR data.xlsx,1 - Tyknu 40k 3-1,SEM Cells,6.0,6.6976141426211715
ALL Tyknu-cpr LR data.xlsx,1 - Tyknu 40k 3-1,N Samples,7.0,3.0
ALL Tyknu-cpr LR data.xlsx,1 - Tyknu 40k 3-1,Mean Cells,7.0,285.3233506944444
ALL Tyknu-cpr LR data.xlsx,1 - Tyknu 40k 3-1,SD Cells,7.0,34.76268814978712
ALL Tyknu-cpr LR data.xlsx,1 - Tyknu 40k 3-1,SEM Cells,7.0,20.070247361034607
ALL Tyknu-cpr LR data.xlsx,1 - Tyknu 40k 3-1,N Samples,8.0,3.0
ALL Tyknu-cpr LR data.xlsx,1 - Tyknu 40k 3-1,Mean Cells,8.0,23.97845052083333
ALL Tyknu-cpr LR data.xlsx,1 - Tyknu 40k 3-1,SD Cells,8.0,4.372542005545238
ALL Tyknu-cpr LR data.xlsx,1 - Tyknu 40k 3-1,SEM Cells,8.0,2.5244883039444894
ALL Tyknu-cpr LR data.xlsx,1 - Tyknu 40k 3-1,N Samples,9.0,3.0
ALL Tyknu-cpr LR data.xlsx,1 - Tyknu 40k 3-1,Mean Cells,9.0,31.54411892361111
ALL Tyknu-cpr LR data.xlsx,1 - Tyknu 40k 3-1,SD Cells,9.0,5.253162455391119
ALL Tyknu-cpr LR data.xlsx,1 - Tyknu 40k 3-1,SEM Cells,9.0,3.0329147577168984
ALL Tyknu-cpr LR data.xlsx,1 - Tyknu 40k 3-1,N Samples,10.0,3.0
ALL Tyknu-cpr LR data.xlsx,1 - Tyknu 40k 3-1,Mean Cells,10.0,29.206749131944445
ALL Tyknu-cpr LR data.xlsx,1 - Tyknu 40k 3-1,SD Cells,10.0,6.295890506687049
ALL Tyknu-cpr LR data.xlsx,1 - Tyknu 40k 3-1,SEM Cells,10.0,3.6349340788241773
ALL Tyknu-cpr LR data.xlsx,1 - Tyknu 40k 3-1,N Samples,11.0,3.0
ALL Tyknu-cpr LR data.xlsx,1 - Tyknu 40k 3-1,Mean Cells,11.0,18.290321180555555
ALL Tyknu-cpr LR data.xlsx,1 - Tyknu 40k 3-1,SD Cells,11.0,3.009092818949543
ALL Tyknu-cpr LR data.xlsx,1 - Tyknu 40k 3-1,SEM Cells,11.0,1.7373005490370887
ALL Tyknu-cpr LR data.xlsx,1 - Tyknu 40k 3-1,N Samples,13.0,3.0
ALL Tyknu-cpr LR data.xlsx,1 - Tyknu 40k 3-1,Mean Cells,13.0,23.959418402777782
ALL Tyknu-cpr LR data.xlsx,1 - Tyknu 40k 3-1,SD Cells,13.0,4.204926244957649
ALL Tyknu-cpr LR data.xlsx,1 - Tyknu 40k 3-1,SEM Cells,13.0,2.4277152994488214
ALL Tyknu-cpr LR data.xlsx,1 - Tyknu 40k 3-1,N Samples,14.0,3.0
ALL Tyknu-cpr LR data.xlsx,1 - Tyknu 40k 3-1,Mean Cells,14.0,21.701562499999998
ALL Tyknu-cpr LR data.xlsx,1 - Tyknu 40k 3-1,SD Cells,14.0,3.785898709016454
ALL Tyknu-cpr LR data.xlsx,1 - Tyknu 40k 3-1,SEM Cells,14.0,2.1857896387753066
ALL Tyknu-cpr LR data.xlsx,1 - Tyknu-cpr 40k 3-1,N Samples,0.0,3.0
ALL Tyknu-cpr LR data.xlsx,1 - Tyknu-cpr 40k 3-1,Mean Cells,0.0,33.25
ALL Tyknu-cpr LR data.xlsx,1 - Tyknu-cpr 40k 3-1,SD Cells,0.0,0.0
ALL Tyknu-cpr LR data.xlsx,1 - Tyknu-cpr 40k 3-1,SEM Cells,0.0,0.0
ALL Tyknu-cpr LR data.xlsx,1 - Tyknu-cpr 40k 3-1,N Samples,1.0,3.0
ALL Tyknu-cpr LR data.xlsx,1 - Tyknu-cpr 40k 3-1,Mean Cells,1.0,21.356770833333332
ALL Tyknu-cpr LR data.xlsx,1 - Tyknu-cpr 40k 3-1,SD Cells,1.0,4.472512903395672
ALL Tyknu-cpr LR data.xlsx,1 - Tyknu-cpr 40k 3-1,SEM Cells,1.0,2.582206528729566
ALL Tyknu-cpr LR data.xlsx,1 - Tyknu-cpr 40k 3-1,N Samples,2.0,3.0
ALL Tyknu-cpr LR data.xlsx,1 - Tyknu-cpr 40k 3-1,Mean Cells,2.0,29.404578993055555
ALL Tyknu-cpr LR data.xlsx,1 - Tyknu-cpr 40k 3-1,SD Cells,2.0,9.398196961995598
ALL Tyknu-cpr LR data.xlsx,1 - Tyknu-cpr 40k 3-1,SEM Cells,2.0,5.426051545905282
ALL Tyknu-cpr LR data.xlsx,1 - Tyknu-cpr 40k 3-1,N Samples,3.0,3.0
ALL Tyknu-cpr LR data.xlsx,1 - Tyknu-cpr 40k 3-1,Mean Cells,3.0,44.191124131944456
ALL Tyknu-cpr LR data.xlsx,1 - Tyknu-cpr 40k 3-1,SD Cells,3.0,9.693110414137077
ALL Tyknu-cpr LR data.xlsx,1 - Tyknu-cpr 40k 3-1,SEM Cells,3.0,5.596319906886807
ALL Tyknu-cpr LR data.xlsx,1 - Tyknu-cpr 40k 3-1,N Samples,4.0,3.0
ALL Tyknu-cpr LR data.xlsx,1 - Tyknu-cpr 40k 3-1,Mean Cells,4.0,48.50874565972222
ALL Tyknu-cpr LR data.xlsx,1 - Tyknu-cpr 40k 3-1,SD Cells,4.0,7.141627452578984
ALL Tyknu-cpr LR data.xlsx,1 - Tyknu-cpr 40k 3-1,SEM Cells,4.0,4.123220532198498
ALL Tyknu-cpr LR data.xlsx,1 - Tyknu-cpr 40k 3-1,N Samples,5.0,3.0
ALL Tyknu-cpr LR data.xlsx,1 - Tyknu-cpr 40k 3-1,N Samples,6.0,3.0
ALL Tyknu-cpr LR data.xlsx,1 - Tyknu-cpr 40k 3-1,Mean Cells,6.0,39.44338107638889
ALL Tyknu-cpr LR data.xlsx,1 - Tyknu-cpr 40k 3-1,SD Cells,6.0,6.47498357479718
ALL Tyknu-cpr LR data.xlsx,1 - Tyknu-cpr 40k 3-1,SEM Cells,6.0,3.738333509907557
ALL Tyknu-cpr LR data.xlsx,1 - Tyknu-cpr 40k 3-1,N Samples,7.0,3.0
ALL Tyknu-cpr LR data.xlsx,1 - Tyknu-cpr 40k 3-1,Mean Cells,7.0,38.541341145833336
ALL Tyknu-cpr LR data.xlsx,1 - Tyknu-cpr 40k 3-1,SD Cells,7.0,7.766595824304637
ALL Tyknu-cpr LR data.xlsx,1 - Tyknu-cpr 40k 3-1,SEM Cells,7.0,4.484046189849305
ALL Tyknu-cpr LR data.xlsx,1 - Tyknu-cpr 40k 3-1,N Samples,8.0,3.0
ALL Tyknu-cpr LR data.xlsx,1 - Tyknu-cpr 40k 3-1,Mean Cells,8.0,28.367035590277776
ALL Tyknu-cpr LR data.xlsx,1 - Tyknu-cpr 40k 3-1,SD Cells,8.0,10.633309152496599
ALL Tyknu-cpr LR data.xlsx,1 - Tyknu-cpr 40k 3-1,SEM Cells,8.0,6.1391439015704234
ALL Tyknu-cpr LR data.xlsx,1 - Tyknu-cpr 40k 3-1,N Samples,9.0,3.0
ALL Tyknu-cpr LR data.xlsx,1 - Tyknu-cpr 40k 3-1,Mean Cells,9.0,43.442708333333336
ALL Tyknu-cpr LR data.xlsx,1 - Tyknu-cpr 40k 3-1,SD Cells,9.0,30.75414384380148
ALL Tyknu-cpr LR data.xlsx,1 - Tyknu-cpr 40k 3-1,SEM Cells,9.0,17.755913226915258
ALL Tyknu-cpr LR data.xlsx,1 - Tyknu-cpr 40k 3-1,N Samples,10.0,3.0
ALL Tyknu-cpr LR data.xlsx,1 - Tyknu-cpr 40k 3-1,Mean Cells,10.0,24.61377387152778
ALL Tyknu-cpr LR data.xlsx,1 - Tyknu-cpr 40k 3-1,SD Cells,10.0,7.686426748274937
ALL Tyknu-cpr LR data.xlsx,1 - Tyknu-cpr 40k 3-1,SEM Cells,10.0,4.437760552222875
ALL Tyknu-cpr LR data.xlsx,1 - Tyknu-cpr 40k 3-1,N Samples,11.0,3.0
ALL Tyknu-cpr LR data.xlsx,1 - Tyknu-cpr 40k 3-1,Mean Cells,11.0,21.60954861111111
ALL Tyknu-cpr LR data.xlsx,1 - Tyknu-cpr 40k 3-1,SD Cells,11.0,8.518301604529949
ALL Tyknu-cpr LR data.xlsx,1 - Tyknu-cpr 40k 3-1,SEM Cells,11.0,4.918043724413788
ALL Tyknu-cpr LR data.xlsx,1 - Tyknu-cpr 40k 3-1,N Samples,13.0,3.0
ALL Tyknu-cpr LR data.xlsx,1 - Tyknu-cpr 40k 3-1,Mean Cells,13.0,17.972981770833332
ALL Tyknu-cpr LR data.xlsx,1 - Tyknu-cpr 40k 3-1,SD Cells,13.0,6.239541444802354
ALL Tyknu-cpr LR data.xlsx,1 - Tyknu-cpr 40k 3-1,SEM Cells,13.0,3.6024009327764657
ALL Tyknu-cpr LR data.xlsx,1 - Tyknu-cpr 40k 3-1,N Samples,14.0,3.0
ALL Tyknu-cpr LR data.xlsx,1 - Tyknu-cpr 40k 3-1,Mean Cells,14.0,18.11189887152778
ALL Tyknu-cpr LR data.xlsx,1 - Tyknu-cpr 40k 3-1,SD Cells,14.0,8.139024879093967
ALL Tyknu-cpr LR data.xlsx,1 - Tyknu-cpr 40k 3-1,SEM Cells,14.0,4.699068204885963
ALL Tyknu-cpr LR data.xlsx,1 - mono Tyknu 30k,N Samples,0.0,3.0
ALL Tyknu-cpr LR data.xlsx,1 - mono Tyknu 30k,Mean Cells,0.0,100.0
ALL Tyknu-cpr LR data.xlsx,1 - mono Tyknu 30k,SD Cells,0.0,0.0
ALL Tyknu-cpr LR data.xlsx,1 - mono Tyknu 30k,SEM Cells,0.0,0.0
ALL Tyknu-cpr LR data.xlsx,1 - mono Tyknu 30k,N Samples,1.0,3.0
ALL Tyknu-cpr LR data.xlsx,1 - mono Tyknu 30k,Mean Cells,1.0,258.53682725694443
ALL Tyknu-cpr LR data.xlsx,1 - mono Tyknu 30k,SD Cells,1.0,13.92362011344707
ALL Tyknu-cpr LR data.xlsx,1 - mono Tyknu 30k,SEM Cells,1.0,8.038805820592755
ALL Tyknu-cpr LR data.xlsx,1 - mono Tyknu 30k,N Samples,2.0,3.0
ALL Tyknu-cpr LR data.xlsx,1 - mono Tyknu 30k,Mean Cells,2.0,203.39583333333334
ALL Tyknu-cpr LR data.xlsx,1 - mono Tyknu 30k,SD Cells,2.0,26.365394401800593
ALL Tyknu-cpr LR data.xlsx,1 - mono Tyknu 30k,SEM Cells,2.0,15.222067555170225
ALL Tyknu-cpr LR data.xlsx,1 - mono Tyknu 30k,N Samples,3.0,3.0
ALL Tyknu-cpr LR data.xlsx,1 - mono Tyknu 30k,Mean Cells,3.0,485.6729600694444
ALL Tyknu-cpr LR data.xlsx,1 - mono Tyknu 30k,SD Cells,3.0,286.59774545821404
ALL Tyknu-cpr LR data.xlsx,1 - mono Tyknu 30k,SEM Cells,3.0,165.46728548943972
ALL Tyknu-cpr LR data.xlsx,1 - mono Tyknu 30k,N Samples,4.0,3.0
ALL Tyknu-cpr LR data.xlsx,1 - mono Tyknu 30k,Mean Cells,4.0,272.6723741319445
ALL Tyknu-cpr LR data.xlsx,1 - mono Tyknu 30k,SD Cells,4.0,65.31430340949397
ALL Tyknu-cpr LR data.xlsx,1 - mono Tyknu 30k,SEM Cells,4.0,37.70923065540424
ALL Tyknu-cpr LR data.xlsx,1 - mono Tyknu 30k,N Samples,5.0,3.0
ALL Tyknu-cpr LR data.xlsx,1 - mono Tyknu 30k,Mean Cells,5.0,1194.7052517361112
ALL Tyknu-cpr LR data.xlsx,1 - mono Tyknu 30k,SD Cells,5.0,696.0402148367103
ALL Tyknu-cpr LR data.xlsx,1 - mono Tyknu 30k,SEM Cells,5.0,401.8590054027797
ALL Tyknu-cpr LR data.xlsx,1 - mono Tyknu 30k,N Samples,6.0,3.0
ALL Tyknu-cpr LR data.xlsx,1 - mono Tyknu 30k,Mean Cells,6.0,444.5327039930556
ALL Tyknu-cpr LR data.xlsx,1 - mono Tyknu 30k,SD Cells,6.0,44.534110272093315
ALL Tyknu-cpr LR data.xlsx,1 - mono Tyknu 30k,SEM Cells,6.0,25.711780553713556
ALL Tyknu-cpr LR data.xlsx,1 - mono Tyknu 30k,N Samples,7.0,3.0
ALL Tyknu-cpr LR data.xlsx,1 - mono Tyknu 30k,Mean Cells,7.0,781.0074218750001
ALL Tyknu-cpr LR data.xlsx,1 - mono Tyknu 30k,SD Cells,7.0,38.992072011839866
ALL Tyknu-cpr LR data.xlsx,1 - mono Tyknu 30k,SEM Cells,7.0,22.51208327229702
ALL Tyknu-cpr LR data.xlsx,1 - mono Tyknu 30k,N Samples,8.0,3.0
ALL Tyknu-cpr LR data.xlsx,1 - mono Tyknu 30k,Mean Cells,8.0,19.174211349826386
ALL Tyknu-cpr LR data.xlsx,1 - mono Tyknu 30k,SD Cells,8.0,19.23638699676405
ALL Tyknu-cpr LR data.xlsx,1 - mono Tyknu 30k,SEM Cells,8.0,11.106133210817541
ALL Tyknu-cpr LR data.xlsx,1 - mono Tyknu 30k,N Samples,9.0,3.0
ALL Tyknu-cpr LR data.xlsx,1 - mono Tyknu 30k,Mean Cells,9.0,57.830078125
ALL Tyknu-cpr LR data.xlsx,1 - mono Tyknu 30k,SD Cells,9.0,14.901098276150984
ALL Tyknu-cpr LR data.xlsx,1 - mono Tyknu 30k,SEM Cells,9.0,8.60315310095684
ALL Tyknu-cpr LR data.xlsx,1 - mono Tyknu 30k,N Samples,10.0,3.0
ALL Tyknu-cpr LR data.xlsx,1 - mono Tyknu 30k,Mean Cells,10.0,60.66451822916667
ALL Tyknu-cpr LR data.xlsx,1 - mono Tyknu 30k,SD Cells,10.0,11.64355012043337
ALL Tyknu-cpr LR data.xlsx,1 - mono Tyknu 30k,SEM Cells,10.0,6.722406796355106
ALL Tyknu-cpr LR data.xlsx,1 - mono Tyknu 30k,N Samples,11.0,3.0
ALL Tyknu-cpr LR data.xlsx,1 - mono Tyknu 30k,Mean Cells,11.0,49.21859809027777
ALL Tyknu-cpr LR data.xlsx,1 - mono Tyknu 30k,SD Cells,11.0,11.757134656204267
ALL Tyknu-cpr LR data.xlsx,1 - mono Tyknu 30k,SEM Cells,11.0,6.787984858658212
ALL Tyknu-cpr LR data.xlsx,1 - mono Tyknu 30k,N Samples,12.0,3.0
ALL Tyknu-cpr LR data.xlsx,1 - mono Tyknu 30k,Mean Cells,12.0,52.343532986111114
ALL Tyknu-cpr LR data.xlsx,1 - mono Tyknu 30k,SD Cells,12.0,12.112047483563723
ALL Tyknu-cpr LR data.xlsx,1 - mono Tyknu 30k,SEM Cells,12.0,6.992893875073045
ALL Tyknu-cpr LR data.xlsx,1 - mono Tyknu 30k,N Samples,13.0,3.0
ALL Tyknu-cpr LR data.xlsx,1 - mono Tyknu 30k,Mean Cells,13.0,51.49924045138889
ALL Tyknu-cpr LR data.xlsx,1 - mono Tyknu 30k,SD Cells,13.0,17.54022413703989
ALL Tyknu-cpr LR data.xlsx,1 - mono Tyknu 30k,SEM Cells,13.0,10.126853127166353
ALL Tyknu-cpr LR data.xlsx,1 - mono Tyknu 30k,N Samples,14.0,3.0
ALL Tyknu-cpr LR data.xlsx,1 - mono Tyknu 30k,Mean Cells,14.0,45.41838107638889
ALL Tyknu-cpr LR data.xlsx,1 - mono Tyknu 30k,SD Cells,14.0,12.131876015099236
ALL Tyknu-cpr LR data.xlsx,1 - mono Tyknu 30k,SEM Cells,14.0,7.004341883092708
ALL Tyknu-cpr LR data.xlsx,1 - mono Tyknu-cpr 30k,N Samples,0.0,3.0
ALL Tyknu-cpr LR data.xlsx,1 - mono Tyknu-cpr 30k,Mean Cells,0.0,100.0
ALL Tyknu-cpr LR data.xlsx,1 - mono Tyknu-cpr 30k,SD Cells,0.0,0.0
ALL Tyknu-cpr LR data.xlsx,1 - mono Tyknu-cpr 30k,SEM Cells,0.0,0.0
ALL Tyknu-cpr LR data.xlsx,1 - mono Tyknu-cpr 30k,N Samples,1.0,3.0
ALL Tyknu-cpr LR data.xlsx,1 - mono Tyknu-cpr 30k,Mean Cells,1.0,60.93676215277777
ALL Tyknu-cpr LR data.xlsx,1 - mono Tyknu-cpr 30k,SD Cells,1.0,1.8285239111627543
ALL Tyknu-cpr LR data.xlsx,1 - mono Tyknu-cpr 30k,SEM Cells,1.0,1.0556987723294835
ALL Tyknu-cpr LR data.xlsx,1 - mono Tyknu-cpr 30k,N Samples,2.0,3.0
ALL Tyknu-cpr LR data.xlsx,1 - mono Tyknu-cpr 30k,Mean Cells,2.0,87.68799913194444
ALL Tyknu-cpr LR data.xlsx,1 - mono Tyknu-cpr 30k,SD Cells,2.0,10.004986387076174
ALL Tyknu-cpr LR data.xlsx,1 - mono Tyknu-cpr 30k,SEM Cells,2.0,5.7763815838169705
ALL Tyknu-cpr LR data.xlsx,1 - mono Tyknu-cpr 30k,N Samples,3.0,3.0
ALL Tyknu-cpr LR data.xlsx,1 - mono Tyknu-cpr 30k,Mean Cells,3.0,106.46915798611111
ALL Tyknu-cpr LR data.xlsx,1 - mono Tyknu-cpr 30k,SD Cells,3.0,31.637911574780006
ALL Tyknu-cpr LR data.xlsx,1 - mono Tyknu-cpr 30k,SEM Cells,3.0,18.266156764296813
ALL Tyknu-cpr LR data.xlsx,1 - mono Tyknu-cpr 30k,N Samples,4.0,3.0
ALL Tyknu-cpr LR data.xlsx,1 - mono Tyknu-cpr 30k,Mean Cells,4.0,129.00930555555556
ALL Tyknu-cpr LR data.xlsx,1 - mono Tyknu-cpr 30k,SD Cells,4.0,23.912892581713443
ALL Tyknu-cpr LR data.xlsx,1 - mono Tyknu-cpr 30k,SEM Cells,4.0,13.806114969154862
ALL Tyknu-cpr LR data.xlsx,1 - mono Tyknu-cpr 30k,N Samples,5.0,3.0
ALL Tyknu-cpr LR data.xlsx,1 - mono Tyknu-cpr 30k,Mean Cells,5.0,124.34296875
ALL Tyknu-cpr LR data.xlsx,1 - mono Tyknu-cpr 30k,SD Cells,5.0,8.149006599029454
ALL Tyknu-cpr LR data.xlsx,1 - mono Tyknu-cpr 30k,SEM Cells,5.0,4.704831153577692
ALL Tyknu-cpr LR data.xlsx,1 - mono Tyknu-cpr 30k,N Samples,6.0,3.0
ALL Tyknu-cpr LR data.xlsx,1 - mono Tyknu-cpr 30k,Mean Cells,6.0,110.56111111111112
ALL Tyknu-cpr LR data.xlsx,1 - mono Tyknu-cpr 30k,SD Cells,6.0,5.236035304826344
ALL Tyknu-cpr LR data.xlsx,1 - mono Tyknu-cpr 30k,SEM Cells,6.0,3.023026392727874
ALL Tyknu-cpr LR data.xlsx,1 - mono Tyknu-cpr 30k,N Samples,7.0,3.0
ALL Tyknu-cpr LR data.xlsx,1 - mono Tyknu-cpr 30k,Mean Cells,7.0,103.77415364583334
ALL Tyknu-cpr LR data.xlsx,1 - mono Tyknu-cpr 30k,SD Cells,7.0,5.444583077817411
ALL Tyknu-cpr LR data.xlsx,1 - mono Tyknu-cpr 30k,SEM Cells,7.0,3.1434315056031634
ALL Tyknu-cpr LR data.xlsx,1 - mono Tyknu-cpr 30k,N Samples,8.0,3.0
ALL Tyknu-cpr LR data.xlsx,1 - mono Tyknu-cpr 30k,Mean Cells,8.0,109.02862413194445
ALL Tyknu-cpr LR data.xlsx,1 - mono Tyknu-cpr 30k,SD Cells,8.0,3.9140530604981016
ALL Tyknu-cpr LR data.xlsx,1 - mono Tyknu-cpr 30k,SEM Cells,8.0,2.2597795881010576
ALL Tyknu-cpr LR data.xlsx,1 - mono Tyknu-cpr 30k,N Samples,9.0,3.0
ALL Tyknu-cpr LR data.xlsx,1 - mono Tyknu-cpr 30k,Mean Cells,9.0,105.85756076388888
ALL Tyknu-cpr LR data.xlsx,1 - mono Tyknu-cpr 30k,SD Cells,9.0,20.397474207068903
ALL Tyknu-cpr LR data.xlsx,1 - mono Tyknu-cpr 30k,SEM Cells,9.0,11.77648722423968
ALL Tyknu-cpr LR data.xlsx,1 - mono Tyknu-cpr 30k,N Samples,10.0,3.0
ALL Tyknu-cpr LR data.xlsx,1 - mono Tyknu-cpr 30k,Mean Cells,10.0,103.17624131944444
ALL Tyknu-cpr LR data.xlsx,1 - mono Tyknu-cpr 30k,SD Cells,10.0,7.539740968514518
ALL Tyknu-cpr LR data.xlsx,1 - mono Tyknu-cpr 30k,SEM Cells,10.0,4.353071477791906
ALL Tyknu-cpr LR data.xlsx,1 - mono Tyknu-cpr 30k,N Samples,11.0,3.0
ALL Tyknu-cpr LR data.xlsx,1 - mono Tyknu-cpr 30k,Mean Cells,11.0,115.20024739583333
ALL Tyknu-cpr LR data.xlsx,1 - mono Tyknu-cpr 30k,SD Cells,11.0,31.313147103154733
ALL Tyknu-cpr LR data.xlsx,1 - mono Tyknu-cpr 30k,SEM Cells,11.0,18.078653909180737
ALL Tyknu-cpr LR data.xlsx,1 - mono Tyknu-cpr 30k,N Samples,12.0,3.0
ALL Tyknu-cpr LR data.xlsx,1 - mono Tyknu-cpr 30k,Mean Cells,12.0,130.47346788194446
ALL Tyknu-cpr LR data.xlsx,1 - mono Tyknu-cpr 30k,SD Cells,12.0,15.53626919009873
ALL Tyknu-cpr LR data.xlsx,1 - mono Tyknu-cpr 30k,SEM Cells,12.0,8.969869199105991
ALL Tyknu-cpr LR data.xlsx,1 - mono Tyknu-cpr 30k,N Samples,13.0,3.0
ALL Tyknu-cpr LR data.xlsx,1 - mono Tyknu-cpr 30k,Mean Cells,13.0,96.040576171875
ALL Tyknu-cpr LR data.xlsx,1 - mono Tyknu-cpr 30k,SD Cells,13.0,13.582181630699537
ALL Tyknu-cpr LR data.xlsx,1 - mono Tyknu-cpr 30k,SEM Cells,13.0,7.841676220666769
ALL Tyknu-cpr LR data.xlsx,1 - mono Tyknu-cpr 30k,N Samples,14.0,3.0
ALL Tyknu-cpr LR data.xlsx,1 - mono Tyknu-cpr 30k,Mean Cells,14.0,91.61597222222224
ALL Tyknu-cpr LR data.xlsx,1 - mono Tyknu-cpr 30k,SD Cells,14.0,34.16424847777773
ALL Tyknu-cpr LR data.xlsx,1 - mono Tyknu-cpr 30k,SEM Cells,14.0,19.724738055306236
ALL Tyknu-cpr LR data.xlsx,1 - mono Tyknu 40k,N Samples,0.0,3.0
ALL Tyknu-cpr LR data.xlsx,1 - mono Tyknu 40k,Mean Cells,0.0,133.0
ALL Tyknu-cpr LR data.xlsx,1 - mono Tyknu 40k,SD Cells,0.0,0.0
ALL Tyknu-cpr LR data.xlsx,1 - mono Tyknu 40k,SEM Cells,0.0,0.0
ALL Tyknu-cpr LR data.xlsx,1 - mono Tyknu 40k,N Samples,1.0,3.0
ALL Tyknu-cpr LR data.xlsx,1 - mono Tyknu 40k,Mean Cells,1.0,244.5380425347222
ALL Tyknu-cpr LR data.xlsx,1 - mono Tyknu 40k,SD Cells,1.0,22.813232836730805
ALL Tyknu-cpr LR data.xlsx,1 - mono Tyknu 40k,SEM Cells,1.0,13.171226119372141
ALL Tyknu-cpr LR data.xlsx,1 - mono Tyknu 40k,N Samples,2.0,3.0
ALL Tyknu-cpr LR data.xlsx,1 - mono Tyknu 40k,Mean Cells,2.0,326.96480034722225
ALL Tyknu-cpr LR data.xlsx,1 - mono Tyknu 40k,SD Cells,2.0,72.03234598789486
ALL Tyknu-cpr LR data.xlsx,1 - mono Tyknu 40k,SEM Cells,2.0,41.58789434647136
ALL Tyknu-cpr LR data.xlsx,1 - mono Tyknu 40k,N Samples,3.0,3.0
ALL Tyknu-cpr LR data.xlsx,1 - mono Tyknu 40k,Mean Cells,3.0,376.2115451388889
ALL Tyknu-cpr LR data.xlsx,1 - mono Tyknu 40k,SD Cells,3.0,54.28833410708951
ALL Tyknu-cpr LR data.xlsx,1 - mono Tyknu 40k,SEM Cells,3.0,31.343384310584472
ALL Tyknu-cpr LR data.xlsx,1 - mono Tyknu 40k,N Samples,4.0,3.0
ALL Tyknu-cpr LR data.xlsx,1 - mono Tyknu 40k,Mean Cells,4.0,832.8279296875002
ALL Tyknu-cpr LR data.xlsx,1 - mono Tyknu 40k,SD Cells,4.0,775.0127559762651
ALL Tyknu-cpr LR data.xlsx,1 - mono Tyknu 40k,SEM Cells,4.0,447.45382328829044
ALL Tyknu-cpr LR data.xlsx,1 - mono Tyknu 40k,N Samples,5.0,3.0
ALL Tyknu-cpr LR data.xlsx,1 - mono Tyknu 40k,Mean Cells,5.0,976.732009548611
ALL Tyknu-cpr LR data.xlsx,1 - mono Tyknu 40k,SD Cells,5.0,700.7918067712297
ALL Tyknu-cpr LR data.xlsx,1 - mono Tyknu 40k,SEM Cells,5.0,404.6023382852537
ALL Tyknu-cpr LR data.xlsx,1 - mono Tyknu 40k,N Samples,6.0,3.0
ALL Tyknu-cpr LR data.xlsx,1 - mono Tyknu 40k,Mean Cells,6.0,620.406662326389
ALL Tyknu-cpr LR data.xlsx,1 - mono Tyknu 40k,SD Cells,6.0,52.491523453257585
ALL Tyknu-cpr LR data.xlsx,1 - mono Tyknu 40k,SEM Cells,6.0,30.305995195911823
ALL Tyknu-cpr LR data.xlsx,1 - mono Tyknu 40k,N Samples,7.0,3.0
ALL Tyknu-cpr LR data.xlsx,1 - mono Tyknu 40k,Mean Cells,7.0,966.6785373263889
ALL Tyknu-cpr LR data.xlsx,1 - mono Tyknu 40k,SD Cells,7.0,115.5213581562294
ALL Tyknu-cpr LR data.xlsx,1 - mono Tyknu 40k,SEM Cells,7.0,66.69628722865022
ALL Tyknu-cpr LR data.xlsx,1 - mono Tyknu 40k,N Samples,8.0,3.0
ALL Tyknu-cpr LR data.xlsx,1 - mono Tyknu 40k,Mean Cells,8.0,40.89040798611111
ALL Tyknu-cpr LR data.xlsx,1 - mono Tyknu 40k,SD Cells,8.0,2.90702961578562
ALL Tyknu-cpr LR data.xlsx,1 - mono Tyknu 40k,SEM Cells,8.0,1.6783743312160422
ALL Tyknu-cpr LR data.xlsx,1 - mono Tyknu 40k,N Samples,9.0,3.0
ALL Tyknu-cpr LR data.xlsx,1 - mono Tyknu 40k,Mean Cells,9.0,56.81464843749999
ALL Tyknu-cpr LR data.xlsx,1 - mono Tyknu 40k,SD Cells,9.0,4.641418245837241
ALL Tyknu-cpr LR data.xlsx,1 - mono Tyknu 40k,SEM Cells,9.0,2.679724073655772
ALL Tyknu-cpr LR data.xlsx,1 - mono Tyknu 40k,N Samples,10.0,3.0
ALL Tyknu-cpr LR data.xlsx,1 - mono Tyknu 40k,Mean Cells,10.0,51.28294270833334
ALL Tyknu-cpr LR data.xlsx,1 - mono Tyknu 40k,SD Cells,10.0,5.902481729939739
ALL Tyknu-cpr LR data.xlsx,1 - mono Tyknu 40k,SEM Cells,10.0,3.407799415667556
ALL Tyknu-cpr LR data.xlsx,1 - mono Tyknu 40k,N Samples,11.0,3.0
ALL Tyknu-cpr LR data.xlsx,1 - mono Tyknu 40k,Mean Cells,11.0,40.4482421875
ALL Tyknu-cpr LR data.xlsx,1 - mono Tyknu 40k,SD Cells,11.0,3.3488376296278184
ALL Tyknu-cpr LR data.xlsx,1 - mono Tyknu 40k,SEM Cells,11.0,1.9334523069379694
ALL Tyknu-cpr LR data.xlsx,1 - mono Tyknu 40k,N Samples,12.0,3.0
ALL Tyknu-cpr LR data.xlsx,1 - mono Tyknu 40k,Mean Cells,12.0,40.47797309027777
ALL Tyknu-cpr LR data.xlsx,1 - mono Tyknu 40k,SD Cells,12.0,7.40568115234077
ALL Tyknu-cpr LR data.xlsx,1 - mono Tyknu 40k,SEM Cells,12.0,4.275672006836482
ALL Tyknu-cpr LR data.xlsx,1 - mono Tyknu 40k,N Samples,13.0,3.0
ALL Tyknu-cpr LR data.xlsx,1 - mono Tyknu 40k,Mean Cells,13.0,37.99049479166667
ALL Tyknu-cpr LR data.xlsx,1 - mono Tyknu 40k,SD Cells,13.0,8.020968614634636
ALL Tyknu-cpr LR data.xlsx,1 - mono Tyknu 40k,SEM Cells,13.0,4.630908388820847
ALL Tyknu-cpr LR data.xlsx,1 - mono Tyknu 40k,N Samples,14.0,3.0
ALL Tyknu-cpr LR data.xlsx,1 - mono Tyknu 40k,Mean Cells,14.0,33.69752604166667
ALL Tyknu-cpr LR data.xlsx,1 - mono Tyknu 40k,SD Cells,14.0,9.034433919763657
ALL Tyknu-cpr LR data.xlsx,1 - mono Tyknu 40k,SEM Cells,14.0,5.2160328555514335
ALL Tyknu-cpr LR data.xlsx,1 - mono Tyknu-cpr 40k,N Samples,0.0,3.0
ALL Tyknu-cpr LR data.xlsx,1 - mono Tyknu-cpr 40k,Mean Cells,0.0,133.0
ALL Tyknu-cpr LR data.xlsx,1 - mono Tyknu-cpr 40k,SD Cells,0.0,0.0
ALL Tyknu-cpr LR data.xlsx,1 - mono Tyknu-cpr 40k,SEM Cells,0.0,0.0
ALL Tyknu-cpr LR data.xlsx,1 - mono Tyknu-cpr 40k,N Samples,1.0,3.0
ALL Tyknu-cpr LR data.xlsx,1 - mono Tyknu-cpr 40k,Mean Cells,1.0,83.54937065972223
ALL Tyknu-cpr LR data.xlsx,1 - mono Tyknu-cpr 40k,SD Cells,1.0,4.800336502930867
ALL Tyknu-cpr LR data.xlsx,1 - mono Tyknu-cpr 40k,SEM Cells,1.0,2.7714755721679234
ALL Tyknu-cpr LR data.xlsx,1 - mono Tyknu-cpr 40k,N Samples,2.0,3.0
ALL Tyknu-cpr LR data.xlsx,1 - mono Tyknu-cpr 40k,Mean Cells,2.0,117.66200086805556
ALL Tyknu-cpr LR data.xlsx,1 - mono Tyknu-cpr 40k,SD Cells,2.0,22.9918889445345
ALL Tyknu-cpr LR data.xlsx,1 - mono Tyknu-cpr 40k,SEM Cells,2.0,13.274373271304976
ALL Tyknu-cpr LR data.xlsx,1 - mono Tyknu-cpr 40k,N Samples,3.0,3.0
ALL Tyknu-cpr LR data.xlsx,1 - mono Tyknu-cpr 40k,Mean Cells,3.0,140.7516362847222
ALL Tyknu-cpr LR data.xlsx,1 - mono Tyknu-cpr 40k,SD Cells,3.0,4.368901827340211
ALL Tyknu-cpr LR data.xlsx,1 - mono Tyknu-cpr 40k,SEM Cells,3.0,2.5223866460779187
ALL Tyknu-cpr LR data.xlsx,1 - mono Tyknu-cpr 40k,N Samples,4.0,3.0
ALL Tyknu-cpr LR data.xlsx,1 - mono Tyknu-cpr 40k,Mean Cells,4.0,166.38795789930555
ALL Tyknu-cpr LR data.xlsx,1 - mono Tyknu-cpr 40k,SD Cells,4.0,10.441094982453928
ALL Tyknu-cpr LR data.xlsx,1 - mono Tyknu-cpr 40k,SEM Cells,4.0,6.028168998754226
ALL Tyknu-cpr LR data.xlsx,1 - mono Tyknu-cpr 40k,N Samples,5.0,3.0
ALL Tyknu-cpr LR data.xlsx,1 - mono Tyknu-cpr 40k,Mean Cells,5.0,164.8002300347222
ALL Tyknu-cpr LR data.xlsx,1 - mono Tyknu-cpr 40k,SD Cells,5.0,10.125435991913742
ALL Tyknu-cpr LR data.xlsx,1 - mono Tyknu-cpr 40k,SEM Cells,5.0,5.845923195593724
ALL Tyknu-cpr LR data.xlsx,1 - mono Tyknu-cpr 40k,N Samples,6.0,3.0
ALL Tyknu-cpr LR data.xlsx,1 - mono Tyknu-cpr 40k,Mean Cells,6.0,153.3626779513889
ALL Tyknu-cpr LR data.xlsx,1 - mono Tyknu-cpr 40k,SD Cells,6.0,2.5506015769872223
ALL Tyknu-cpr LR data.xlsx,1 - mono Tyknu-cpr 40k,SEM Cells,6.0,1.4725905070690568
ALL Tyknu-cpr LR data.xlsx,1 - mono Tyknu-cpr 40k,N Samples,7.0,3.0
ALL Tyknu-cpr LR data.xlsx,1 - mono Tyknu-cpr 40k,Mean Cells,7.0,147.2779296875
ALL Tyknu-cpr LR data.xlsx,1 - mono Tyknu-cpr 40k,SD Cells,7.0,6.082784595213737
ALL Tyknu-cpr LR data.xlsx,1 - mono Tyknu-cpr 40k,SEM Cells,7.0,3.51189732346916
ALL Tyknu-cpr LR data.xlsx,1 - mono Tyknu-cpr 40k,N Samples,8.0,3.0
ALL Tyknu-cpr LR data.xlsx,1 - mono Tyknu-cpr 40k,Mean Cells,8.0,123.34383680555554
ALL Tyknu-cpr LR data.xlsx,1 - mono Tyknu-cpr 40k,SD Cells,8.0,7.952243007431218
ALL Tyknu-cpr LR data.xlsx,1 - mono Tyknu-cpr 40k,SEM Cells,8.0,4.591229641001733
ALL Tyknu-cpr LR data.xlsx,1 - mono Tyknu-cpr 40k,N Samples,9.0,3.0
ALL Tyknu-cpr LR data.xlsx,1 - mono Tyknu-cpr 40k,Mean Cells,9.0,143.38989583333333
ALL Tyknu-cpr LR data.xlsx,1 - mono Tyknu-cpr 40k,SD Cells,9.0,13.624275810838498
ALL Tyknu-cpr LR data.xlsx,1 - mono Tyknu-cpr 40k,SEM Cells,9.0,7.8659793069013135
ALL Tyknu-cpr LR data.xlsx,1 - mono Tyknu-cpr 40k,N Samples,10.0,3.0
ALL Tyknu-cpr LR data.xlsx,1 - mono Tyknu-cpr 40k,Mean Cells,10.0,160.4226779513889
ALL Tyknu-cpr LR data.xlsx,1 - mono Tyknu-cpr 40k,SD Cells,10.0,14.40173941652156
ALL Tyknu-cpr LR data.xlsx,1 - mono Tyknu-cpr 40k,SEM Cells,10.0,8.314848128927567
ALL Tyknu-cpr LR data.xlsx,1 - mono Tyknu-cpr 40k,N Samples,11.0,3.0
ALL Tyknu-cpr LR data.xlsx,1 - mono Tyknu-cpr 40k,Mean Cells,11.0,148.51649305555557
ALL Tyknu-cpr LR data.xlsx,1 - mono Tyknu-cpr 40k,SD Cells,11.0,27.592499603041833
ALL Tyknu-cpr LR data.xlsx,1 - mono Tyknu-cpr 40k,SEM Cells,11.0,15.930537073430845
ALL Tyknu-cpr LR data.xlsx,1 - mono Tyknu-cpr 40k,N Samples,12.0,3.0
ALL Tyknu-cpr LR data.xlsx,1 - mono Tyknu-cpr 40k,Mean Cells,12.0,140.61948784722222
ALL Tyknu-cpr LR data.xlsx,1 - mono Tyknu-cpr 40k,SD Cells,12.0,33.212959527082894
ALL Tyknu-cpr LR data.xlsx,1 - mono Tyknu-cpr 40k,SEM Cells,12.0,19.175511123545455
ALL Tyknu-cpr LR data.xlsx,1 - mono Tyknu-cpr 40k,N Samples,13.0,3.0
ALL Tyknu-cpr LR data.xlsx,1 - mono Tyknu-cpr 40k,Mean Cells,13.0,128.0638888888889
ALL Tyknu-cpr LR data.xlsx,1 - mono Tyknu-cpr 40k,SD Cells,13.0,11.750675295159075
ALL Tyknu-cpr LR data.xlsx,1 - mono Tyknu-cpr 40k,SEM Cells,13.0,6.7842555448199775
ALL Tyknu-cpr LR data.xlsx,1 - mono Tyknu-cpr 40k,N Samples,14.0,3.0
ALL Tyknu-cpr LR data.xlsx,1 - mono Tyknu-cpr 40k,Mean Cells,14.0,101.40752604166666
ALL Tyknu-cpr LR data.xlsx,1 - mono Tyknu-cpr 40k,SD Cells,14.0,17.953513354109408
ALL Tyknu-cpr LR data.xlsx,1 - mono Tyknu-cpr 40k,SEM Cells,14.0,10.365465767894609
ALL Tyknu-cpr LR data.xlsx,2 - Tyknu 40k 1-3,N Samples,0.0,3.0
ALL Tyknu-cpr LR data.xlsx,2 - Tyknu 40k 1-3,Mean Cells,0.0,44.29999999999999
ALL Tyknu-cpr LR data.xlsx,2 - Tyknu 40k 1-3,SD Cells,0.0,0.0
ALL Tyknu-cpr LR data.xlsx,2 - Tyknu 40k 1-3,SEM Cells,0.0,0.0
ALL Tyknu-cpr LR data.xlsx,2 - Tyknu 40k 1-3,N Samples,1.0,3.0
ALL Tyknu-cpr LR data.xlsx,2 - Tyknu 40k 1-3,Mean Cells,1.0,73.72805666666666
ALL Tyknu-cpr LR data.xlsx,2 - Tyknu 40k 1-3,SD Cells,1.0,24.597951144535063
ALL Tyknu-cpr LR data.xlsx,2 - Tyknu 40k 1-3,SEM Cells,1.0,14.201633714810583
ALL Tyknu-cpr LR data.xlsx,2 - Tyknu 40k 1-3,N Samples,2.0,3.0
ALL Tyknu-cpr LR data.xlsx,2 - Tyknu 40k 1-3,Mean Cells,2.0,49.29533333333334
ALL Tyknu-cpr LR data.xlsx,2 - Tyknu 40k 1-3,SD Cells,2.0,18.764781017193677
ALL Tyknu-cpr LR data.xlsx,2 - Tyknu 40k 1-3,SEM Cells,2.0,10.833851371561149
ALL Tyknu-cpr LR data.xlsx,2 - Tyknu 40k 1-3,N Samples,3.0,3.0
ALL Tyknu-cpr LR data.xlsx,2 - Tyknu 40k 1-3,Mean Cells,3.0,101.16919
ALL Tyknu-cpr LR data.xlsx,2 - Tyknu 40k 1-3,SD Cells,3.0,43.07871169170572
ALL Tyknu-cpr LR data.xlsx,2 - Tyknu 40k 1-3,SEM Cells,3.0,24.87150579154858
ALL Tyknu-cpr LR data.xlsx,2 - Tyknu 40k 1-3,N Samples,4.0,3.0
ALL Tyknu-cpr LR data.xlsx,2 - Tyknu 40k 1-3,Mean Cells,4.0,126.54237666666667
ALL Tyknu-cpr LR data.xlsx,2 - Tyknu 40k 1-3,SD Cells,4.0,68.18385317476293
ALL Tyknu-cpr LR data.xlsx,2 - Tyknu 40k 1-3,SEM Cells,4.0,39.3659659848353
ALL Tyknu-cpr LR data.xlsx,2 - Tyknu 40k 1-3,N Samples,5.0,3.0
ALL Tyknu-cpr LR data.xlsx,2 - Tyknu 40k 1-3,Mean Cells,5.0,184.40707999999998
ALL Tyknu-cpr LR data.xlsx,2 - Tyknu 40k 1-3,SD Cells,5.0,219.25176729781404
ALL Tyknu-cpr LR data.xlsx,2 - Tyknu 40k 1-3,SEM Cells,5.0,126.58506686969413
ALL Tyknu-cpr LR data.xlsx,2 - Tyknu 40k 1-3,N Samples,6.0,3.0
ALL Tyknu-cpr LR data.xlsx,2 - Tyknu 40k 1-3,Mean Cells,6.0,425.8742333333333
ALL Tyknu-cpr LR data.xlsx,2 - Tyknu 40k 1-3,SD Cells,6.0,133.11697583577902
ALL Tyknu-cpr LR data.xlsx,2 - Tyknu 40k 1-3,SEM Cells,6.0,76.85512183249593
ALL Tyknu-cpr LR data.xlsx,2 - Tyknu 40k 1-3,N Samples,7.0,3.0
ALL Tyknu-cpr LR data.xlsx,2 - Tyknu 40k 1-3,Mean Cells,7.0,602.0000333333334
ALL Tyknu-cpr LR data.xlsx,2 - Tyknu 40k 1-3,SD Cells,7.0,357.9327968022815
ALL Tyknu-cpr LR data.xlsx,2 - Tyknu 40k 1-3,SEM Cells,7.0,206.65259658559285
ALL Tyknu-cpr LR data.xlsx,2 - Tyknu 40k 1-3,N Samples,8.0,3.0
ALL Tyknu-cpr LR data.xlsx,2 - Tyknu 40k 1-3,Mean Cells,8.0,113.41488666666665
ALL Tyknu-cpr LR data.xlsx,2 - Tyknu 40k 1-3,SD Cells,8.0,63.2931277448708
ALL Tyknu-cpr LR data.xlsx,2 - Tyknu 40k 1-3,SEM Cells,8.0,36.54230434135453
ALL Tyknu-cpr LR data.xlsx,2 - Tyknu 40k 1-3,N Samples,9.0,3.0
ALL Tyknu-cpr LR data.xlsx,2 - Tyknu 40k 1-3,Mean Cells,9.0,31.10920333333333
ALL Tyknu-cpr LR data.xlsx,2 - Tyknu 40k 1-3,SD Cells,9.0,8.854150513772247
ALL Tyknu-cpr LR data.xlsx,2 - Tyknu 40k 1-3,SEM Cells,9.0,5.11194618257187
ALL Tyknu-cpr LR data.xlsx,2 - Tyknu 40k 1-3,N Samples,10.0,3.0
ALL Tyknu-cpr LR data.xlsx,2 - Tyknu 40k 1-3,Mean Cells,10.0,238.33542666666668
ALL Tyknu-cpr LR data.xlsx,2 - Tyknu 40k 1-3,SD Cells,10.0,279.51405962370507
ALL Tyknu-cpr LR data.xlsx,2 - Tyknu 40k 1-3,SEM Cells,10.0,161.37751756603123
ALL Tyknu-cpr LR data.xlsx,2 - Tyknu-cpr 40k 1-3,N Samples,0.0,3.0
ALL Tyknu-cpr LR data.xlsx,2 - Tyknu-cpr 40k 1-3,Mean Cells,0.0,88.59999999999998
ALL Tyknu-cpr LR data.xlsx,2 - Tyknu-cpr 40k 1-3,SD Cells,0.0,0.0
ALL Tyknu-cpr LR data.xlsx,2 - Tyknu-cpr 40k 1-3,SEM Cells,0.0,0.0
ALL Tyknu-cpr LR data.xlsx,2 - Tyknu-cpr 40k 1-3,N Samples,1.0,3.0
ALL Tyknu-cpr LR data.xlsx,2 - Tyknu-cpr 40k 1-3,Mean Cells,1.0,58.513803333333335
ALL Tyknu-cpr LR data.xlsx,2 - Tyknu-cpr 40k 1-3,SD Cells,1.0,16.493907956746703
ALL Tyknu-cpr LR data.xlsx,2 - Tyknu-cpr 40k 1-3,SEM Cells,1.0,9.52276219881662
ALL Tyknu-cpr LR data.xlsx,2 - Tyknu-cpr 40k 1-3,N Samples,2.0,3.0
ALL Tyknu-cpr LR data.xlsx,2 - Tyknu-cpr 40k 1-3,Mean Cells,2.0,47.05592000000001
ALL Tyknu-cpr LR data.xlsx,2 - Tyknu-cpr 40k 1-3,SD Cells,2.0,5.281954008584324
ALL Tyknu-cpr LR data.xlsx,2 - Tyknu-cpr 40k 1-3,SEM Cells,2.0,3.0495375687033826
ALL Tyknu-cpr LR data.xlsx,2 - Tyknu-cpr 40k 1-3,N Samples,3.0,3.0
ALL Tyknu-cpr LR data.xlsx,2 - Tyknu-cpr 40k 1-3,Mean Cells,3.0,53.35896
ALL Tyknu-cpr LR data.xlsx,2 - Tyknu-cpr 40k 1-3,SD Cells,3.0,2.246046869769196
ALL Tyknu-cpr LR data.xlsx,2 - Tyknu-cpr 40k 1-3,SEM Cells,3.0,1.2967557648737618
ALL Tyknu-cpr LR data.xlsx,2 - Tyknu-cpr 40k 1-3,N Samples,4.0,3.0
ALL Tyknu-cpr LR data.xlsx,2 - Tyknu-cpr 40k 1-3,Mean Cells,4.0,18.51227
ALL Tyknu-cpr LR data.xlsx,2 - Tyknu-cpr 40k 1-3,SD Cells,4.0,2.455168424344828
ALL Tyknu-cpr LR data.xlsx,2 - Tyknu-cpr 40k 1-3,SEM Cells,4.0,1.417492150701356
ALL Tyknu-cpr LR data.xlsx,2 - Tyknu-cpr 40k 1-3,N Samples,5.0,3.0
ALL Tyknu-cpr LR data.xlsx,2 - Tyknu-cpr 40k 1-3,Mean Cells,5.0,28.175453333333333
ALL Tyknu-cpr LR data.xlsx,2 - Tyknu-cpr 40k 1-3,SD Cells,5.0,3.575524972928217
ALL Tyknu-cpr LR data.xlsx,2 - Tyknu-cpr 40k 1-3,SEM Cells,5.0,2.0643303056143356
ALL Tyknu-cpr LR data.xlsx,2 - Tyknu-cpr 40k 1-3,N Samples,6.0,3.0
ALL Tyknu-cpr LR data.xlsx,2 - Tyknu-cpr 40k 1-3,Mean Cells,6.0,13.701695666666666
ALL Tyknu-cpr LR data.xlsx,2 - Tyknu-cpr 40k 1-3,SD Cells,6.0,4.489722220445979
ALL Tyknu-cpr LR data.xlsx,2 - Tyknu-cpr 40k 1-3,SEM Cells,6.0,2.5921423325611306
ALL Tyknu-cpr LR data.xlsx,2 - Tyknu-cpr 40k 1-3,N Samples,7.0,3.0
ALL Tyknu-cpr LR data.xlsx,2 - Tyknu-cpr 40k 1-3,Mean Cells,7.0,27.900086666666667
ALL Tyknu-cpr LR data.xlsx,2 - Tyknu-cpr 40k 1-3,SD Cells,7.0,6.051874807977551
ALL Tyknu-cpr LR data.xlsx,2 - Tyknu-cpr 40k 1-3,SEM Cells,7.0,3.494051549487754
ALL Tyknu-cpr LR data.xlsx,2 - Tyknu-cpr 40k 1-3,N Samples,8.0,3.0
ALL Tyknu-cpr LR data.xlsx,2 - Tyknu-cpr 40k 1-3,Mean Cells,8.0,5.500327666666667
ALL Tyknu-cpr LR data.xlsx,2 - Tyknu-cpr 40k 1-3,SD Cells,8.0,0.5479856275645679
ALL Tyknu-cpr LR data.xlsx,2 - Tyknu-cpr 40k 1-3,SEM Cells,8.0,0.3163796495864493
ALL Tyknu-cpr LR data.xlsx,2 - Tyknu-cpr 40k 1-3,N Samples,9.0,3.0
ALL Tyknu-cpr LR data.xlsx,2 - Tyknu-cpr 40k 1-3,Mean Cells,9.0,12.631316666666665
ALL Tyknu-cpr LR data.xlsx,2 - Tyknu-cpr 40k 1-3,SD Cells,9.0,2.0666031311389563
ALL Tyknu-cpr LR data.xlsx,2 - Tyknu-cpr 40k 1-3,SEM Cells,9.0,1.1931538740712
ALL Tyknu-cpr LR data.xlsx,2 - Tyknu-cpr 40k 1-3,N Samples,10.0,3.0
ALL Tyknu-cpr LR data.xlsx,2 - Tyknu-cpr 40k 1-3,Mean Cells,10.0,3.0914819999999996
ALL Tyknu-cpr LR data.xlsx,2 - Tyknu-cpr 40k 1-3,SD Cells,10.0,0.3646757108500648
ALL Tyknu-cpr LR data.xlsx,2 - Tyknu-cpr 40k 1-3,SEM Cells,10.0,0.21054561982620304
ALL Tyknu-cpr LR data.xlsx,2 - Tyknu 40k 1-1,N Samples,0.0,3.0
ALL Tyknu-cpr LR data.xlsx,2 - Tyknu 40k 1-1,Mean Cells,0.0,66.5
ALL Tyknu-cpr LR data.xlsx,2 - Tyknu 40k 1-1,SD Cells,0.0,0.0
ALL Tyknu-cpr LR data.xlsx,2 - Tyknu 40k 1-1,SEM Cells,0.0,0.0
ALL Tyknu-cpr LR data.xlsx,2 - Tyknu 40k 1-1,N Samples,1.0,3.0
ALL Tyknu-cpr LR data.xlsx,2 - Tyknu 40k 1-1,Mean Cells,1.0,117.80205000000001
ALL Tyknu-cpr LR data.xlsx,2 - Tyknu 40k 1-1,SD Cells,1.0,66.65261573222386
ALL Tyknu-cpr LR data.xlsx,2 - Tyknu 40k 1-1,SEM Cells,1.0,38.481905635192135
ALL Tyknu-cpr LR data.xlsx,2 - Tyknu 40k 1-1,N Samples,2.0,3.0
ALL Tyknu-cpr LR data.xlsx,2 - Tyknu 40k 1-1,Mean Cells,2.0,69.2237
ALL Tyknu-cpr LR data.xlsx,2 - Tyknu 40k 1-1,SD Cells,2.0,9.890430051019033
ALL Tyknu-cpr LR data.xlsx,2 - Tyknu 40k 1-1,SEM Cells,2.0,5.7102424523570035
ALL Tyknu-cpr LR data.xlsx,2 - Tyknu 40k 1-1,N Samples,3.0,3.0
ALL Tyknu-cpr LR data.xlsx,2 - Tyknu 40k 1-1,Mean Cells,3.0,114.40340333333332
ALL Tyknu-cpr LR data.xlsx,2 - Tyknu 40k 1-1,SD Cells,3.0,26.22846932994834
ALL Tyknu-cpr LR data.xlsx,2 - Tyknu 40k 1-1,SEM Cells,3.0,15.143013828077518
ALL Tyknu-cpr LR data.xlsx,2 - Tyknu 40k 1-1,N Samples,4.0,3.0
ALL Tyknu-cpr LR data.xlsx,2 - Tyknu 40k 1-1,Mean Cells,4.0,87.92987333333333
ALL Tyknu-cpr LR data.xlsx,2 - Tyknu 40k 1-1,SD Cells,4.0,50.275874328016734
ALL Tyknu-cpr LR data.xlsx,2 - Tyknu 40k 1-1,SEM Cells,4.0,29.026789577024257
ALL Tyknu-cpr LR data.xlsx,2 - Tyknu 40k 1-1,N Samples,5.0,3.0
ALL Tyknu-cpr LR data.xlsx,2 - Tyknu 40k 1-1,Mean Cells,5.0,207.81503666666666
ALL Tyknu-cpr LR data.xlsx,2 - Tyknu 40k 1-1,SD Cells,5.0,222.7535048727567
ALL Tyknu-cpr LR data.xlsx,2 - Tyknu 40k 1-1,SEM Cells,5.0,128.6067960012187
ALL Tyknu-cpr LR data.xlsx,2 - Tyknu 40k 1-1,N Samples,6.0,3.0
ALL Tyknu-cpr LR data.xlsx,2 - Tyknu 40k 1-1,Mean Cells,6.0,99.38397333333334
ALL Tyknu-cpr LR data.xlsx,2 - Tyknu 40k 1-1,SD Cells,6.0,44.807062895219225
ALL Tyknu-cpr LR data.xlsx,2 - Tyknu 40k 1-1,SEM Cells,6.0,25.869369824151313
ALL Tyknu-cpr LR data.xlsx,2 - Tyknu 40k 1-1,N Samples,7.0,3.0
ALL Tyknu-cpr LR data.xlsx,2 - Tyknu 40k 1-1,Mean Cells,7.0,837.8546333333334
ALL Tyknu-cpr LR data.xlsx,2 - Tyknu 40k 1-1,SD Cells,7.0,837.5351193615245
ALL Tyknu-cpr LR data.xlsx,2 - Tyknu 40k 1-1,SEM Cells,7.0,483.55112661914154
ALL Tyknu-cpr LR data.xlsx,2 - Tyknu 40k 1-1,N Samples,8.0,3.0
ALL Tyknu-cpr LR data.xlsx,2 - Tyknu 40k 1-1,Mean Cells,8.0,249.8456833333333
ALL Tyknu-cpr LR data.xlsx,2 - Tyknu 40k 1-1,SD Cells,8.0,372.9956928804686
ALL Tyknu-cpr LR data.xlsx,2 - Tyknu 40k 1-1,SEM Cells,8.0,215.34916369110954
ALL Tyknu-cpr LR data.xlsx,2 - Tyknu 40k 1-1,N Samples,9.0,3.0
ALL Tyknu-cpr LR data.xlsx,2 - Tyknu 40k 1-1,Mean Cells,9.0,118.76813333333335
ALL Tyknu-cpr LR data.xlsx,2 - Tyknu 40k 1-1,SD Cells,9.0,139.5338357537563
ALL Tyknu-cpr LR data.xlsx,2 - Tyknu 40k 1-1,SEM Cells,9.0,80.55989763349224
ALL Tyknu-cpr LR data.xlsx,2 - Tyknu 40k 1-1,N Samples,10.0,3.0
ALL Tyknu-cpr LR data.xlsx,2 - Tyknu 40k 1-1,Mean Cells,10.0,385.56239999999997
ALL Tyknu-cpr LR data.xlsx,2 - Tyknu 40k 1-1,SD Cells,10.0,211.7084655180326
ALL Tyknu-cpr LR data.xlsx,2 - Tyknu 40k 1-1,SEM Cells,10.0,122.22993955655873
ALL Tyknu-cpr LR data.xlsx,2 - Tyknu-cpr 40k 1-1,N Samples,0.0,3.0
ALL Tyknu-cpr LR data.xlsx,2 - Tyknu-cpr 40k 1-1,Mean Cells,0.0,66.5
ALL Tyknu-cpr LR data.xlsx,2 - Tyknu-cpr 40k 1-1,SD Cells,0.0,0.0
ALL Tyknu-cpr LR data.xlsx,2 - Tyknu-cpr 40k 1-1,SEM Cells,0.0,0.0
ALL Tyknu-cpr LR data.xlsx,2 - Tyknu-cpr 40k 1-1,N Samples,1.0,3.0
ALL Tyknu-cpr LR data.xlsx,2 - Tyknu-cpr 40k 1-1,Mean Cells,1.0,34.36354
ALL Tyknu-cpr LR data.xlsx,2 - Tyknu-cpr 40k 1-1,SD Cells,1.0,5.088389798904931
ALL Tyknu-cpr LR data.xlsx,2 - Tyknu-cpr 40k 1-1,SEM Cells,1.0,2.9377832201395075
ALL Tyknu-cpr LR data.xlsx,2 - Tyknu-cpr 40k 1-1,N Samples,2.0,3.0
ALL Tyknu-cpr LR data.xlsx,2 - Tyknu-cpr 40k 1-1,Mean Cells,2.0,30.197203333333334
ALL Tyknu-cpr LR data.xlsx,2 - Tyknu-cpr 40k 1-1,SD Cells,2.0,8.33768237872093
ALL Tyknu-cpr LR data.xlsx,2 - Tyknu-cpr 40k 1-1,SEM Cells,2.0,4.813763165772128
ALL Tyknu-cpr LR data.xlsx,2 - Tyknu-cpr 40k 1-1,N Samples,3.0,3.0
ALL Tyknu-cpr LR data.xlsx,2 - Tyknu-cpr 40k 1-1,Mean Cells,3.0,27.32285
ALL Tyknu-cpr LR data.xlsx,2 - Tyknu-cpr 40k 1-1,SD Cells,3.0,6.178602540599286
ALL Tyknu-cpr LR data.xlsx,2 - Tyknu-cpr 40k 1-1,SEM Cells,3.0,3.5672178400307035
ALL Tyknu-cpr LR data.xlsx,2 - Tyknu-cpr 40k 1-1,N Samples,4.0,3.0
ALL Tyknu-cpr LR data.xlsx,2 - Tyknu-cpr 40k 1-1,Mean Cells,4.0,10.595590666666666
ALL Tyknu-cpr LR data.xlsx,2 - Tyknu-cpr 40k 1-1,SD Cells,4.0,1.208124907863974
ALL Tyknu-cpr LR data.xlsx,2 - Tyknu-cpr 40k 1-1,SEM Cells,4.0,0.6975112407699572
ALL Tyknu-cpr LR data.xlsx,2 - Tyknu-cpr 40k 1-1,N Samples,5.0,3.0
ALL Tyknu-cpr LR data.xlsx,2 - Tyknu-cpr 40k 1-1,Mean Cells,5.0,9.122554
ALL Tyknu-cpr LR data.xlsx,2 - Tyknu-cpr 40k 1-1,SD Cells,5.0,0.75688967026311
ALL Tyknu-cpr LR data.xlsx,2 - Tyknu-cpr 40k 1-1,SEM Cells,5.0,0.4369904548732537
ALL Tyknu-cpr LR data.xlsx,2 - Tyknu-cpr 40k 1-1,N Samples,6.0,3.0
ALL Tyknu-cpr LR data.xlsx,2 - Tyknu-cpr 40k 1-1,Mean Cells,6.0,6.178012333333332
ALL Tyknu-cpr LR data.xlsx,2 - Tyknu-cpr 40k 1-1,SD Cells,6.0,0.7835713665725325
ALL Tyknu-cpr LR data.xlsx,2 - Tyknu-cpr 40k 1-1,SEM Cells,6.0,0.4523951394199346
ALL Tyknu-cpr LR data.xlsx,2 - Tyknu-cpr 40k 1-1,N Samples,7.0,3.0
ALL Tyknu-cpr LR data.xlsx,2 - Tyknu-cpr 40k 1-1,Mean Cells,7.0,9.532682999999999
ALL Tyknu-cpr LR data.xlsx,2 - Tyknu-cpr 40k 1-1,SD Cells,7.0,1.379428602478952
ALL Tyknu-cpr LR data.xlsx,2 - Tyknu-cpr 40k 1-1,SEM Cells,7.0,0.7964134749690922
ALL Tyknu-cpr LR data.xlsx,2 - Tyknu-cpr 40k 1-1,N Samples,8.0,3.0
ALL Tyknu-cpr LR data.xlsx,2 - Tyknu-cpr 40k 1-1,Mean Cells,8.0,1.9834699999999998
ALL Tyknu-cpr LR data.xlsx,2 - Tyknu-cpr 40k 1-1,SD Cells,8.0,0.5297198982717183
ALL Tyknu-cpr LR data.xlsx,2 - Tyknu-cpr 40k 1-1,SEM Cells,8.0,0.30583392586227776
ALL Tyknu-cpr LR data.xlsx,2 - Tyknu-cpr 40k 1-1,N Samples,9.0,3.0
ALL Tyknu-cpr LR data.xlsx,2 - Tyknu-cpr 40k 1-1,Mean Cells,9.0,2.5131253333333334
ALL Tyknu-cpr LR data.xlsx,2 - Tyknu-cpr 40k 1-1,SD Cells,9.0,0.5721933665923884
ALL Tyknu-cpr LR data.xlsx,2 - Tyknu-cpr 40k 1-1,SEM Cells,9.0,0.33035599423063366
ALL Tyknu-cpr LR data.xlsx,2 - Tyknu-cpr 40k 1-1,N Samples,10.0,3.0
ALL Tyknu-cpr LR data.xlsx,2 - Tyknu-cpr 40k 1-1,Mean Cells,10.0,0.8826713333333333
ALL Tyknu-cpr LR data.xlsx,2 - Tyknu-cpr 40k 1-1,SD Cells,10.0,0.5133774402195069
ALL Tyknu-cpr LR data.xlsx,2 - Tyknu-cpr 40k 1-1,SEM Cells,10.0,0.29639860330661333
ALL Tyknu-cpr LR data.xlsx,2 - Tyknu 40k 3-1,N Samples,0.0,3.0
ALL Tyknu-cpr LR data.xlsx,2 - Tyknu 40k 3-1,Mean Cells,0.0,88.59999999999998
ALL Tyknu-cpr LR data.xlsx,2 - Tyknu 40k 3-1,SD Cells,0.0,0.0
ALL Tyknu-cpr LR data.xlsx,2 - Tyknu 40k 3-1,SEM Cells,0.0,0.0
ALL Tyknu-cpr LR data.xlsx,2 - Tyknu 40k 3-1,N Samples,1.0,3.0
ALL Tyknu-cpr LR data.xlsx,2 - Tyknu 40k 3-1,Mean Cells,1.0,168.92776666666666
ALL Tyknu-cpr LR data.xlsx,2 - Tyknu 40k 3-1,SD Cells,1.0,42.72574151601506
ALL Tyknu-cpr LR data.xlsx,2 - Tyknu 40k 3-1,SEM Cells,1.0,24.66771836559767
ALL Tyknu-cpr LR data.xlsx,2 - Tyknu 40k 3-1,N Samples,2.0,3.0
ALL Tyknu-cpr LR data.xlsx,2 - Tyknu 40k 3-1,Mean Cells,2.0,120.69723333333333
ALL Tyknu-cpr LR data.xlsx,2 - Tyknu 40k 3-1,SD Cells,2.0,14.868785368123794
ALL Tyknu-cpr LR data.xlsx,2 - Tyknu 40k 3-1,SEM Cells,2.0,8.584497234809042
ALL Tyknu-cpr LR data.xlsx,2 - Tyknu 40k 3-1,N Samples,3.0,3.0
ALL Tyknu-cpr LR data.xlsx,2 - Tyknu 40k 3-1,Mean Cells,3.0,196.9949
ALL Tyknu-cpr LR data.xlsx,2 - Tyknu 40k 3-1,SD Cells,3.0,28.34988381475309
ALL Tyknu-cpr LR data.xlsx,2 - Tyknu 40k 3-1,SEM Cells,3.0,16.36781305194231
ALL Tyknu-cpr LR data.xlsx,2 - Tyknu 40k 3-1,N Samples,4.0,3.0
ALL Tyknu-cpr LR data.xlsx,2 - Tyknu 40k 3-1,Mean Cells,4.0,101.48562666666668
ALL Tyknu-cpr LR data.xlsx,2 - Tyknu 40k 3-1,SD Cells,4.0,10.996074264578851
ALL Tyknu-cpr LR data.xlsx,2 - Tyknu 40k 3-1,SEM Cells,4.0,6.348586436683717
ALL Tyknu-cpr LR data.xlsx,2 - Tyknu 40k 3-1,N Samples,5.0,3.0
ALL Tyknu-cpr LR data.xlsx,2 - Tyknu 40k 3-1,Mean Cells,5.0,136.54940000000002
ALL Tyknu-cpr LR data.xlsx,2 - Tyknu 40k 3-1,SD Cells,5.0,15.700268179556675
ALL Tyknu-cpr LR data.xlsx,2 - Tyknu 40k 3-1,SEM Cells,5.0,9.064554059816363
ALL Tyknu-cpr LR data.xlsx,2 - Tyknu 40k 3-1,N Samples,6.0,3.0
ALL Tyknu-cpr LR data.xlsx,2 - Tyknu 40k 3-1,Mean Cells,6.0,78.64559333333334
ALL Tyknu-cpr LR data.xlsx,2 - Tyknu 40k 3-1,SD Cells,6.0,25.973546188170644
ALL Tyknu-cpr LR data.xlsx,2 - Tyknu 40k 3-1,SEM Cells,6.0,14.995833883549501
ALL Tyknu-cpr LR data.xlsx,2 - Tyknu 40k 3-1,N Samples,7.0,3.0
ALL Tyknu-cpr LR data.xlsx,2 - Tyknu 40k 3-1,Mean Cells,7.0,181.21896666666666
ALL Tyknu-cpr LR data.xlsx,2 - Tyknu 40k 3-1,SD Cells,7.0,24.148173685257095
ALL Tyknu-cpr LR data.xlsx,2 - Tyknu 40k 3-1,SEM Cells,7.0,13.941954577621022
ALL Tyknu-cpr LR data.xlsx,2 - Tyknu 40k 3-1,N Samples,8.0,3.0
ALL Tyknu-cpr LR data.xlsx,2 - Tyknu 40k 3-1,Mean Cells,8.0,32.05388666666667
ALL Tyknu-cpr LR data.xlsx,2 - Tyknu 40k 3-1,SD Cells,8.0,7.347847541112499
ALL Tyknu-cpr LR data.xlsx,2 - Tyknu 40k 3-1,SEM Cells,8.0,4.242281755825631
ALL Tyknu-cpr LR data.xlsx,2 - Tyknu 40k 3-1,N Samples,9.0,3.0
ALL Tyknu-cpr LR data.xlsx,2 - Tyknu 40k 3-1,Mean Cells,9.0,51.76432333333333
ALL Tyknu-cpr LR data.xlsx,2 - Tyknu 40k 3-1,SD Cells,9.0,13.412199919317239
ALL Tyknu-cpr LR data.xlsx,2 - Tyknu 40k 3-1,SEM Cells,9.0,7.743537233842885
ALL Tyknu-cpr LR data.xlsx,2 - Tyknu 40k 3-1,N Samples,10.0,3.0
ALL Tyknu-cpr LR data.xlsx,2 - Tyknu 40k 3-1,Mean Cells,10.0,25.730990000000002
ALL Tyknu-cpr LR data.xlsx,2 - Tyknu 40k 3-1,SD Cells,10.0,13.720932116846146
ALL Tyknu-cpr LR data.xlsx,2 - Tyknu 40k 3-1,SEM Cells,10.0,7.921783851193704
ALL Tyknu-cpr LR data.xlsx,2 - Tyknu-cpr 40k 3-1,N Samples,0.0,3.0
ALL Tyknu-cpr LR data.xlsx,2 - Tyknu-cpr 40k 3-1,Mean Cells,0.0,44.29999999999999
ALL Tyknu-cpr LR data.xlsx,2 - Tyknu-cpr 40k 3-1,SD Cells,0.0,0.0
ALL Tyknu-cpr LR data.xlsx,2 - Tyknu-cpr 40k 3-1,SEM Cells,0.0,0.0
ALL Tyknu-cpr LR data.xlsx,2 - Tyknu-cpr 40k 3-1,N Samples,1.0,3.0
ALL Tyknu-cpr LR data.xlsx,2 - Tyknu-cpr 40k 3-1,Mean Cells,1.0,18.812173333333334
ALL Tyknu-cpr LR data.xlsx,2 - Tyknu-cpr 40k 3-1,SD Cells,1.0,8.264629979765171
ALL Tyknu-cpr LR data.xlsx,2 - Tyknu-cpr 40k 3-1,SEM Cells,1.0,4.771586343570073
ALL Tyknu-cpr LR data.xlsx,2 - Tyknu-cpr 40k 3-1,N Samples,2.0,3.0
ALL Tyknu-cpr LR data.xlsx,2 - Tyknu-cpr 40k 3-1,Mean Cells,2.0,14.168076666666666
ALL Tyknu-cpr LR data.xlsx,2 - Tyknu-cpr 40k 3-1,SD Cells,2.0,1.06215980814251
ALL Tyknu-cpr LR data.xlsx,2 - Tyknu-cpr 40k 3-1,SEM Cells,2.0,0.6132382511534795
ALL Tyknu-cpr LR data.xlsx,2 - Tyknu-cpr 40k 3-1,N Samples,3.0,3.0
ALL Tyknu-cpr LR data.xlsx,2 - Tyknu-cpr 40k 3-1,Mean Cells,3.0,11.818966333333334
ALL Tyknu-cpr LR data.xlsx,2 - Tyknu-cpr 40k 3-1,SD Cells,3.0,3.3050216114256066
ALL Tyknu-cpr LR data.xlsx,2 - Tyknu-cpr 40k 3-1,SEM Cells,3.0,1.908155117034105
ALL Tyknu-cpr LR data.xlsx,2 - Tyknu-cpr 40k 3-1,N Samples,4.0,3.0
ALL Tyknu-cpr LR data.xlsx,2 - Tyknu-cpr 40k 3-1,Mean Cells,4.0,5.127435333333334
ALL Tyknu-cpr LR data.xlsx,2 - Tyknu-cpr 40k 3-1,SD Cells,4.0,1.0898685853718
ALL Tyknu-cpr LR data.xlsx,2 - Tyknu-cpr 40k 3-1,SEM Cells,4.0,0.6292359211457254
ALL Tyknu-cpr LR data.xlsx,2 - Tyknu-cpr 40k 3-1,N Samples,5.0,3.0
ALL Tyknu-cpr LR data.xlsx,2 - Tyknu-cpr 40k 3-1,Mean Cells,5.0,5.211951
ALL Tyknu-cpr LR data.xlsx,2 - Tyknu-cpr 40k 3-1,SD Cells,5.0,1.254118544694639
ALL Tyknu-cpr LR data.xlsx,2 - Tyknu-cpr 40k 3-1,SEM Cells,5.0,0.7240656793751515
ALL Tyknu-cpr LR data.xlsx,2 - Tyknu-cpr 40k 3-1,N Samples,6.0,3.0
ALL Tyknu-cpr LR data.xlsx,2 - Tyknu-cpr 40k 3-1,Mean Cells,6.0,2.179698333333333
ALL Tyknu-cpr LR data.xlsx,2 - Tyknu-cpr 40k 3-1,SD Cells,6.0,1.0177506660397402
ALL Tyknu-cpr LR data.xlsx,2 - Tyknu-cpr 40k 3-1,SEM Cells,6.0,0.5875986210059649
ALL Tyknu-cpr LR data.xlsx,2 - Tyknu-cpr 40k 3-1,N Samples,7.0,3.0
ALL Tyknu-cpr LR data.xlsx,2 - Tyknu-cpr 40k 3-1,Mean Cells,7.0,2.5457373333333333
ALL Tyknu-cpr LR data.xlsx,2 - Tyknu-cpr 40k 3-1,SD Cells,7.0,0.6838728069110034
ALL Tyknu-cpr LR data.xlsx,2 - Tyknu-cpr 40k 3-1,SEM Cells,7.0,0.3948341491615328
ALL Tyknu-cpr LR data.xlsx,2 - Tyknu-cpr 40k 3-1,N Samples,8.0,3.0
ALL Tyknu-cpr LR data.xlsx,2 - Tyknu-cpr 40k 3-1,Mean Cells,8.0,1.1596786666666667
ALL Tyknu-cpr LR data.xlsx,2 - Tyknu-cpr 40k 3-1,SD Cells,8.0,0.784109813432617
ALL Tyknu-cpr LR data.xlsx,2 - Tyknu-cpr 40k 3-1,SEM Cells,8.0,0.4527060118595487
ALL Tyknu-cpr LR data.xlsx,2 - Tyknu-cpr 40k 3-1,N Samples,9.0,3.0
ALL Tyknu-cpr LR data.xlsx,2 - Tyknu-cpr 40k 3-1,Mean Cells,9.0,0.7716863333333334
ALL Tyknu-cpr LR data.xlsx,2 - Tyknu-cpr 40k 3-1,SD Cells,9.0,0.1980050246239556
ALL Tyknu-cpr LR data.xlsx,2 - Tyknu-cpr 40k 3-1,SEM Cells,9.0,0.11431825426753926
ALL Tyknu-cpr LR data.xlsx,2 - Tyknu-cpr 40k 3-1,N Samples,10.0,3.0
ALL Tyknu-cpr LR data.xlsx,2 - Tyknu-cpr 40k 3-1,Mean Cells,10.0,0.4003273333333333
ALL Tyknu-cpr LR data.xlsx,2 - Tyknu-cpr 40k 3-1,SD Cells,10.0,0.3441201715931999
ALL Tyknu-cpr LR data.xlsx,2 - Tyknu-cpr 40k 3-1,SEM Cells,10.0,0.19867787370291418
ce0_25S75R.xlsx,25Sensitive_Untreated,N Samples,0.0,3.0
ce0_25S75R.xlsx,25Sensitive_Untreated,Mean Cells,0.0,24.95
ce0_25S75R.xlsx,25Sensitive_Untreated,SD Cells,0.0,0.0
ce0_25S75R.xlsx,25Sensitive_Untreated,SEM Cells,0.0,0.0
ce0_25S75R.xlsx,25Sensitive_Untreated,N Samples,1.0,3.0
ce0_25S75R.xlsx,25Sensitive_Untreated,Mean Cells,1.0,13.087617666666668
ce0_25S75R.xlsx,25Sensitive_Untreated,SD Cells,1.0,7.481520224576435
ce0_25S75R.xlsx,25Sensitive_Untreated,SEM Cells,1.0,4.319457715606835
ce0_25S75R.xlsx,25Sensitive_Untreated,N Samples,2.0,3.0
ce0_25S75R.xlsx,25Sensitive_Untreated,Mean Cells,2.0,39.298923333333335
ce0_25S75R.xlsx,25Sensitive_Untreated,SD Cells,2.0,12.002979754483183
ce0_25S75R.xlsx,25Sensitive_Untreated,SEM Cells,2.0,6.929923592328494
ce0_25S75R.xlsx,25Sensitive_Untreated,N Samples,3.0,3.0
ce0_25S75R.xlsx,25Sensitive_Untreated,Mean Cells,3.0,123.18034333333333
ce0_25S75R.xlsx,25Sensitive_Untreated,SD Cells,3.0,40.9665690438757
ce0_25S75R.xlsx,25Sensitive_Untreated,SEM Cells,3.0,23.652059665257028
ce0_25S75R.xlsx,25Sensitive_Untreated,N Samples,4.0,3.0
ce0_25S75R.xlsx,25Sensitive_Untreated,Mean Cells,4.0,301.89056666666664
ce0_25S75R.xlsx,25Sensitive_Untreated,SD Cells,4.0,91.20406693707986
ce0_25S75R.xlsx,25Sensitive_Untreated,SEM Cells,4.0,52.656692597311704
ce0_25S75R.xlsx,25Sensitive_Untreated,N Samples,5.0,3.0
ce0_25S75R.xlsx,25Sensitive_Untreated,Mean Cells,5.0,791.3014666666667
ce0_25S75R.xlsx,25Sensitive_Untreated,SD Cells,5.0,175.65164064313018
ce0_25S75R.xlsx,25Sensitive_Untreated,SEM Cells,5.0,101.41252200891063
ce0_25S75R.xlsx,25Sensitive_Untreated,N Samples,6.0,3.0
ce0_25S75R.xlsx,25Sensitive_Untreated,Mean Cells,6.0,726.0503666666667
ce0_25S75R.xlsx,25Sensitive_Untreated,SD Cells,6.0,208.12054480580073
ce0_25S75R.xlsx,25Sensitive_Untreated,SEM Cells,6.0,120.15845256752063
ce0_25S75R.xlsx,25Sensitive_Untreated,N Samples,7.0,3.0
ce0_25S75R.xlsx,25Sensitive_Untreated,Mean Cells,7.0,1318.3615
ce0_25S75R.xlsx,25Sensitive_Untreated,SD Cells,7.0,377.50528419778476
ce0_25S75R.xlsx,25Sensitive_Untreated,SEM Cells,7.0,217.95277745209722
ce0_25S75R.xlsx,25Sensitive_Untreated,N Samples,8.0,3.0
ce0_25S75R.xlsx,25Sensitive_Untreated,Mean Cells,8.0,1513.7346666666665
ce0_25S75R.xlsx,25Sensitive_Untreated,SD Cells,8.0,279.9263861041574
ce0_25S75R.xlsx,25Sensitive_Untreated,SEM Cells,8.0,161.61557437051442
ce0_25S75R.xlsx,25Sensitive_Untreated,N Samples,9.0,3.0
ce0_25S75R.xlsx,25Sensitive_Untreated,Mean Cells,9.0,1434.7740000000001
ce0_25S75R.xlsx,25Sensitive_Untreated,SD Cells,9.0,261.17654270818383
ce0_25S75R.xlsx,25Sensitive_Untreated,SEM Cells,9.0,150.79034723858572
ce0_25S75R.xlsx,25Sensitive_Untreated,N Samples,10.0,3.0
ce0_25S75R.xlsx,25Sensitive_Untreated,Mean Cells,10.0,1640.7846666666665
ce0_25S75R.xlsx,25Sensitive_Untreated,SD Cells,10.0,110.35375985589859
ce0_25S75R.xlsx,25Sensitive_Untreated,SEM Cells,10.0,63.71277295889037
ce0_25S75R.xlsx,25Sensitive_Untreated,N Samples,11.0,3.0
ce0_25S75R.xlsx,25Sensitive_Untreated,Mean Cells,11.0,2289.899
ce0_25S75R.xlsx,25Sensitive_Untreated,SD Cells,11.0,228.9098434733638
ce0_25S75R.xlsx,25Sensitive_Untreated,SEM Cells,11.0,132.16115974950168
ce0_25S75R.xlsx,25Sensitive_Untreated,N Samples,12.0,3.0
ce0_25S75R.xlsx,25Sensitive_Untreated,Mean Cells,12.0,1768.0916666666665
ce0_25S75R.xlsx,25Sensitive_Untreated,SD Cells,12.0,350.48553171469734
ce0_25S75R.xlsx,25Sensitive_Untreated,SEM Cells,12.0,202.35291608254965
ce0_25S75R.xlsx,25Sensitive_Untreated,N Samples,13.0,3.0
ce0_25S75R.xlsx,25Sensitive_Untreated,Mean Cells,13.0,2427.369
ce0_25S75R.xlsx,25Sensitive_Untreated,SD Cells,13.0,153.78448104083833
ce0_25S75R.xlsx,25Sensitive_Untreated,SEM Cells,13.0,88.78751152611491
ce0_25S75R.xlsx,25Sensitive_Untreated,N Samples,14.0,3.0
ce0_25S75R.xlsx,25Sensitive_Untreated,Mean Cells,14.0,1996.911
ce0_25S75R.xlsx,25Sensitive_Untreated,SD Cells,14.0,16.649191091461507
ce0_25S75R.xlsx,25Sensitive_Untreated,SEM Cells,14.0,9.612414958444822
ce0_25S75R.xlsx,75Resistant_Untreated,N Samples,0.0,3.0
ce0_25S75R.xlsx,75Resistant_Untreated,Mean Cells,0.0,74.85
ce0_25S75R.xlsx,75Resistant_Untreated,SD Cells,0.0,0.0
ce0_25S75R.xlsx,75Resistant_Untreated,SEM Cells,0.0,0.0
ce0_25S75R.xlsx,75Resistant_Untreated,N Samples,1.0,3.0
ce0_25S75R.xlsx,75Resistant_Untreated,Mean Cells,1.0,61.047336666666666
ce0_25S75R.xlsx,75Resistant_Untreated,SD Cells,1.0,17.621664710691576
ce0_25S75R.xlsx,75Resistant_Untreated,SEM Cells,1.0,10.17387286428711
ce0_25S75R.xlsx,75Resistant_Untreated,N Samples,2.0,3.0
ce0_25S75R.xlsx,75Resistant_Untreated,Mean Cells,2.0,103.61651
ce0_25S75R.xlsx,75Resistant_Untreated,SD Cells,2.0,24.01218015296199
ce0_25S75R.xlsx,75Resistant_Untreated,SEM Cells,2.0,13.863438675142394
ce0_25S75R.xlsx,75Resistant_Untreated,N Samples,3.0,3.0
ce0_25S75R.xlsx,75Resistant_Untreated,Mean Cells,3.0,178.24300000000002
ce0_25S75R.xlsx,75Resistant_Untreated,SD Cells,3.0,50.19096225048883
ce0_25S75R.xlsx,75Resistant_Untreated,SEM Cells,3.0,28.977765566206074
ce0_25S75R.xlsx,75Resistant_Untreated,N Samples,4.0,3.0
ce0_25S75R.xlsx,75Resistant_Untreated,Mean Cells,4.0,362.32986666666665
ce0_25S75R.xlsx,75Resistant_Untreated,SD Cells,4.0,70.00890905380095
ce0_25S75R.xlsx,75Resistant_Untreated,SEM Cells,4.0,40.41966248788401
ce0_25S75R.xlsx,75Resistant_Untreated,N Samples,5.0,3.0
ce0_25S75R.xlsx,75Resistant_Untreated,Mean Cells,5.0,757.4355999999999
ce0_25S75R.xlsx,75Resistant_Untreated,SD Cells,5.0,141.38952918331722
ce0_25S75R.xlsx,75Resistant_Untreated,SEM Cells,5.0,81.63128273458265
ce0_25S75R.xlsx,75Resistant_Untreated,N Samples,6.0,3.0
ce0_25S75R.xlsx,75Resistant_Untreated,Mean Cells,6.0,1086.1088666666667
ce0_25S75R.xlsx,75Resistant_Untreated,SD Cells,6.0,116.49332954746092
ce0_25S75R.xlsx,75Resistant_Untreated,SEM Cells,6.0,67.25745517302235
ce0_25S75R.xlsx,75Resistant_Untreated,N Samples,7.0,3.0
ce0_25S75R.xlsx,75Resistant_Untreated,Mean Cells,7.0,1566.3503333333335
ce0_25S75R.xlsx,75Resistant_Untreated,SD Cells,7.0,168.363234087295
ce0_25S75R.xlsx,75Resistant_Untreated,SEM Cells,7.0,97.20455852193575
ce0_25S75R.xlsx,75Resistant_Untreated,N Samples,8.0,3.0
ce0_25S75R.xlsx,75Resistant_Untreated,Mean Cells,8.0,1943.8999999999999
ce0_25S75R.xlsx,75Resistant_Untreated,SD Cells,8.0,139.24271706987048
ce0_25S75R.xlsx,75Resistant_Untreated,SEM Cells,8.0,80.39182018298463
ce0_25S75R.xlsx,75Resistant_Untreated,N Samples,9.0,3.0
ce0_25S75R.xlsx,75Resistant_Untreated,Mean Cells,9.0,2446.549
ce0_25S75R.xlsx,75Resistant_Untreated,SD Cells,9.0,199.09489981413364
ce0_25S75R.xlsx,75Resistant_Untreated,SEM Cells,9.0,114.94749400197163
ce0_25S75R.xlsx,75Resistant_Untreated,N Samples,10.0,3.0
ce0_25S75R.xlsx,75Resistant_Untreated,Mean Cells,10.0,1824.6076666666668
ce0_25S75R.xlsx,75Resistant_Untreated,SD Cells,10.0,98.77050269353357
ce0_25S75R.xlsx,75Resistant_Untreated,SEM Cells,10.0,57.02517631810627
ce0_25S75R.xlsx,75Resistant_Untreated,N Samples,11.0,3.0
ce0_25S75R.xlsx,75Resistant_Untreated,Mean Cells,11.0,3249.732
ce0_25S75R.xlsx,75Resistant_Untreated,SD Cells,11.0,45.08286850900241
ce0_25S75R.xlsx,75Resistant_Untreated,SEM Cells,11.0,26.028606269513045
ce0_25S75R.xlsx,75Resistant_Untreated,N Samples,12.0,3.0
ce0_25S75R.xlsx,75Resistant_Untreated,Mean Cells,12.0,1631.7306666666666
ce0_25S75R.xlsx,75Resistant_Untreated,SD Cells,12.0,89.74348165930121
ce0_25S75R.xlsx,75Resistant_Untreated,SEM Cells,12.0,51.8134232940118
ce0_25S75R.xlsx,75Resistant_Untreated,N Samples,13.0,3.0
ce0_25S75R.xlsx,75Resistant_Untreated,Mean Cells,13.0,2673.605666666667
ce0_25S75R.xlsx,75Resistant_Untreated,SD Cells,13.0,83.96703462867636
ce0_25S75R.xlsx,75Resistant_Untreated,SEM Cells,13.0,48.478390045920925
ce0_25S75R.xlsx,75Resistant_Untreated,N Samples,14.0,3.0
ce0_25S75R.xlsx,75Resistant_Untreated,Mean Cells,14.0,1684.9116666666669
ce0_25S75R.xlsx,75Resistant_Untreated,SD Cells,14.0,179.07982016222078
ce0_25S75R.xlsx,75Resistant_Untreated,SEM Cells,14.0,103.39178237708795
ce0_50S50R.xlsx,50Sensitive_Untreated,N Samples,0.0,3.0
ce0_50S50R.xlsx,50Sensitive_Untreated,Mean Cells,0.0,49.9
ce0_50S50R.xlsx,50Sensitive_Untreated,SD Cells,0.0,0.0
ce0_50S50R.xlsx,50Sensitive_Untreated,SEM Cells,0.0,0.0
ce0_50S50R.xlsx,50Sensitive_Untreated,N Samples,1.0,3.0
ce0_50S50R.xlsx,50Sensitive_Untreated,Mean Cells,1.0,28.14232253
ce0_50S50R.xlsx,50Sensitive_Untreated,SD Cells,1.0,6.69247899886517
ce0_50S50R.xlsx,50Sensitive_Untreated,SEM Cells,1.0,3.863904551540723
ce0_50S50R.xlsx,50Sensitive_Untreated,N Samples,2.0,3.0
ce0_50S50R.xlsx,50Sensitive_Untreated,Mean Cells,2.0,81.63553239333334
ce0_50S50R.xlsx,50Sensitive_Untreated,SD Cells,2.0,23.82292725386531
ce0_50S50R.xlsx,50Sensitive_Untreated,SEM Cells,2.0,13.75417346290401
ce0_50S50R.xlsx,50Sensitive_Untreated,N Samples,3.0,3.0
ce0_50S50R.xlsx,50Sensitive_Untreated,Mean Cells,3.0,213.78726853333333
ce0_50S50R.xlsx,50Sensitive_Untreated,SD Cells,3.0,54.78120391304936
ce0_50S50R.xlsx,50Sensitive_Untreated,SEM Cells,3.0,31.62794282573083
ce0_50S50R.xlsx,50Sensitive_Untreated,N Samples,4.0,3.0
ce0_50S50R.xlsx,50Sensitive_Untreated,Mean Cells,4.0,572.6799768666666
ce0_50S50R.xlsx,50Sensitive_Untreated,SD Cells,4.0,48.83254797218043
ce0_50S50R.xlsx,50Sensitive_Untreated,SEM Cells,4.0,28.193484716953687
ce0_50S50R.xlsx,50Sensitive_Untreated,N Samples,5.0,3.0
ce0_50S50R.xlsx,50Sensitive_Untreated,Mean Cells,5.0,1364.0345290000002
ce0_50S50R.xlsx,50Sensitive_Untreated,SD Cells,5.0,84.82480902629855
ce0_50S50R.xlsx,50Sensitive_Untreated,SEM Cells,5.0,48.97362632529207
ce0_50S50R.xlsx,50Sensitive_Untreated,N Samples,6.0,3.0
ce0_50S50R.xlsx,50Sensitive_Untreated,Mean Cells,6.0,953.8250386333334
ce0_50S50R.xlsx,50Sensitive_Untreated,SD Cells,6.0,105.23427263894433
ce0_50S50R.xlsx,50Sensitive_Untreated,SEM Cells,6.0,60.757035636068984
ce0_50S50R.xlsx,50Sensitive_Untreated,N Samples,7.0,3.0
ce0_50S50R.xlsx,50Sensitive_Untreated,Mean Cells,7.0,1761.812153
ce0_50S50R.xlsx,50Sensitive_Untreated,SD Cells,7.0,63.02231922786068
ce0_50S50R.xlsx,50Sensitive_Untreated,SEM Cells,7.0,36.385952971159895
ce0_50S50R.xlsx,50Sensitive_Untreated,N Samples,8.0,3.0
ce0_50S50R.xlsx,50Sensitive_Untreated,Mean Cells,8.0,2030.139352
ce0_50S50R.xlsx,50Sensitive_Untreated,SD Cells,8.0,230.2098669547704
ce0_50S50R.xlsx,50Sensitive_Untreated,SEM Cells,8.0,132.91172865644464
ce0_50S50R.xlsx,50Sensitive_Untreated,N Samples,9.0,3.0
ce0_50S50R.xlsx,50Sensitive_Untreated,Mean Cells,9.0,2096.135146666667
ce0_50S50R.xlsx,50Sensitive_Untreated,SD Cells,9.0,158.46839497410468
ce0_50S50R.xlsx,50Sensitive_Untreated,SEM Cells,9.0,91.49177049634729
ce0_50S50R.xlsx,50Sensitive_Untreated,N Samples,10.0,3.0
ce0_50S50R.xlsx,50Sensitive_Untreated,Mean Cells,10.0,2398.7996143333335
ce0_50S50R.xlsx,50Sensitive_Untreated,SD Cells,10.0,177.4079387232743
ce0_50S50R.xlsx,50Sensitive_Untreated,SEM Cells,10.0,102.42652117825905
ce0_50S50R.xlsx,50Sensitive_Untreated,N Samples,11.0,3.0
ce0_50S50R.xlsx,50Sensitive_Untreated,Mean Cells,11.0,2851.6789353333334
ce0_50S50R.xlsx,50Sensitive_Untreated,SD Cells,11.0,115.58276796715799
ce0_50S50R.xlsx,50Sensitive_Untreated,SEM Cells,11.0,66.73174219952072
ce0_50S50R.xlsx,50Sensitive_Untreated,N Samples,12.0,3.0
ce0_50S50R.xlsx,50Sensitive_Untreated,Mean Cells,12.0,2548.58696
ce0_50S50R.xlsx,50Sensitive_Untreated,SD Cells,12.0,167.60898963964527
ce0_50S50R.xlsx,50Sensitive_Untreated,SEM Cells,12.0,96.7690952870504
ce0_50S50R.xlsx,50Sensitive_Untreated,N Samples,13.0,3.0
ce0_50S50R.xlsx,50Sensitive_Untreated,Mean Cells,13.0,2881.326543333333
ce0_50S50R.xlsx,50Sensitive_Untreated,SD Cells,13.0,295.7133588599841
ce0_50S50R.xlsx,50Sensitive_Untreated,SEM Cells,13.0,170.73018734078025
ce0_50S50R.xlsx,50Sensitive_Untreated,N Samples,14.0,3.0
ce0_50S50R.xlsx,50Sensitive_Untreated,Mean Cells,14.0,2774.949845666666
ce0_50S50R.xlsx,50Sensitive_Untreated,SD Cells,14.0,567.9419559542417
ce0_50S50R.xlsx,50Sensitive_Untreated,SEM Cells,14.0,327.9014411542641
ce0_50S50R.xlsx,50Resistant_Untreated,N Samples,0.0,3.0
ce0_50S50R.xlsx,50Resistant_Untreated,Mean Cells,0.0,49.9
ce0_50S50R.xlsx,50Resistant_Untreated,SD Cells,0.0,0.0
ce0_50S50R.xlsx,50Resistant_Untreated,SEM Cells,0.0,0.0
ce0_50S50R.xlsx,50Resistant_Untreated,N Samples,1.0,3.0
ce0_50S50R.xlsx,50Resistant_Untreated,Mean Cells,1.0,34.930323333333334
ce0_50S50R.xlsx,50Resistant_Untreated,SD Cells,1.0,8.003782640235396
ce0_50S50R.xlsx,50Resistant_Untreated,SEM Cells,1.0,4.62098606187516
ce0_50S50R.xlsx,50Resistant_Untreated,N Samples,2.0,3.0
ce0_50S50R.xlsx,50Resistant_Untreated,Mean Cells,2.0,59.401543333333336
ce0_50S50R.xlsx,50Resistant_Untreated,SD Cells,2.0,14.820145702392168
ce0_50S50R.xlsx,50Resistant_Untreated,SEM Cells,2.0,8.556415110705593
ce0_50S50R.xlsx,50Resistant_Untreated,N Samples,3.0,3.0
ce0_50S50R.xlsx,50Resistant_Untreated,Mean Cells,3.0,105.14539333333335
ce0_50S50R.xlsx,50Resistant_Untreated,SD Cells,3.0,26.15743620181708
ce0_50S50R.xlsx,50Resistant_Untreated,SEM Cells,3.0,15.102002832429555
ce0_50S50R.xlsx,50Resistant_Untreated,N Samples,4.0,3.0
ce0_50S50R.xlsx,50Resistant_Untreated,Mean Cells,4.0,218.274
ce0_50S50R.xlsx,50Resistant_Untreated,SD Cells,4.0,29.429004755343115
ce0_50S50R.xlsx,50Resistant_Untreated,SEM Cells,4.0,16.990843817480126
ce0_50S50R.xlsx,50Resistant_Untreated,N Samples,5.0,3.0
ce0_50S50R.xlsx,50Resistant_Untreated,Mean Cells,5.0,401.8941333333333
ce0_50S50R.xlsx,50Resistant_Untreated,SD Cells,5.0,58.2899447534763
ce0_50S50R.xlsx,50Resistant_Untreated,SEM Cells,5.0,33.65371529446796
ce0_50S50R.xlsx,50Resistant_Untreated,N Samples,6.0,3.0
ce0_50S50R.xlsx,50Resistant_Untreated,Mean Cells,6.0,348.39776666666666
ce0_50S50R.xlsx,50Resistant_Untreated,SD Cells,6.0,46.49398770963111
ce0_50S50R.xlsx,50Resistant_Untreated,SEM Cells,6.0,26.843316319854672
ce0_50S50R.xlsx,50Resistant_Untreated,N Samples,7.0,3.0
ce0_50S50R.xlsx,50Resistant_Untreated,Mean Cells,7.0,538.1780666666667
ce0_50S50R.xlsx,50Resistant_Untreated,SD Cells,7.0,36.411070550085896
ce0_50S50R.xlsx,50Resistant_Untreated,SEM Cells,7.0,21.021941383574546
ce0_50S50R.xlsx,50Resistant_Untreated,N Samples,8.0,3.0
ce0_50S50R.xlsx,50Resistant_Untreated,Mean Cells,8.0,748.2513333333333
ce0_50S50R.xlsx,50Resistant_Untreated,SD Cells,8.0,73.13772767746708
ce0_50S50R.xlsx,50Resistant_Untreated,SEM Cells,8.0,42.226086762503165
ce0_50S50R.xlsx,50Resistant_Untreated,N Samples,9.0,3.0
ce0_50S50R.xlsx,50Resistant_Untreated,Mean Cells,9.0,815.8371333333333
ce0_50S50R.xlsx,50Resistant_Untreated,SD Cells,9.0,70.60103054321046
ce0_50S50R.xlsx,50Resistant_Untreated,SEM Cells,9.0,40.76152398918755
ce0_50S50R.xlsx,50Resistant_Untreated,N Samples,10.0,3.0
ce0_50S50R.xlsx,50Resistant_Untreated,Mean Cells,10.0,605.9174333333333
ce0_50S50R.xlsx,50Resistant_Untreated,SD Cells,10.0,66.5639597021041
ce0_50S50R.xlsx,50Resistant_Untreated,SEM Cells,10.0,38.43072005233721
ce0_50S50R.xlsx,50Resistant_Untreated,N Samples,11.0,3.0
ce0_50S50R.xlsx,50Resistant_Untreated,Mean Cells,11.0,905.2924666666667
ce0_50S50R.xlsx,50Resistant_Untreated,SD Cells,11.0,146.65397493768634
ce0_50S50R.xlsx,50Resistant_Untreated,SEM Cells,11.0,84.67071190800185
ce0_50S50R.xlsx,50Resistant_Untreated,N Samples,12.0,3.0
ce0_50S50R.xlsx,50Resistant_Untreated,Mean Cells,12.0,496.2327
ce0_50S50R.xlsx,50Resistant_Untreated,SD Cells,12.0,43.68147226925851
ce0_50S50R.xlsx,50Resistant_Untreated,SEM Cells,12.0,25.219509773255574
ce0_50S50R.xlsx,50Resistant_Untreated,N Samples,13.0,3.0
ce0_50S50R.xlsx,50Resistant_Untreated,Mean Cells,13.0,678.3244333333333
ce0_50S50R.xlsx,50Resistant_Untreated,SD Cells,13.0,126.85085142695527
ce0_50S50R.xlsx,50Resistant_Untreated,SEM Cells,13.0,73.23737321828585
ce0_50S50R.xlsx,50Resistant_Untreated,N Samples,14.0,3.0
ce0_50S50R.xlsx,50Resistant_Untreated,Mean Cells,14.0,422.3096666666667
ce0_50S50R.xlsx,50Resistant_Untreated,SD Cells,14.0,42.22438210919531
ce0_50S50R.xlsx,50Resistant_Untreated,SEM Cells,14.0,24.378258377109532
ce0_75S25R.xlsx,75Sensitive_Untreated,N Samples,0.0,3.0
ce0_75S25R.xlsx,75Sensitive_Untreated,Mean Cells,0.0,74.85
ce0_75S25R.xlsx,75Sensitive_Untreated,SD Cells,0.0,0.0
ce0_75S25R.xlsx,75Sensitive_Untreated,SEM Cells,0.0,0.0
ce0_75S25R.xlsx,75Sensitive_Untreated,N Samples,1.0,3.0
ce0_75S25R.xlsx,75Sensitive_Untreated,Mean Cells,1.0,30.907330246666664
ce0_75S25R.xlsx,75Sensitive_Untreated,SD Cells,1.0,6.882725647882982
ce0_75S25R.xlsx,75Sensitive_Untreated,SEM Cells,1.0,3.973743505563581
ce0_75S25R.xlsx,75Sensitive_Untreated,N Samples,2.0,3.0
ce0_75S25R.xlsx,75Sensitive_Untreated,Mean Cells,2.0,96.66439045
ce0_75S25R.xlsx,75Sensitive_Untreated,SD Cells,2.0,8.760361394710584
ce0_75S25R.xlsx,75Sensitive_Untreated,SEM Cells,2.0,5.0577970094345615
ce0_75S25R.xlsx,75Sensitive_Untreated,N Samples,3.0,3.0
ce0_75S25R.xlsx,75Sensitive_Untreated,Mean Cells,3.0,246.1283565
ce0_75S25R.xlsx,75Sensitive_Untreated,SD Cells,3.0,47.82025917233557
ce0_75S25R.xlsx,75Sensitive_Untreated,SEM Cells,3.0,27.609039505865614
ce0_75S25R.xlsx,75Sensitive_Untreated,N Samples,4.0,3.0
ce0_75S25R.xlsx,75Sensitive_Untreated,Mean Cells,4.0,733.1077160666667
ce0_75S25R.xlsx,75Sensitive_Untreated,SD Cells,4.0,78.44898622840049
ce0_75S25R.xlsx,75Sensitive_Untreated,SEM Cells,4.0,45.29254331662027
ce0_75S25R.xlsx,75Sensitive_Untreated,N Samples,5.0,3.0
ce0_75S25R.xlsx,75Sensitive_Untreated,Mean Cells,5.0,1347.571952
ce0_75S25R.xlsx,75Sensitive_Untreated,SD Cells,5.0,178.68645364670343
ce0_75S25R.xlsx,75Sensitive_Untreated,SEM Cells,5.0,103.16467211346382
ce0_75S25R.xlsx,75Sensitive_Untreated,N Samples,6.0,3.0
ce0_75S25R.xlsx,75Sensitive_Untreated,Mean Cells,6.0,1164.9052083
ce0_75S25R.xlsx,75Sensitive_Untreated,SD Cells,6.0,208.6731105795166
ce0_75S25R.xlsx,75Sensitive_Untreated,SEM Cells,6.0,120.47747656572045
ce0_75S25R.xlsx,75Sensitive_Untreated,N Samples,7.0,3.0
ce0_75S25R.xlsx,75Sensitive_Untreated,Mean Cells,7.0,1861.0936726666666
ce0_75S25R.xlsx,75Sensitive_Untreated,SD Cells,7.0,212.2805210985883
ce0_75S25R.xlsx,75Sensitive_Untreated,SEM Cells,7.0,122.560215999984
ce0_75S25R.xlsx,75Sensitive_Untreated,N Samples,8.0,3.0
ce0_75S25R.xlsx,75Sensitive_Untreated,Mean Cells,8.0,2326.417863
ce0_75S25R.xlsx,75Sensitive_Untreated,SD Cells,8.0,209.30503273500292
ce0_75S25R.xlsx,75Sensitive_Untreated,SEM Cells,8.0,120.84231699229738
ce0_75S25R.xlsx,75Sensitive_Untreated,N Samples,9.0,3.0
ce0_75S25R.xlsx,75Sensitive_Untreated,Mean Cells,9.0,2216.042014
ce0_75S25R.xlsx,75Sensitive_Untreated,SD Cells,9.0,285.98314813117423
ce0_75S25R.xlsx,75Sensitive_Untreated,SEM Cells,9.0,165.11244755723007
ce0_75S25R.xlsx,75Sensitive_Untreated,N Samples,10.0,3.0
ce0_75S25R.xlsx,75Sensitive_Untreated,Mean Cells,10.0,2734.5024690000005
ce0_75S25R.xlsx,75Sensitive_Untreated,SD Cells,10.0,360.73245915654076
ce0_75S25R.xlsx,75Sensitive_Untreated,SEM Cells,10.0,208.2689823994645
ce0_75S25R.xlsx,75Sensitive_Untreated,N Samples,11.0,3.0
ce0_75S25R.xlsx,75Sensitive_Untreated,Mean Cells,11.0,2770.232909
ce0_75S25R.xlsx,75Sensitive_Untreated,SD Cells,11.0,203.90353146105377
ce0_75S25R.xlsx,75Sensitive_Untreated,SEM Cells,11.0,117.72375877775472
ce0_75S25R.xlsx,75Sensitive_Untreated,N Samples,12.0,3.0
ce0_75S25R.xlsx,75Sensitive_Untreated,Mean Cells,12.0,3008.747222
ce0_75S25R.xlsx,75Sensitive_Untreated,SD Cells,12.0,303.21461068685807
ce0_75S25R.xlsx,75Sensitive_Untreated,SEM Cells,12.0,175.0610371022851
ce0_75S25R.xlsx,75Sensitive_Untreated,N Samples,13.0,3.0
ce0_75S25R.xlsx,75Sensitive_Untreated,Mean Cells,13.0,3096.448919666667
ce0_75S25R.xlsx,75Sensitive_Untreated,SD Cells,13.0,300.1003224469709
ce0_75S25R.xlsx,75Sensitive_Untreated,SEM Cells,13.0,173.26300194865215
ce0_75S25R.xlsx,75Sensitive_Untreated,N Samples,14.0,3.0
ce0_75S25R.xlsx,75Sensitive_Untreated,Mean Cells,14.0,3013.985455666667
ce0_75S25R.xlsx,75Sensitive_Untreated,SD Cells,14.0,73.49876875416984
ce0_75S25R.xlsx,75Sensitive_Untreated,SEM Cells,14.0,42.434533925326015
ce0_75S25R.xlsx,25Resistant_Untreated,N Samples,0.0,3.0
ce0_75S25R.xlsx,25Resistant_Untreated,Mean Cells,0.0,24.95
ce0_75S25R.xlsx,25Resistant_Untreated,SD Cells,0.0,0.0
ce0_75S25R.xlsx,25Resistant_Untreated,SEM Cells,0.0,0.0
ce0_75S25R.xlsx,25Resistant_Untreated,N Samples,1.0,3.0
ce0_75S25R.xlsx,25Resistant_Untreated,Mean Cells,1.0,23.11705247
ce0_75S25R.xlsx,25Resistant_Untreated,SD Cells,1.0,2.3589164686584185
ce0_75S25R.xlsx,25Resistant_Untreated,SEM Cells,1.0,1.3619210581757795
ce0_75S25R.xlsx,25Resistant_Untreated,N Samples,2.0,3.0
ce0_75S25R.xlsx,25Resistant_Untreated,Mean Cells,2.0,39.51724537
ce0_75S25R.xlsx,25Resistant_Untreated,SD Cells,2.0,3.9585163091985116
ce0_75S25R.xlsx,25Resistant_Untreated,SEM Cells,2.0,2.285450456707285
ce0_75S25R.xlsx,25Resistant_Untreated,N Samples,3.0,3.0
ce0_75S25R.xlsx,25Resistant_Untreated,Mean Cells,3.0,59.61574074
ce0_75S25R.xlsx,25Resistant_Untreated,SD Cells,3.0,4.583283472807369
ce0_75S25R.xlsx,25Resistant_Untreated,SEM Cells,3.0,2.6461599467976975
ce0_75S25R.xlsx,25Resistant_Untreated,N Samples,4.0,3.0
ce0_75S25R.xlsx,25Resistant_Untreated,Mean Cells,4.0,109.35096449333332
ce0_75S25R.xlsx,25Resistant_Untreated,SD Cells,4.0,11.880502225606872
ce0_75S25R.xlsx,25Resistant_Untreated,SEM Cells,4.0,6.859211158062076
ce0_75S25R.xlsx,25Resistant_Untreated,N Samples,5.0,3.0
ce0_75S25R.xlsx,25Resistant_Untreated,Mean Cells,5.0,186.27098766666666
ce0_75S25R.xlsx,25Resistant_Untreated,SD Cells,5.0,16.548122182898446
ce0_75S25R.xlsx,25Resistant_Untreated,SEM Cells,5.0,9.554062796879236
ce0_75S25R.xlsx,25Resistant_Untreated,N Samples,6.0,3.0
ce0_75S25R.xlsx,25Resistant_Untreated,Mean Cells,6.0,147.97361113333332
ce0_75S25R.xlsx,25Resistant_Untreated,SD Cells,6.0,17.831046443431514
ce0_75S25R.xlsx,25Resistant_Untreated,SEM Cells,6.0,10.294759464047905
ce0_75S25R.xlsx,25Resistant_Untreated,N Samples,7.0,3.0
ce0_75S25R.xlsx,25Resistant_Untreated,Mean Cells,7.0,231.45547840000003
ce0_75S25R.xlsx,25Resistant_Untreated,SD Cells,7.0,37.35653608070299
ce0_75S25R.xlsx,25Resistant_Untreated,SEM Cells,7.0,21.56780616218584
ce0_75S25R.xlsx,25Resistant_Untreated,N Samples,8.0,3.0
ce0_75S25R.xlsx,25Resistant_Untreated,Mean Cells,8.0,339.9123456666666
ce0_75S25R.xlsx,25Resistant_Untreated,SD Cells,8.0,21.08702582191596
ce0_75S25R.xlsx,25Resistant_Untreated,SEM Cells,8.0,12.174600034691771
ce0_75S25R.xlsx,25Resistant_Untreated,N Samples,9.0,3.0
ce0_75S25R.xlsx,25Resistant_Untreated,Mean Cells,9.0,329.4054012
ce0_75S25R.xlsx,25Resistant_Untreated,SD Cells,9.0,11.339626098951367
ce0_75S25R.xlsx,25Resistant_Untreated,SEM Cells,9.0,6.546936180739278
ce0_75S25R.xlsx,25Resistant_Untreated,N Samples,10.0,3.0
ce0_75S25R.xlsx,25Resistant_Untreated,Mean Cells,10.0,263.0547068
ce0_75S25R.xlsx,25Resistant_Untreated,SD Cells,10.0,16.53693037809437
ce0_75S25R.xlsx,25Resistant_Untreated,SEM Cells,10.0,9.547601205362886
ce0_75S25R.xlsx,25Resistant_Untreated,N Samples,11.0,3.0
ce0_75S25R.xlsx,25Resistant_Untreated,Mean Cells,11.0,325.77314813333334
ce0_75S25R.xlsx,25Resistant_Untreated,SD Cells,11.0,23.406225856621944
ce0_75S25R.xlsx,25Resistant_Untreated,SEM Cells,11.0,13.513590799033858
ce0_75S25R.xlsx,25Resistant_Untreated,N Samples,12.0,3.0
ce0_75S25R.xlsx,25Resistant_Untreated,Mean Cells,12.0,224.2261188
ce0_75S25R.xlsx,25Resistant_Untreated,SD Cells,12.0,21.32744013924505
ce0_75S25R.xlsx,25Resistant_Untreated,SEM Cells,12.0,12.31340330551876
ce0_75S25R.xlsx,25Resistant_Untreated,N Samples,13.0,3.0
ce0_75S25R.xlsx,25Resistant_Untreated,Mean Cells,13.0,250.1449845666667
ce0_75S25R.xlsx,25Resistant_Untreated,SD Cells,13.0,33.762498198819756
ce0_75S25R.xlsx,25Resistant_Untreated,SEM Cells,13.0,19.49278742360284
ce0_75S25R.xlsx,25Resistant_Untreated,N Samples,14.0,3.0
ce0_75S25R.xlsx,25Resistant_Untreated,Mean Cells,14.0,166.3991898
ce0_75S25R.xlsx,25Resistant_Untreated,SD Cells,14.0,10.71481548853415
ce0_75S25R.xlsx,25Resistant_Untreated,SEM Cells,14.0,6.1862016066223635
ce1_25S75R.xlsx,25Sensitive_Treated,N Samples,0.0,3.0
ce1_25S75R.xlsx,25Sensitive_Treated,Mean Cells,0.0,24.95
ce1_25S75R.xlsx,25Sensitive_Treated,SD Cells,0.0,0.0
ce1_25S75R.xlsx,25Sensitive_Treated,SEM Cells,0.0,0.0
ce1_25S75R.xlsx,25Sensitive_Treated,N Samples,1.0,3.0
ce1_25S75R.xlsx,25Sensitive_Treated,Mean Cells,1.0,119.54895833333335
ce1_25S75R.xlsx,25Sensitive_Treated,SD Cells,1.0,18.831914842283414
ce1_25S75R.xlsx,25Sensitive_Treated,SEM Cells,1.0,10.872611103548438
ce1_25S75R.xlsx,25Sensitive_Treated,N Samples,2.0,3.0
ce1_25S75R.xlsx,25Sensitive_Treated,Mean Cells,2.0,194.13510800000003
ce1_25S75R.xlsx,25Sensitive_Treated,SD Cells,2.0,34.32773787305931
ce1_25S75R.xlsx,25Sensitive_Treated,SEM Cells,2.0,19.819128701681706
ce1_25S75R.xlsx,25Sensitive_Treated,N Samples,3.0,3.0
ce1_25S75R.xlsx,25Sensitive_Treated,Mean Cells,3.0,325.6793209666667
ce1_25S75R.xlsx,25Sensitive_Treated,SD Cells,3.0,54.24231660582136
ce1_25S75R.xlsx,25Sensitive_Treated,SEM Cells,3.0,31.316816093839872
ce1_25S75R.xlsx,25Sensitive_Treated,N Samples,4.0,3.0
ce1_25S75R.xlsx,25Sensitive_Treated,Mean Cells,4.0,380.8195602
ce1_25S75R.xlsx,25Sensitive_Treated,SD Cells,4.0,103.3986535411707
ce1_25S75R.xlsx,25Sensitive_Treated,SEM Cells,4.0,59.69724045583976
ce1_25S75R.xlsx,25Sensitive_Treated,N Samples,5.0,3.0
ce1_25S75R.xlsx,25Sensitive_Treated,Mean Cells,5.0,557.2538966000001
ce1_25S75R.xlsx,25Sensitive_Treated,SD Cells,5.0,119.16093858413046
ce1_25S75R.xlsx,25Sensitive_Treated,SEM Cells,5.0,68.79759996843619
ce1_25S75R.xlsx,25Sensitive_Treated,N Samples,6.0,3.0
ce1_25S75R.xlsx,25Sensitive_Treated,Mean Cells,6.0,505.4315200666667
ce1_25S75R.xlsx,25Sensitive_Treated,SD Cells,6.0,68.98664064139848
ce1_25S75R.xlsx,25Sensitive_Treated,SEM Cells,6.0,39.829455544799394
ce1_25S75R.xlsx,25Sensitive_Treated,N Samples,7.0,3.0
ce1_25S75R.xlsx,25Sensitive_Treated,Mean Cells,7.0,799.1715663666665
ce1_25S75R.xlsx,25Sensitive_Treated,SD Cells,7.0,181.2973115345595
ce1_25S75R.xlsx,25Sensitive_Treated,SEM Cells,7.0,104.67205161783338
ce1_25S75R.xlsx,25Sensitive_Treated,N Samples,8.0,3.0
ce1_25S75R.xlsx,25Sensitive_Treated,Mean Cells,8.0,450.8604166666667
ce1_25S75R.xlsx,25Sensitive_Treated,SD Cells,8.0,132.37618931448515
ce1_25S75R.xlsx,25Sensitive_Treated,SEM Cells,8.0,76.42742853501487
ce1_25S75R.xlsx,25Sensitive_Treated,N Samples,9.0,3.0
ce1_25S75R.xlsx,25Sensitive_Treated,Mean Cells,9.0,453.6402392333334
ce1_25S75R.xlsx,25Sensitive_Treated,SD Cells,9.0,130.82901852036773
ce1_25S75R.xlsx,25Sensitive_Treated,SEM Cells,9.0,75.53416906054885
ce1_25S75R.xlsx,25Sensitive_Treated,N Samples,10.0,3.0
ce1_25S75R.xlsx,25Sensitive_Treated,Mean Cells,10.0,447.41022376666666
ce1_25S75R.xlsx,25Sensitive_Treated,SD Cells,10.0,221.66738323008235
ce1_25S75R.xlsx,25Sensitive_Treated,SEM Cells,10.0,127.97972337844799
ce1_25S75R.xlsx,25Sensitive_Treated,N Samples,11.0,3.0
ce1_25S75R.xlsx,25Sensitive_Treated,Mean Cells,11.0,785.971798
ce1_25S75R.xlsx,25Sensitive_Treated,SD Cells,11.0,516.0640072913118
ce1_25S75R.xlsx,25Sensitive_Treated,SEM Cells,11.0,297.94969352871584
ce1_25S75R.xlsx,25Sensitive_Treated,N Samples,12.0,3.0
ce1_25S75R.xlsx,25Sensitive_Treated,Mean Cells,12.0,791.0160493666666
ce1_25S75R.xlsx,25Sensitive_Treated,SD Cells,12.0,150.56499061901079
ce1_25S75R.xlsx,25Sensitive_Treated,SEM Cells,12.0,86.92873786441936
ce1_25S75R.xlsx,25Sensitive_Treated,N Samples,13.0,3.0
ce1_25S75R.xlsx,25Sensitive_Treated,Mean Cells,13.0,1477.6887729999999
ce1_25S75R.xlsx,25Sensitive_Treated,SD Cells,13.0,832.6940435056617
ce1_25S75R.xlsx,25Sensitive_Treated,SEM Cells,13.0,480.7561301705918
ce1_25S75R.xlsx,25Sensitive_Treated,N Samples,14.0,3.0
ce1_25S75R.xlsx,25Sensitive_Treated,Mean Cells,14.0,672.1098764333333
ce1_25S75R.xlsx,25Sensitive_Treated,SD Cells,14.0,318.7251119653119
ce1_25S75R.xlsx,25Sensitive_Treated,SEM Cells,14.0,184.01602919066644
ce1_25S75R.xlsx,75Resistant_Treated,N Samples,0.0,3.0
ce1_25S75R.xlsx,75Resistant_Treated,Mean Cells,0.0,74.85
ce1_25S75R.xlsx,75Resistant_Treated,SD Cells,0.0,0.0
ce1_25S75R.xlsx,75Resistant_Treated,SEM Cells,0.0,0.0
ce1_25S75R.xlsx,75Resistant_Treated,N Samples,1.0,3.0
ce1_25S75R.xlsx,75Resistant_Treated,Mean Cells,1.0,104.86543210666667
ce1_25S75R.xlsx,75Resistant_Treated,SD Cells,1.0,11.329896124638463
ce1_25S75R.xlsx,75Resistant_Treated,SEM Cells,1.0,6.5413185774505145
ce1_25S75R.xlsx,75Resistant_Treated,N Samples,2.0,3.0
ce1_25S75R.xlsx,75Resistant_Treated,Mean Cells,2.0,181.57245373333333
ce1_25S75R.xlsx,75Resistant_Treated,SD Cells,2.0,30.909874867788666
ce1_25S75R.xlsx,75Resistant_Treated,SEM Cells,2.0,17.845824575535435
ce1_25S75R.xlsx,75Resistant_Treated,N Samples,3.0,3.0
ce1_25S75R.xlsx,75Resistant_Treated,Mean Cells,3.0,315.5830246666667
ce1_25S75R.xlsx,75Resistant_Treated,SD Cells,3.0,40.55227175272401
ce1_25S75R.xlsx,75Resistant_Treated,SEM Cells,3.0,23.412865012686066
ce1_25S75R.xlsx,75Resistant_Treated,N Samples,4.0,3.0
ce1_25S75R.xlsx,75Resistant_Treated,Mean Cells,4.0,593.7847222
ce1_25S75R.xlsx,75Resistant_Treated,SD Cells,4.0,96.45102005372846
ce1_25S75R.xlsx,75Resistant_Treated,SEM Cells,4.0,55.68602239163412
ce1_25S75R.xlsx,75Resistant_Treated,N Samples,5.0,3.0
ce1_25S75R.xlsx,75Resistant_Treated,Mean Cells,5.0,1105.2674383333335
ce1_25S75R.xlsx,75Resistant_Treated,SD Cells,5.0,106.38242734003279
ce1_25S75R.xlsx,75Resistant_Treated,SEM Cells,5.0,61.41992306181374
ce1_25S75R.xlsx,75Resistant_Treated,N Samples,6.0,3.0
ce1_25S75R.xlsx,75Resistant_Treated,Mean Cells,6.0,1631.9437499999997
ce1_25S75R.xlsx,75Resistant_Treated,SD Cells,6.0,92.75985050072752
ce1_25S75R.xlsx,75Resistant_Treated,SEM Cells,6.0,53.55492465658448
ce1_25S75R.xlsx,75Resistant_Treated,N Samples,7.0,3.0
ce1_25S75R.xlsx,75Resistant_Treated,Mean Cells,7.0,2963.252585
ce1_25S75R.xlsx,75Resistant_Treated,SD Cells,7.0,102.33610534895624
ce1_25S75R.xlsx,75Resistant_Treated,SEM Cells,7.0,59.08377797103779
ce1_25S75R.xlsx,75Resistant_Treated,N Samples,8.0,3.0
ce1_25S75R.xlsx,75Resistant_Treated,Mean Cells,8.0,2256.084645
ce1_25S75R.xlsx,75Resistant_Treated,SD Cells,8.0,269.97391432657065
ce1_25S75R.xlsx,75Resistant_Treated,SEM Cells,8.0,155.86951211062254
ce1_25S75R.xlsx,75Resistant_Treated,N Samples,9.0,3.0
ce1_25S75R.xlsx,75Resistant_Treated,Mean Cells,9.0,3581.353588
ce1_25S75R.xlsx,75Resistant_Treated,SD Cells,9.0,135.96561597628738
ce1_25S75R.xlsx,75Resistant_Treated,SEM Cells,9.0,78.49978498444281
ce1_25S75R.xlsx,75Resistant_Treated,N Samples,10.0,3.0
ce1_25S75R.xlsx,75Resistant_Treated,Mean Cells,10.0,3386.3753859999997
ce1_25S75R.xlsx,75Resistant_Treated,SD Cells,10.0,457.7884074964539
ce1_25S75R.xlsx,75Resistant_Treated,SEM Cells,10.0,264.3042602999678
ce1_25S75R.xlsx,75Resistant_Treated,N Samples,11.0,3.0
ce1_25S75R.xlsx,75Resistant_Treated,Mean Cells,11.0,3983.662268666667
ce1_25S75R.xlsx,75Resistant_Treated,SD Cells,11.0,56.640223989747376
ce1_25S75R.xlsx,75Resistant_Treated,SEM Cells,11.0,32.70124856744135
ce1_25S75R.xlsx,75Resistant_Treated,N Samples,12.0,3.0
ce1_25S75R.xlsx,75Resistant_Treated,Mean Cells,12.0,2746.3045136666665
ce1_25S75R.xlsx,75Resistant_Treated,SD Cells,12.0,635.3200161883963
ce1_25S75R.xlsx,75Resistant_Treated,SEM Cells,12.0,366.802182367928
ce1_25S75R.xlsx,75Resistant_Treated,N Samples,13.0,3.0
ce1_25S75R.xlsx,75Resistant_Treated,Mean Cells,13.0,4196.278549333333
ce1_25S75R.xlsx,75Resistant_Treated,SD Cells,13.0,151.24402790056112
ce1_25S75R.xlsx,75Resistant_Treated,SEM Cells,13.0,87.32078022171224
ce1_25S75R.xlsx,75Resistant_Treated,N Samples,14.0,3.0
ce1_25S75R.xlsx,75Resistant_Treated,Mean Cells,14.0,2883.502932
ce1_25S75R.xlsx,75Resistant_Treated,SD Cells,14.0,328.52511119632834
ce1_25S75R.xlsx,75Resistant_Treated,SEM Cells,14.0,189.67406138475192
ce1_50S50R.xlsx,50Sensitive_Treated,N Samples,0.0,3.0
ce1_50S50R.xlsx,50Sensitive_Treated,Mean Cells,0.0,49.9
ce1_50S50R.xlsx,50Sensitive_Treated,SD Cells,0.0,0.0
ce1_50S50R.xlsx,50Sensitive_Treated,SEM Cells,0.0,0.0
ce1_50S50R.xlsx,50Sensitive_Treated,N Samples,1.0,3.0
ce1_50S50R.xlsx,50Sensitive_Treated,Mean Cells,1.0,158.64576666666667
ce1_50S50R.xlsx,50Sensitive_Treated,SD Cells,1.0,43.11103375069232
ce1_50S50R.xlsx,50Sensitive_Treated,SEM Cells,1.0,24.890166941005255
ce1_50S50R.xlsx,50Sensitive_Treated,N Samples,2.0,3.0
ce1_50S50R.xlsx,50Sensitive_Treated,Mean Cells,2.0,295.09436666666664
ce1_50S50R.xlsx,50Sensitive_Treated,SD Cells,2.0,78.87686620209587
ce1_50S50R.xlsx,50Sensitive_Treated,SEM Cells,2.0,45.539579934614146
ce1_50S50R.xlsx,50Sensitive_Treated,N Samples,3.0,3.0
ce1_50S50R.xlsx,50Sensitive_Treated,Mean Cells,3.0,432.1829333333333
ce1_50S50R.xlsx,50Sensitive_Treated,SD Cells,3.0,84.57281136543428
ce1_50S50R.xlsx,50Sensitive_Treated,SEM Cells,3.0,48.82813540795692
ce1_50S50R.xlsx,50Sensitive_Treated,N Samples,4.0,3.0
ce1_50S50R.xlsx,50Sensitive_Treated,Mean Cells,4.0,589.4063666666667
ce1_50S50R.xlsx,50Sensitive_Treated,SD Cells,4.0,95.69110234840774
ce1_50S50R.xlsx,50Sensitive_Treated,SEM Cells,4.0,55.24728369990524
ce1_50S50R.xlsx,50Sensitive_Treated,N Samples,5.0,3.0
ce1_50S50R.xlsx,50Sensitive_Treated,Mean Cells,5.0,891.1995666666667
ce1_50S50R.xlsx,50Sensitive_Treated,SD Cells,5.0,100.75809209658222
ce1_50S50R.xlsx,50Sensitive_Treated,SEM Cells,5.0,58.17271159499485
ce1_50S50R.xlsx,50Sensitive_Treated,N Samples,6.0,3.0
ce1_50S50R.xlsx,50Sensitive_Treated,Mean Cells,6.0,949.3226333333333
ce1_50S50R.xlsx,50Sensitive_Treated,SD Cells,6.0,198.11721481739866
ce1_50S50R.xlsx,50Sensitive_Treated,SEM Cells,6.0,114.38302730592403
ce1_50S50R.xlsx,50Sensitive_Treated,N Samples,7.0,3.0
ce1_50S50R.xlsx,50Sensitive_Treated,Mean Cells,7.0,1504.2146666666667
ce1_50S50R.xlsx,50Sensitive_Treated,SD Cells,7.0,108.85364873229254
ce1_50S50R.xlsx,50Sensitive_Treated,SEM Cells,7.0,62.846683397862066
ce1_50S50R.xlsx,50Sensitive_Treated,N Samples,8.0,3.0
ce1_50S50R.xlsx,50Sensitive_Treated,Mean Cells,8.0,1023.7512333333334
ce1_50S50R.xlsx,50Sensitive_Treated,SD Cells,8.0,142.47454983414812
ce1_50S50R.xlsx,50Sensitive_Treated,SEM Cells,8.0,82.25771969941617
ce1_50S50R.xlsx,50Sensitive_Treated,N Samples,9.0,3.0
ce1_50S50R.xlsx,50Sensitive_Treated,Mean Cells,9.0,1332.1843333333334
ce1_50S50R.xlsx,50Sensitive_Treated,SD Cells,9.0,29.077653384228512
ce1_50S50R.xlsx,50Sensitive_Treated,SEM Cells,9.0,16.787991008786964
ce1_50S50R.xlsx,50Sensitive_Treated,N Samples,10.0,3.0
ce1_50S50R.xlsx,50Sensitive_Treated,Mean Cells,10.0,1367.6196666666667
ce1_50S50R.xlsx,50Sensitive_Treated,SD Cells,10.0,63.88319428717796
ce1_50S50R.xlsx,50Sensitive_Treated,SEM Cells,10.0,36.88297941839536
ce1_50S50R.xlsx,50Sensitive_Treated,N Samples,11.0,3.0
ce1_50S50R.xlsx,50Sensitive_Treated,Mean Cells,11.0,1493.777
ce1_50S50R.xlsx,50Sensitive_Treated,SD Cells,11.0,70.61784538627614
ce1_50S50R.xlsx,50Sensitive_Treated,SEM Cells,11.0,40.771232043357905
ce1_50S50R.xlsx,50Sensitive_Treated,N Samples,12.0,3.0
ce1_50S50R.xlsx,50Sensitive_Treated,Mean Cells,12.0,1365.7013333333332
ce1_50S50R.xlsx,50Sensitive_Treated,SD Cells,12.0,86.05307706487511
ce1_50S50R.xlsx,50Sensitive_Treated,SEM Cells,12.0,49.68276720800126
ce1_50S50R.xlsx,50Sensitive_Treated,N Samples,13.0,3.0
ce1_50S50R.xlsx,50Sensitive_Treated,Mean Cells,13.0,1733.785
ce1_50S50R.xlsx,50Sensitive_Treated,SD Cells,13.0,187.80720254825158
ce1_50S50R.xlsx,50Sensitive_Treated,SEM Cells,13.0,108.43053894698363
ce1_50S50R.xlsx,50Sensitive_Treated,N Samples,14.0,3.0
ce1_50S50R.xlsx,50Sensitive_Treated,Mean Cells,14.0,1221.3053333333332
ce1_50S50R.xlsx,50Sensitive_Treated,SD Cells,14.0,278.1186047180832
ce1_50S50R.xlsx,50Sensitive_Treated,SEM Cells,14.0,160.57185130062845
ce1_50S50R.xlsx,50Resistant_Treated,N Samples,0.0,3.0
ce1_50S50R.xlsx,50Resistant_Treated,Mean Cells,0.0,49.9
ce1_50S50R.xlsx,50Resistant_Treated,SD Cells,0.0,0.0
ce1_50S50R.xlsx,50Resistant_Treated,SEM Cells,0.0,0.0
ce1_50S50R.xlsx,50Resistant_Treated,N Samples,1.0,3.0
ce1_50S50R.xlsx,50Resistant_Treated,Mean Cells,1.0,52.865739999999995
ce1_50S50R.xlsx,50Resistant_Treated,SD Cells,1.0,13.081977278787033
ce1_50S50R.xlsx,50Resistant_Treated,SEM Cells,1.0,7.552883103440262
ce1_50S50R.xlsx,50Resistant_Treated,N Samples,2.0,3.0
ce1_50S50R.xlsx,50Resistant_Treated,Mean Cells,2.0,91.55857333333331
ce1_50S50R.xlsx,50Resistant_Treated,SD Cells,2.0,23.699269944735388
ce1_50S50R.xlsx,50Resistant_Treated,SEM Cells,2.0,13.682779882190584
ce1_50S50R.xlsx,50Resistant_Treated,N Samples,3.0,3.0
ce1_50S50R.xlsx,50Resistant_Treated,Mean Cells,3.0,144.52216666666666
ce1_50S50R.xlsx,50Resistant_Treated,SD Cells,3.0,24.367302682556666
ce1_50S50R.xlsx,50Resistant_Treated,SEM Cells,3.0,14.068468763199181
ce1_50S50R.xlsx,50Resistant_Treated,N Samples,4.0,3.0
ce1_50S50R.xlsx,50Resistant_Treated,Mean Cells,4.0,289.9549
ce1_50S50R.xlsx,50Resistant_Treated,SD Cells,4.0,27.58006057480656
ce1_50S50R.xlsx,50Resistant_Treated,SEM Cells,4.0,15.923355397130752
ce1_50S50R.xlsx,50Resistant_Treated,N Samples,5.0,3.0
ce1_50S50R.xlsx,50Resistant_Treated,Mean Cells,5.0,514.2376
ce1_50S50R.xlsx,50Resistant_Treated,SD Cells,5.0,31.12536748522014
ce1_50S50R.xlsx,50Resistant_Treated,SEM Cells,5.0,17.970239296217873
ce1_50S50R.xlsx,50Resistant_Treated,N Samples,6.0,3.0
ce1_50S50R.xlsx,50Resistant_Treated,Mean Cells,6.0,740.3906999999999
ce1_50S50R.xlsx,50Resistant_Treated,SD Cells,6.0,109.74709326506138
ce1_50S50R.xlsx,50Resistant_Treated,SEM Cells,6.0,63.36251383936216
ce1_50S50R.xlsx,50Resistant_Treated,N Samples,7.0,3.0
ce1_50S50R.xlsx,50Resistant_Treated,Mean Cells,7.0,1461.5346666666667
ce1_50S50R.xlsx,50Resistant_Treated,SD Cells,7.0,265.4418368010819
ce1_50S50R.xlsx,50Resistant_Treated,SEM Cells,7.0,153.25291593129333
ce1_50S50R.xlsx,50Resistant_Treated,N Samples,8.0,3.0
ce1_50S50R.xlsx,50Resistant_Treated,Mean Cells,8.0,1238.5919666666666
ce1_50S50R.xlsx,50Resistant_Treated,SD Cells,8.0,257.69570741400196
ce1_50S50R.xlsx,50Resistant_Treated,SEM Cells,8.0,148.78068604448507
ce1_50S50R.xlsx,50Resistant_Treated,N Samples,9.0,3.0
ce1_50S50R.xlsx,50Resistant_Treated,Mean Cells,9.0,2303.223
ce1_50S50R.xlsx,50Resistant_Treated,SD Cells,9.0,410.5807992575892
ce1_50S50R.xlsx,50Resistant_Treated,SEM Cells,9.0,237.04893497546084
ce1_50S50R.xlsx,50Resistant_Treated,N Samples,10.0,3.0
ce1_50S50R.xlsx,50Resistant_Treated,Mean Cells,10.0,2384.797666666667
ce1_50S50R.xlsx,50Resistant_Treated,SD Cells,10.0,402.3330061781317
ce1_50S50R.xlsx,50Resistant_Treated,SEM Cells,10.0,232.28706942081573
ce1_50S50R.xlsx,50Resistant_Treated,N Samples,11.0,3.0
ce1_50S50R.xlsx,50Resistant_Treated,Mean Cells,11.0,3137.178
ce1_50S50R.xlsx,50Resistant_Treated,SD Cells,11.0,403.2898651230923
ce1_50S50R.xlsx,50Resistant_Treated,SEM Cells,11.0,232.8395121902652
ce1_50S50R.xlsx,50Resistant_Treated,N Samples,12.0,3.0
ce1_50S50R.xlsx,50Resistant_Treated,Mean Cells,12.0,2007.1413333333333
ce1_50S50R.xlsx,50Resistant_Treated,SD Cells,12.0,371.6496294311802
ce1_50S50R.xlsx,50Resistant_Treated,SEM Cells,12.0,214.57201359631657
ce1_50S50R.xlsx,50Resistant_Treated,N Samples,13.0,3.0
ce1_50S50R.xlsx,50Resistant_Treated,Mean Cells,13.0,3328.9130000000005
ce1_50S50R.xlsx,50Resistant_Treated,SD Cells,13.0,256.5328101198754
ce1_50S50R.xlsx,50Resistant_Treated,SEM Cells,13.0,148.10928697868124
ce1_50S50R.xlsx,50Resistant_Treated,N Samples,14.0,3.0
ce1_50S50R.xlsx,50Resistant_Treated,Mean Cells,14.0,2088.491666666667
ce1_50S50R.xlsx,50Resistant_Treated,SD Cells,14.0,155.39049881615452
ce1_50S50R.xlsx,50Resistant_Treated,SEM Cells,14.0,89.71474632101705
ce1_75S25R.xlsx,75Sensitive_Treated,N Samples,0.0,3.0
ce1_75S25R.xlsx,75Sensitive_Treated,Mean Cells,0.0,74.85
ce1_75S25R.xlsx,75Sensitive_Treated,SD Cells,0.0,0.0
ce1_75S25R.xlsx,75Sensitive_Treated,SEM Cells,0.0,0.0
ce1_75S25R.xlsx,75Sensitive_Treated,N Samples,1.0,3.0
ce1_75S25R.xlsx,75Sensitive_Treated,Mean Cells,1.0,267.54996666666665
ce1_75S25R.xlsx,75Sensitive_Treated,SD Cells,1.0,51.26844548221971
ce1_75S25R.xlsx,75Sensitive_Treated,SEM Cells,1.0,29.599850800093204
ce1_75S25R.xlsx,75Sensitive_Treated,N Samples,2.0,3.0
ce1_75S25R.xlsx,75Sensitive_Treated,Mean Cells,2.0,483.00399999999996
ce1_75S25R.xlsx,75Sensitive_Treated,SD Cells,2.0,99.73900982303736
ce1_75S25R.xlsx,75Sensitive_Treated,SEM Cells,2.0,57.584344170037355
ce1_75S25R.xlsx,75Sensitive_Treated,N Samples,3.0,3.0
ce1_75S25R.xlsx,75Sensitive_Treated,Mean Cells,3.0,714.9101666666667
ce1_75S25R.xlsx,75Sensitive_Treated,SD Cells,3.0,153.2916278524803
ce1_75S25R.xlsx,75Sensitive_Treated,SEM Cells,3.0,88.50296260514544
ce1_75S25R.xlsx,75Sensitive_Treated,N Samples,4.0,3.0
ce1_75S25R.xlsx,75Sensitive_Treated,Mean Cells,4.0,956.6022666666667
ce1_75S25R.xlsx,75Sensitive_Treated,SD Cells,4.0,246.34858982387823
ce1_75S25R.xlsx,75Sensitive_Treated,SEM Cells,4.0,142.2294246493008
ce1_75S25R.xlsx,75Sensitive_Treated,N Samples,5.0,3.0
ce1_75S25R.xlsx,75Sensitive_Treated,Mean Cells,5.0,1333.2123333333332
ce1_75S25R.xlsx,75Sensitive_Treated,SD Cells,5.0,220.1342376013643
ce1_75S25R.xlsx,75Sensitive_Treated,SEM Cells,5.0,127.09456133700073
ce1_75S25R.xlsx,75Sensitive_Treated,N Samples,6.0,3.0
ce1_75S25R.xlsx,75Sensitive_Treated,Mean Cells,6.0,1534.089
ce1_75S25R.xlsx,75Sensitive_Treated,SD Cells,6.0,238.41202707917253
ce1_75S25R.xlsx,75Sensitive_Treated,SEM Cells,6.0,137.6472480122046
ce1_75S25R.xlsx,75Sensitive_Treated,N Samples,7.0,3.0
ce1_75S25R.xlsx,75Sensitive_Treated,Mean Cells,7.0,2150.395
ce1_75S25R.xlsx,75Sensitive_Treated,SD Cells,7.0,142.64313870985868
ce1_75S25R.xlsx,75Sensitive_Treated,SEM Cells,7.0,82.35505453219004
ce1_75S25R.xlsx,75Sensitive_Treated,N Samples,8.0,3.0
ce1_75S25R.xlsx,75Sensitive_Treated,Mean Cells,8.0,1654.271
ce1_75S25R.xlsx,75Sensitive_Treated,SD Cells,8.0,202.65081920140372
ce1_75S25R.xlsx,75Sensitive_Treated,SEM Cells,8.0,117.00050501742862
ce1_75S25R.xlsx,75Sensitive_Treated,N Samples,9.0,3.0
ce1_75S25R.xlsx,75Sensitive_Treated,Mean Cells,9.0,2112.240333333333
ce1_75S25R.xlsx,75Sensitive_Treated,SD Cells,9.0,105.31710863071272
ce1_75S25R.xlsx,75Sensitive_Treated,SEM Cells,9.0,60.80486101821506
ce1_75S25R.xlsx,75Sensitive_Treated,N Samples,10.0,3.0
ce1_75S25R.xlsx,75Sensitive_Treated,Mean Cells,10.0,2544.047
ce1_75S25R.xlsx,75Sensitive_Treated,SD Cells,10.0,324.99838795292214
ce1_75S25R.xlsx,75Sensitive_Treated,SEM Cells,10.0,187.63790677081403
ce1_75S25R.xlsx,75Sensitive_Treated,N Samples,11.0,3.0
ce1_75S25R.xlsx,75Sensitive_Treated,Mean Cells,11.0,2294.391
ce1_75S25R.xlsx,75Sensitive_Treated,SD Cells,11.0,122.62663043972135
ce1_75S25R.xlsx,75Sensitive_Treated,SEM Cells,11.0,70.79851809418989
ce1_75S25R.xlsx,75Sensitive_Treated,N Samples,12.0,3.0
ce1_75S25R.xlsx,75Sensitive_Treated,Mean Cells,12.0,1895.954
ce1_75S25R.xlsx,75Sensitive_Treated,SD Cells,12.0,291.6717692818404
ce1_75S25R.xlsx,75Sensitive_Treated,SEM Cells,12.0,168.39677450988498
ce1_75S25R.xlsx,75Sensitive_Treated,N Samples,13.0,3.0
ce1_75S25R.xlsx,75Sensitive_Treated,Mean Cells,13.0,2208.899
ce1_75S25R.xlsx,75Sensitive_Treated,SD Cells,13.0,418.40571383885316
ce1_75S25R.xlsx,75Sensitive_Treated,SEM Cells,13.0,241.5666515153394
ce1_75S25R.xlsx,75Sensitive_Treated,N Samples,14.0,3.0
ce1_75S25R.xlsx,75Sensitive_Treated,Mean Cells,14.0,1844.3769999999997
ce1_75S25R.xlsx,75Sensitive_Treated,SD Cells,14.0,162.73183571753862
ce1_75S25R.xlsx,75Sensitive_Treated,SEM Cells,14.0,93.95326915724289
ce1_75S25R.xlsx,25Resistant_Treated,N Samples,0.0,3.0
ce1_75S25R.xlsx,25Resistant_Treated,Mean Cells,0.0,24.95
ce1_75S25R.xlsx,25Resistant_Treated,SD Cells,0.0,0.0
ce1_75S25R.xlsx,25Resistant_Treated,SEM Cells,0.0,0.0
ce1_75S25R.xlsx,25Resistant_Treated,N Samples,1.0,3.0
ce1_75S25R.xlsx,25Resistant_Treated,Mean Cells,1.0,32.1549
ce1_75S25R.xlsx,25Resistant_Treated,SD Cells,1.0,7.343369036375598
ce1_75S25R.xlsx,25Resistant_Treated,SEM Cells,1.0,4.239696089910215
ce1_75S25R.xlsx,25Resistant_Treated,N Samples,2.0,3.0
ce1_75S25R.xlsx,25Resistant_Treated,Mean Cells,2.0,54.31049333333334
ce1_75S25R.xlsx,25Resistant_Treated,SD Cells,2.0,15.6026555995328
ce1_75S25R.xlsx,25Resistant_Treated,SEM Cells,2.0,9.008197410463286
ce1_75S25R.xlsx,25Resistant_Treated,N Samples,3.0,3.0
ce1_75S25R.xlsx,25Resistant_Treated,Mean Cells,3.0,87.34973333333335
ce1_75S25R.xlsx,25Resistant_Treated,SD Cells,3.0,33.79927305802938
ce1_75S25R.xlsx,25Resistant_Treated,SEM Cells,3.0,19.514019398466928
ce1_75S25R.xlsx,25Resistant_Treated,N Samples,4.0,3.0
ce1_75S25R.xlsx,25Resistant_Treated,Mean Cells,4.0,159.1566
ce1_75S25R.xlsx,25Resistant_Treated,SD Cells,4.0,34.92386512930676
ce1_75S25R.xlsx,25Resistant_Treated,SEM Cells,4.0,20.163302933547445
ce1_75S25R.xlsx,25Resistant_Treated,N Samples,5.0,3.0
ce1_75S25R.xlsx,25Resistant_Treated,Mean Cells,5.0,237.83360000000002
ce1_75S25R.xlsx,25Resistant_Treated,SD Cells,5.0,90.17696064494507
ce1_75S25R.xlsx,25Resistant_Treated,SEM Cells,5.0,52.063692503061326
ce1_75S25R.xlsx,25Resistant_Treated,N Samples,6.0,3.0
ce1_75S25R.xlsx,25Resistant_Treated,Mean Cells,6.0,322.6598333333333
ce1_75S25R.xlsx,25Resistant_Treated,SD Cells,6.0,108.96178976330783
ce1_75S25R.xlsx,25Resistant_Treated,SEM Cells,6.0,62.90911865122919
ce1_75S25R.xlsx,25Resistant_Treated,N Samples,7.0,3.0
ce1_75S25R.xlsx,25Resistant_Treated,Mean Cells,7.0,582.2943666666666
ce1_75S25R.xlsx,25Resistant_Treated,SD Cells,7.0,115.55411120580388
ce1_75S25R.xlsx,25Resistant_Treated,SEM Cells,7.0,66.71519721063882
ce1_75S25R.xlsx,25Resistant_Treated,N Samples,8.0,3.0
ce1_75S25R.xlsx,25Resistant_Treated,Mean Cells,8.0,622.3529
ce1_75S25R.xlsx,25Resistant_Treated,SD Cells,8.0,207.20524469706362
ce1_75S25R.xlsx,25Resistant_Treated,SEM Cells,8.0,119.63000380335197
ce1_75S25R.xlsx,25Resistant_Treated,N Samples,9.0,3.0
ce1_75S25R.xlsx,25Resistant_Treated,Mean Cells,9.0,1074.9711
ce1_75S25R.xlsx,25Resistant_Treated,SD Cells,9.0,331.6385737737855
ce1_75S25R.xlsx,25Resistant_Treated,SEM Cells,9.0,191.4716198419586
ce1_75S25R.xlsx,25Resistant_Treated,N Samples,10.0,3.0
ce1_75S25R.xlsx,25Resistant_Treated,Mean Cells,10.0,1331.1799999999998
ce1_75S25R.xlsx,25Resistant_Treated,SD Cells,10.0,427.6435586572077
ce1_75S25R.xlsx,25Resistant_Treated,SEM Cells,10.0,246.90012370794838
ce1_75S25R.xlsx,25Resistant_Treated,N Samples,11.0,3.0
ce1_75S25R.xlsx,25Resistant_Treated,Mean Cells,11.0,1796.7789999999998
ce1_75S25R.xlsx,25Resistant_Treated,SD Cells,11.0,347.5192968152998
ce1_75S25R.xlsx,25Resistant_Treated,SEM Cells,11.0,200.6403595649028
ce1_75S25R.xlsx,25Resistant_Treated,N Samples,12.0,3.0
ce1_75S25R.xlsx,25Resistant_Treated,Mean Cells,12.0,1185.143
ce1_75S25R.xlsx,25Resistant_Treated,SD Cells,12.0,287.6575166565267
ce1_75S25R.xlsx,25Resistant_Treated,SEM Cells,12.0,166.07914467606494
ce1_75S25R.xlsx,25Resistant_Treated,N Samples,13.0,3.0
ce1_75S25R.xlsx,25Resistant_Treated,Mean Cells,13.0,2190.3763333333336
ce1_75S25R.xlsx,25Resistant_Treated,SD Cells,13.0,498.800527716573
ce1_75S25R.xlsx,25Resistant_Treated,SEM Cells,13.0,287.9826189490908
ce1_75S25R.xlsx,25Resistant_Treated,N Samples,14.0,3.0
ce1_75S25R.xlsx,25Resistant_Treated,Mean Cells,14.0,1532.8336666666667
ce1_75S25R.xlsx,25Resistant_Treated,SD Cells,14.0,128.33872314439364
ce1_75S25R.xlsx,25Resistant_Treated,SEM Cells,14.0,74.09639635486853
