time,count,source_file,condition,density,cell_line,dose,mix
1.0,88.59,combined_day_averages.csv,coculture_treated,,,0.0,
1.0,51.28,combined_day_averages.csv,coculture_treated,,,0.0,
1.0,26.93,combined_day_averages.csv,coculture_treated,,,0.0,
1.0,99.62,combined_day_averages.csv,coculture_treated,,,0.0,
1.0,154.28,combined_day_averages.csv,coculture_treated,,,0.0,
1.0,216.95,combined_day_averages.csv,coculture_treated,,,0.0,
1.0,87.41,combined_day_averages.csv,coculture_treated,,,0.0,
1.0,53.36,combined_day_averages.csv,coculture_treated,,,0.0,
1.0,28.45,combined_day_averages.csv,coculture_treated,,,0.0,
1.0,92.29,combined_day_averages.csv,coculture_treated,,,0.0,
1.0,165.46,combined_day_averages.csv,coculture_treated,,,0.0,
1.0,218.08,combined_day_averages.csv,coculture_treated,,,0.0,
1.0,87.19,combined_well_day_averages.csv,coculture_treated,,,0.0,
1.0,103.33,combined_well_day_averages.csv,coculture_treated,,,0.0,
1.0,36.64,combined_well_day_averages.csv,coculture_treated,,,0.0,
1.0,93.09,combined_well_day_averages.csv,coculture_treated,,,0.0,
1.0,100.0,combined_well_day_averages.csv,coculture_treated,,,0.0,
1.0,111.27,combined_well_day_averages.csv,coculture_treated,,,0.0,
1.0,48.04,combined_well_day_averages.csv,coculture_treated,,,0.0,
1.0,47.14,combined_well_day_averages.csv,coculture_treated,,,0.0,
1.0,64.3,combined_well_day_averages.csv,coculture_treated,,,0.0,
1.0,31.31,combined_well_day_averages.csv,coculture_treated,,,0.0,
1.0,49.51,combined_well_day_averages.csv,coculture_treated,,,0.0,
1.0,67.39,combined_well_day_averages.csv,coculture_treated,,,0.0,
1.0,17.5,combined_well_day_averages.csv,coculture_treated,,,0.0,
1.0,39.47,combined_well_day_averages.csv,coculture_treated,,,0.0,
1.0,25.25,combined_well_day_averages.csv,coculture_treated,,,0.0,
1.0,30.24,combined_well_day_averages.csv,coculture_treated,,,0.0,
1.0,20.94,combined_well_day_averages.csv,coculture_treated,,,0.0,
1.0,28.19,combined_well_day_averages.csv,coculture_treated,,,0.0,
1.0,80.19,combined_well_day_averages.csv,coculture_treated,,,0.0,
1.0,126.76,combined_well_day_averages.csv,coculture_treated,,,0.0,
1.0,58.52,combined_well_day_averages.csv,coculture_treated,,,0.0,
1.0,108.82,combined_well_day_averages.csv,coculture_treated,,,0.0,
1.0,99.5,combined_well_day_averages.csv,coculture_treated,,,0.0,
1.0,123.95,combined_well_day_averages.csv,coculture_treated,,,0.0,
1.0,170.53,combined_well_day_averages.csv,coculture_treated,,,0.0,
1.0,124.7,combined_well_day_averages.csv,coculture_treated,,,0.0,
1.0,164.33,combined_well_day_averages.csv,coculture_treated,,,0.0,
1.0,119.77,combined_well_day_averages.csv,coculture_treated,,,0.0,
1.0,151.92,combined_well_day_averages.csv,coculture_treated,,,0.0,
1.0,194.43,combined_well_day_averages.csv,coculture_treated,,,0.0,
1.0,129.99,combined_well_day_averages.csv,coculture_treated,,,0.0,
1.0,281.32,combined_well_day_averages.csv,coculture_treated,,,0.0,
1.0,138.1,combined_well_day_averages.csv,coculture_treated,,,0.0,
1.0,217.32,combined_well_day_averages.csv,coculture_treated,,,0.0,
1.0,207.68,combined_well_day_averages.csv,coculture_treated,,,0.0,
1.0,327.28,combined_well_day_averages.csv,coculture_treated,,,0.0,
1.0,101.35,combined_well_day_averages.csv,coculture_treated,,,0.0,
1.0,125.25,combined_well_day_averages.csv,coculture_treated,,,0.0,
1.0,41.27,combined_well_day_averages.csv,coculture_treated,,,0.0,
1.0,91.5,combined_well_day_averages.csv,coculture_treated,,,0.0,
1.0,60.37,combined_well_day_averages.csv,coculture_treated,,,0.0,
1.0,104.74,combined_well_day_averages.csv,coculture_treated,,,0.0,
1.0,57.84,combined_well_day_averages.csv,coculture_treated,,,0.0,
1.0,77.8,combined_well_day_averages.csv,coculture_treated,,,0.0,
1.0,40.79,combined_well_day_averages.csv,coculture_treated,,,0.0,
1.0,44.62,combined_well_day_averages.csv,coculture_treated,,,0.0,
1.0,50.18,combined_well_day_averages.csv,coculture_treated,,,0.0,
1.0,48.94,combined_well_day_averages.csv,coculture_treated,,,0.0,
1.0,22.75,combined_well_day_averages.csv,coculture_treated,,,0.0,
1.0,40.76,combined_well_day_averages.csv,coculture_treated,,,0.0,
1.0,21.93,combined_well_day_averages.csv,coculture_treated,,,0.0,
1.0,21.05,combined_well_day_averages.csv,coculture_treated,,,0.0,
1.0,30.99,combined_well_day_averages.csv,coculture_treated,,,0.0,
1.0,33.22,combined_well_day_averages.csv,coculture_treated,,,0.0,
1.0,98.9,combined_well_day_averages.csv,coculture_treated,,,0.0,
1.0,155.41,combined_well_day_averages.csv,coculture_treated,,,0.0,
1.0,49.23,combined_well_day_averages.csv,coculture_treated,,,0.0,
1.0,103.53,combined_well_day_averages.csv,coculture_treated,,,0.0,
1.0,47.83,combined_well_day_averages.csv,coculture_treated,,,0.0,
1.0,98.82,combined_well_day_averages.csv,coculture_treated,,,0.0,
1.0,157.72,combined_well_day_averages.csv,coculture_treated,,,0.0,
1.0,263.04,combined_well_day_averages.csv,coculture_treated,,,0.0,
1.0,160.06,combined_well_day_averages.csv,coculture_treated,,,0.0,
1.0,101.37,combined_well_day_averages.csv,coculture_treated,,,0.0,
1.0,162.0,combined_well_day_averages.csv,coculture_treated,,,0.0,
1.0,148.56,combined_well_day_averages.csv,coculture_treated,,,0.0,
1.0,187.61,combined_well_day_averages.csv,coculture_treated,,,0.0,
1.0,328.17,combined_well_day_averages.csv,coculture_treated,,,0.0,
1.0,154.67,combined_well_day_averages.csv,coculture_treated,,,0.0,
1.0,200.81,combined_well_day_averages.csv,coculture_treated,,,0.0,
1.0,186.85,combined_well_day_averages.csv,coculture_treated,,,0.0,
1.0,250.39,combined_well_day_averages.csv,coculture_treated,,,0.0,
1.0,99.62,measure_25-75A2780IC50tre1uM_2000Thres_day_averages.csv,coculture_treated,,,0.0,
1.0,92.29,measure_25-75A2780IC50tre1uM_2000Thres_day_averages.csv,coculture_treated,,,0.0,
1.0,80.19,measure_25-75A2780IC50tre1uM_2000Thres_well_day_averages.csv,coculture_treated,,,0.0,
1.0,126.76,measure_25-75A2780IC50tre1uM_2000Thres_well_day_averages.csv,coculture_treated,,,0.0,
1.0,58.52,measure_25-75A2780IC50tre1uM_2000Thres_well_day_averages.csv,coculture_treated,,,0.0,
1.0,108.82,measure_25-75A2780IC50tre1uM_2000Thres_well_day_averages.csv,coculture_treated,,,0.0,
1.0,99.5,measure_25-75A2780IC50tre1uM_2000Thres_well_day_averages.csv,coculture_treated,,,0.0,
1.0,123.95,measure_25-75A2780IC50tre1uM_2000Thres_well_day_averages.csv,coculture_treated,,,0.0,
1.0,98.9,measure_25-75A2780IC50tre1uM_2000Thres_well_day_averages.csv,coculture_treated,,,0.0,
1.0,155.41,measure_25-75A2780IC50tre1uM_2000Thres_well_day_averages.csv,coculture_treated,,,0.0,
1.0,49.23,measure_25-75A2780IC50tre1uM_2000Thres_well_day_averages.csv,coculture_treated,,,0.0,
1.0,103.53,measure_25-75A2780IC50tre1uM_2000Thres_well_day_averages.csv,coculture_treated,,,0.0,
1.0,47.83,measure_25-75A2780IC50tre1uM_2000Thres_well_day_averages.csv,coculture_treated,,,0.0,
1.0,98.82,measure_25-75A2780IC50tre1uM_2000Thres_well_day_averages.csv,coculture_treated,,,0.0,
1.0,88.59,measure_25-75A2780cisIC50tre1uM_5000Thres_day_averages.csv,coculture_treated,,,0.0,
1.0,87.41,measure_25-75A2780cisIC50tre1uM_5000Thres_day_averages.csv,coculture_treated,,,0.0,
1.0,87.19,measure_25-75A2780cisIC50tre1uM_5000Thres_well_day_averages.csv,coculture_treated,,,0.0,
1.0,103.33,measure_25-75A2780cisIC50tre1uM_5000Thres_well_day_averages.csv,coculture_treated,,,0.0,
1.0,36.64,measure_25-75A2780cisIC50tre1uM_5000Thres_well_day_averages.csv,coculture_treated,,,0.0,
1.0,93.09,measure_25-75A2780cisIC50tre1uM_5000Thres_well_day_averages.csv,coculture_treated,,,0.0,
1.0,100.0,measure_25-75A2780cisIC50tre1uM_5000Thres_well_day_averages.csv,coculture_treated,,,0.0,
1.0,111.27,measure_25-75A2780cisIC50tre1uM_5000Thres_well_day_averages.csv,coculture_treated,,,0.0,
1.0,101.35,measure_25-75A2780cisIC50tre1uM_5000Thres_well_day_averages.csv,coculture_treated,,,0.0,
1.0,125.25,measure_25-75A2780cisIC50tre1uM_5000Thres_well_day_averages.csv,coculture_treated,,,0.0,
1.0,41.27,measure_25-75A2780cisIC50tre1uM_5000Thres_well_day_averages.csv,coculture_treated,,,0.0,
1.0,91.5,measure_25-75A2780cisIC50tre1uM_5000Thres_well_day_averages.csv,coculture_treated,,,0.0,
1.0,60.37,measure_25-75A2780cisIC50tre1uM_5000Thres_well_day_averages.csv,coculture_treated,,,0.0,
1.0,104.74,measure_25-75A2780cisIC50tre1uM_5000Thres_well_day_averages.csv,coculture_treated,,,0.0,
1.0,154.28,measure_50-50A2780IC50tre1uM_2000Thres_day_averages.csv,coculture_treated,,,0.0,
1.0,165.46,measure_50-50A2780IC50tre1uM_2000Thres_day_averages.csv,coculture_treated,,,0.0,
1.0,170.53,measure_50-50A2780IC50tre1uM_2000Thres_well_day_averages.csv,coculture_treated,,,0.0,
1.0,124.7,measure_50-50A2780IC50tre1uM_2000Thres_well_day_averages.csv,coculture_treated,,,0.0,
1.0,164.33,measure_50-50A2780IC50tre1uM_2000Thres_well_day_averages.csv,coculture_treated,,,0.0,
1.0,119.77,measure_50-50A2780IC50tre1uM_2000Thres_well_day_averages.csv,coculture_treated,,,0.0,
1.0,151.92,measure_50-50A2780IC50tre1uM_2000Thres_well_day_averages.csv,coculture_treated,,,0.0,
1.0,194.43,measure_50-50A2780IC50tre1uM_2000Thres_well_day_averages.csv,coculture_treated,,,0.0,
1.0,157.72,measure_50-50A2780IC50tre1uM_2000Thres_well_day_averages.csv,coculture_treated,,,0.0,
1.0,263.04,measure_50-50A2780IC50tre1uM_2000Thres_well_day_averages.csv,coculture_treated,,,0.0,
1.0,160.06,measure_50-50A2780IC50tre1uM_2000Thres_well_day_averages.csv,coculture_treated,,,0.0,
1.0,101.37,measure_50-50A2780IC50tre1uM_2000Thres_well_day_averages.csv,coculture_treated,,,0.0,
1.0,162.0,measure_50-50A2780IC50tre1uM_2000Thres_well_day_averages.csv,coculture_treated,,,0.0,
1.0,148.56,measure_50-50A2780IC50tre1uM_2000Thres_well_day_averages.csv,coculture_treated,,,0.0,
1.0,51.28,measure_50-50A2780cisIC50tre1uM_5000Thres_day_averages.csv,coculture_treated,,,0.0,
1.0,53.36,measure_50-50A2780cisIC50tre1uM_5000Thres_day_averages.csv,coculture_treated,,,0.0,
1.0,48.04,measure_50-50A2780cisIC50tre1uM_5000Thres_well_day_averages.csv,coculture_treated,,,0.0,
1.0,47.14,measure_50-50A2780cisIC50tre1uM_5000Thres_well_day_averages.csv,coculture_treated,,,0.0,
1.0,64.3,measure_50-50A2780cisIC50tre1uM_5000Thres_well_day_averages.csv,coculture_treated,,,0.0,
1.0,31.31,measure_50-50A2780cisIC50tre1uM_5000Thres_well_day_averages.csv,coculture_treated,,,0.0,
1.0,49.51,measure_50-50A2780cisIC50tre1uM_5000Thres_well_day_averages.csv,coculture_treated,,,0.0,
1.0,67.39,measure_50-50A2780cisIC50tre1uM_5000Thres_well_day_averages.csv,coculture_treated,,,0.0,
1.0,57.84,measure_50-50A2780cisIC50tre1uM_5000Thres_well_day_averages.csv,coculture_treated,,,0.0,
1.0,77.8,measure_50-50A2780cisIC50tre1uM_5000Thres_well_day_averages.csv,coculture_treated,,,0.0,
1.0,40.79,measure_50-50A2780cisIC50tre1uM_5000Thres_well_day_averages.csv,coculture_treated,,,0.0,
1.0,44.62,measure_50-50A2780cisIC50tre1uM_5000Thres_well_day_averages.csv,coculture_treated,,,0.0,
1.0,50.18,measure_50-50A2780cisIC50tre1uM_5000Thres_well_day_averages.csv,coculture_treated,,,0.0,
1.0,48.94,measure_50-50A2780cisIC50tre1uM_5000Thres_well_day_averages.csv,coculture_treated,,,0.0,
1.0,216.95,measure_75-25A2780IC50tre1uM_2000Thres_day_averages.csv,coculture_treated,,,0.0,
1.0,218.08,measure_75-25A2780IC50tre1uM_2000Thres_day_averages.csv,coculture_treated,,,0.0,
1.0,129.99,measure_75-25A2780IC50tre1uM_2000Thres_well_day_averages.csv,coculture_treated,,,0.0,
1.0,281.32,measure_75-25A2780IC50tre1uM_2000Thres_well_day_averages.csv,coculture_treated,,,0.0,
1.0,138.1,measure_75-25A2780IC50tre1uM_2000Thres_well_day_averages.csv,coculture_treated,,,0.0,
1.0,217.32,measure_75-25A2780IC50tre1uM_2000Thres_well_day_averages.csv,coculture_treated,,,0.0,
1.0,207.68,measure_75-25A2780IC50tre1uM_2000Thres_well_day_averages.csv,coculture_treated,,,0.0,
1.0,327.28,measure_75-25A2780IC50tre1uM_2000Thres_well_day_averages.csv,coculture_treated,,,0.0,
1.0,187.61,measure_75-25A2780IC50tre1uM_2000Thres_well_day_averages.csv,coculture_treated,,,0.0,
1.0,328.17,measure_75-25A2780IC50tre1uM_2000Thres_well_day_averages.csv,coculture_treated,,,0.0,
1.0,154.67,measure_75-25A2780IC50tre1uM_2000Thres_well_day_averages.csv,coculture_treated,,,0.0,
1.0,200.81,measure_75-25A2780IC50tre1uM_2000Thres_well_day_averages.csv,coculture_treated,,,0.0,
1.0,186.85,measure_75-25A2780IC50tre1uM_2000Thres_well_day_averages.csv,coculture_treated,,,0.0,
1.0,250.39,measure_75-25A2780IC50tre1uM_2000Thres_well_day_averages.csv,coculture_treated,,,0.0,
1.0,26.93,measure_75-25A2780cisIC50tre1uM_5000Thres_day_averages.csv,coculture_treated,,,0.0,
1.0,28.45,measure_75-25A2780cisIC50tre1uM_5000Thres_day_averages.csv,coculture_treated,,,0.0,
1.0,17.5,measure_75-25A2780cisIC50tre1uM_5000Thres_well_day_averages.csv,coculture_treated,,,0.0,
1.0,39.47,measure_75-25A2780cisIC50tre1uM_5000Thres_well_day_averages.csv,coculture_treated,,,0.0,
1.0,25.25,measure_75-25A2780cisIC50tre1uM_5000Thres_well_day_averages.csv,coculture_treated,,,0.0,
1.0,30.24,measure_75-25A2780cisIC50tre1uM_5000Thres_well_day_averages.csv,coculture_treated,,,0.0,
1.0,20.94,measure_75-25A2780cisIC50tre1uM_5000Thres_well_day_averages.csv,coculture_treated,,,0.0,
1.0,28.19,measure_75-25A2780cisIC50tre1uM_5000Thres_well_day_averages.csv,coculture_treated,,,0.0,
1.0,22.75,measure_75-25A2780cisIC50tre1uM_5000Thres_well_day_averages.csv,coculture_treated,,,0.0,
1.0,40.76,measure_75-25A2780cisIC50tre1uM_5000Thres_well_day_averages.csv,coculture_treated,,,0.0,
1.0,21.93,measure_75-25A2780cisIC50tre1uM_5000Thres_well_day_averages.csv,coculture_treated,,,0.0,
1.0,21.05,measure_75-25A2780cisIC50tre1uM_5000Thres_well_day_averages.csv,coculture_treated,,,0.0,
1.0,30.99,measure_75-25A2780cisIC50tre1uM_5000Thres_well_day_averages.csv,coculture_treated,,,0.0,
1.0,33.22,measure_75-25A2780cisIC50tre1uM_5000Thres_well_day_averages.csv,coculture_treated,,,0.0,
2.0,143.34,combined_day_averages.csv,coculture_treated,,,0.0,
2.0,89.81,combined_day_averages.csv,coculture_treated,,,0.0,
2.0,42.1,combined_day_averages.csv,coculture_treated,,,0.0,
2.0,151.65,combined_day_averages.csv,coculture_treated,,,0.0,
2.0,285.21,combined_day_averages.csv,coculture_treated,,,0.0,
2.0,395.04,combined_day_averages.csv,coculture_treated,,,0.0,
2.0,146.07,combined_day_averages.csv,coculture_treated,,,0.0,
2.0,85.84,combined_day_averages.csv,coculture_treated,,,0.0,
2.0,45.68,combined_day_averages.csv,coculture_treated,,,0.0,
2.0,166.94,combined_day_averages.csv,coculture_treated,,,0.0,
2.0,282.02,combined_day_averages.csv,coculture_treated,,,0.0,
2.0,356.53,combined_day_averages.csv,coculture_treated,,,0.0,
2.0,102.11,combined_well_day_averages.csv,coculture_treated,,,0.0,
2.0,215.7,combined_well_day_averages.csv,coculture_treated,,,0.0,
2.0,44.89,combined_well_day_averages.csv,coculture_treated,,,0.0,
2.0,157.62,combined_well_day_averages.csv,coculture_treated,,,0.0,
2.0,158.26,combined_well_day_averages.csv,coculture_treated,,,0.0,
2.0,181.43,combined_well_day_averages.csv,coculture_treated,,,0.0,
2.0,76.37,combined_well_day_averages.csv,coculture_treated,,,0.0,
2.0,101.03,combined_well_day_averages.csv,coculture_treated,,,0.0,
2.0,107.36,combined_well_day_averages.csv,coculture_treated,,,0.0,
2.0,76.32,combined_well_day_averages.csv,coculture_treated,,,0.0,
2.0,73.06,combined_well_day_averages.csv,coculture_treated,,,0.0,
2.0,104.74,combined_well_day_averages.csv,coculture_treated,,,0.0,
2.0,25.81,combined_well_day_averages.csv,coculture_treated,,,0.0,
2.0,63.15,combined_well_day_averages.csv,coculture_treated,,,0.0,
2.0,38.09,combined_well_day_averages.csv,coculture_treated,,,0.0,
2.0,35.38,combined_well_day_averages.csv,coculture_treated,,,0.0,
2.0,40.78,combined_well_day_averages.csv,coculture_treated,,,0.0,
2.0,49.42,combined_well_day_averages.csv,coculture_treated,,,0.0,
2.0,92.46,combined_well_day_averages.csv,coculture_treated,,,0.0,
2.0,211.48,combined_well_day_averages.csv,coculture_treated,,,0.0,
2.0,80.04,combined_well_day_averages.csv,coculture_treated,,,0.0,
2.0,174.55,combined_well_day_averages.csv,coculture_treated,,,0.0,
2.0,166.78,combined_well_day_averages.csv,coculture_treated,,,0.0,
2.0,184.57,combined_well_day_averages.csv,coculture_treated,,,0.0,
2.0,313.38,combined_well_day_averages.csv,coculture_treated,,,0.0,
2.0,288.5,combined_well_day_averages.csv,coculture_treated,,,0.0,
2.0,264.4,combined_well_day_averages.csv,coculture_treated,,,0.0,
2.0,209.58,combined_well_day_averages.csv,coculture_treated,,,0.0,
2.0,266.82,combined_well_day_averages.csv,coculture_treated,,,0.0,
2.0,368.56,combined_well_day_averages.csv,coculture_treated,,,0.0,
2.0,211.67,combined_well_day_averages.csv,coculture_treated,,,0.0,
2.0,518.45,combined_well_day_averages.csv,coculture_treated,,,0.0,
2.0,194.72,combined_well_day_averages.csv,coculture_treated,,,0.0,
2.0,424.05,combined_well_day_averages.csv,coculture_treated,,,0.0,
2.0,390.67,combined_well_day_averages.csv,coculture_treated,,,0.0,
2.0,630.67,combined_well_day_averages.csv,coculture_treated,,,0.0,
2.0,164.06,combined_well_day_averages.csv,coculture_treated,,,0.0,
2.0,216.72,combined_well_day_averages.csv,coculture_treated,,,0.0,
2.0,75.24,combined_well_day_averages.csv,coculture_treated,,,0.0,
2.0,155.96,combined_well_day_averages.csv,coculture_treated,,,0.0,
2.0,102.43,combined_well_day_averages.csv,coculture_treated,,,0.0,
2.0,162.01,combined_well_day_averages.csv,coculture_treated,,,0.0,
2.0,97.96,combined_well_day_averages.csv,coculture_treated,,,0.0,
2.0,131.42,combined_well_day_averages.csv,coculture_treated,,,0.0,
2.0,67.35,combined_well_day_averages.csv,coculture_treated,,,0.0,
2.0,61.6,combined_well_day_averages.csv,coculture_treated,,,0.0,
2.0,82.46,combined_well_day_averages.csv,coculture_treated,,,0.0,
2.0,74.24,combined_well_day_averages.csv,coculture_treated,,,0.0,
2.0,36.74,combined_well_day_averages.csv,coculture_treated,,,0.0,
2.0,77.33,combined_well_day_averages.csv,coculture_treated,,,0.0,
2.0,23.82,combined_well_day_averages.csv,coculture_treated,,,0.0,
2.0,42.73,combined_well_day_averages.csv,coculture_treated,,,0.0,
2.0,35.64,combined_well_day_averages.csv,coculture_treated,,,0.0,
2.0,57.85,combined_well_day_averages.csv,coculture_treated,,,0.0,
2.0,257.16,combined_well_day_averages.csv,coculture_treated,,,0.0,
2.0,254.4,combined_well_day_averages.csv,coculture_treated,,,0.0,
2.0,73.11,combined_well_day_averages.csv,coculture_treated,,,0.0,
2.0,160.9,combined_well_day_averages.csv,coculture_treated,,,0.0,
2.0,77.14,combined_well_day_averages.csv,coculture_treated,,,0.0,
2.0,178.91,combined_well_day_averages.csv,coculture_treated,,,0.0,
2.0,239.28,combined_well_day_averages.csv,coculture_treated,,,0.0,
2.0,448.49,combined_well_day_averages.csv,coculture_treated,,,0.0,
2.0,259.12,combined_well_day_averages.csv,coculture_treated,,,0.0,
2.0,213.81,combined_well_day_averages.csv,coculture_treated,,,0.0,
2.0,289.76,combined_well_day_averages.csv,coculture_treated,,,0.0,
2.0,241.63,combined_well_day_averages.csv,coculture_treated,,,0.0,
2.0,278.21,combined_well_day_averages.csv,coculture_treated,,,0.0,
2.0,576.76,combined_well_day_averages.csv,coculture_treated,,,0.0,
2.0,238.37,combined_well_day_averages.csv,coculture_treated,,,0.0,
2.0,312.22,combined_well_day_averages.csv,coculture_treated,,,0.0,
2.0,297.74,combined_well_day_averages.csv,coculture_treated,,,0.0,
2.0,435.87,combined_well_day_averages.csv,coculture_treated,,,0.0,
2.0,151.65,measure_25-75A2780IC50tre1uM_2000Thres_day_averages.csv,coculture_treated,,,0.0,
2.0,166.94,measure_25-75A2780IC50tre1uM_2000Thres_day_averages.csv,coculture_treated,,,0.0,
2.0,92.46,measure_25-75A2780IC50tre1uM_2000Thres_well_day_averages.csv,coculture_treated,,,0.0,
2.0,211.48,measure_25-75A2780IC50tre1uM_2000Thres_well_day_averages.csv,coculture_treated,,,0.0,
2.0,80.04,measure_25-75A2780IC50tre1uM_2000Thres_well_day_averages.csv,coculture_treated,,,0.0,
2.0,174.55,measure_25-75A2780IC50tre1uM_2000Thres_well_day_averages.csv,coculture_treated,,,0.0,
2.0,166.78,measure_25-75A2780IC50tre1uM_2000Thres_well_day_averages.csv,coculture_treated,,,0.0,
2.0,184.57,measure_25-75A2780IC50tre1uM_2000Thres_well_day_averages.csv,coculture_treated,,,0.0,
2.0,257.16,measure_25-75A2780IC50tre1uM_2000Thres_well_day_averages.csv,coculture_treated,,,0.0,
2.0,254.4,measure_25-75A2780IC50tre1uM_2000Thres_well_day_averages.csv,coculture_treated,,,0.0,
2.0,73.11,measure_25-75A2780IC50tre1uM_2000Thres_well_day_averages.csv,coculture_treated,,,0.0,
2.0,160.9,measure_25-75A2780IC50tre1uM_2000Thres_well_day_averages.csv,coculture_treated,,,0.0,
2.0,77.14,measure_25-75A2780IC50tre1uM_2000Thres_well_day_averages.csv,coculture_treated,,,0.0,
2.0,178.91,measure_25-75A2780IC50tre1uM_2000Thres_well_day_averages.csv,coculture_treated,,,0.0,
2.0,143.34,measure_25-75A2780cisIC50tre1uM_5000Thres_day_averages.csv,coculture_treated,,,0.0,
2.0,146.07,measure_25-75A2780cisIC50tre1uM_5000Thres_day_averages.csv,coculture_treated,,,0.0,
2.0,102.11,measure_25-75A2780cisIC50tre1uM_5000Thres_well_day_averages.csv,coculture_treated,,,0.0,
2.0,215.7,measure_25-75A2780cisIC50tre1uM_5000Thres_well_day_averages.csv,coculture_treated,,,0.0,
2.0,44.89,measure_25-75A2780cisIC50tre1uM_5000Thres_well_day_averages.csv,coculture_treated,,,0.0,
2.0,157.62,measure_25-75A2780cisIC50tre1uM_5000Thres_well_day_averages.csv,coculture_treated,,,0.0,
2.0,158.26,measure_25-75A2780cisIC50tre1uM_5000Thres_well_day_averages.csv,coculture_treated,,,0.0,
2.0,181.43,measure_25-75A2780cisIC50tre1uM_5000Thres_well_day_averages.csv,coculture_treated,,,0.0,
2.0,164.06,measure_25-75A2780cisIC50tre1uM_5000Thres_well_day_averages.csv,coculture_treated,,,0.0,
2.0,216.72,measure_25-75A2780cisIC50tre1uM_5000Thres_well_day_averages.csv,coculture_treated,,,0.0,
2.0,75.24,measure_25-75A2780cisIC50tre1uM_5000Thres_well_day_averages.csv,coculture_treated,,,0.0,
2.0,155.96,measure_25-75A2780cisIC50tre1uM_5000Thres_well_day_averages.csv,coculture_treated,,,0.0,
2.0,102.43,measure_25-75A2780cisIC50tre1uM_5000Thres_well_day_averages.csv,coculture_treated,,,0.0,
2.0,162.01,measure_25-75A2780cisIC50tre1uM_5000Thres_well_day_averages.csv,coculture_treated,,,0.0,
2.0,285.21,measure_50-50A2780IC50tre1uM_2000Thres_day_averages.csv,coculture_treated,,,0.0,
2.0,282.02,measure_50-50A2780IC50tre1uM_2000Thres_day_averages.csv,coculture_treated,,,0.0,
2.0,313.38,measure_50-50A2780IC50tre1uM_2000Thres_well_day_averages.csv,coculture_treated,,,0.0,
2.0,288.5,measure_50-50A2780IC50tre1uM_2000Thres_well_day_averages.csv,coculture_treated,,,0.0,
2.0,264.4,measure_50-50A2780IC50tre1uM_2000Thres_well_day_averages.csv,coculture_treated,,,0.0,
2.0,209.58,measure_50-50A2780IC50tre1uM_2000Thres_well_day_averages.csv,coculture_treated,,,0.0,
2.0,266.82,measure_50-50A2780IC50tre1uM_2000Thres_well_day_averages.csv,coculture_treated,,,0.0,
2.0,368.56,measure_50-50A2780IC50tre1uM_2000Thres_well_day_averages.csv,coculture_treated,,,0.0,
2.0,239.28,measure_50-50A2780IC50tre1uM_2000Thres_well_day_averages.csv,coculture_treated,,,0.0,
2.0,448.49,measure_50-50A2780IC50tre1uM_2000Thres_well_day_averages.csv,coculture_treated,,,0.0,
2.0,259.12,measure_50-50A2780IC50tre1uM_2000Thres_well_day_averages.csv,coculture_treated,,,0.0,
2.0,213.81,measure_50-50A2780IC50tre1uM_2000Thres_well_day_averages.csv,coculture_treated,,,0.0,
2.0,289.76,measure_50-50A2780IC50tre1uM_2000Thres_well_day_averages.csv,coculture_treated,,,0.0,
2.0,241.63,measure_50-50A2780IC50tre1uM_2000Thres_well_day_averages.csv,coculture_treated,,,0.0,
2.0,89.81,measure_50-50A2780cisIC50tre1uM_5000Thres_day_averages.csv,coculture_treated,,,0.0,
2.0,85.84,measure_50-50A2780cisIC50tre1uM_5000Thres_day_averages.csv,coculture_treated,,,0.0,
2.0,76.37,measure_50-50A2780cisIC50tre1uM_5000Thres_well_day_averages.csv,coculture_treated,,,0.0,
2.0,101.03,measure_50-50A2780cisIC50tre1uM_5000Thres_well_day_averages.csv,coculture_treated,,,0.0,
2.0,107.36,measure_50-50A2780cisIC50tre1uM_5000Thres_well_day_averages.csv,coculture_treated,,,0.0,
2.0,76.32,measure_50-50A2780cisIC50tre1uM_5000Thres_well_day_averages.csv,coculture_treated,,,0.0,
2.0,73.06,measure_50-50A2780cisIC50tre1uM_5000Thres_well_day_averages.csv,coculture_treated,,,0.0,
2.0,104.74,measure_50-50A2780cisIC50tre1uM_5000Thres_well_day_averages.csv,coculture_treated,,,0.0,
2.0,97.96,measure_50-50A2780cisIC50tre1uM_5000Thres_well_day_averages.csv,coculture_treated,,,0.0,
2.0,131.42,measure_50-50A2780cisIC50tre1uM_5000Thres_well_day_averages.csv,coculture_treated,,,0.0,
2.0,67.35,measure_50-50A2780cisIC50tre1uM_5000Thres_well_day_averages.csv,coculture_treated,,,0.0,
2.0,61.6,measure_50-50A2780cisIC50tre1uM_5000Thres_well_day_averages.csv,coculture_treated,,,0.0,
2.0,82.46,measure_50-50A2780cisIC50tre1uM_5000Thres_well_day_averages.csv,coculture_treated,,,0.0,
2.0,74.24,measure_50-50A2780cisIC50tre1uM_5000Thres_well_day_averages.csv,coculture_treated,,,0.0,
2.0,395.04,measure_75-25A2780IC50tre1uM_2000Thres_day_averages.csv,coculture_treated,,,0.0,
2.0,356.53,measure_75-25A2780IC50tre1uM_2000Thres_day_averages.csv,coculture_treated,,,0.0,
2.0,211.67,measure_75-25A2780IC50tre1uM_2000Thres_well_day_averages.csv,coculture_treated,,,0.0,
2.0,518.45,measure_75-25A2780IC50tre1uM_2000Thres_well_day_averages.csv,coculture_treated,,,0.0,
2.0,194.72,measure_75-25A2780IC50tre1uM_2000Thres_well_day_averages.csv,coculture_treated,,,0.0,
2.0,424.05,measure_75-25A2780IC50tre1uM_2000Thres_well_day_averages.csv,coculture_treated,,,0.0,
2.0,390.67,measure_75-25A2780IC50tre1uM_2000Thres_well_day_averages.csv,coculture_treated,,,0.0,
2.0,630.67,measure_75-25A2780IC50tre1uM_2000Thres_well_day_averages.csv,coculture_treated,,,0.0,
2.0,278.21,measure_75-25A2780IC50tre1uM_2000Thres_well_day_averages.csv,coculture_treated,,,0.0,
2.0,576.76,measure_75-25A2780IC50tre1uM_2000Thres_well_day_averages.csv,coculture_treated,,,0.0,
2.0,238.37,measure_75-25A2780IC50tre1uM_2000Thres_well_day_averages.csv,coculture_treated,,,0.0,
2.0,312.22,measure_75-25A2780IC50tre1uM_2000Thres_well_day_averages.csv,coculture_treated,,,0.0,
2.0,297.74,measure_75-25A2780IC50tre1uM_2000Thres_well_day_averages.csv,coculture_treated,,,0.0,
2.0,435.87,measure_75-25A2780IC50tre1uM_2000Thres_well_day_averages.csv,coculture_treated,,,0.0,
2.0,42.1,measure_75-25A2780cisIC50tre1uM_5000Thres_day_averages.csv,coculture_treated,,,0.0,
2.0,45.68,measure_75-25A2780cisIC50tre1uM_5000Thres_day_averages.csv,coculture_treated,,,0.0,
2.0,25.81,measure_75-25A2780cisIC50tre1uM_5000Thres_well_day_averages.csv,coculture_treated,,,0.0,
2.0,63.15,measure_75-25A2780cisIC50tre1uM_5000Thres_well_day_averages.csv,coculture_treated,,,0.0,
2.0,38.09,measure_75-25A2780cisIC50tre1uM_5000Thres_well_day_averages.csv,coculture_treated,,,0.0,
2.0,35.38,measure_75-25A2780cisIC50tre1uM_5000Thres_well_day_averages.csv,coculture_treated,,,0.0,
2.0,40.78,measure_75-25A2780cisIC50tre1uM_5000Thres_well_day_averages.csv,coculture_treated,,,0.0,
2.0,49.42,measure_75-25A2780cisIC50tre1uM_5000Thres_well_day_averages.csv,coculture_treated,,,0.0,
2.0,36.74,measure_75-25A2780cisIC50tre1uM_5000Thres_well_day_averages.csv,coculture_treated,,,0.0,
2.0,77.33,measure_75-25A2780cisIC50tre1uM_5000Thres_well_day_averages.csv,coculture_treated,,,0.0,
2.0,23.82,measure_75-25A2780cisIC50tre1uM_5000Thres_well_day_averages.csv,coculture_treated,,,0.0,
2.0,42.73,measure_75-25A2780cisIC50tre1uM_5000Thres_well_day_averages.csv,coculture_treated,,,0.0,
2.0,35.64,measure_75-25A2780cisIC50tre1uM_5000Thres_well_day_averages.csv,coculture_treated,,,0.0,
2.0,57.85,measure_75-25A2780cisIC50tre1uM_5000Thres_well_day_averages.csv,coculture_treated,,,0.0,
3.0,247.63,combined_day_averages.csv,coculture_treated,,,0.0,
3.0,141.96,combined_day_averages.csv,coculture_treated,,,0.0,
3.0,64.44,combined_day_averages.csv,coculture_treated,,,0.0,
3.0,256.71,combined_day_averages.csv,coculture_treated,,,0.0,
3.0,425.08,combined_day_averages.csv,coculture_treated,,,0.0,
3.0,575.9,combined_day_averages.csv,coculture_treated,,,0.0,
3.0,261.51,combined_day_averages.csv,coculture_treated,,,0.0,
3.0,136.94,combined_day_averages.csv,coculture_treated,,,0.0,
3.0,72.72,combined_day_averages.csv,coculture_treated,,,0.0,
3.0,254.02,combined_day_averages.csv,coculture_treated,,,0.0,
3.0,432.84,combined_day_averages.csv,coculture_treated,,,0.0,
3.0,545.95,combined_day_averages.csv,coculture_treated,,,0.0,
3.0,208.65,combined_well_day_averages.csv,coculture_treated,,,0.0,
3.0,339.4,combined_well_day_averages.csv,coculture_treated,,,0.0,
3.0,72.85,combined_well_day_averages.csv,coculture_treated,,,0.0,
3.0,283.35,combined_well_day_averages.csv,coculture_treated,,,0.0,
3.0,274.84,combined_well_day_averages.csv,coculture_treated,,,0.0,
3.0,306.67,combined_well_day_averages.csv,coculture_treated,,,0.0,
3.0,117.85,combined_well_day_averages.csv,coculture_treated,,,0.0,
3.0,137.34,combined_well_day_averages.csv,coculture_treated,,,0.0,
3.0,166.49,combined_well_day_averages.csv,coculture_treated,,,0.0,
3.0,134.9,combined_well_day_averages.csv,coculture_treated,,,0.0,
3.0,109.99,combined_well_day_averages.csv,coculture_treated,,,0.0,
3.0,185.18,combined_well_day_averages.csv,coculture_treated,,,0.0,
3.0,45.33,combined_well_day_averages.csv,coculture_treated,,,0.0,
3.0,125.57,combined_well_day_averages.csv,coculture_treated,,,0.0,
3.0,46.34,combined_well_day_averages.csv,coculture_treated,,,0.0,
3.0,54.45,combined_well_day_averages.csv,coculture_treated,,,0.0,
3.0,39.03,combined_well_day_averages.csv,coculture_treated,,,0.0,
3.0,75.93,combined_well_day_averages.csv,coculture_treated,,,0.0,
3.0,185.07,combined_well_day_averages.csv,coculture_treated,,,0.0,
3.0,367.81,combined_well_day_averages.csv,coculture_treated,,,0.0,
3.0,109.17,combined_well_day_averages.csv,coculture_treated,,,0.0,
3.0,311.09,combined_well_day_averages.csv,coculture_treated,,,0.0,
3.0,264.04,combined_well_day_averages.csv,coculture_treated,,,0.0,
3.0,303.11,combined_well_day_averages.csv,coculture_treated,,,0.0,
3.0,470.73,combined_well_day_averages.csv,coculture_treated,,,0.0,
3.0,375.42,combined_well_day_averages.csv,coculture_treated,,,0.0,
3.0,435.14,combined_well_day_averages.csv,coculture_treated,,,0.0,
3.0,358.28,combined_well_day_averages.csv,coculture_treated,,,0.0,
3.0,414.78,combined_well_day_averages.csv,coculture_treated,,,0.0,
3.0,496.1,combined_well_day_averages.csv,coculture_treated,,,0.0,
3.0,321.1,combined_well_day_averages.csv,coculture_treated,,,0.0,
3.0,810.65,combined_well_day_averages.csv,coculture_treated,,,0.0,
3.0,339.83,combined_well_day_averages.csv,coculture_treated,,,0.0,
3.0,624.21,combined_well_day_averages.csv,coculture_treated,,,0.0,
3.0,460.73,combined_well_day_averages.csv,coculture_treated,,,0.0,
3.0,898.9,combined_well_day_averages.csv,coculture_treated,,,0.0,
3.0,284.09,combined_well_day_averages.csv,coculture_treated,,,0.0,
3.0,385.27,combined_well_day_averages.csv,coculture_treated,,,0.0,
3.0,139.58,combined_well_day_averages.csv,coculture_treated,,,0.0,
3.0,296.48,combined_well_day_averages.csv,coculture_treated,,,0.0,
3.0,181.3,combined_well_day_averages.csv,coculture_treated,,,0.0,
3.0,282.34,combined_well_day_averages.csv,coculture_treated,,,0.0,
3.0,166.8,combined_well_day_averages.csv,coculture_treated,,,0.0,
3.0,186.38,combined_well_day_averages.csv,coculture_treated,,,0.0,
3.0,112.61,combined_well_day_averages.csv,coculture_treated,,,0.0,
3.0,98.43,combined_well_day_averages.csv,coculture_treated,,,0.0,
3.0,132.48,combined_well_day_averages.csv,coculture_treated,,,0.0,
3.0,124.92,combined_well_day_averages.csv,coculture_treated,,,0.0,
3.0,55.87,combined_well_day_averages.csv,coculture_treated,,,0.0,
3.0,120.95,combined_well_day_averages.csv,coculture_treated,,,0.0,
3.0,47.97,combined_well_day_averages.csv,coculture_treated,,,0.0,
3.0,57.86,combined_well_day_averages.csv,coculture_treated,,,0.0,
3.0,64.33,combined_well_day_averages.csv,coculture_treated,,,0.0,
3.0,89.33,combined_well_day_averages.csv,coculture_treated,,,0.0,
3.0,304.01,combined_well_day_averages.csv,coculture_treated,,,0.0,
3.0,407.93,combined_well_day_averages.csv,coculture_treated,,,0.0,
3.0,104.55,combined_well_day_averages.csv,coculture_treated,,,0.0,
3.0,290.95,combined_well_day_averages.csv,coculture_treated,,,0.0,
3.0,143.48,combined_well_day_averages.csv,coculture_treated,,,0.0,
3.0,273.19,combined_well_day_averages.csv,coculture_treated,,,0.0,
3.0,433.88,combined_well_day_averages.csv,coculture_treated,,,0.0,
3.0,616.73,combined_well_day_averages.csv,coculture_treated,,,0.0,
3.0,382.79,combined_well_day_averages.csv,coculture_treated,,,0.0,
3.0,314.28,combined_well_day_averages.csv,coculture_treated,,,0.0,
3.0,417.07,combined_well_day_averages.csv,coculture_treated,,,0.0,
3.0,432.28,combined_well_day_averages.csv,coculture_treated,,,0.0,
3.0,456.46,combined_well_day_averages.csv,coculture_treated,,,0.0,
3.0,844.47,combined_well_day_averages.csv,coculture_treated,,,0.0,
3.0,433.16,combined_well_day_averages.csv,coculture_treated,,,0.0,
3.0,456.48,combined_well_day_averages.csv,coculture_treated,,,0.0,
3.0,430.35,combined_well_day_averages.csv,coculture_treated,,,0.0,
3.0,654.75,combined_well_day_averages.csv,coculture_treated,,,0.0,
3.0,256.71,measure_25-75A2780IC50tre1uM_2000Thres_day_averages.csv,coculture_treated,,,0.0,
3.0,254.02,measure_25-75A2780IC50tre1uM_2000Thres_day_averages.csv,coculture_treated,,,0.0,
3.0,185.07,measure_25-75A2780IC50tre1uM_2000Thres_well_day_averages.csv,coculture_treated,,,0.0,
3.0,367.81,measure_25-75A2780IC50tre1uM_2000Thres_well_day_averages.csv,coculture_treated,,,0.0,
3.0,109.17,measure_25-75A2780IC50tre1uM_2000Thres_well_day_averages.csv,coculture_treated,,,0.0,
3.0,311.09,measure_25-75A2780IC50tre1uM_2000Thres_well_day_averages.csv,coculture_treated,,,0.0,
3.0,264.04,measure_25-75A2780IC50tre1uM_2000Thres_well_day_averages.csv,coculture_treated,,,0.0,
3.0,303.11,measure_25-75A2780IC50tre1uM_2000Thres_well_day_averages.csv,coculture_treated,,,0.0,
3.0,304.01,measure_25-75A2780IC50tre1uM_2000Thres_well_day_averages.csv,coculture_treated,,,0.0,
3.0,407.93,measure_25-75A2780IC50tre1uM_2000Thres_well_day_averages.csv,coculture_treated,,,0.0,
3.0,104.55,measure_25-75A2780IC50tre1uM_2000Thres_well_day_averages.csv,coculture_treated,,,0.0,
3.0,290.95,measure_25-75A2780IC50tre1uM_2000Thres_well_day_averages.csv,coculture_treated,,,0.0,
3.0,143.48,measure_25-75A2780IC50tre1uM_2000Thres_well_day_averages.csv,coculture_treated,,,0.0,
3.0,273.19,measure_25-75A2780IC50tre1uM_2000Thres_well_day_averages.csv,coculture_treated,,,0.0,
3.0,247.63,measure_25-75A2780cisIC50tre1uM_5000Thres_day_averages.csv,coculture_treated,,,0.0,
3.0,261.51,measure_25-75A2780cisIC50tre1uM_5000Thres_day_averages.csv,coculture_treated,,,0.0,
3.0,208.65,measure_25-75A2780cisIC50tre1uM_5000Thres_well_day_averages.csv,coculture_treated,,,0.0,
3.0,339.4,measure_25-75A2780cisIC50tre1uM_5000Thres_well_day_averages.csv,coculture_treated,,,0.0,
3.0,72.85,measure_25-75A2780cisIC50tre1uM_5000Thres_well_day_averages.csv,coculture_treated,,,0.0,
3.0,283.35,measure_25-75A2780cisIC50tre1uM_5000Thres_well_day_averages.csv,coculture_treated,,,0.0,
3.0,274.84,measure_25-75A2780cisIC50tre1uM_5000Thres_well_day_averages.csv,coculture_treated,,,0.0,
3.0,306.67,measure_25-75A2780cisIC50tre1uM_5000Thres_well_day_averages.csv,coculture_treated,,,0.0,
3.0,284.09,measure_25-75A2780cisIC50tre1uM_5000Thres_well_day_averages.csv,coculture_treated,,,0.0,
3.0,385.27,measure_25-75A2780cisIC50tre1uM_5000Thres_well_day_averages.csv,coculture_treated,,,0.0,
3.0,139.58,measure_25-75A2780cisIC50tre1uM_5000Thres_well_day_averages.csv,coculture_treated,,,0.0,
3.0,296.48,measure_25-75A2780cisIC50tre1uM_5000Thres_well_day_averages.csv,coculture_treated,,,0.0,
3.0,181.3,measure_25-75A2780cisIC50tre1uM_5000Thres_well_day_averages.csv,coculture_treated,,,0.0,
3.0,282.34,measure_25-75A2780cisIC50tre1uM_5000Thres_well_day_averages.csv,coculture_treated,,,0.0,
3.0,425.08,measure_50-50A2780IC50tre1uM_2000Thres_day_averages.csv,coculture_treated,,,0.0,
3.0,432.84,measure_50-50A2780IC50tre1uM_2000Thres_day_averages.csv,coculture_treated,,,0.0,
3.0,470.73,measure_50-50A2780IC50tre1uM_2000Thres_well_day_averages.csv,coculture_treated,,,0.0,
3.0,375.42,measure_50-50A2780IC50tre1uM_2000Thres_well_day_averages.csv,coculture_treated,,,0.0,
3.0,435.14,measure_50-50A2780IC50tre1uM_2000Thres_well_day_averages.csv,coculture_treated,,,0.0,
3.0,358.28,measure_50-50A2780IC50tre1uM_2000Thres_well_day_averages.csv,coculture_treated,,,0.0,
3.0,414.78,measure_50-50A2780IC50tre1uM_2000Thres_well_day_averages.csv,coculture_treated,,,0.0,
3.0,496.1,measure_50-50A2780IC50tre1uM_2000Thres_well_day_averages.csv,coculture_treated,,,0.0,
3.0,433.88,measure_50-50A2780IC50tre1uM_2000Thres_well_day_averages.csv,coculture_treated,,,0.0,
3.0,616.73,measure_50-50A2780IC50tre1uM_2000Thres_well_day_averages.csv,coculture_treated,,,0.0,
3.0,382.79,measure_50-50A2780IC50tre1uM_2000Thres_well_day_averages.csv,coculture_treated,,,0.0,
3.0,314.28,measure_50-50A2780IC50tre1uM_2000Thres_well_day_averages.csv,coculture_treated,,,0.0,
3.0,417.07,measure_50-50A2780IC50tre1uM_2000Thres_well_day_averages.csv,coculture_treated,,,0.0,
3.0,432.28,measure_50-50A2780IC50tre1uM_2000Thres_well_day_averages.csv,coculture_treated,,,0.0,
3.0,141.96,measure_50-50A2780cisIC50tre1uM_5000Thres_day_averages.csv,coculture_treated,,,0.0,
3.0,136.94,measure_50-50A2780cisIC50tre1uM_5000Thres_day_averages.csv,coculture_treated,,,0.0,
3.0,117.85,measure_50-50A2780cisIC50tre1uM_5000Thres_well_day_averages.csv,coculture_treated,,,0.0,
3.0,137.34,measure_50-50A2780cisIC50tre1uM_5000Thres_well_day_averages.csv,coculture_treated,,,0.0,
3.0,166.49,measure_50-50A2780cisIC50tre1uM_5000Thres_well_day_averages.csv,coculture_treated,,,0.0,
3.0,134.9,measure_50-50A2780cisIC50tre1uM_5000Thres_well_day_averages.csv,coculture_treated,,,0.0,
3.0,109.99,measure_50-50A2780cisIC50tre1uM_5000Thres_well_day_averages.csv,coculture_treated,,,0.0,
3.0,185.18,measure_50-50A2780cisIC50tre1uM_5000Thres_well_day_averages.csv,coculture_treated,,,0.0,
3.0,166.8,measure_50-50A2780cisIC50tre1uM_5000Thres_well_day_averages.csv,coculture_treated,,,0.0,
3.0,186.38,measure_50-50A2780cisIC50tre1uM_5000Thres_well_day_averages.csv,coculture_treated,,,0.0,
3.0,112.61,measure_50-50A2780cisIC50tre1uM_5000Thres_well_day_averages.csv,coculture_treated,,,0.0,
3.0,98.43,measure_50-50A2780cisIC50tre1uM_5000Thres_well_day_averages.csv,coculture_treated,,,0.0,
3.0,132.48,measure_50-50A2780cisIC50tre1uM_5000Thres_well_day_averages.csv,coculture_treated,,,0.0,
3.0,124.92,measure_50-50A2780cisIC50tre1uM_5000Thres_well_day_averages.csv,coculture_treated,,,0.0,
3.0,575.9,measure_75-25A2780IC50tre1uM_2000Thres_day_averages.csv,coculture_treated,,,0.0,
3.0,545.95,measure_75-25A2780IC50tre1uM_2000Thres_day_averages.csv,coculture_treated,,,0.0,
3.0,321.1,measure_75-25A2780IC50tre1uM_2000Thres_well_day_averages.csv,coculture_treated,,,0.0,
3.0,810.65,measure_75-25A2780IC50tre1uM_2000Thres_well_day_averages.csv,coculture_treated,,,0.0,
3.0,339.83,measure_75-25A2780IC50tre1uM_2000Thres_well_day_averages.csv,coculture_treated,,,0.0,
3.0,624.21,measure_75-25A2780IC50tre1uM_2000Thres_well_day_averages.csv,coculture_treated,,,0.0,
3.0,460.73,measure_75-25A2780IC50tre1uM_2000Thres_well_day_averages.csv,coculture_treated,,,0.0,
3.0,898.9,measure_75-25A2780IC50tre1uM_2000Thres_well_day_averages.csv,coculture_treated,,,0.0,
3.0,456.46,measure_75-25A2780IC50tre1uM_2000Thres_well_day_averages.csv,coculture_treated,,,0.0,
3.0,844.47,measure_75-25A2780IC50tre1uM_2000Thres_well_day_averages.csv,coculture_treated,,,0.0,
3.0,433.16,measure_75-25A2780IC50tre1uM_2000Thres_well_day_averages.csv,coculture_treated,,,0.0,
3.0,456.48,measure_75-25A2780IC50tre1uM_2000Thres_well_day_averages.csv,coculture_treated,,,0.0,
3.0,430.35,measure_75-25A2780IC50tre1uM_2000Thres_well_day_averages.csv,coculture_treated,,,0.0,
3.0,654.75,measure_75-25A2780IC50tre1uM_2000Thres_well_day_averages.csv,coculture_treated,,,0.0,
3.0,64.44,measure_75-25A2780cisIC50tre1uM_5000Thres_day_averages.csv,coculture_treated,,,0.0,
3.0,72.72,measure_75-25A2780cisIC50tre1uM_5000Thres_day_averages.csv,coculture_treated,,,0.0,
3.0,45.33,measure_75-25A2780cisIC50tre1uM_5000Thres_well_day_averages.csv,coculture_treated,,,0.0,
3.0,125.57,measure_75-25A2780cisIC50tre1uM_5000Thres_well_day_averages.csv,coculture_treated,,,0.0,
3.0,46.34,measure_75-25A2780cisIC50tre1uM_5000Thres_well_day_averages.csv,coculture_treated,,,0.0,
3.0,54.45,measure_75-25A2780cisIC50tre1uM_5000Thres_well_day_averages.csv,coculture_treated,,,0.0,
3.0,39.03,measure_75-25A2780cisIC50tre1uM_5000Thres_well_day_averages.csv,coculture_treated,,,0.0,
3.0,75.93,measure_75-25A2780cisIC50tre1uM_5000Thres_well_day_averages.csv,coculture_treated,,,0.0,
3.0,55.87,measure_75-25A2780cisIC50tre1uM_5000Thres_well_day_averages.csv,coculture_treated,,,0.0,
3.0,120.95,measure_75-25A2780cisIC50tre1uM_5000Thres_well_day_averages.csv,coculture_treated,,,0.0,
3.0,47.97,measure_75-25A2780cisIC50tre1uM_5000Thres_well_day_averages.csv,coculture_treated,,,0.0,
3.0,57.86,measure_75-25A2780cisIC50tre1uM_5000Thres_well_day_averages.csv,coculture_treated,,,0.0,
3.0,64.33,measure_75-25A2780cisIC50tre1uM_5000Thres_well_day_averages.csv,coculture_treated,,,0.0,
3.0,89.33,measure_75-25A2780cisIC50tre1uM_5000Thres_well_day_averages.csv,coculture_treated,,,0.0,
4.0,494.31,combined_day_averages.csv,coculture_treated,,,0.0,
4.0,269.67,combined_day_averages.csv,coculture_treated,,,0.0,
4.0,128.0,combined_day_averages.csv,coculture_treated,,,0.0,
4.0,308.39,combined_day_averages.csv,coculture_treated,,,0.0,
4.0,562.62,combined_day_averages.csv,coculture_treated,,,0.0,
4.0,750.96,combined_day_averages.csv,coculture_treated,,,0.0,
4.0,490.8,combined_day_averages.csv,coculture_treated,,,0.0,
4.0,278.04,combined_day_averages.csv,coculture_treated,,,0.0,
4.0,127.53,combined_day_averages.csv,coculture_treated,,,0.0,
4.0,304.33,combined_day_averages.csv,coculture_treated,,,0.0,
4.0,607.82,combined_day_averages.csv,coculture_treated,,,0.0,
4.0,755.78,combined_day_averages.csv,coculture_treated,,,0.0,
4.0,471.08,combined_well_day_averages.csv,coculture_treated,,,0.0,
4.0,653.1,combined_well_day_averages.csv,coculture_treated,,,0.0,
4.0,225.69,combined_well_day_averages.csv,coculture_treated,,,0.0,
4.0,566.29,combined_well_day_averages.csv,coculture_treated,,,0.0,
4.0,466.64,combined_well_day_averages.csv,coculture_treated,,,0.0,
4.0,583.05,combined_well_day_averages.csv,coculture_treated,,,0.0,
4.0,193.85,combined_well_day_averages.csv,coculture_treated,,,0.0,
4.0,245.25,combined_well_day_averages.csv,coculture_treated,,,0.0,
4.0,350.56,combined_well_day_averages.csv,coculture_treated,,,0.0,
4.0,266.88,combined_well_day_averages.csv,coculture_treated,,,0.0,
4.0,226.95,combined_well_day_averages.csv,coculture_treated,,,0.0,
4.0,334.55,combined_well_day_averages.csv,coculture_treated,,,0.0,
4.0,78.21,combined_well_day_averages.csv,coculture_treated,,,0.0,
4.0,186.29,combined_well_day_averages.csv,coculture_treated,,,0.0,
4.0,121.67,combined_well_day_averages.csv,coculture_treated,,,0.0,
4.0,161.99,combined_well_day_averages.csv,coculture_treated,,,0.0,
4.0,81.58,combined_well_day_averages.csv,coculture_treated,,,0.0,
4.0,138.27,combined_well_day_averages.csv,coculture_treated,,,0.0,
4.0,255.08,combined_well_day_averages.csv,coculture_treated,,,0.0,
4.0,480.87,combined_well_day_averages.csv,coculture_treated,,,0.0,
4.0,146.53,combined_well_day_averages.csv,coculture_treated,,,0.0,
4.0,332.5,combined_well_day_averages.csv,coculture_treated,,,0.0,
4.0,267.49,combined_well_day_averages.csv,coculture_treated,,,0.0,
4.0,367.88,combined_well_day_averages.csv,coculture_treated,,,0.0,
4.0,595.34,combined_well_day_averages.csv,coculture_treated,,,0.0,
4.0,458.45,combined_well_day_averages.csv,coculture_treated,,,0.0,
4.0,563.84,combined_well_day_averages.csv,coculture_treated,,,0.0,
4.0,485.69,combined_well_day_averages.csv,coculture_treated,,,0.0,
4.0,590.18,combined_well_day_averages.csv,coculture_treated,,,0.0,
4.0,682.19,combined_well_day_averages.csv,coculture_treated,,,0.0,
4.0,387.51,combined_well_day_averages.csv,coculture_treated,,,0.0,
4.0,1121.3,combined_well_day_averages.csv,coculture_treated,,,0.0,
4.0,450.36,combined_well_day_averages.csv,coculture_treated,,,0.0,
4.0,749.75,combined_well_day_averages.csv,coculture_treated,,,0.0,
4.0,656.51,combined_well_day_averages.csv,coculture_treated,,,0.0,
4.0,1140.36,combined_well_day_averages.csv,coculture_treated,,,0.0,
4.0,557.8,combined_well_day_averages.csv,coculture_treated,,,0.0,
4.0,744.88,combined_well_day_averages.csv,coculture_treated,,,0.0,
4.0,299.54,combined_well_day_averages.csv,coculture_treated,,,0.0,
4.0,452.77,combined_well_day_averages.csv,coculture_treated,,,0.0,
4.0,327.16,combined_well_day_averages.csv,coculture_treated,,,0.0,
4.0,562.62,combined_well_day_averages.csv,coculture_treated,,,0.0,
4.0,287.73,combined_well_day_averages.csv,coculture_treated,,,0.0,
4.0,364.46,combined_well_day_averages.csv,coculture_treated,,,0.0,
4.0,245.39,combined_well_day_averages.csv,coculture_treated,,,0.0,
4.0,249.38,combined_well_day_averages.csv,coculture_treated,,,0.0,
4.0,242.09,combined_well_day_averages.csv,coculture_treated,,,0.0,
4.0,279.2,combined_well_day_averages.csv,coculture_treated,,,0.0,
4.0,88.81,combined_well_day_averages.csv,coculture_treated,,,0.0,
4.0,203.49,combined_well_day_averages.csv,coculture_treated,,,0.0,
4.0,77.08,combined_well_day_averages.csv,coculture_treated,,,0.0,
4.0,88.22,combined_well_day_averages.csv,coculture_treated,,,0.0,
4.0,130.93,combined_well_day_averages.csv,coculture_treated,,,0.0,
4.0,176.67,combined_well_day_averages.csv,coculture_treated,,,0.0,
4.0,350.41,combined_well_day_averages.csv,coculture_treated,,,0.0,
4.0,509.66,combined_well_day_averages.csv,coculture_treated,,,0.0,
4.0,175.15,combined_well_day_averages.csv,coculture_treated,,,0.0,
4.0,255.77,combined_well_day_averages.csv,coculture_treated,,,0.0,
4.0,196.78,combined_well_day_averages.csv,coculture_treated,,,0.0,
4.0,338.23,combined_well_day_averages.csv,coculture_treated,,,0.0,
4.0,619.74,combined_well_day_averages.csv,coculture_treated,,,0.0,
4.0,795.28,combined_well_day_averages.csv,coculture_treated,,,0.0,
4.0,521.88,combined_well_day_averages.csv,coculture_treated,,,0.0,
4.0,475.61,combined_well_day_averages.csv,coculture_treated,,,0.0,
4.0,595.17,combined_well_day_averages.csv,coculture_treated,,,0.0,
4.0,639.22,combined_well_day_averages.csv,coculture_treated,,,0.0,
4.0,582.32,combined_well_day_averages.csv,coculture_treated,,,0.0,
4.0,1209.65,combined_well_day_averages.csv,coculture_treated,,,0.0,
4.0,563.18,combined_well_day_averages.csv,coculture_treated,,,0.0,
4.0,620.11,combined_well_day_averages.csv,coculture_treated,,,0.0,
4.0,660.96,combined_well_day_averages.csv,coculture_treated,,,0.0,
4.0,898.44,combined_well_day_averages.csv,coculture_treated,,,0.0,
4.0,308.39,measure_25-75A2780IC50tre1uM_2000Thres_day_averages.csv,coculture_treated,,,0.0,
4.0,304.33,measure_25-75A2780IC50tre1uM_2000Thres_day_averages.csv,coculture_treated,,,0.0,
4.0,255.08,measure_25-75A2780IC50tre1uM_2000Thres_well_day_averages.csv,coculture_treated,,,0.0,
4.0,480.87,measure_25-75A2780IC50tre1uM_2000Thres_well_day_averages.csv,coculture_treated,,,0.0,
4.0,146.53,measure_25-75A2780IC50tre1uM_2000Thres_well_day_averages.csv,coculture_treated,,,0.0,
4.0,332.5,measure_25-75A2780IC50tre1uM_2000Thres_well_day_averages.csv,coculture_treated,,,0.0,
4.0,267.49,measure_25-75A2780IC50tre1uM_2000Thres_well_day_averages.csv,coculture_treated,,,0.0,
4.0,367.88,measure_25-75A2780IC50tre1uM_2000Thres_well_day_averages.csv,coculture_treated,,,0.0,
4.0,350.41,measure_25-75A2780IC50tre1uM_2000Thres_well_day_averages.csv,coculture_treated,,,0.0,
4.0,509.66,measure_25-75A2780IC50tre1uM_2000Thres_well_day_averages.csv,coculture_treated,,,0.0,
4.0,175.15,measure_25-75A2780IC50tre1uM_2000Thres_well_day_averages.csv,coculture_treated,,,0.0,
4.0,255.77,measure_25-75A2780IC50tre1uM_2000Thres_well_day_averages.csv,coculture_treated,,,0.0,
4.0,196.78,measure_25-75A2780IC50tre1uM_2000Thres_well_day_averages.csv,coculture_treated,,,0.0,
4.0,338.23,measure_25-75A2780IC50tre1uM_2000Thres_well_day_averages.csv,coculture_treated,,,0.0,
4.0,494.31,measure_25-75A2780cisIC50tre1uM_5000Thres_day_averages.csv,coculture_treated,,,0.0,
4.0,490.8,measure_25-75A2780cisIC50tre1uM_5000Thres_day_averages.csv,coculture_treated,,,0.0,
4.0,471.08,measure_25-75A2780cisIC50tre1uM_5000Thres_well_day_averages.csv,coculture_treated,,,0.0,
4.0,653.1,measure_25-75A2780cisIC50tre1uM_5000Thres_well_day_averages.csv,coculture_treated,,,0.0,
4.0,225.69,measure_25-75A2780cisIC50tre1uM_5000Thres_well_day_averages.csv,coculture_treated,,,0.0,
4.0,566.29,measure_25-75A2780cisIC50tre1uM_5000Thres_well_day_averages.csv,coculture_treated,,,0.0,
4.0,466.64,measure_25-75A2780cisIC50tre1uM_5000Thres_well_day_averages.csv,coculture_treated,,,0.0,
4.0,583.05,measure_25-75A2780cisIC50tre1uM_5000Thres_well_day_averages.csv,coculture_treated,,,0.0,
4.0,557.8,measure_25-75A2780cisIC50tre1uM_5000Thres_well_day_averages.csv,coculture_treated,,,0.0,
4.0,744.88,measure_25-75A2780cisIC50tre1uM_5000Thres_well_day_averages.csv,coculture_treated,,,0.0,
4.0,299.54,measure_25-75A2780cisIC50tre1uM_5000Thres_well_day_averages.csv,coculture_treated,,,0.0,
4.0,452.77,measure_25-75A2780cisIC50tre1uM_5000Thres_well_day_averages.csv,coculture_treated,,,0.0,
4.0,327.16,measure_25-75A2780cisIC50tre1uM_5000Thres_well_day_averages.csv,coculture_treated,,,0.0,
4.0,562.62,measure_25-75A2780cisIC50tre1uM_5000Thres_well_day_averages.csv,coculture_treated,,,0.0,
4.0,562.62,measure_50-50A2780IC50tre1uM_2000Thres_day_averages.csv,coculture_treated,,,0.0,
4.0,607.82,measure_50-50A2780IC50tre1uM_2000Thres_day_averages.csv,coculture_treated,,,0.0,
4.0,595.34,measure_50-50A2780IC50tre1uM_2000Thres_well_day_averages.csv,coculture_treated,,,0.0,
4.0,458.45,measure_50-50A2780IC50tre1uM_2000Thres_well_day_averages.csv,coculture_treated,,,0.0,
4.0,563.84,measure_50-50A2780IC50tre1uM_2000Thres_well_day_averages.csv,coculture_treated,,,0.0,
4.0,485.69,measure_50-50A2780IC50tre1uM_2000Thres_well_day_averages.csv,coculture_treated,,,0.0,
4.0,590.18,measure_50-50A2780IC50tre1uM_2000Thres_well_day_averages.csv,coculture_treated,,,0.0,
4.0,682.19,measure_50-50A2780IC50tre1uM_2000Thres_well_day_averages.csv,coculture_treated,,,0.0,
4.0,619.74,measure_50-50A2780IC50tre1uM_2000Thres_well_day_averages.csv,coculture_treated,,,0.0,
4.0,795.28,measure_50-50A2780IC50tre1uM_2000Thres_well_day_averages.csv,coculture_treated,,,0.0,
4.0,521.88,measure_50-50A2780IC50tre1uM_2000Thres_well_day_averages.csv,coculture_treated,,,0.0,
4.0,475.61,measure_50-50A2780IC50tre1uM_2000Thres_well_day_averages.csv,coculture_treated,,,0.0,
4.0,595.17,measure_50-50A2780IC50tre1uM_2000Thres_well_day_averages.csv,coculture_treated,,,0.0,
4.0,639.22,measure_50-50A2780IC50tre1uM_2000Thres_well_day_averages.csv,coculture_treated,,,0.0,
4.0,269.67,measure_50-50A2780cisIC50tre1uM_5000Thres_day_averages.csv,coculture_treated,,,0.0,
4.0,278.04,measure_50-50A2780cisIC50tre1uM_5000Thres_day_averages.csv,coculture_treated,,,0.0,
4.0,193.85,measure_50-50A2780cisIC50tre1uM_5000Thres_well_day_averages.csv,coculture_treated,,,0.0,
4.0,245.25,measure_50-50A2780cisIC50tre1uM_5000Thres_well_day_averages.csv,coculture_treated,,,0.0,
4.0,350.56,measure_50-50A2780cisIC50tre1uM_5000Thres_well_day_averages.csv,coculture_treated,,,0.0,
4.0,266.88,measure_50-50A2780cisIC50tre1uM_5000Thres_well_day_averages.csv,coculture_treated,,,0.0,
4.0,226.95,measure_50-50A2780cisIC50tre1uM_5000Thres_well_day_averages.csv,coculture_treated,,,0.0,
4.0,334.55,measure_50-50A2780cisIC50tre1uM_5000Thres_well_day_averages.csv,coculture_treated,,,0.0,
4.0,287.73,measure_50-50A2780cisIC50tre1uM_5000Thres_well_day_averages.csv,coculture_treated,,,0.0,
4.0,364.46,measure_50-50A2780cisIC50tre1uM_5000Thres_well_day_averages.csv,coculture_treated,,,0.0,
4.0,245.39,measure_50-50A2780cisIC50tre1uM_5000Thres_well_day_averages.csv,coculture_treated,,,0.0,
4.0,249.38,measure_50-50A2780cisIC50tre1uM_5000Thres_well_day_averages.csv,coculture_treated,,,0.0,
4.0,242.09,measure_50-50A2780cisIC50tre1uM_5000Thres_well_day_averages.csv,coculture_treated,,,0.0,
4.0,279.2,measure_50-50A2780cisIC50tre1uM_5000Thres_well_day_averages.csv,coculture_treated,,,0.0,
4.0,750.96,measure_75-25A2780IC50tre1uM_2000Thres_day_averages.csv,coculture_treated,,,0.0,
4.0,755.78,measure_75-25A2780IC50tre1uM_2000Thres_day_averages.csv,coculture_treated,,,0.0,
4.0,387.51,measure_75-25A2780IC50tre1uM_2000Thres_well_day_averages.csv,coculture_treated,,,0.0,
4.0,1121.3,measure_75-25A2780IC50tre1uM_2000Thres_well_day_averages.csv,coculture_treated,,,0.0,
4.0,450.36,measure_75-25A2780IC50tre1uM_2000Thres_well_day_averages.csv,coculture_treated,,,0.0,
4.0,749.75,measure_75-25A2780IC50tre1uM_2000Thres_well_day_averages.csv,coculture_treated,,,0.0,
4.0,656.51,measure_75-25A2780IC50tre1uM_2000Thres_well_day_averages.csv,coculture_treated,,,0.0,
4.0,1140.36,measure_75-25A2780IC50tre1uM_2000Thres_well_day_averages.csv,coculture_treated,,,0.0,
4.0,582.32,measure_75-25A2780IC50tre1uM_2000Thres_well_day_averages.csv,coculture_treated,,,0.0,
4.0,1209.65,measure_75-25A2780IC50tre1uM_2000Thres_well_day_averages.csv,coculture_treated,,,0.0,
4.0,563.18,measure_75-25A2780IC50tre1uM_2000Thres_well_day_averages.csv,coculture_treated,,,0.0,
4.0,620.11,measure_75-25A2780IC50tre1uM_2000Thres_well_day_averages.csv,coculture_treated,,,0.0,
4.0,660.96,measure_75-25A2780IC50tre1uM_2000Thres_well_day_averages.csv,coculture_treated,,,0.0,
4.0,898.44,measure_75-25A2780IC50tre1uM_2000Thres_well_day_averages.csv,coculture_treated,,,0.0,
4.0,128.0,measure_75-25A2780cisIC50tre1uM_5000Thres_day_averages.csv,coculture_treated,,,0.0,
4.0,127.53,measure_75-25A2780cisIC50tre1uM_5000Thres_day_averages.csv,coculture_treated,,,0.0,
4.0,78.21,measure_75-25A2780cisIC50tre1uM_5000Thres_well_day_averages.csv,coculture_treated,,,0.0,
4.0,186.29,measure_75-25A2780cisIC50tre1uM_5000Thres_well_day_averages.csv,coculture_treated,,,0.0,
4.0,121.67,measure_75-25A2780cisIC50tre1uM_5000Thres_well_day_averages.csv,coculture_treated,,,0.0,
4.0,161.99,measure_75-25A2780cisIC50tre1uM_5000Thres_well_day_averages.csv,coculture_treated,,,0.0,
4.0,81.58,measure_75-25A2780cisIC50tre1uM_5000Thres_well_day_averages.csv,coculture_treated,,,0.0,
4.0,138.27,measure_75-25A2780cisIC50tre1uM_5000Thres_well_day_averages.csv,coculture_treated,,,0.0,
4.0,88.81,measure_75-25A2780cisIC50tre1uM_5000Thres_well_day_averages.csv,coculture_treated,,,0.0,
4.0,203.49,measure_75-25A2780cisIC50tre1uM_5000Thres_well_day_averages.csv,coculture_treated,,,0.0,
4.0,77.08,measure_75-25A2780cisIC50tre1uM_5000Thres_well_day_averages.csv,coculture_treated,,,0.0,
4.0,88.22,measure_75-25A2780cisIC50tre1uM_5000Thres_well_day_averages.csv,coculture_treated,,,0.0,
4.0,130.93,measure_75-25A2780cisIC50tre1uM_5000Thres_well_day_averages.csv,coculture_treated,,,0.0,
4.0,176.67,measure_75-25A2780cisIC50tre1uM_5000Thres_well_day_averages.csv,coculture_treated,,,0.0,
5.0,903.37,combined_day_averages.csv,coculture_treated,,,0.0,
5.0,503.14,combined_day_averages.csv,coculture_treated,,,0.0,
5.0,186.15,combined_day_averages.csv,coculture_treated,,,0.0,
5.0,458.41,combined_day_averages.csv,coculture_treated,,,0.0,
5.0,850.45,combined_day_averages.csv,coculture_treated,,,0.0,
5.0,1098.77,combined_day_averages.csv,coculture_treated,,,0.0,
5.0,872.21,combined_day_averages.csv,coculture_treated,,,0.0,
5.0,439.58,combined_day_averages.csv,coculture_treated,,,0.0,
5.0,211.36,combined_day_averages.csv,coculture_treated,,,0.0,
5.0,467.27,combined_day_averages.csv,coculture_treated,,,0.0,
5.0,879.0,combined_day_averages.csv,coculture_treated,,,0.0,
5.0,1013.16,combined_day_averages.csv,coculture_treated,,,0.0,
5.0,668.41,combined_well_day_averages.csv,coculture_treated,,,0.0,
5.0,1220.63,combined_well_day_averages.csv,coculture_treated,,,0.0,
5.0,385.35,combined_well_day_averages.csv,coculture_treated,,,0.0,
5.0,1123.51,combined_well_day_averages.csv,coculture_treated,,,0.0,
5.0,884.22,combined_well_day_averages.csv,coculture_treated,,,0.0,
5.0,1138.11,combined_well_day_averages.csv,coculture_treated,,,0.0,
5.0,376.61,combined_well_day_averages.csv,coculture_treated,,,0.0,
5.0,499.81,combined_well_day_averages.csv,coculture_treated,,,0.0,
5.0,585.97,combined_well_day_averages.csv,coculture_treated,,,0.0,
5.0,614.19,combined_well_day_averages.csv,coculture_treated,,,0.0,
5.0,381.04,combined_well_day_averages.csv,coculture_treated,,,0.0,
5.0,561.24,combined_well_day_averages.csv,coculture_treated,,,0.0,
5.0,138.15,combined_well_day_averages.csv,coculture_treated,,,0.0,
5.0,331.89,combined_well_day_averages.csv,coculture_treated,,,0.0,
5.0,180.92,combined_well_day_averages.csv,coculture_treated,,,0.0,
5.0,138.18,combined_well_day_averages.csv,coculture_treated,,,0.0,
5.0,158.26,combined_well_day_averages.csv,coculture_treated,,,0.0,
5.0,169.51,combined_well_day_averages.csv,coculture_treated,,,0.0,
5.0,315.68,combined_well_day_averages.csv,coculture_treated,,,0.0,
5.0,644.05,combined_well_day_averages.csv,coculture_treated,,,0.0,
5.0,291.72,combined_well_day_averages.csv,coculture_treated,,,0.0,
5.0,480.37,combined_well_day_averages.csv,coculture_treated,,,0.0,
5.0,467.46,combined_well_day_averages.csv,coculture_treated,,,0.0,
5.0,551.18,combined_well_day_averages.csv,coculture_treated,,,0.0,
5.0,869.57,combined_well_day_averages.csv,coculture_treated,,,0.0,
5.0,655.95,combined_well_day_averages.csv,coculture_treated,,,0.0,
5.0,782.79,combined_well_day_averages.csv,coculture_treated,,,0.0,
5.0,865.45,combined_well_day_averages.csv,coculture_treated,,,0.0,
5.0,825.49,combined_well_day_averages.csv,coculture_treated,,,0.0,
5.0,1103.46,combined_well_day_averages.csv,coculture_treated,,,0.0,
5.0,718.3,combined_well_day_averages.csv,coculture_treated,,,0.0,
5.0,1536.53,combined_well_day_averages.csv,coculture_treated,,,0.0,
5.0,641.15,combined_well_day_averages.csv,coculture_treated,,,0.0,
5.0,1252.07,combined_well_day_averages.csv,coculture_treated,,,0.0,
5.0,979.9,combined_well_day_averages.csv,coculture_treated,,,0.0,
5.0,1464.65,combined_well_day_averages.csv,coculture_treated,,,0.0,
5.0,986.27,combined_well_day_averages.csv,coculture_treated,,,0.0,
5.0,1231.74,combined_well_day_averages.csv,coculture_treated,,,0.0,
5.0,564.58,combined_well_day_averages.csv,coculture_treated,,,0.0,
5.0,928.62,combined_well_day_averages.csv,coculture_treated,,,0.0,
5.0,533.08,combined_well_day_averages.csv,coculture_treated,,,0.0,
5.0,988.99,combined_well_day_averages.csv,coculture_treated,,,0.0,
5.0,456.3,combined_well_day_averages.csv,coculture_treated,,,0.0,
5.0,592.92,combined_well_day_averages.csv,coculture_treated,,,0.0,
5.0,386.59,combined_well_day_averages.csv,coculture_treated,,,0.0,
5.0,410.08,combined_well_day_averages.csv,coculture_treated,,,0.0,
5.0,384.38,combined_well_day_averages.csv,coculture_treated,,,0.0,
5.0,407.2,combined_well_day_averages.csv,coculture_treated,,,0.0,
5.0,123.87,combined_well_day_averages.csv,coculture_treated,,,0.0,
5.0,345.19,combined_well_day_averages.csv,coculture_treated,,,0.0,
5.0,129.47,combined_well_day_averages.csv,coculture_treated,,,0.0,
5.0,190.94,combined_well_day_averages.csv,coculture_treated,,,0.0,
5.0,227.39,combined_well_day_averages.csv,coculture_treated,,,0.0,
5.0,251.3,combined_well_day_averages.csv,coculture_treated,,,0.0,
5.0,579.55,combined_well_day_averages.csv,coculture_treated,,,0.0,
5.0,740.93,combined_well_day_averages.csv,coculture_treated,,,0.0,
5.0,306.35,combined_well_day_averages.csv,coculture_treated,,,0.0,
5.0,454.99,combined_well_day_averages.csv,coculture_treated,,,0.0,
5.0,249.79,combined_well_day_averages.csv,coculture_treated,,,0.0,
5.0,472.0,combined_well_day_averages.csv,coculture_treated,,,0.0,
5.0,1014.99,combined_well_day_averages.csv,coculture_treated,,,0.0,
5.0,1258.85,combined_well_day_averages.csv,coculture_treated,,,0.0,
5.0,717.69,combined_well_day_averages.csv,coculture_treated,,,0.0,
5.0,685.04,combined_well_day_averages.csv,coculture_treated,,,0.0,
5.0,819.02,combined_well_day_averages.csv,coculture_treated,,,0.0,
5.0,778.44,combined_well_day_averages.csv,coculture_treated,,,0.0,
5.0,675.64,combined_well_day_averages.csv,coculture_treated,,,0.0,
5.0,1525.37,combined_well_day_averages.csv,coculture_treated,,,0.0,
5.0,764.46,combined_well_day_averages.csv,coculture_treated,,,0.0,
5.0,939.97,combined_well_day_averages.csv,coculture_treated,,,0.0,
5.0,892.82,combined_well_day_averages.csv,coculture_treated,,,0.0,
5.0,1280.68,combined_well_day_averages.csv,coculture_treated,,,0.0,
5.0,458.41,measure_25-75A2780IC50tre1uM_2000Thres_day_averages.csv,coculture_treated,,,0.0,
5.0,467.27,measure_25-75A2780IC50tre1uM_2000Thres_day_averages.csv,coculture_treated,,,0.0,
5.0,315.68,measure_25-75A2780IC50tre1uM_2000Thres_well_day_averages.csv,coculture_treated,,,0.0,
5.0,644.05,measure_25-75A2780IC50tre1uM_2000Thres_well_day_averages.csv,coculture_treated,,,0.0,
5.0,291.72,measure_25-75A2780IC50tre1uM_2000Thres_well_day_averages.csv,coculture_treated,,,0.0,
5.0,480.37,measure_25-75A2780IC50tre1uM_2000Thres_well_day_averages.csv,coculture_treated,,,0.0,
5.0,467.46,measure_25-75A2780IC50tre1uM_2000Thres_well_day_averages.csv,coculture_treated,,,0.0,
5.0,551.18,measure_25-75A2780IC50tre1uM_2000Thres_well_day_averages.csv,coculture_treated,,,0.0,
5.0,579.55,measure_25-75A2780IC50tre1uM_2000Thres_well_day_averages.csv,coculture_treated,,,0.0,
5.0,740.93,measure_25-75A2780IC50tre1uM_2000Thres_well_day_averages.csv,coculture_treated,,,0.0,
5.0,306.35,measure_25-75A2780IC50tre1uM_2000Thres_well_day_averages.csv,coculture_treated,,,0.0,
5.0,454.99,measure_25-75A2780IC50tre1uM_2000Thres_well_day_averages.csv,coculture_treated,,,0.0,
5.0,249.79,measure_25-75A2780IC50tre1uM_2000Thres_well_day_averages.csv,coculture_treated,,,0.0,
5.0,472.0,measure_25-75A2780IC50tre1uM_2000Thres_well_day_averages.csv,coculture_treated,,,0.0,
5.0,903.37,measure_25-75A2780cisIC50tre1uM_5000Thres_day_averages.csv,coculture_treated,,,0.0,
5.0,872.21,measure_25-75A2780cisIC50tre1uM_5000Thres_day_averages.csv,coculture_treated,,,0.0,
5.0,668.41,measure_25-75A2780cisIC50tre1uM_5000Thres_well_day_averages.csv,coculture_treated,,,0.0,
5.0,1220.63,measure_25-75A2780cisIC50tre1uM_5000Thres_well_day_averages.csv,coculture_treated,,,0.0,
5.0,385.35,measure_25-75A2780cisIC50tre1uM_5000Thres_well_day_averages.csv,coculture_treated,,,0.0,
5.0,1123.51,measure_25-75A2780cisIC50tre1uM_5000Thres_well_day_averages.csv,coculture_treated,,,0.0,
5.0,884.22,measure_25-75A2780cisIC50tre1uM_5000Thres_well_day_averages.csv,coculture_treated,,,0.0,
5.0,1138.11,measure_25-75A2780cisIC50tre1uM_5000Thres_well_day_averages.csv,coculture_treated,,,0.0,
5.0,986.27,measure_25-75A2780cisIC50tre1uM_5000Thres_well_day_averages.csv,coculture_treated,,,0.0,
5.0,1231.74,measure_25-75A2780cisIC50tre1uM_5000Thres_well_day_averages.csv,coculture_treated,,,0.0,
5.0,564.58,measure_25-75A2780cisIC50tre1uM_5000Thres_well_day_averages.csv,coculture_treated,,,0.0,
5.0,928.62,measure_25-75A2780cisIC50tre1uM_5000Thres_well_day_averages.csv,coculture_treated,,,0.0,
5.0,533.08,measure_25-75A2780cisIC50tre1uM_5000Thres_well_day_averages.csv,coculture_treated,,,0.0,
5.0,988.99,measure_25-75A2780cisIC50tre1uM_5000Thres_well_day_averages.csv,coculture_treated,,,0.0,
5.0,850.45,measure_50-50A2780IC50tre1uM_2000Thres_day_averages.csv,coculture_treated,,,0.0,
5.0,879.0,measure_50-50A2780IC50tre1uM_2000Thres_day_averages.csv,coculture_treated,,,0.0,
5.0,869.57,measure_50-50A2780IC50tre1uM_2000Thres_well_day_averages.csv,coculture_treated,,,0.0,
5.0,655.95,measure_50-50A2780IC50tre1uM_2000Thres_well_day_averages.csv,coculture_treated,,,0.0,
5.0,782.79,measure_50-50A2780IC50tre1uM_2000Thres_well_day_averages.csv,coculture_treated,,,0.0,
5.0,865.45,measure_50-50A2780IC50tre1uM_2000Thres_well_day_averages.csv,coculture_treated,,,0.0,
5.0,825.49,measure_50-50A2780IC50tre1uM_2000Thres_well_day_averages.csv,coculture_treated,,,0.0,
5.0,1103.46,measure_50-50A2780IC50tre1uM_2000Thres_well_day_averages.csv,coculture_treated,,,0.0,
5.0,1014.99,measure_50-50A2780IC50tre1uM_2000Thres_well_day_averages.csv,coculture_treated,,,0.0,
5.0,1258.85,measure_50-50A2780IC50tre1uM_2000Thres_well_day_averages.csv,coculture_treated,,,0.0,
5.0,717.69,measure_50-50A2780IC50tre1uM_2000Thres_well_day_averages.csv,coculture_treated,,,0.0,
5.0,685.04,measure_50-50A2780IC50tre1uM_2000Thres_well_day_averages.csv,coculture_treated,,,0.0,
5.0,819.02,measure_50-50A2780IC50tre1uM_2000Thres_well_day_averages.csv,coculture_treated,,,0.0,
5.0,778.44,measure_50-50A2780IC50tre1uM_2000Thres_well_day_averages.csv,coculture_treated,,,0.0,
5.0,503.14,measure_50-50A2780cisIC50tre1uM_5000Thres_day_averages.csv,coculture_treated,,,0.0,
5.0,439.58,measure_50-50A2780cisIC50tre1uM_5000Thres_day_averages.csv,coculture_treated,,,0.0,
5.0,376.61,measure_50-50A2780cisIC50tre1uM_5000Thres_well_day_averages.csv,coculture_treated,,,0.0,
5.0,499.81,measure_50-50A2780cisIC50tre1uM_5000Thres_well_day_averages.csv,coculture_treated,,,0.0,
5.0,585.97,measure_50-50A2780cisIC50tre1uM_5000Thres_well_day_averages.csv,coculture_treated,,,0.0,
5.0,614.19,measure_50-50A2780cisIC50tre1uM_5000Thres_well_day_averages.csv,coculture_treated,,,0.0,
5.0,381.04,measure_50-50A2780cisIC50tre1uM_5000Thres_well_day_averages.csv,coculture_treated,,,0.0,
5.0,561.24,measure_50-50A2780cisIC50tre1uM_5000Thres_well_day_averages.csv,coculture_treated,,,0.0,
5.0,456.3,measure_50-50A2780cisIC50tre1uM_5000Thres_well_day_averages.csv,coculture_treated,,,0.0,
5.0,592.92,measure_50-50A2780cisIC50tre1uM_5000Thres_well_day_averages.csv,coculture_treated,,,0.0,
5.0,386.59,measure_50-50A2780cisIC50tre1uM_5000Thres_well_day_averages.csv,coculture_treated,,,0.0,
5.0,410.08,measure_50-50A2780cisIC50tre1uM_5000Thres_well_day_averages.csv,coculture_treated,,,0.0,
5.0,384.38,measure_50-50A2780cisIC50tre1uM_5000Thres_well_day_averages.csv,coculture_treated,,,0.0,
5.0,407.2,measure_50-50A2780cisIC50tre1uM_5000Thres_well_day_averages.csv,coculture_treated,,,0.0,
5.0,1098.77,measure_75-25A2780IC50tre1uM_2000Thres_day_averages.csv,coculture_treated,,,0.0,
5.0,1013.16,measure_75-25A2780IC50tre1uM_2000Thres_day_averages.csv,coculture_treated,,,0.0,
5.0,718.3,measure_75-25A2780IC50tre1uM_2000Thres_well_day_averages.csv,coculture_treated,,,0.0,
5.0,1536.53,measure_75-25A2780IC50tre1uM_2000Thres_well_day_averages.csv,coculture_treated,,,0.0,
5.0,641.15,measure_75-25A2780IC50tre1uM_2000Thres_well_day_averages.csv,coculture_treated,,,0.0,
5.0,1252.07,measure_75-25A2780IC50tre1uM_2000Thres_well_day_averages.csv,coculture_treated,,,0.0,
5.0,979.9,measure_75-25A2780IC50tre1uM_2000Thres_well_day_averages.csv,coculture_treated,,,0.0,
5.0,1464.65,measure_75-25A2780IC50tre1uM_2000Thres_well_day_averages.csv,coculture_treated,,,0.0,
5.0,675.64,measure_75-25A2780IC50tre1uM_2000Thres_well_day_averages.csv,coculture_treated,,,0.0,
5.0,1525.37,measure_75-25A2780IC50tre1uM_2000Thres_well_day_averages.csv,coculture_treated,,,0.0,
5.0,764.46,measure_75-25A2780IC50tre1uM_2000Thres_well_day_averages.csv,coculture_treated,,,0.0,
5.0,939.97,measure_75-25A2780IC50tre1uM_2000Thres_well_day_averages.csv,coculture_treated,,,0.0,
5.0,892.82,measure_75-25A2780IC50tre1uM_2000Thres_well_day_averages.csv,coculture_treated,,,0.0,
5.0,1280.68,measure_75-25A2780IC50tre1uM_2000Thres_well_day_averages.csv,coculture_treated,,,0.0,
5.0,186.15,measure_75-25A2780cisIC50tre1uM_5000Thres_day_averages.csv,coculture_treated,,,0.0,
5.0,211.36,measure_75-25A2780cisIC50tre1uM_5000Thres_day_averages.csv,coculture_treated,,,0.0,
5.0,138.15,measure_75-25A2780cisIC50tre1uM_5000Thres_well_day_averages.csv,coculture_treated,,,0.0,
5.0,331.89,measure_75-25A2780cisIC50tre1uM_5000Thres_well_day_averages.csv,coculture_treated,,,0.0,
5.0,180.92,measure_75-25A2780cisIC50tre1uM_5000Thres_well_day_averages.csv,coculture_treated,,,0.0,
5.0,138.18,measure_75-25A2780cisIC50tre1uM_5000Thres_well_day_averages.csv,coculture_treated,,,0.0,
5.0,158.26,measure_75-25A2780cisIC50tre1uM_5000Thres_well_day_averages.csv,coculture_treated,,,0.0,
5.0,169.51,measure_75-25A2780cisIC50tre1uM_5000Thres_well_day_averages.csv,coculture_treated,,,0.0,
5.0,123.87,measure_75-25A2780cisIC50tre1uM_5000Thres_well_day_averages.csv,coculture_treated,,,0.0,
5.0,345.19,measure_75-25A2780cisIC50tre1uM_5000Thres_well_day_averages.csv,coculture_treated,,,0.0,
5.0,129.47,measure_75-25A2780cisIC50tre1uM_5000Thres_well_day_averages.csv,coculture_treated,,,0.0,
5.0,190.94,measure_75-25A2780cisIC50tre1uM_5000Thres_well_day_averages.csv,coculture_treated,,,0.0,
5.0,227.39,measure_75-25A2780cisIC50tre1uM_5000Thres_well_day_averages.csv,coculture_treated,,,0.0,
5.0,251.3,measure_75-25A2780cisIC50tre1uM_5000Thres_well_day_averages.csv,coculture_treated,,,0.0,
6.0,1360.1,combined_day_averages.csv,coculture_treated,,,0.0,
6.0,640.24,combined_day_averages.csv,coculture_treated,,,0.0,
6.0,262.4,combined_day_averages.csv,coculture_treated,,,0.0,
6.0,443.2,combined_day_averages.csv,coculture_treated,,,0.0,
6.0,932.26,combined_day_averages.csv,coculture_treated,,,0.0,
6.0,1222.95,combined_day_averages.csv,coculture_treated,,,0.0,
6.0,1398.2,combined_day_averages.csv,coculture_treated,,,0.0,
6.0,738.22,combined_day_averages.csv,coculture_treated,,,0.0,
6.0,311.86,combined_day_averages.csv,coculture_treated,,,0.0,
6.0,478.99,combined_day_averages.csv,coculture_treated,,,0.0,
6.0,947.11,combined_day_averages.csv,coculture_treated,,,0.0,
6.0,1191.63,combined_day_averages.csv,coculture_treated,,,0.0,
6.0,1150.47,combined_well_day_averages.csv,coculture_treated,,,0.0,
6.0,1713.55,combined_well_day_averages.csv,coculture_treated,,,0.0,
6.0,817.22,combined_well_day_averages.csv,coculture_treated,,,0.0,
6.0,1654.23,combined_well_day_averages.csv,coculture_treated,,,0.0,
6.0,1141.51,combined_well_day_averages.csv,coculture_treated,,,0.0,
6.0,1683.6,combined_well_day_averages.csv,coculture_treated,,,0.0,
6.0,570.06,combined_well_day_averages.csv,coculture_treated,,,0.0,
6.0,637.82,combined_well_day_averages.csv,coculture_treated,,,0.0,
6.0,746.0,combined_well_day_averages.csv,coculture_treated,,,0.0,
6.0,737.47,combined_well_day_averages.csv,coculture_treated,,,0.0,
6.0,494.87,combined_well_day_averages.csv,coculture_treated,,,0.0,
6.0,655.2,combined_well_day_averages.csv,coculture_treated,,,0.0,
6.0,226.55,combined_well_day_averages.csv,coculture_treated,,,0.0,
6.0,379.09,combined_well_day_averages.csv,coculture_treated,,,0.0,
6.0,218.28,combined_well_day_averages.csv,coculture_treated,,,0.0,
6.0,291.96,combined_well_day_averages.csv,coculture_treated,,,0.0,
6.0,244.25,combined_well_day_averages.csv,coculture_treated,,,0.0,
6.0,214.26,combined_well_day_averages.csv,coculture_treated,,,0.0,
6.0,341.26,combined_well_day_averages.csv,coculture_treated,,,0.0,
6.0,548.79,combined_well_day_averages.csv,coculture_treated,,,0.0,
6.0,331.68,combined_well_day_averages.csv,coculture_treated,,,0.0,
6.0,406.92,combined_well_day_averages.csv,coculture_treated,,,0.0,
6.0,442.35,combined_well_day_averages.csv,coculture_treated,,,0.0,
6.0,588.19,combined_well_day_averages.csv,coculture_treated,,,0.0,
6.0,1010.65,combined_well_day_averages.csv,coculture_treated,,,0.0,
6.0,824.71,combined_well_day_averages.csv,coculture_treated,,,0.0,
6.0,791.2,combined_well_day_averages.csv,coculture_treated,,,0.0,
6.0,797.06,combined_well_day_averages.csv,coculture_treated,,,0.0,
6.0,990.02,combined_well_day_averages.csv,coculture_treated,,,0.0,
6.0,1179.89,combined_well_day_averages.csv,coculture_treated,,,0.0,
6.0,743.31,combined_well_day_averages.csv,coculture_treated,,,0.0,
6.0,1740.37,combined_well_day_averages.csv,coculture_treated,,,0.0,
6.0,681.52,combined_well_day_averages.csv,coculture_treated,,,0.0,
6.0,1404.44,combined_well_day_averages.csv,coculture_treated,,,0.0,
6.0,1120.78,combined_well_day_averages.csv,coculture_treated,,,0.0,
6.0,1647.26,combined_well_day_averages.csv,coculture_treated,,,0.0,
6.0,1597.01,combined_well_day_averages.csv,coculture_treated,,,0.0,
6.0,1764.44,combined_well_day_averages.csv,coculture_treated,,,0.0,
6.0,1015.31,combined_well_day_averages.csv,coculture_treated,,,0.0,
6.0,1496.51,combined_well_day_averages.csv,coculture_treated,,,0.0,
6.0,1036.59,combined_well_day_averages.csv,coculture_treated,,,0.0,
6.0,1479.32,combined_well_day_averages.csv,coculture_treated,,,0.0,
6.0,776.01,combined_well_day_averages.csv,coculture_treated,,,0.0,
6.0,1076.77,combined_well_day_averages.csv,coculture_treated,,,0.0,
6.0,614.56,combined_well_day_averages.csv,coculture_treated,,,0.0,
6.0,711.11,combined_well_day_averages.csv,coculture_treated,,,0.0,
6.0,626.92,combined_well_day_averages.csv,coculture_treated,,,0.0,
6.0,623.96,combined_well_day_averages.csv,coculture_treated,,,0.0,
6.0,181.75,combined_well_day_averages.csv,coculture_treated,,,0.0,
6.0,513.51,combined_well_day_averages.csv,coculture_treated,,,0.0,
6.0,231.37,combined_well_day_averages.csv,coculture_treated,,,0.0,
6.0,270.06,combined_well_day_averages.csv,coculture_treated,,,0.0,
6.0,407.39,combined_well_day_averages.csv,coculture_treated,,,0.0,
6.0,267.07,combined_well_day_averages.csv,coculture_treated,,,0.0,
6.0,694.76,combined_well_day_averages.csv,coculture_treated,,,0.0,
6.0,587.05,combined_well_day_averages.csv,coculture_treated,,,0.0,
6.0,335.97,combined_well_day_averages.csv,coculture_treated,,,0.0,
6.0,455.88,combined_well_day_averages.csv,coculture_treated,,,0.0,
6.0,354.51,combined_well_day_averages.csv,coculture_treated,,,0.0,
6.0,445.76,combined_well_day_averages.csv,coculture_treated,,,0.0,
6.0,989.56,combined_well_day_averages.csv,coculture_treated,,,0.0,
6.0,1366.27,combined_well_day_averages.csv,coculture_treated,,,0.0,
6.0,825.52,combined_well_day_averages.csv,coculture_treated,,,0.0,
6.0,650.61,combined_well_day_averages.csv,coculture_treated,,,0.0,
6.0,973.31,combined_well_day_averages.csv,coculture_treated,,,0.0,
6.0,877.4,combined_well_day_averages.csv,coculture_treated,,,0.0,
6.0,814.7,combined_well_day_averages.csv,coculture_treated,,,0.0,
6.0,1783.84,combined_well_day_averages.csv,coculture_treated,,,0.0,
6.0,834.53,combined_well_day_averages.csv,coculture_treated,,,0.0,
6.0,1168.54,combined_well_day_averages.csv,coculture_treated,,,0.0,
6.0,1088.1,combined_well_day_averages.csv,coculture_treated,,,0.0,
6.0,1460.08,combined_well_day_averages.csv,coculture_treated,,,0.0,
6.0,443.2,measure_25-75A2780IC50tre1uM_2000Thres_day_averages.csv,coculture_treated,,,0.0,
6.0,478.99,measure_25-75A2780IC50tre1uM_2000Thres_day_averages.csv,coculture_treated,,,0.0,
6.0,341.26,measure_25-75A2780IC50tre1uM_2000Thres_well_day_averages.csv,coculture_treated,,,0.0,
6.0,548.79,measure_25-75A2780IC50tre1uM_2000Thres_well_day_averages.csv,coculture_treated,,,0.0,
6.0,331.68,measure_25-75A2780IC50tre1uM_2000Thres_well_day_averages.csv,coculture_treated,,,0.0,
6.0,406.92,measure_25-75A2780IC50tre1uM_2000Thres_well_day_averages.csv,coculture_treated,,,0.0,
6.0,442.35,measure_25-75A2780IC50tre1uM_2000Thres_well_day_averages.csv,coculture_treated,,,0.0,
6.0,588.19,measure_25-75A2780IC50tre1uM_2000Thres_well_day_averages.csv,coculture_treated,,,0.0,
6.0,694.76,measure_25-75A2780IC50tre1uM_2000Thres_well_day_averages.csv,coculture_treated,,,0.0,
6.0,587.05,measure_25-75A2780IC50tre1uM_2000Thres_well_day_averages.csv,coculture_treated,,,0.0,
6.0,335.97,measure_25-75A2780IC50tre1uM_2000Thres_well_day_averages.csv,coculture_treated,,,0.0,
6.0,455.88,measure_25-75A2780IC50tre1uM_2000Thres_well_day_averages.csv,coculture_treated,,,0.0,
6.0,354.51,measure_25-75A2780IC50tre1uM_2000Thres_well_day_averages.csv,coculture_treated,,,0.0,
6.0,445.76,measure_25-75A2780IC50tre1uM_2000Thres_well_day_averages.csv,coculture_treated,,,0.0,
6.0,1360.1,measure_25-75A2780cisIC50tre1uM_5000Thres_day_averages.csv,coculture_treated,,,0.0,
6.0,1398.2,measure_25-75A2780cisIC50tre1uM_5000Thres_day_averages.csv,coculture_treated,,,0.0,
6.0,1150.47,measure_25-75A2780cisIC50tre1uM_5000Thres_well_day_averages.csv,coculture_treated,,,0.0,
6.0,1713.55,measure_25-75A2780cisIC50tre1uM_5000Thres_well_day_averages.csv,coculture_treated,,,0.0,
6.0,817.22,measure_25-75A2780cisIC50tre1uM_5000Thres_well_day_averages.csv,coculture_treated,,,0.0,
6.0,1654.23,measure_25-75A2780cisIC50tre1uM_5000Thres_well_day_averages.csv,coculture_treated,,,0.0,
6.0,1141.51,measure_25-75A2780cisIC50tre1uM_5000Thres_well_day_averages.csv,coculture_treated,,,0.0,
6.0,1683.6,measure_25-75A2780cisIC50tre1uM_5000Thres_well_day_averages.csv,coculture_treated,,,0.0,
6.0,1597.01,measure_25-75A2780cisIC50tre1uM_5000Thres_well_day_averages.csv,coculture_treated,,,0.0,
6.0,1764.44,measure_25-75A2780cisIC50tre1uM_5000Thres_well_day_averages.csv,coculture_treated,,,0.0,
6.0,1015.31,measure_25-75A2780cisIC50tre1uM_5000Thres_well_day_averages.csv,coculture_treated,,,0.0,
6.0,1496.51,measure_25-75A2780cisIC50tre1uM_5000Thres_well_day_averages.csv,coculture_treated,,,0.0,
6.0,1036.59,measure_25-75A2780cisIC50tre1uM_5000Thres_well_day_averages.csv,coculture_treated,,,0.0,
6.0,1479.32,measure_25-75A2780cisIC50tre1uM_5000Thres_well_day_averages.csv,coculture_treated,,,0.0,
6.0,932.26,measure_50-50A2780IC50tre1uM_2000Thres_day_averages.csv,coculture_treated,,,0.0,
6.0,947.11,measure_50-50A2780IC50tre1uM_2000Thres_day_averages.csv,coculture_treated,,,0.0,
6.0,1010.65,measure_50-50A2780IC50tre1uM_2000Thres_well_day_averages.csv,coculture_treated,,,0.0,
6.0,824.71,measure_50-50A2780IC50tre1uM_2000Thres_well_day_averages.csv,coculture_treated,,,0.0,
6.0,791.2,measure_50-50A2780IC50tre1uM_2000Thres_well_day_averages.csv,coculture_treated,,,0.0,
6.0,797.06,measure_50-50A2780IC50tre1uM_2000Thres_well_day_averages.csv,coculture_treated,,,0.0,
6.0,990.02,measure_50-50A2780IC50tre1uM_2000Thres_well_day_averages.csv,coculture_treated,,,0.0,
6.0,1179.89,measure_50-50A2780IC50tre1uM_2000Thres_well_day_averages.csv,coculture_treated,,,0.0,
6.0,989.56,measure_50-50A2780IC50tre1uM_2000Thres_well_day_averages.csv,coculture_treated,,,0.0,
6.0,1366.27,measure_50-50A2780IC50tre1uM_2000Thres_well_day_averages.csv,coculture_treated,,,0.0,
6.0,825.52,measure_50-50A2780IC50tre1uM_2000Thres_well_day_averages.csv,coculture_treated,,,0.0,
6.0,650.61,measure_50-50A2780IC50tre1uM_2000Thres_well_day_averages.csv,coculture_treated,,,0.0,
6.0,973.31,measure_50-50A2780IC50tre1uM_2000Thres_well_day_averages.csv,coculture_treated,,,0.0,
6.0,877.4,measure_50-50A2780IC50tre1uM_2000Thres_well_day_averages.csv,coculture_treated,,,0.0,
6.0,640.24,measure_50-50A2780cisIC50tre1uM_5000Thres_day_averages.csv,coculture_treated,,,0.0,
6.0,738.22,measure_50-50A2780cisIC50tre1uM_5000Thres_day_averages.csv,coculture_treated,,,0.0,
6.0,570.06,measure_50-50A2780cisIC50tre1uM_5000Thres_well_day_averages.csv,coculture_treated,,,0.0,
6.0,637.82,measure_50-50A2780cisIC50tre1uM_5000Thres_well_day_averages.csv,coculture_treated,,,0.0,
6.0,746.0,measure_50-50A2780cisIC50tre1uM_5000Thres_well_day_averages.csv,coculture_treated,,,0.0,
6.0,737.47,measure_50-50A2780cisIC50tre1uM_5000Thres_well_day_averages.csv,coculture_treated,,,0.0,
6.0,494.87,measure_50-50A2780cisIC50tre1uM_5000Thres_well_day_averages.csv,coculture_treated,,,0.0,
6.0,655.2,measure_50-50A2780cisIC50tre1uM_5000Thres_well_day_averages.csv,coculture_treated,,,0.0,
6.0,776.01,measure_50-50A2780cisIC50tre1uM_5000Thres_well_day_averages.csv,coculture_treated,,,0.0,
6.0,1076.77,measure_50-50A2780cisIC50tre1uM_5000Thres_well_day_averages.csv,coculture_treated,,,0.0,
6.0,614.56,measure_50-50A2780cisIC50tre1uM_5000Thres_well_day_averages.csv,coculture_treated,,,0.0,
6.0,711.11,measure_50-50A2780cisIC50tre1uM_5000Thres_well_day_averages.csv,coculture_treated,,,0.0,
6.0,626.92,measure_50-50A2780cisIC50tre1uM_5000Thres_well_day_averages.csv,coculture_treated,,,0.0,
6.0,623.96,measure_50-50A2780cisIC50tre1uM_5000Thres_well_day_averages.csv,coculture_treated,,,0.0,
6.0,1222.95,measure_75-25A2780IC50tre1uM_2000Thres_day_averages.csv,coculture_treated,,,0.0,
6.0,1191.63,measure_75-25A2780IC50tre1uM_2000Thres_day_averages.csv,coculture_treated,,,0.0,
6.0,743.31,measure_75-25A2780IC50tre1uM_2000Thres_well_day_averages.csv,coculture_treated,,,0.0,
6.0,1740.37,measure_75-25A2780IC50tre1uM_2000Thres_well_day_averages.csv,coculture_treated,,,0.0,
6.0,681.52,measure_75-25A2780IC50tre1uM_2000Thres_well_day_averages.csv,coculture_treated,,,0.0,
6.0,1404.44,measure_75-25A2780IC50tre1uM_2000Thres_well_day_averages.csv,coculture_treated,,,0.0,
6.0,1120.78,measure_75-25A2780IC50tre1uM_2000Thres_well_day_averages.csv,coculture_treated,,,0.0,
6.0,1647.26,measure_75-25A2780IC50tre1uM_2000Thres_well_day_averages.csv,coculture_treated,,,0.0,
6.0,814.7,measure_75-25A2780IC50tre1uM_2000Thres_well_day_averages.csv,coculture_treated,,,0.0,
6.0,1783.84,measure_75-25A2780IC50tre1uM_2000Thres_well_day_averages.csv,coculture_treated,,,0.0,
6.0,834.53,measure_75-25A2780IC50tre1uM_2000Thres_well_day_averages.csv,coculture_treated,,,0.0,
6.0,1168.54,measure_75-25A2780IC50tre1uM_2000Thres_well_day_averages.csv,coculture_treated,,,0.0,
6.0,1088.1,measure_75-25A2780IC50tre1uM_2000Thres_well_day_averages.csv,coculture_treated,,,0.0,
6.0,1460.08,measure_75-25A2780IC50tre1uM_2000Thres_well_day_averages.csv,coculture_treated,,,0.0,
6.0,262.4,measure_75-25A2780cisIC50tre1uM_5000Thres_day_averages.csv,coculture_treated,,,0.0,
6.0,311.86,measure_75-25A2780cisIC50tre1uM_5000Thres_day_averages.csv,coculture_treated,,,0.0,
6.0,226.55,measure_75-25A2780cisIC50tre1uM_5000Thres_well_day_averages.csv,coculture_treated,,,0.0,
6.0,379.09,measure_75-25A2780cisIC50tre1uM_5000Thres_well_day_averages.csv,coculture_treated,,,0.0,
6.0,218.28,measure_75-25A2780cisIC50tre1uM_5000Thres_well_day_averages.csv,coculture_treated,,,0.0,
6.0,291.96,measure_75-25A2780cisIC50tre1uM_5000Thres_well_day_averages.csv,coculture_treated,,,0.0,
6.0,244.25,measure_75-25A2780cisIC50tre1uM_5000Thres_well_day_averages.csv,coculture_treated,,,0.0,
6.0,214.26,measure_75-25A2780cisIC50tre1uM_5000Thres_well_day_averages.csv,coculture_treated,,,0.0,
6.0,181.75,measure_75-25A2780cisIC50tre1uM_5000Thres_well_day_averages.csv,coculture_treated,,,0.0,
6.0,513.51,measure_75-25A2780cisIC50tre1uM_5000Thres_well_day_averages.csv,coculture_treated,,,0.0,
6.0,231.37,measure_75-25A2780cisIC50tre1uM_5000Thres_well_day_averages.csv,coculture_treated,,,0.0,
6.0,270.06,measure_75-25A2780cisIC50tre1uM_5000Thres_well_day_averages.csv,coculture_treated,,,0.0,
6.0,407.39,measure_75-25A2780cisIC50tre1uM_5000Thres_well_day_averages.csv,coculture_treated,,,0.0,
6.0,267.07,measure_75-25A2780cisIC50tre1uM_5000Thres_well_day_averages.csv,coculture_treated,,,0.0,
7.0,2438.38,combined_day_averages.csv,coculture_treated,,,0.0,
7.0,1228.76,combined_day_averages.csv,coculture_treated,,,0.0,
7.0,430.88,combined_day_averages.csv,coculture_treated,,,0.0,
7.0,684.74,combined_day_averages.csv,coculture_treated,,,0.0,
7.0,1392.04,combined_day_averages.csv,coculture_treated,,,0.0,
7.0,1636.88,combined_day_averages.csv,coculture_treated,,,0.0,
7.0,2656.33,combined_day_averages.csv,coculture_treated,,,0.0,
7.0,1333.67,combined_day_averages.csv,coculture_treated,,,0.0,
7.0,585.29,combined_day_averages.csv,coculture_treated,,,0.0,
7.0,644.63,combined_day_averages.csv,coculture_treated,,,0.0,
7.0,1412.78,combined_day_averages.csv,coculture_treated,,,0.0,
7.0,1758.69,combined_day_averages.csv,coculture_treated,,,0.0,
7.0,2023.8,combined_well_day_averages.csv,coculture_treated,,,0.0,
7.0,3043.39,combined_well_day_averages.csv,coculture_treated,,,0.0,
7.0,1861.08,combined_well_day_averages.csv,coculture_treated,,,0.0,
7.0,2794.42,combined_well_day_averages.csv,coculture_treated,,,0.0,
7.0,2011.39,combined_well_day_averages.csv,coculture_treated,,,0.0,
7.0,2896.18,combined_well_day_averages.csv,coculture_treated,,,0.0,
7.0,920.3,combined_well_day_averages.csv,coculture_treated,,,0.0,
7.0,1525.67,combined_well_day_averages.csv,coculture_treated,,,0.0,
7.0,1132.89,combined_well_day_averages.csv,coculture_treated,,,0.0,
7.0,1502.02,combined_well_day_averages.csv,coculture_treated,,,0.0,
7.0,1025.73,combined_well_day_averages.csv,coculture_treated,,,0.0,
7.0,1265.94,combined_well_day_averages.csv,coculture_treated,,,0.0,
7.0,377.25,combined_well_day_averages.csv,coculture_treated,,,0.0,
7.0,551.14,combined_well_day_averages.csv,coculture_treated,,,0.0,
7.0,273.54,combined_well_day_averages.csv,coculture_treated,,,0.0,
7.0,533.88,combined_well_day_averages.csv,coculture_treated,,,0.0,
7.0,420.72,combined_well_day_averages.csv,coculture_treated,,,0.0,
7.0,428.72,combined_well_day_averages.csv,coculture_treated,,,0.0,
7.0,512.49,combined_well_day_averages.csv,coculture_treated,,,0.0,
7.0,1034.76,combined_well_day_averages.csv,coculture_treated,,,0.0,
7.0,340.64,combined_well_day_averages.csv,coculture_treated,,,0.0,
7.0,698.29,combined_well_day_averages.csv,coculture_treated,,,0.0,
7.0,559.95,combined_well_day_averages.csv,coculture_treated,,,0.0,
7.0,962.34,combined_well_day_averages.csv,coculture_treated,,,0.0,
7.0,1149.46,combined_well_day_averages.csv,coculture_treated,,,0.0,
7.0,1363.61,combined_well_day_averages.csv,coculture_treated,,,0.0,
7.0,1231.47,combined_well_day_averages.csv,coculture_treated,,,0.0,
7.0,1473.09,combined_well_day_averages.csv,coculture_treated,,,0.0,
7.0,1345.83,combined_well_day_averages.csv,coculture_treated,,,0.0,
7.0,1788.81,combined_well_day_averages.csv,coculture_treated,,,0.0,
7.0,1206.71,combined_well_day_averages.csv,coculture_treated,,,0.0,
7.0,2271.41,combined_well_day_averages.csv,coculture_treated,,,0.0,
7.0,598.48,combined_well_day_averages.csv,coculture_treated,,,0.0,
7.0,1952.3,combined_well_day_averages.csv,coculture_treated,,,0.0,
7.0,1641.55,combined_well_day_averages.csv,coculture_treated,,,0.0,
7.0,2150.86,combined_well_day_averages.csv,coculture_treated,,,0.0,
7.0,2760.22,combined_well_day_averages.csv,coculture_treated,,,0.0,
7.0,3119.24,combined_well_day_averages.csv,coculture_treated,,,0.0,
7.0,2121.22,combined_well_day_averages.csv,coculture_treated,,,0.0,
7.0,3022.58,combined_well_day_averages.csv,coculture_treated,,,0.0,
7.0,2011.04,combined_well_day_averages.csv,coculture_treated,,,0.0,
7.0,2903.71,combined_well_day_averages.csv,coculture_treated,,,0.0,
7.0,1292.16,combined_well_day_averages.csv,coculture_treated,,,0.0,
7.0,1845.22,combined_well_day_averages.csv,coculture_treated,,,0.0,
7.0,1120.31,combined_well_day_averages.csv,coculture_treated,,,0.0,
7.0,1559.67,combined_well_day_averages.csv,coculture_treated,,,0.0,
7.0,1114.0,combined_well_day_averages.csv,coculture_treated,,,0.0,
7.0,1070.68,combined_well_day_averages.csv,coculture_treated,,,0.0,
7.0,542.65,combined_well_day_averages.csv,coculture_treated,,,0.0,
7.0,876.55,combined_well_day_averages.csv,coculture_treated,,,0.0,
7.0,418.97,combined_well_day_averages.csv,coculture_treated,,,0.0,
7.0,537.81,combined_well_day_averages.csv,coculture_treated,,,0.0,
7.0,570.1,combined_well_day_averages.csv,coculture_treated,,,0.0,
7.0,565.65,combined_well_day_averages.csv,coculture_treated,,,0.0,
7.0,953.49,combined_well_day_averages.csv,coculture_treated,,,0.0,
7.0,914.91,combined_well_day_averages.csv,coculture_treated,,,0.0,
7.0,377.09,combined_well_day_averages.csv,coculture_treated,,,0.0,
7.0,527.16,combined_well_day_averages.csv,coculture_treated,,,0.0,
7.0,437.56,combined_well_day_averages.csv,coculture_treated,,,0.0,
7.0,657.56,combined_well_day_averages.csv,coculture_treated,,,0.0,
7.0,1408.62,combined_well_day_averages.csv,coculture_treated,,,0.0,
7.0,1870.94,combined_well_day_averages.csv,coculture_treated,,,0.0,
7.0,1248.11,combined_well_day_averages.csv,coculture_treated,,,0.0,
7.0,1327.15,combined_well_day_averages.csv,coculture_treated,,,0.0,
7.0,1420.2,combined_well_day_averages.csv,coculture_treated,,,0.0,
7.0,1201.69,combined_well_day_averages.csv,coculture_treated,,,0.0,
7.0,1536.86,combined_well_day_averages.csv,coculture_treated,,,0.0,
7.0,2290.97,combined_well_day_averages.csv,coculture_treated,,,0.0,
7.0,1138.44,combined_well_day_averages.csv,coculture_treated,,,0.0,
7.0,2044.31,combined_well_day_averages.csv,coculture_treated,,,0.0,
7.0,1349.02,combined_well_day_averages.csv,coculture_treated,,,0.0,
7.0,2192.52,combined_well_day_averages.csv,coculture_treated,,,0.0,
7.0,684.74,measure_25-75A2780IC50tre1uM_2000Thres_day_averages.csv,coculture_treated,,,0.0,
7.0,644.63,measure_25-75A2780IC50tre1uM_2000Thres_day_averages.csv,coculture_treated,,,0.0,
7.0,512.49,measure_25-75A2780IC50tre1uM_2000Thres_well_day_averages.csv,coculture_treated,,,0.0,
7.0,1034.76,measure_25-75A2780IC50tre1uM_2000Thres_well_day_averages.csv,coculture_treated,,,0.0,
7.0,340.64,measure_25-75A2780IC50tre1uM_2000Thres_well_day_averages.csv,coculture_treated,,,0.0,
7.0,698.29,measure_25-75A2780IC50tre1uM_2000Thres_well_day_averages.csv,coculture_treated,,,0.0,
7.0,559.95,measure_25-75A2780IC50tre1uM_2000Thres_well_day_averages.csv,coculture_treated,,,0.0,
7.0,962.34,measure_25-75A2780IC50tre1uM_2000Thres_well_day_averages.csv,coculture_treated,,,0.0,
7.0,953.49,measure_25-75A2780IC50tre1uM_2000Thres_well_day_averages.csv,coculture_treated,,,0.0,
7.0,914.91,measure_25-75A2780IC50tre1uM_2000Thres_well_day_averages.csv,coculture_treated,,,0.0,
7.0,377.09,measure_25-75A2780IC50tre1uM_2000Thres_well_day_averages.csv,coculture_treated,,,0.0,
7.0,527.16,measure_25-75A2780IC50tre1uM_2000Thres_well_day_averages.csv,coculture_treated,,,0.0,
7.0,437.56,measure_25-75A2780IC50tre1uM_2000Thres_well_day_averages.csv,coculture_treated,,,0.0,
7.0,657.56,measure_25-75A2780IC50tre1uM_2000Thres_well_day_averages.csv,coculture_treated,,,0.0,
7.0,2438.38,measure_25-75A2780cisIC50tre1uM_5000Thres_day_averages.csv,coculture_treated,,,0.0,
7.0,2656.33,measure_25-75A2780cisIC50tre1uM_5000Thres_day_averages.csv,coculture_treated,,,0.0,
7.0,2023.8,measure_25-75A2780cisIC50tre1uM_5000Thres_well_day_averages.csv,coculture_treated,,,0.0,
7.0,3043.39,measure_25-75A2780cisIC50tre1uM_5000Thres_well_day_averages.csv,coculture_treated,,,0.0,
7.0,1861.08,measure_25-75A2780cisIC50tre1uM_5000Thres_well_day_averages.csv,coculture_treated,,,0.0,
7.0,2794.42,measure_25-75A2780cisIC50tre1uM_5000Thres_well_day_averages.csv,coculture_treated,,,0.0,
7.0,2011.39,measure_25-75A2780cisIC50tre1uM_5000Thres_well_day_averages.csv,coculture_treated,,,0.0,
7.0,2896.18,measure_25-75A2780cisIC50tre1uM_5000Thres_well_day_averages.csv,coculture_treated,,,0.0,
7.0,2760.22,measure_25-75A2780cisIC50tre1uM_5000Thres_well_day_averages.csv,coculture_treated,,,0.0,
7.0,3119.24,measure_25-75A2780cisIC50tre1uM_5000Thres_well_day_averages.csv,coculture_treated,,,0.0,
7.0,2121.22,measure_25-75A2780cisIC50tre1uM_5000Thres_well_day_averages.csv,coculture_treated,,,0.0,
7.0,3022.58,measure_25-75A2780cisIC50tre1uM_5000Thres_well_day_averages.csv,coculture_treated,,,0.0,
7.0,2011.04,measure_25-75A2780cisIC50tre1uM_5000Thres_well_day_averages.csv,coculture_treated,,,0.0,
7.0,2903.71,measure_25-75A2780cisIC50tre1uM_5000Thres_well_day_averages.csv,coculture_treated,,,0.0,
7.0,1392.04,measure_50-50A2780IC50tre1uM_2000Thres_day_averages.csv,coculture_treated,,,0.0,
7.0,1412.78,measure_50-50A2780IC50tre1uM_2000Thres_day_averages.csv,coculture_treated,,,0.0,
7.0,1149.46,measure_50-50A2780IC50tre1uM_2000Thres_well_day_averages.csv,coculture_treated,,,0.0,
7.0,1363.61,measure_50-50A2780IC50tre1uM_2000Thres_well_day_averages.csv,coculture_treated,,,0.0,
7.0,1231.47,measure_50-50A2780IC50tre1uM_2000Thres_well_day_averages.csv,coculture_treated,,,0.0,
7.0,1473.09,measure_50-50A2780IC50tre1uM_2000Thres_well_day_averages.csv,coculture_treated,,,0.0,
7.0,1345.83,measure_50-50A2780IC50tre1uM_2000Thres_well_day_averages.csv,coculture_treated,,,0.0,
7.0,1788.81,measure_50-50A2780IC50tre1uM_2000Thres_well_day_averages.csv,coculture_treated,,,0.0,
7.0,1408.62,measure_50-50A2780IC50tre1uM_2000Thres_well_day_averages.csv,coculture_treated,,,0.0,
7.0,1870.94,measure_50-50A2780IC50tre1uM_2000Thres_well_day_averages.csv,coculture_treated,,,0.0,
7.0,1248.11,measure_50-50A2780IC50tre1uM_2000Thres_well_day_averages.csv,coculture_treated,,,0.0,
7.0,1327.15,measure_50-50A2780IC50tre1uM_2000Thres_well_day_averages.csv,coculture_treated,,,0.0,
7.0,1420.2,measure_50-50A2780IC50tre1uM_2000Thres_well_day_averages.csv,coculture_treated,,,0.0,
7.0,1201.69,measure_50-50A2780IC50tre1uM_2000Thres_well_day_averages.csv,coculture_treated,,,0.0,
7.0,1228.76,measure_50-50A2780cisIC50tre1uM_5000Thres_day_averages.csv,coculture_treated,,,0.0,
7.0,1333.67,measure_50-50A2780cisIC50tre1uM_5000Thres_day_averages.csv,coculture_treated,,,0.0,
7.0,920.3,measure_50-50A2780cisIC50tre1uM_5000Thres_well_day_averages.csv,coculture_treated,,,0.0,
7.0,1525.67,measure_50-50A2780cisIC50tre1uM_5000Thres_well_day_averages.csv,coculture_treated,,,0.0,
7.0,1132.89,measure_50-50A2780cisIC50tre1uM_5000Thres_well_day_averages.csv,coculture_treated,,,0.0,
7.0,1502.02,measure_50-50A2780cisIC50tre1uM_5000Thres_well_day_averages.csv,coculture_treated,,,0.0,
7.0,1025.73,measure_50-50A2780cisIC50tre1uM_5000Thres_well_day_averages.csv,coculture_treated,,,0.0,
7.0,1265.94,measure_50-50A2780cisIC50tre1uM_5000Thres_well_day_averages.csv,coculture_treated,,,0.0,
7.0,1292.16,measure_50-50A2780cisIC50tre1uM_5000Thres_well_day_averages.csv,coculture_treated,,,0.0,
7.0,1845.22,measure_50-50A2780cisIC50tre1uM_5000Thres_well_day_averages.csv,coculture_treated,,,0.0,
7.0,1120.31,measure_50-50A2780cisIC50tre1uM_5000Thres_well_day_averages.csv,coculture_treated,,,0.0,
7.0,1559.67,measure_50-50A2780cisIC50tre1uM_5000Thres_well_day_averages.csv,coculture_treated,,,0.0,
7.0,1114.0,measure_50-50A2780cisIC50tre1uM_5000Thres_well_day_averages.csv,coculture_treated,,,0.0,
7.0,1070.68,measure_50-50A2780cisIC50tre1uM_5000Thres_well_day_averages.csv,coculture_treated,,,0.0,
7.0,1636.88,measure_75-25A2780IC50tre1uM_2000Thres_day_averages.csv,coculture_treated,,,0.0,
7.0,1758.69,measure_75-25A2780IC50tre1uM_2000Thres_day_averages.csv,coculture_treated,,,0.0,
7.0,1206.71,measure_75-25A2780IC50tre1uM_2000Thres_well_day_averages.csv,coculture_treated,,,0.0,
7.0,2271.41,measure_75-25A2780IC50tre1uM_2000Thres_well_day_averages.csv,coculture_treated,,,0.0,
7.0,598.48,measure_75-25A2780IC50tre1uM_2000Thres_well_day_averages.csv,coculture_treated,,,0.0,
7.0,1952.3,measure_75-25A2780IC50tre1uM_2000Thres_well_day_averages.csv,coculture_treated,,,0.0,
7.0,1641.55,measure_75-25A2780IC50tre1uM_2000Thres_well_day_averages.csv,coculture_treated,,,0.0,
7.0,2150.86,measure_75-25A2780IC50tre1uM_2000Thres_well_day_averages.csv,coculture_treated,,,0.0,
7.0,1536.86,measure_75-25A2780IC50tre1uM_2000Thres_well_day_averages.csv,coculture_treated,,,0.0,
7.0,2290.97,measure_75-25A2780IC50tre1uM_2000Thres_well_day_averages.csv,coculture_treated,,,0.0,
7.0,1138.44,measure_75-25A2780IC50tre1uM_2000Thres_well_day_averages.csv,coculture_treated,,,0.0,
7.0,2044.31,measure_75-25A2780IC50tre1uM_2000Thres_well_day_averages.csv,coculture_treated,,,0.0,
7.0,1349.02,measure_75-25A2780IC50tre1uM_2000Thres_well_day_averages.csv,coculture_treated,,,0.0,
7.0,2192.52,measure_75-25A2780IC50tre1uM_2000Thres_well_day_averages.csv,coculture_treated,,,0.0,
7.0,430.88,measure_75-25A2780cisIC50tre1uM_5000Thres_day_averages.csv,coculture_treated,,,0.0,
7.0,585.29,measure_75-25A2780cisIC50tre1uM_5000Thres_day_averages.csv,coculture_treated,,,0.0,
7.0,377.25,measure_75-25A2780cisIC50tre1uM_5000Thres_well_day_averages.csv,coculture_treated,,,0.0,
7.0,551.14,measure_75-25A2780cisIC50tre1uM_5000Thres_well_day_averages.csv,coculture_treated,,,0.0,
7.0,273.54,measure_75-25A2780cisIC50tre1uM_5000Thres_well_day_averages.csv,coculture_treated,,,0.0,
7.0,533.88,measure_75-25A2780cisIC50tre1uM_5000Thres_well_day_averages.csv,coculture_treated,,,0.0,
7.0,420.72,measure_75-25A2780cisIC50tre1uM_5000Thres_well_day_averages.csv,coculture_treated,,,0.0,
7.0,428.72,measure_75-25A2780cisIC50tre1uM_5000Thres_well_day_averages.csv,coculture_treated,,,0.0,
7.0,542.65,measure_75-25A2780cisIC50tre1uM_5000Thres_well_day_averages.csv,coculture_treated,,,0.0,
7.0,876.55,measure_75-25A2780cisIC50tre1uM_5000Thres_well_day_averages.csv,coculture_treated,,,0.0,
7.0,418.97,measure_75-25A2780cisIC50tre1uM_5000Thres_well_day_averages.csv,coculture_treated,,,0.0,
7.0,537.81,measure_75-25A2780cisIC50tre1uM_5000Thres_well_day_averages.csv,coculture_treated,,,0.0,
7.0,570.1,measure_75-25A2780cisIC50tre1uM_5000Thres_well_day_averages.csv,coculture_treated,,,0.0,
7.0,565.65,measure_75-25A2780cisIC50tre1uM_5000Thres_well_day_averages.csv,coculture_treated,,,0.0,
8.0,1945.32,combined_day_averages.csv,coculture_treated,,,0.0,
8.0,1159.74,combined_day_averages.csv,coculture_treated,,,0.0,
8.0,525.69,combined_day_averages.csv,coculture_treated,,,0.0,
8.0,381.45,combined_day_averages.csv,coculture_treated,,,0.0,
8.0,999.73,combined_day_averages.csv,coculture_treated,,,0.0,
8.0,1417.09,combined_day_averages.csv,coculture_treated,,,0.0,
8.0,2187.63,combined_day_averages.csv,coculture_treated,,,0.0,
8.0,1333.73,combined_day_averages.csv,coculture_treated,,,0.0,
8.0,720.13,combined_day_averages.csv,coculture_treated,,,0.0,
8.0,433.01,combined_day_averages.csv,coculture_treated,,,0.0,
8.0,1018.18,combined_day_averages.csv,coculture_treated,,,0.0,
8.0,1400.46,combined_day_averages.csv,coculture_treated,,,0.0,
8.0,1868.99,combined_well_day_averages.csv,coculture_treated,,,0.0,
8.0,2499.77,combined_well_day_averages.csv,coculture_treated,,,0.0,
8.0,1885.62,combined_well_day_averages.csv,coculture_treated,,,0.0,
8.0,2184.0,combined_well_day_averages.csv,coculture_treated,,,0.0,
8.0,1474.24,combined_well_day_averages.csv,coculture_treated,,,0.0,
8.0,1759.32,combined_well_day_averages.csv,coculture_treated,,,0.0,
8.0,1192.51,combined_well_day_averages.csv,coculture_treated,,,0.0,
8.0,1195.98,combined_well_day_averages.csv,coculture_treated,,,0.0,
8.0,1232.31,combined_well_day_averages.csv,coculture_treated,,,0.0,
8.0,1344.68,combined_well_day_averages.csv,coculture_treated,,,0.0,
8.0,1041.35,combined_well_day_averages.csv,coculture_treated,,,0.0,
8.0,951.63,combined_well_day_averages.csv,coculture_treated,,,0.0,
8.0,439.24,combined_well_day_averages.csv,coculture_treated,,,0.0,
8.0,678.44,combined_well_day_averages.csv,coculture_treated,,,0.0,
8.0,341.19,combined_well_day_averages.csv,coculture_treated,,,0.0,
8.0,469.91,combined_well_day_averages.csv,coculture_treated,,,0.0,
8.0,779.39,combined_well_day_averages.csv,coculture_treated,,,0.0,
8.0,445.97,combined_well_day_averages.csv,coculture_treated,,,0.0,
8.0,293.17,combined_well_day_averages.csv,coculture_treated,,,0.0,
8.0,604.26,combined_well_day_averages.csv,coculture_treated,,,0.0,
8.0,260.64,combined_well_day_averages.csv,coculture_treated,,,0.0,
8.0,469.48,combined_well_day_averages.csv,coculture_treated,,,0.0,
8.0,305.52,combined_well_day_averages.csv,coculture_treated,,,0.0,
8.0,355.61,combined_well_day_averages.csv,coculture_treated,,,0.0,
8.0,1073.88,combined_well_day_averages.csv,coculture_treated,,,0.0,
8.0,888.26,combined_well_day_averages.csv,coculture_treated,,,0.0,
8.0,831.81,combined_well_day_averages.csv,coculture_treated,,,0.0,
8.0,978.51,combined_well_day_averages.csv,coculture_treated,,,0.0,
8.0,1192.12,combined_well_day_averages.csv,coculture_treated,,,0.0,
8.0,1033.8,combined_well_day_averages.csv,coculture_treated,,,0.0,
8.0,747.95,combined_well_day_averages.csv,coculture_treated,,,0.0,
8.0,1653.05,combined_well_day_averages.csv,coculture_treated,,,0.0,
8.0,1012.7,combined_well_day_averages.csv,coculture_treated,,,0.0,
8.0,1460.75,combined_well_day_averages.csv,coculture_treated,,,0.0,
8.0,1798.82,combined_well_day_averages.csv,coculture_treated,,,0.0,
8.0,1829.27,combined_well_day_averages.csv,coculture_treated,,,0.0,
8.0,2340.34,combined_well_day_averages.csv,coculture_treated,,,0.0,
8.0,2462.81,combined_well_day_averages.csv,coculture_treated,,,0.0,
8.0,1810.96,combined_well_day_averages.csv,coculture_treated,,,0.0,
8.0,2476.31,combined_well_day_averages.csv,coculture_treated,,,0.0,
8.0,1881.08,combined_well_day_averages.csv,coculture_treated,,,0.0,
8.0,2154.29,combined_well_day_averages.csv,coculture_treated,,,0.0,
8.0,1693.11,combined_well_day_averages.csv,coculture_treated,,,0.0,
8.0,1637.46,combined_well_day_averages.csv,coculture_treated,,,0.0,
8.0,1226.67,combined_well_day_averages.csv,coculture_treated,,,0.0,
8.0,1367.23,combined_well_day_averages.csv,coculture_treated,,,0.0,
8.0,1143.34,combined_well_day_averages.csv,coculture_treated,,,0.0,
8.0,934.58,combined_well_day_averages.csv,coculture_treated,,,0.0,
8.0,562.87,combined_well_day_averages.csv,coculture_treated,,,0.0,
8.0,1032.41,combined_well_day_averages.csv,coculture_treated,,,0.0,
8.0,620.39,combined_well_day_averages.csv,coculture_treated,,,0.0,
8.0,448.08,combined_well_day_averages.csv,coculture_treated,,,0.0,
8.0,997.73,combined_well_day_averages.csv,coculture_treated,,,0.0,
8.0,659.31,combined_well_day_averages.csv,coculture_treated,,,0.0,
8.0,766.78,combined_well_day_averages.csv,coculture_treated,,,0.0,
8.0,588.31,combined_well_day_averages.csv,coculture_treated,,,0.0,
8.0,299.65,combined_well_day_averages.csv,coculture_treated,,,0.0,
8.0,368.35,combined_well_day_averages.csv,coculture_treated,,,0.0,
8.0,255.8,combined_well_day_averages.csv,coculture_treated,,,0.0,
8.0,319.15,combined_well_day_averages.csv,coculture_treated,,,0.0,
8.0,1124.35,combined_well_day_averages.csv,coculture_treated,,,0.0,
8.0,1485.13,combined_well_day_averages.csv,coculture_treated,,,0.0,
8.0,665.33,combined_well_day_averages.csv,coculture_treated,,,0.0,
8.0,945.35,combined_well_day_averages.csv,coculture_treated,,,0.0,
8.0,1077.49,combined_well_day_averages.csv,coculture_treated,,,0.0,
8.0,811.46,combined_well_day_averages.csv,coculture_treated,,,0.0,
8.0,1063.92,combined_well_day_averages.csv,coculture_treated,,,0.0,
8.0,1846.53,combined_well_day_averages.csv,coculture_treated,,,0.0,
8.0,1114.2,combined_well_day_averages.csv,coculture_treated,,,0.0,
8.0,1382.28,combined_well_day_averages.csv,coculture_treated,,,0.0,
8.0,1242.05,combined_well_day_averages.csv,coculture_treated,,,0.0,
8.0,1753.76,combined_well_day_averages.csv,coculture_treated,,,0.0,
8.0,381.45,measure_25-75A2780IC50tre1uM_2000Thres_day_averages.csv,coculture_treated,,,0.0,
8.0,433.01,measure_25-75A2780IC50tre1uM_2000Thres_day_averages.csv,coculture_treated,,,0.0,
8.0,293.17,measure_25-75A2780IC50tre1uM_2000Thres_well_day_averages.csv,coculture_treated,,,0.0,
8.0,604.26,measure_25-75A2780IC50tre1uM_2000Thres_well_day_averages.csv,coculture_treated,,,0.0,
8.0,260.64,measure_25-75A2780IC50tre1uM_2000Thres_well_day_averages.csv,coculture_treated,,,0.0,
8.0,469.48,measure_25-75A2780IC50tre1uM_2000Thres_well_day_averages.csv,coculture_treated,,,0.0,
8.0,305.52,measure_25-75A2780IC50tre1uM_2000Thres_well_day_averages.csv,coculture_treated,,,0.0,
8.0,355.61,measure_25-75A2780IC50tre1uM_2000Thres_well_day_averages.csv,coculture_treated,,,0.0,
8.0,766.78,measure_25-75A2780IC50tre1uM_2000Thres_well_day_averages.csv,coculture_treated,,,0.0,
8.0,588.31,measure_25-75A2780IC50tre1uM_2000Thres_well_day_averages.csv,coculture_treated,,,0.0,
8.0,299.65,measure_25-75A2780IC50tre1uM_2000Thres_well_day_averages.csv,coculture_treated,,,0.0,
8.0,368.35,measure_25-75A2780IC50tre1uM_2000Thres_well_day_averages.csv,coculture_treated,,,0.0,
8.0,255.8,measure_25-75A2780IC50tre1uM_2000Thres_well_day_averages.csv,coculture_treated,,,0.0,
8.0,319.15,measure_25-75A2780IC50tre1uM_2000Thres_well_day_averages.csv,coculture_treated,,,0.0,
8.0,1945.32,measure_25-75A2780cisIC50tre1uM_5000Thres_day_averages.csv,coculture_treated,,,0.0,
8.0,2187.63,measure_25-75A2780cisIC50tre1uM_5000Thres_day_averages.csv,coculture_treated,,,0.0,
8.0,1868.99,measure_25-75A2780cisIC50tre1uM_5000Thres_well_day_averages.csv,coculture_treated,,,0.0,
8.0,2499.77,measure_25-75A2780cisIC50tre1uM_5000Thres_well_day_averages.csv,coculture_treated,,,0.0,
8.0,1885.62,measure_25-75A2780cisIC50tre1uM_5000Thres_well_day_averages.csv,coculture_treated,,,0.0,
8.0,2184.0,measure_25-75A2780cisIC50tre1uM_5000Thres_well_day_averages.csv,coculture_treated,,,0.0,
8.0,1474.24,measure_25-75A2780cisIC50tre1uM_5000Thres_well_day_averages.csv,coculture_treated,,,0.0,
8.0,1759.32,measure_25-75A2780cisIC50tre1uM_5000Thres_well_day_averages.csv,coculture_treated,,,0.0,
8.0,2340.34,measure_25-75A2780cisIC50tre1uM_5000Thres_well_day_averages.csv,coculture_treated,,,0.0,
8.0,2462.81,measure_25-75A2780cisIC50tre1uM_5000Thres_well_day_averages.csv,coculture_treated,,,0.0,
8.0,1810.96,measure_25-75A2780cisIC50tre1uM_5000Thres_well_day_averages.csv,coculture_treated,,,0.0,
8.0,2476.31,measure_25-75A2780cisIC50tre1uM_5000Thres_well_day_averages.csv,coculture_treated,,,0.0,
8.0,1881.08,measure_25-75A2780cisIC50tre1uM_5000Thres_well_day_averages.csv,coculture_treated,,,0.0,
8.0,2154.29,measure_25-75A2780cisIC50tre1uM_5000Thres_well_day_averages.csv,coculture_treated,,,0.0,
8.0,999.73,measure_50-50A2780IC50tre1uM_2000Thres_day_averages.csv,coculture_treated,,,0.0,
8.0,1018.18,measure_50-50A2780IC50tre1uM_2000Thres_day_averages.csv,coculture_treated,,,0.0,
8.0,1073.88,measure_50-50A2780IC50tre1uM_2000Thres_well_day_averages.csv,coculture_treated,,,0.0,
8.0,888.26,measure_50-50A2780IC50tre1uM_2000Thres_well_day_averages.csv,coculture_treated,,,0.0,
8.0,831.81,measure_50-50A2780IC50tre1uM_2000Thres_well_day_averages.csv,coculture_treated,,,0.0,
8.0,978.51,measure_50-50A2780IC50tre1uM_2000Thres_well_day_averages.csv,coculture_treated,,,0.0,
8.0,1192.12,measure_50-50A2780IC50tre1uM_2000Thres_well_day_averages.csv,coculture_treated,,,0.0,
8.0,1033.8,measure_50-50A2780IC50tre1uM_2000Thres_well_day_averages.csv,coculture_treated,,,0.0,
8.0,1124.35,measure_50-50A2780IC50tre1uM_2000Thres_well_day_averages.csv,coculture_treated,,,0.0,
8.0,1485.13,measure_50-50A2780IC50tre1uM_2000Thres_well_day_averages.csv,coculture_treated,,,0.0,
8.0,665.33,measure_50-50A2780IC50tre1uM_2000Thres_well_day_averages.csv,coculture_treated,,,0.0,
8.0,945.35,measure_50-50A2780IC50tre1uM_2000Thres_well_day_averages.csv,coculture_treated,,,0.0,
8.0,1077.49,measure_50-50A2780IC50tre1uM_2000Thres_well_day_averages.csv,coculture_treated,,,0.0,
8.0,811.46,measure_50-50A2780IC50tre1uM_2000Thres_well_day_averages.csv,coculture_treated,,,0.0,
8.0,1159.74,measure_50-50A2780cisIC50tre1uM_5000Thres_day_averages.csv,coculture_treated,,,0.0,
8.0,1333.73,measure_50-50A2780cisIC50tre1uM_5000Thres_day_averages.csv,coculture_treated,,,0.0,
8.0,1192.51,measure_50-50A2780cisIC50tre1uM_5000Thres_well_day_averages.csv,coculture_treated,,,0.0,
8.0,1195.98,measure_50-50A2780cisIC50tre1uM_5000Thres_well_day_averages.csv,coculture_treated,,,0.0,
8.0,1232.31,measure_50-50A2780cisIC50tre1uM_5000Thres_well_day_averages.csv,coculture_treated,,,0.0,
8.0,1344.68,measure_50-50A2780cisIC50tre1uM_5000Thres_well_day_averages.csv,coculture_treated,,,0.0,
8.0,1041.35,measure_50-50A2780cisIC50tre1uM_5000Thres_well_day_averages.csv,coculture_treated,,,0.0,
8.0,951.63,measure_50-50A2780cisIC50tre1uM_5000Thres_well_day_averages.csv,coculture_treated,,,0.0,
8.0,1693.11,measure_50-50A2780cisIC50tre1uM_5000Thres_well_day_averages.csv,coculture_treated,,,0.0,
8.0,1637.46,measure_50-50A2780cisIC50tre1uM_5000Thres_well_day_averages.csv,coculture_treated,,,0.0,
8.0,1226.67,measure_50-50A2780cisIC50tre1uM_5000Thres_well_day_averages.csv,coculture_treated,,,0.0,
8.0,1367.23,measure_50-50A2780cisIC50tre1uM_5000Thres_well_day_averages.csv,coculture_treated,,,0.0,
8.0,1143.34,measure_50-50A2780cisIC50tre1uM_5000Thres_well_day_averages.csv,coculture_treated,,,0.0,
8.0,934.58,measure_50-50A2780cisIC50tre1uM_5000Thres_well_day_averages.csv,coculture_treated,,,0.0,
8.0,1417.09,measure_75-25A2780IC50tre1uM_2000Thres_day_averages.csv,coculture_treated,,,0.0,
8.0,1400.46,measure_75-25A2780IC50tre1uM_2000Thres_day_averages.csv,coculture_treated,,,0.0,
8.0,747.95,measure_75-25A2780IC50tre1uM_2000Thres_well_day_averages.csv,coculture_treated,,,0.0,
8.0,1653.05,measure_75-25A2780IC50tre1uM_2000Thres_well_day_averages.csv,coculture_treated,,,0.0,
8.0,1012.7,measure_75-25A2780IC50tre1uM_2000Thres_well_day_averages.csv,coculture_treated,,,0.0,
8.0,1460.75,measure_75-25A2780IC50tre1uM_2000Thres_well_day_averages.csv,coculture_treated,,,0.0,
8.0,1798.82,measure_75-25A2780IC50tre1uM_2000Thres_well_day_averages.csv,coculture_treated,,,0.0,
8.0,1829.27,measure_75-25A2780IC50tre1uM_2000Thres_well_day_averages.csv,coculture_treated,,,0.0,
8.0,1063.92,measure_75-25A2780IC50tre1uM_2000Thres_well_day_averages.csv,coculture_treated,,,0.0,
8.0,1846.53,measure_75-25A2780IC50tre1uM_2000Thres_well_day_averages.csv,coculture_treated,,,0.0,
8.0,1114.2,measure_75-25A2780IC50tre1uM_2000Thres_well_day_averages.csv,coculture_treated,,,0.0,
8.0,1382.28,measure_75-25A2780IC50tre1uM_2000Thres_well_day_averages.csv,coculture_treated,,,0.0,
8.0,1242.05,measure_75-25A2780IC50tre1uM_2000Thres_well_day_averages.csv,coculture_treated,,,0.0,
8.0,1753.76,measure_75-25A2780IC50tre1uM_2000Thres_well_day_averages.csv,coculture_treated,,,0.0,
8.0,525.69,measure_75-25A2780cisIC50tre1uM_5000Thres_day_averages.csv,coculture_treated,,,0.0,
8.0,720.13,measure_75-25A2780cisIC50tre1uM_5000Thres_day_averages.csv,coculture_treated,,,0.0,
8.0,439.24,measure_75-25A2780cisIC50tre1uM_5000Thres_well_day_averages.csv,coculture_treated,,,0.0,
8.0,678.44,measure_75-25A2780cisIC50tre1uM_5000Thres_well_day_averages.csv,coculture_treated,,,0.0,
8.0,341.19,measure_75-25A2780cisIC50tre1uM_5000Thres_well_day_averages.csv,coculture_treated,,,0.0,
8.0,469.91,measure_75-25A2780cisIC50tre1uM_5000Thres_well_day_averages.csv,coculture_treated,,,0.0,
8.0,779.39,measure_75-25A2780cisIC50tre1uM_5000Thres_well_day_averages.csv,coculture_treated,,,0.0,
8.0,445.97,measure_75-25A2780cisIC50tre1uM_5000Thres_well_day_averages.csv,coculture_treated,,,0.0,
8.0,562.87,measure_75-25A2780cisIC50tre1uM_5000Thres_well_day_averages.csv,coculture_treated,,,0.0,
8.0,1032.41,measure_75-25A2780cisIC50tre1uM_5000Thres_well_day_averages.csv,coculture_treated,,,0.0,
8.0,620.39,measure_75-25A2780cisIC50tre1uM_5000Thres_well_day_averages.csv,coculture_treated,,,0.0,
8.0,448.08,measure_75-25A2780cisIC50tre1uM_5000Thres_well_day_averages.csv,coculture_treated,,,0.0,
8.0,997.73,measure_75-25A2780cisIC50tre1uM_5000Thres_well_day_averages.csv,coculture_treated,,,0.0,
8.0,659.31,measure_75-25A2780cisIC50tre1uM_5000Thres_well_day_averages.csv,coculture_treated,,,0.0,
9.0,3250.29,combined_day_averages.csv,coculture_treated,,,0.0,
9.0,2141.54,combined_day_averages.csv,coculture_treated,,,0.0,
9.0,900.48,combined_day_averages.csv,coculture_treated,,,0.0,
9.0,434.43,combined_day_averages.csv,coculture_treated,,,0.0,
9.0,1287.63,combined_day_averages.csv,coculture_treated,,,0.0,
9.0,1830.37,combined_day_averages.csv,coculture_treated,,,0.0,
9.0,3209.31,combined_day_averages.csv,coculture_treated,,,0.0,
9.0,2235.38,combined_day_averages.csv,coculture_treated,,,0.0,
9.0,1168.52,combined_day_averages.csv,coculture_treated,,,0.0,
9.0,360.13,combined_day_averages.csv,coculture_treated,,,0.0,
9.0,1172.49,combined_day_averages.csv,coculture_treated,,,0.0,
9.0,1660.71,combined_day_averages.csv,coculture_treated,,,0.0,
9.0,2978.66,combined_well_day_averages.csv,coculture_treated,,,0.0,
9.0,3791.99,combined_well_day_averages.csv,coculture_treated,,,0.0,
9.0,3117.18,combined_well_day_averages.csv,coculture_treated,,,0.0,
9.0,3697.8,combined_well_day_averages.csv,coculture_treated,,,0.0,
9.0,2369.25,combined_well_day_averages.csv,coculture_treated,,,0.0,
9.0,3546.84,combined_well_day_averages.csv,coculture_treated,,,0.0,
9.0,2186.31,combined_well_day_averages.csv,coculture_treated,,,0.0,
9.0,2338.93,combined_well_day_averages.csv,coculture_treated,,,0.0,
9.0,2158.75,combined_well_day_averages.csv,coculture_treated,,,0.0,
9.0,2666.06,combined_well_day_averages.csv,coculture_treated,,,0.0,
9.0,1633.02,combined_well_day_averages.csv,coculture_treated,,,0.0,
9.0,1866.16,combined_well_day_averages.csv,coculture_treated,,,0.0,
9.0,799.61,combined_well_day_averages.csv,coculture_treated,,,0.0,
9.0,1218.2,combined_well_day_averages.csv,coculture_treated,,,0.0,
9.0,547.93,combined_well_day_averages.csv,coculture_treated,,,0.0,
9.0,954.66,combined_well_day_averages.csv,coculture_treated,,,0.0,
9.0,1150.68,combined_well_day_averages.csv,coculture_treated,,,0.0,
9.0,731.8,combined_well_day_averages.csv,coculture_treated,,,0.0,
9.0,277.87,combined_well_day_averages.csv,coculture_treated,,,0.0,
9.0,716.9,combined_well_day_averages.csv,coculture_treated,,,0.0,
9.0,312.21,combined_well_day_averages.csv,coculture_treated,,,0.0,
9.0,520.7,combined_well_day_averages.csv,coculture_treated,,,0.0,
9.0,330.55,combined_well_day_averages.csv,coculture_treated,,,0.0,
9.0,448.33,combined_well_day_averages.csv,coculture_treated,,,0.0,
9.0,1323.14,combined_well_day_averages.csv,coculture_treated,,,0.0,
9.0,1151.6,combined_well_day_averages.csv,coculture_treated,,,0.0,
9.0,983.27,combined_well_day_averages.csv,coculture_treated,,,0.0,
9.0,1377.34,combined_well_day_averages.csv,coculture_treated,,,0.0,
9.0,1363.16,combined_well_day_averages.csv,coculture_treated,,,0.0,
9.0,1527.28,combined_well_day_averages.csv,coculture_treated,,,0.0,
9.0,1090.22,combined_well_day_averages.csv,coculture_treated,,,0.0,
9.0,2234.26,combined_well_day_averages.csv,coculture_treated,,,0.0,
9.0,1322.61,combined_well_day_averages.csv,coculture_treated,,,0.0,
9.0,2109.75,combined_well_day_averages.csv,coculture_treated,,,0.0,
9.0,1936.86,combined_well_day_averages.csv,coculture_treated,,,0.0,
9.0,2288.54,combined_well_day_averages.csv,coculture_treated,,,0.0,
9.0,3345.38,combined_well_day_averages.csv,coculture_treated,,,0.0,
9.0,3447.36,combined_well_day_averages.csv,coculture_treated,,,0.0,
9.0,2696.17,combined_well_day_averages.csv,coculture_treated,,,0.0,
9.0,3690.3,combined_well_day_averages.csv,coculture_treated,,,0.0,
9.0,2762.83,combined_well_day_averages.csv,coculture_treated,,,0.0,
9.0,3313.84,combined_well_day_averages.csv,coculture_treated,,,0.0,
9.0,2761.39,combined_well_day_averages.csv,coculture_treated,,,0.0,
9.0,2725.99,combined_well_day_averages.csv,coculture_treated,,,0.0,
9.0,2075.85,combined_well_day_averages.csv,coculture_treated,,,0.0,
9.0,2429.94,combined_well_day_averages.csv,coculture_treated,,,0.0,
9.0,1626.82,combined_well_day_averages.csv,coculture_treated,,,0.0,
9.0,1792.26,combined_well_day_averages.csv,coculture_treated,,,0.0,
9.0,1004.43,combined_well_day_averages.csv,coculture_treated,,,0.0,
9.0,1697.54,combined_well_day_averages.csv,coculture_treated,,,0.0,
9.0,1033.03,combined_well_day_averages.csv,coculture_treated,,,0.0,
9.0,822.24,combined_well_day_averages.csv,coculture_treated,,,0.0,
9.0,1428.51,combined_well_day_averages.csv,coculture_treated,,,0.0,
9.0,1025.38,combined_well_day_averages.csv,coculture_treated,,,0.0,
9.0,598.89,combined_well_day_averages.csv,coculture_treated,,,0.0,
9.0,490.88,combined_well_day_averages.csv,coculture_treated,,,0.0,
9.0,284.12,combined_well_day_averages.csv,coculture_treated,,,0.0,
9.0,263.5,combined_well_day_averages.csv,coculture_treated,,,0.0,
9.0,241.87,combined_well_day_averages.csv,coculture_treated,,,0.0,
9.0,281.53,combined_well_day_averages.csv,coculture_treated,,,0.0,
9.0,1236.87,combined_well_day_averages.csv,coculture_treated,,,0.0,
9.0,1576.86,combined_well_day_averages.csv,coculture_treated,,,0.0,
9.0,735.69,combined_well_day_averages.csv,coculture_treated,,,0.0,
9.0,1237.63,combined_well_day_averages.csv,coculture_treated,,,0.0,
9.0,1125.47,combined_well_day_averages.csv,coculture_treated,,,0.0,
9.0,1122.4,combined_well_day_averages.csv,coculture_treated,,,0.0,
9.0,1415.67,combined_well_day_averages.csv,coculture_treated,,,0.0,
9.0,2097.47,combined_well_day_averages.csv,coculture_treated,,,0.0,
9.0,1289.12,combined_well_day_averages.csv,coculture_treated,,,0.0,
9.0,1872.06,combined_well_day_averages.csv,coculture_treated,,,0.0,
9.0,1218.6,combined_well_day_averages.csv,coculture_treated,,,0.0,
9.0,2071.36,combined_well_day_averages.csv,coculture_treated,,,0.0,
9.0,434.43,measure_25-75A2780IC50tre1uM_2000Thres_day_averages.csv,coculture_treated,,,0.0,
9.0,360.13,measure_25-75A2780IC50tre1uM_2000Thres_day_averages.csv,coculture_treated,,,0.0,
9.0,277.87,measure_25-75A2780IC50tre1uM_2000Thres_well_day_averages.csv,coculture_treated,,,0.0,
9.0,716.9,measure_25-75A2780IC50tre1uM_2000Thres_well_day_averages.csv,coculture_treated,,,0.0,
9.0,312.21,measure_25-75A2780IC50tre1uM_2000Thres_well_day_averages.csv,coculture_treated,,,0.0,
9.0,520.7,measure_25-75A2780IC50tre1uM_2000Thres_well_day_averages.csv,coculture_treated,,,0.0,
9.0,330.55,measure_25-75A2780IC50tre1uM_2000Thres_well_day_averages.csv,coculture_treated,,,0.0,
9.0,448.33,measure_25-75A2780IC50tre1uM_2000Thres_well_day_averages.csv,coculture_treated,,,0.0,
9.0,598.89,measure_25-75A2780IC50tre1uM_2000Thres_well_day_averages.csv,coculture_treated,,,0.0,
9.0,490.88,measure_25-75A2780IC50tre1uM_2000Thres_well_day_averages.csv,coculture_treated,,,0.0,
9.0,284.12,measure_25-75A2780IC50tre1uM_2000Thres_well_day_averages.csv,coculture_treated,,,0.0,
9.0,263.5,measure_25-75A2780IC50tre1uM_2000Thres_well_day_averages.csv,coculture_treated,,,0.0,
9.0,241.87,measure_25-75A2780IC50tre1uM_2000Thres_well_day_averages.csv,coculture_treated,,,0.0,
9.0,281.53,measure_25-75A2780IC50tre1uM_2000Thres_well_day_averages.csv,coculture_treated,,,0.0,
9.0,3250.29,measure_25-75A2780cisIC50tre1uM_5000Thres_day_averages.csv,coculture_treated,,,0.0,
9.0,3209.31,measure_25-75A2780cisIC50tre1uM_5000Thres_day_averages.csv,coculture_treated,,,0.0,
9.0,2978.66,measure_25-75A2780cisIC50tre1uM_5000Thres_well_day_averages.csv,coculture_treated,,,0.0,
9.0,3791.99,measure_25-75A2780cisIC50tre1uM_5000Thres_well_day_averages.csv,coculture_treated,,,0.0,
9.0,3117.18,measure_25-75A2780cisIC50tre1uM_5000Thres_well_day_averages.csv,coculture_treated,,,0.0,
9.0,3697.8,measure_25-75A2780cisIC50tre1uM_5000Thres_well_day_averages.csv,coculture_treated,,,0.0,
9.0,2369.25,measure_25-75A2780cisIC50tre1uM_5000Thres_well_day_averages.csv,coculture_treated,,,0.0,
9.0,3546.84,measure_25-75A2780cisIC50tre1uM_5000Thres_well_day_averages.csv,coculture_treated,,,0.0,
9.0,3345.38,measure_25-75A2780cisIC50tre1uM_5000Thres_well_day_averages.csv,coculture_treated,,,0.0,
9.0,3447.36,measure_25-75A2780cisIC50tre1uM_5000Thres_well_day_averages.csv,coculture_treated,,,0.0,
9.0,2696.17,measure_25-75A2780cisIC50tre1uM_5000Thres_well_day_averages.csv,coculture_treated,,,0.0,
9.0,3690.3,measure_25-75A2780cisIC50tre1uM_5000Thres_well_day_averages.csv,coculture_treated,,,0.0,
9.0,2762.83,measure_25-75A2780cisIC50tre1uM_5000Thres_well_day_averages.csv,coculture_treated,,,0.0,
9.0,3313.84,measure_25-75A2780cisIC50tre1uM_5000Thres_well_day_averages.csv,coculture_treated,,,0.0,
9.0,1287.63,measure_50-50A2780IC50tre1uM_2000Thres_day_averages.csv,coculture_treated,,,0.0,
9.0,1172.49,measure_50-50A2780IC50tre1uM_2000Thres_day_averages.csv,coculture_treated,,,0.0,
9.0,1323.14,measure_50-50A2780IC50tre1uM_2000Thres_well_day_averages.csv,coculture_treated,,,0.0,
9.0,1151.6,measure_50-50A2780IC50tre1uM_2000Thres_well_day_averages.csv,coculture_treated,,,0.0,
9.0,983.27,measure_50-50A2780IC50tre1uM_2000Thres_well_day_averages.csv,coculture_treated,,,0.0,
9.0,1377.34,measure_50-50A2780IC50tre1uM_2000Thres_well_day_averages.csv,coculture_treated,,,0.0,
9.0,1363.16,measure_50-50A2780IC50tre1uM_2000Thres_well_day_averages.csv,coculture_treated,,,0.0,
9.0,1527.28,measure_50-50A2780IC50tre1uM_2000Thres_well_day_averages.csv,coculture_treated,,,0.0,
9.0,1236.87,measure_50-50A2780IC50tre1uM_2000Thres_well_day_averages.csv,coculture_treated,,,0.0,
9.0,1576.86,measure_50-50A2780IC50tre1uM_2000Thres_well_day_averages.csv,coculture_treated,,,0.0,
9.0,735.69,measure_50-50A2780IC50tre1uM_2000Thres_well_day_averages.csv,coculture_treated,,,0.0,
9.0,1237.63,measure_50-50A2780IC50tre1uM_2000Thres_well_day_averages.csv,coculture_treated,,,0.0,
9.0,1125.47,measure_50-50A2780IC50tre1uM_2000Thres_well_day_averages.csv,coculture_treated,,,0.0,
9.0,1122.4,measure_50-50A2780IC50tre1uM_2000Thres_well_day_averages.csv,coculture_treated,,,0.0,
9.0,2141.54,measure_50-50A2780cisIC50tre1uM_5000Thres_day_averages.csv,coculture_treated,,,0.0,
9.0,2235.38,measure_50-50A2780cisIC50tre1uM_5000Thres_day_averages.csv,coculture_treated,,,0.0,
9.0,2186.31,measure_50-50A2780cisIC50tre1uM_5000Thres_well_day_averages.csv,coculture_treated,,,0.0,
9.0,2338.93,measure_50-50A2780cisIC50tre1uM_5000Thres_well_day_averages.csv,coculture_treated,,,0.0,
9.0,2158.75,measure_50-50A2780cisIC50tre1uM_5000Thres_well_day_averages.csv,coculture_treated,,,0.0,
9.0,2666.06,measure_50-50A2780cisIC50tre1uM_5000Thres_well_day_averages.csv,coculture_treated,,,0.0,
9.0,1633.02,measure_50-50A2780cisIC50tre1uM_5000Thres_well_day_averages.csv,coculture_treated,,,0.0,
9.0,1866.16,measure_50-50A2780cisIC50tre1uM_5000Thres_well_day_averages.csv,coculture_treated,,,0.0,
9.0,2761.39,measure_50-50A2780cisIC50tre1uM_5000Thres_well_day_averages.csv,coculture_treated,,,0.0,
9.0,2725.99,measure_50-50A2780cisIC50tre1uM_5000Thres_well_day_averages.csv,coculture_treated,,,0.0,
9.0,2075.85,measure_50-50A2780cisIC50tre1uM_5000Thres_well_day_averages.csv,coculture_treated,,,0.0,
9.0,2429.94,measure_50-50A2780cisIC50tre1uM_5000Thres_well_day_averages.csv,coculture_treated,,,0.0,
9.0,1626.82,measure_50-50A2780cisIC50tre1uM_5000Thres_well_day_averages.csv,coculture_treated,,,0.0,
9.0,1792.26,measure_50-50A2780cisIC50tre1uM_5000Thres_well_day_averages.csv,coculture_treated,,,0.0,
9.0,1830.37,measure_75-25A2780IC50tre1uM_2000Thres_day_averages.csv,coculture_treated,,,0.0,
9.0,1660.71,measure_75-25A2780IC50tre1uM_2000Thres_day_averages.csv,coculture_treated,,,0.0,
9.0,1090.22,measure_75-25A2780IC50tre1uM_2000Thres_well_day_averages.csv,coculture_treated,,,0.0,
9.0,2234.26,measure_75-25A2780IC50tre1uM_2000Thres_well_day_averages.csv,coculture_treated,,,0.0,
9.0,1322.61,measure_75-25A2780IC50tre1uM_2000Thres_well_day_averages.csv,coculture_treated,,,0.0,
9.0,2109.75,measure_75-25A2780IC50tre1uM_2000Thres_well_day_averages.csv,coculture_treated,,,0.0,
9.0,1936.86,measure_75-25A2780IC50tre1uM_2000Thres_well_day_averages.csv,coculture_treated,,,0.0,
9.0,2288.54,measure_75-25A2780IC50tre1uM_2000Thres_well_day_averages.csv,coculture_treated,,,0.0,
9.0,1415.67,measure_75-25A2780IC50tre1uM_2000Thres_well_day_averages.csv,coculture_treated,,,0.0,
9.0,2097.47,measure_75-25A2780IC50tre1uM_2000Thres_well_day_averages.csv,coculture_treated,,,0.0,
9.0,1289.12,measure_75-25A2780IC50tre1uM_2000Thres_well_day_averages.csv,coculture_treated,,,0.0,
9.0,1872.06,measure_75-25A2780IC50tre1uM_2000Thres_well_day_averages.csv,coculture_treated,,,0.0,
9.0,1218.6,measure_75-25A2780IC50tre1uM_2000Thres_well_day_averages.csv,coculture_treated,,,0.0,
9.0,2071.36,measure_75-25A2780IC50tre1uM_2000Thres_well_day_averages.csv,coculture_treated,,,0.0,
9.0,900.48,measure_75-25A2780cisIC50tre1uM_5000Thres_day_averages.csv,coculture_treated,,,0.0,
9.0,1168.52,measure_75-25A2780cisIC50tre1uM_5000Thres_day_averages.csv,coculture_treated,,,0.0,
9.0,799.61,measure_75-25A2780cisIC50tre1uM_5000Thres_well_day_averages.csv,coculture_treated,,,0.0,
9.0,1218.2,measure_75-25A2780cisIC50tre1uM_5000Thres_well_day_averages.csv,coculture_treated,,,0.0,
9.0,547.93,measure_75-25A2780cisIC50tre1uM_5000Thres_well_day_averages.csv,coculture_treated,,,0.0,
9.0,954.66,measure_75-25A2780cisIC50tre1uM_5000Thres_well_day_averages.csv,coculture_treated,,,0.0,
9.0,1150.68,measure_75-25A2780cisIC50tre1uM_5000Thres_well_day_averages.csv,coculture_treated,,,0.0,
9.0,731.8,measure_75-25A2780cisIC50tre1uM_5000Thres_well_day_averages.csv,coculture_treated,,,0.0,
9.0,1004.43,measure_75-25A2780cisIC50tre1uM_5000Thres_well_day_averages.csv,coculture_treated,,,0.0,
9.0,1697.54,measure_75-25A2780cisIC50tre1uM_5000Thres_well_day_averages.csv,coculture_treated,,,0.0,
9.0,1033.03,measure_75-25A2780cisIC50tre1uM_5000Thres_well_day_averages.csv,coculture_treated,,,0.0,
9.0,822.24,measure_75-25A2780cisIC50tre1uM_5000Thres_well_day_averages.csv,coculture_treated,,,0.0,
9.0,1428.51,measure_75-25A2780cisIC50tre1uM_5000Thres_well_day_averages.csv,coculture_treated,,,0.0,
9.0,1025.38,measure_75-25A2780cisIC50tre1uM_5000Thres_well_day_averages.csv,coculture_treated,,,0.0,
10.0,3135.64,combined_day_averages.csv,coculture_treated,,,0.0,
10.0,2331.9,combined_day_averages.csv,coculture_treated,,,0.0,
10.0,1261.5,combined_day_averages.csv,coculture_treated,,,0.0,
10.0,381.81,combined_day_averages.csv,coculture_treated,,,0.0,
10.0,1285.18,combined_day_averages.csv,coculture_treated,,,0.0,
10.0,2137.61,combined_day_averages.csv,coculture_treated,,,0.0,
10.0,3193.9,combined_day_averages.csv,coculture_treated,,,0.0,
10.0,2239.67,combined_day_averages.csv,coculture_treated,,,0.0,
10.0,1358.17,combined_day_averages.csv,coculture_treated,,,0.0,
10.0,420.39,combined_day_averages.csv,coculture_treated,,,0.0,
10.0,1294.57,combined_day_averages.csv,coculture_treated,,,0.0,
10.0,2107.13,combined_day_averages.csv,coculture_treated,,,0.0,
10.0,3186.39,combined_well_day_averages.csv,coculture_treated,,,0.0,
10.0,3962.61,combined_well_day_averages.csv,coculture_treated,,,0.0,
10.0,3114.14,combined_well_day_averages.csv,coculture_treated,,,0.0,
10.0,2893.22,combined_well_day_averages.csv,coculture_treated,,,0.0,
10.0,2870.19,combined_well_day_averages.csv,coculture_treated,,,0.0,
10.0,2787.29,combined_well_day_averages.csv,coculture_treated,,,0.0,
10.0,2473.31,combined_well_day_averages.csv,coculture_treated,,,0.0,
10.0,2615.98,combined_well_day_averages.csv,coculture_treated,,,0.0,
10.0,2335.18,combined_well_day_averages.csv,coculture_treated,,,0.0,
10.0,2726.83,combined_well_day_averages.csv,coculture_treated,,,0.0,
10.0,1777.8,combined_well_day_averages.csv,coculture_treated,,,0.0,
10.0,2062.31,combined_well_day_averages.csv,coculture_treated,,,0.0,
10.0,1341.27,combined_well_day_averages.csv,coculture_treated,,,0.0,
10.0,1668.26,combined_well_day_averages.csv,coculture_treated,,,0.0,
10.0,958.8,combined_well_day_averages.csv,coculture_treated,,,0.0,
10.0,1153.48,combined_well_day_averages.csv,coculture_treated,,,0.0,
10.0,1289.14,combined_well_day_averages.csv,coculture_treated,,,0.0,
10.0,1158.07,combined_well_day_averages.csv,coculture_treated,,,0.0,
10.0,242.47,combined_well_day_averages.csv,coculture_treated,,,0.0,
10.0,654.57,combined_well_day_averages.csv,coculture_treated,,,0.0,
10.0,346.38,combined_well_day_averages.csv,coculture_treated,,,0.0,
10.0,339.0,combined_well_day_averages.csv,coculture_treated,,,0.0,
10.0,420.44,combined_well_day_averages.csv,coculture_treated,,,0.0,
10.0,287.98,combined_well_day_averages.csv,coculture_treated,,,0.0,
10.0,1175.11,combined_well_day_averages.csv,coculture_treated,,,0.0,
10.0,1139.45,combined_well_day_averages.csv,coculture_treated,,,0.0,
10.0,1009.05,combined_well_day_averages.csv,coculture_treated,,,0.0,
10.0,1355.26,combined_well_day_averages.csv,coculture_treated,,,0.0,
10.0,1418.16,combined_well_day_averages.csv,coculture_treated,,,0.0,
10.0,1614.08,combined_well_day_averages.csv,coculture_treated,,,0.0,
10.0,1663.42,combined_well_day_averages.csv,coculture_treated,,,0.0,
10.0,2640.13,combined_well_day_averages.csv,coculture_treated,,,0.0,
10.0,1512.52,combined_well_day_averages.csv,coculture_treated,,,0.0,
10.0,2737.6,combined_well_day_averages.csv,coculture_treated,,,0.0,
10.0,1950.82,combined_well_day_averages.csv,coculture_treated,,,0.0,
10.0,2321.17,combined_well_day_averages.csv,coculture_treated,,,0.0,
10.0,3237.98,combined_well_day_averages.csv,coculture_treated,,,0.0,
10.0,3866.81,combined_well_day_averages.csv,coculture_treated,,,0.0,
10.0,2750.03,combined_well_day_averages.csv,coculture_treated,,,0.0,
10.0,3380.54,combined_well_day_averages.csv,coculture_treated,,,0.0,
10.0,2500.28,combined_well_day_averages.csv,coculture_treated,,,0.0,
10.0,3427.78,combined_well_day_averages.csv,coculture_treated,,,0.0,
10.0,2766.78,combined_well_day_averages.csv,coculture_treated,,,0.0,
10.0,2752.49,combined_well_day_averages.csv,coculture_treated,,,0.0,
10.0,1988.76,combined_well_day_averages.csv,coculture_treated,,,0.0,
10.0,2358.55,combined_well_day_averages.csv,coculture_treated,,,0.0,
10.0,1778.8,combined_well_day_averages.csv,coculture_treated,,,0.0,
10.0,1792.62,combined_well_day_averages.csv,coculture_treated,,,0.0,
10.0,1307.32,combined_well_day_averages.csv,coculture_treated,,,0.0,
10.0,1958.94,combined_well_day_averages.csv,coculture_treated,,,0.0,
10.0,1198.2,combined_well_day_averages.csv,coculture_treated,,,0.0,
10.0,1209.02,combined_well_day_averages.csv,coculture_treated,,,0.0,
10.0,1636.24,combined_well_day_averages.csv,coculture_treated,,,0.0,
10.0,839.31,combined_well_day_averages.csv,coculture_treated,,,0.0,
10.0,526.07,combined_well_day_averages.csv,coculture_treated,,,0.0,
10.0,747.57,combined_well_day_averages.csv,coculture_treated,,,0.0,
10.0,326.62,combined_well_day_averages.csv,coculture_treated,,,0.0,
10.0,361.47,combined_well_day_averages.csv,coculture_treated,,,0.0,
10.0,266.75,combined_well_day_averages.csv,coculture_treated,,,0.0,
10.0,293.86,combined_well_day_averages.csv,coculture_treated,,,0.0,
10.0,1340.22,combined_well_day_averages.csv,coculture_treated,,,0.0,
10.0,1738.44,combined_well_day_averages.csv,coculture_treated,,,0.0,
10.0,1040.66,combined_well_day_averages.csv,coculture_treated,,,0.0,
10.0,1276.07,combined_well_day_averages.csv,coculture_treated,,,0.0,
10.0,1289.6,combined_well_day_averages.csv,coculture_treated,,,0.0,
10.0,1082.42,combined_well_day_averages.csv,coculture_treated,,,0.0,
10.0,2139.07,combined_well_day_averages.csv,coculture_treated,,,0.0,
10.0,2999.54,combined_well_day_averages.csv,coculture_treated,,,0.0,
10.0,1373.63,combined_well_day_averages.csv,coculture_treated,,,0.0,
10.0,2515.53,combined_well_day_averages.csv,coculture_treated,,,0.0,
10.0,1564.67,combined_well_day_averages.csv,coculture_treated,,,0.0,
10.0,2050.32,combined_well_day_averages.csv,coculture_treated,,,0.0,
10.0,381.81,measure_25-75A2780IC50tre1uM_2000Thres_day_averages.csv,coculture_treated,,,0.0,
10.0,420.39,measure_25-75A2780IC50tre1uM_2000Thres_day_averages.csv,coculture_treated,,,0.0,
10.0,242.47,measure_25-75A2780IC50tre1uM_2000Thres_well_day_averages.csv,coculture_treated,,,0.0,
10.0,654.57,measure_25-75A2780IC50tre1uM_2000Thres_well_day_averages.csv,coculture_treated,,,0.0,
10.0,346.38,measure_25-75A2780IC50tre1uM_2000Thres_well_day_averages.csv,coculture_treated,,,0.0,
10.0,339.0,measure_25-75A2780IC50tre1uM_2000Thres_well_day_averages.csv,coculture_treated,,,0.0,
10.0,420.44,measure_25-75A2780IC50tre1uM_2000Thres_well_day_averages.csv,coculture_treated,,,0.0,
10.0,287.98,measure_25-75A2780IC50tre1uM_2000Thres_well_day_averages.csv,coculture_treated,,,0.0,
10.0,526.07,measure_25-75A2780IC50tre1uM_2000Thres_well_day_averages.csv,coculture_treated,,,0.0,
10.0,747.57,measure_25-75A2780IC50tre1uM_2000Thres_well_day_averages.csv,coculture_treated,,,0.0,
10.0,326.62,measure_25-75A2780IC50tre1uM_2000Thres_well_day_averages.csv,coculture_treated,,,0.0,
10.0,361.47,measure_25-75A2780IC50tre1uM_2000Thres_well_day_averages.csv,coculture_treated,,,0.0,
10.0,266.75,measure_25-75A2780IC50tre1uM_2000Thres_well_day_averages.csv,coculture_treated,,,0.0,
10.0,293.86,measure_25-75A2780IC50tre1uM_2000Thres_well_day_averages.csv,coculture_treated,,,0.0,
10.0,3135.64,measure_25-75A2780cisIC50tre1uM_5000Thres_day_averages.csv,coculture_treated,,,0.0,
10.0,3193.9,measure_25-75A2780cisIC50tre1uM_5000Thres_day_averages.csv,coculture_treated,,,0.0,
10.0,3186.39,measure_25-75A2780cisIC50tre1uM_5000Thres_well_day_averages.csv,coculture_treated,,,0.0,
10.0,3962.61,measure_25-75A2780cisIC50tre1uM_5000Thres_well_day_averages.csv,coculture_treated,,,0.0,
10.0,3114.14,measure_25-75A2780cisIC50tre1uM_5000Thres_well_day_averages.csv,coculture_treated,,,0.0,
10.0,2893.22,measure_25-75A2780cisIC50tre1uM_5000Thres_well_day_averages.csv,coculture_treated,,,0.0,
10.0,2870.19,measure_25-75A2780cisIC50tre1uM_5000Thres_well_day_averages.csv,coculture_treated,,,0.0,
10.0,2787.29,measure_25-75A2780cisIC50tre1uM_5000Thres_well_day_averages.csv,coculture_treated,,,0.0,
10.0,3237.98,measure_25-75A2780cisIC50tre1uM_5000Thres_well_day_averages.csv,coculture_treated,,,0.0,
10.0,3866.81,measure_25-75A2780cisIC50tre1uM_5000Thres_well_day_averages.csv,coculture_treated,,,0.0,
10.0,2750.03,measure_25-75A2780cisIC50tre1uM_5000Thres_well_day_averages.csv,coculture_treated,,,0.0,
10.0,3380.54,measure_25-75A2780cisIC50tre1uM_5000Thres_well_day_averages.csv,coculture_treated,,,0.0,
10.0,2500.28,measure_25-75A2780cisIC50tre1uM_5000Thres_well_day_averages.csv,coculture_treated,,,0.0,
10.0,3427.78,measure_25-75A2780cisIC50tre1uM_5000Thres_well_day_averages.csv,coculture_treated,,,0.0,
10.0,1285.18,measure_50-50A2780IC50tre1uM_2000Thres_day_averages.csv,coculture_treated,,,0.0,
10.0,1294.57,measure_50-50A2780IC50tre1uM_2000Thres_day_averages.csv,coculture_treated,,,0.0,
10.0,1175.11,measure_50-50A2780IC50tre1uM_2000Thres_well_day_averages.csv,coculture_treated,,,0.0,
10.0,1139.45,measure_50-50A2780IC50tre1uM_2000Thres_well_day_averages.csv,coculture_treated,,,0.0,
10.0,1009.05,measure_50-50A2780IC50tre1uM_2000Thres_well_day_averages.csv,coculture_treated,,,0.0,
10.0,1355.26,measure_50-50A2780IC50tre1uM_2000Thres_well_day_averages.csv,coculture_treated,,,0.0,
10.0,1418.16,measure_50-50A2780IC50tre1uM_2000Thres_well_day_averages.csv,coculture_treated,,,0.0,
10.0,1614.08,measure_50-50A2780IC50tre1uM_2000Thres_well_day_averages.csv,coculture_treated,,,0.0,
10.0,1340.22,measure_50-50A2780IC50tre1uM_2000Thres_well_day_averages.csv,coculture_treated,,,0.0,
10.0,1738.44,measure_50-50A2780IC50tre1uM_2000Thres_well_day_averages.csv,coculture_treated,,,0.0,
10.0,1040.66,measure_50-50A2780IC50tre1uM_2000Thres_well_day_averages.csv,coculture_treated,,,0.0,
10.0,1276.07,measure_50-50A2780IC50tre1uM_2000Thres_well_day_averages.csv,coculture_treated,,,0.0,
10.0,1289.6,measure_50-50A2780IC50tre1uM_2000Thres_well_day_averages.csv,coculture_treated,,,0.0,
10.0,1082.42,measure_50-50A2780IC50tre1uM_2000Thres_well_day_averages.csv,coculture_treated,,,0.0,
10.0,2331.9,measure_50-50A2780cisIC50tre1uM_5000Thres_day_averages.csv,coculture_treated,,,0.0,
10.0,2239.67,measure_50-50A2780cisIC50tre1uM_5000Thres_day_averages.csv,coculture_treated,,,0.0,
10.0,2473.31,measure_50-50A2780cisIC50tre1uM_5000Thres_well_day_averages.csv,coculture_treated,,,0.0,
10.0,2615.98,measure_50-50A2780cisIC50tre1uM_5000Thres_well_day_averages.csv,coculture_treated,,,0.0,
10.0,2335.18,measure_50-50A2780cisIC50tre1uM_5000Thres_well_day_averages.csv,coculture_treated,,,0.0,
10.0,2726.83,measure_50-50A2780cisIC50tre1uM_5000Thres_well_day_averages.csv,coculture_treated,,,0.0,
10.0,1777.8,measure_50-50A2780cisIC50tre1uM_5000Thres_well_day_averages.csv,coculture_treated,,,0.0,
10.0,2062.31,measure_50-50A2780cisIC50tre1uM_5000Thres_well_day_averages.csv,coculture_treated,,,0.0,
10.0,2766.78,measure_50-50A2780cisIC50tre1uM_5000Thres_well_day_averages.csv,coculture_treated,,,0.0,
10.0,2752.49,measure_50-50A2780cisIC50tre1uM_5000Thres_well_day_averages.csv,coculture_treated,,,0.0,
10.0,1988.76,measure_50-50A2780cisIC50tre1uM_5000Thres_well_day_averages.csv,coculture_treated,,,0.0,
10.0,2358.55,measure_50-50A2780cisIC50tre1uM_5000Thres_well_day_averages.csv,coculture_treated,,,0.0,
10.0,1778.8,measure_50-50A2780cisIC50tre1uM_5000Thres_well_day_averages.csv,coculture_treated,,,0.0,
10.0,1792.62,measure_50-50A2780cisIC50tre1uM_5000Thres_well_day_averages.csv,coculture_treated,,,0.0,
10.0,2137.61,measure_75-25A2780IC50tre1uM_2000Thres_day_averages.csv,coculture_treated,,,0.0,
10.0,2107.13,measure_75-25A2780IC50tre1uM_2000Thres_day_averages.csv,coculture_treated,,,0.0,
10.0,1663.42,measure_75-25A2780IC50tre1uM_2000Thres_well_day_averages.csv,coculture_treated,,,0.0,
10.0,2640.13,measure_75-25A2780IC50tre1uM_2000Thres_well_day_averages.csv,coculture_treated,,,0.0,
10.0,1512.52,measure_75-25A2780IC50tre1uM_2000Thres_well_day_averages.csv,coculture_treated,,,0.0,
10.0,2737.6,measure_75-25A2780IC50tre1uM_2000Thres_well_day_averages.csv,coculture_treated,,,0.0,
10.0,1950.82,measure_75-25A2780IC50tre1uM_2000Thres_well_day_averages.csv,coculture_treated,,,0.0,
10.0,2321.17,measure_75-25A2780IC50tre1uM_2000Thres_well_day_averages.csv,coculture_treated,,,0.0,
10.0,2139.07,measure_75-25A2780IC50tre1uM_2000Thres_well_day_averages.csv,coculture_treated,,,0.0,
10.0,2999.54,measure_75-25A2780IC50tre1uM_2000Thres_well_day_averages.csv,coculture_treated,,,0.0,
10.0,1373.63,measure_75-25A2780IC50tre1uM_2000Thres_well_day_averages.csv,coculture_treated,,,0.0,
10.0,2515.53,measure_75-25A2780IC50tre1uM_2000Thres_well_day_averages.csv,coculture_treated,,,0.0,
10.0,1564.67,measure_75-25A2780IC50tre1uM_2000Thres_well_day_averages.csv,coculture_treated,,,0.0,
10.0,2050.32,measure_75-25A2780IC50tre1uM_2000Thres_well_day_averages.csv,coculture_treated,,,0.0,
10.0,1261.5,measure_75-25A2780cisIC50tre1uM_5000Thres_day_averages.csv,coculture_treated,,,0.0,
10.0,1358.17,measure_75-25A2780cisIC50tre1uM_5000Thres_day_averages.csv,coculture_treated,,,0.0,
10.0,1341.27,measure_75-25A2780cisIC50tre1uM_5000Thres_well_day_averages.csv,coculture_treated,,,0.0,
10.0,1668.26,measure_75-25A2780cisIC50tre1uM_5000Thres_well_day_averages.csv,coculture_treated,,,0.0,
10.0,958.8,measure_75-25A2780cisIC50tre1uM_5000Thres_well_day_averages.csv,coculture_treated,,,0.0,
10.0,1153.48,measure_75-25A2780cisIC50tre1uM_5000Thres_well_day_averages.csv,coculture_treated,,,0.0,
10.0,1289.14,measure_75-25A2780cisIC50tre1uM_5000Thres_well_day_averages.csv,coculture_treated,,,0.0,
10.0,1158.07,measure_75-25A2780cisIC50tre1uM_5000Thres_well_day_averages.csv,coculture_treated,,,0.0,
10.0,1307.32,measure_75-25A2780cisIC50tre1uM_5000Thres_well_day_averages.csv,coculture_treated,,,0.0,
10.0,1958.94,measure_75-25A2780cisIC50tre1uM_5000Thres_well_day_averages.csv,coculture_treated,,,0.0,
10.0,1198.2,measure_75-25A2780cisIC50tre1uM_5000Thres_well_day_averages.csv,coculture_treated,,,0.0,
10.0,1209.02,measure_75-25A2780cisIC50tre1uM_5000Thres_well_day_averages.csv,coculture_treated,,,0.0,
10.0,1636.24,measure_75-25A2780cisIC50tre1uM_5000Thres_well_day_averages.csv,coculture_treated,,,0.0,
10.0,839.31,measure_75-25A2780cisIC50tre1uM_5000Thres_well_day_averages.csv,coculture_treated,,,0.0,
11.0,3987.59,combined_day_averages.csv,coculture_treated,,,0.0,
11.0,3319.13,combined_day_averages.csv,coculture_treated,,,0.0,
11.0,1896.8,combined_day_averages.csv,coculture_treated,,,0.0,
11.0,827.93,combined_day_averages.csv,coculture_treated,,,0.0,
11.0,1589.92,combined_day_averages.csv,coculture_treated,,,0.0,
11.0,2132.98,combined_day_averages.csv,coculture_treated,,,0.0,
11.0,3624.11,combined_day_averages.csv,coculture_treated,,,0.0,
11.0,2711.56,combined_day_averages.csv,coculture_treated,,,0.0,
11.0,1719.3,combined_day_averages.csv,coculture_treated,,,0.0,
11.0,492.48,combined_day_averages.csv,coculture_treated,,,0.0,
11.0,1082.5,combined_day_averages.csv,coculture_treated,,,0.0,
11.0,1744.18,combined_day_averages.csv,coculture_treated,,,0.0,
11.0,3880.37,combined_well_day_averages.csv,coculture_treated,,,0.0,
11.0,4374.83,combined_well_day_averages.csv,coculture_treated,,,0.0,
11.0,3926.77,combined_well_day_averages.csv,coculture_treated,,,0.0,
11.0,4063.04,combined_well_day_averages.csv,coculture_treated,,,0.0,
11.0,3728.17,combined_well_day_averages.csv,coculture_treated,,,0.0,
11.0,3952.34,combined_well_day_averages.csv,coculture_treated,,,0.0,
11.0,3189.72,combined_well_day_averages.csv,coculture_treated,,,0.0,
11.0,3536.23,combined_well_day_averages.csv,coculture_treated,,,0.0,
11.0,3122.0,combined_well_day_averages.csv,coculture_treated,,,0.0,
11.0,3935.72,combined_well_day_averages.csv,coculture_treated,,,0.0,
11.0,2937.44,combined_well_day_averages.csv,coculture_treated,,,0.0,
11.0,3193.65,combined_well_day_averages.csv,coculture_treated,,,0.0,
11.0,2199.51,combined_well_day_averages.csv,coculture_treated,,,0.0,
11.0,2262.82,combined_well_day_averages.csv,coculture_treated,,,0.0,
11.0,1427.46,combined_well_day_averages.csv,coculture_treated,,,0.0,
11.0,1896.38,combined_well_day_averages.csv,coculture_treated,,,0.0,
11.0,1845.35,combined_well_day_averages.csv,coculture_treated,,,0.0,
11.0,1749.29,combined_well_day_averages.csv,coculture_treated,,,0.0,
11.0,512.15,combined_well_day_averages.csv,coculture_treated,,,0.0,
11.0,2087.25,combined_well_day_averages.csv,coculture_treated,,,0.0,
11.0,583.83,combined_well_day_averages.csv,coculture_treated,,,0.0,
11.0,637.42,combined_well_day_averages.csv,coculture_treated,,,0.0,
11.0,600.77,combined_well_day_averages.csv,coculture_treated,,,0.0,
11.0,546.14,combined_well_day_averages.csv,coculture_treated,,,0.0,
11.0,1388.18,combined_well_day_averages.csv,coculture_treated,,,0.0,
11.0,1661.72,combined_well_day_averages.csv,coculture_treated,,,0.0,
11.0,1009.84,combined_well_day_averages.csv,coculture_treated,,,0.0,
11.0,1814.85,combined_well_day_averages.csv,coculture_treated,,,0.0,
11.0,1569.71,combined_well_day_averages.csv,coculture_treated,,,0.0,
11.0,2095.23,combined_well_day_averages.csv,coculture_treated,,,0.0,
11.0,1845.98,combined_well_day_averages.csv,coculture_treated,,,0.0,
11.0,2343.35,combined_well_day_averages.csv,coculture_treated,,,0.0,
11.0,1663.22,combined_well_day_averages.csv,coculture_treated,,,0.0,
11.0,2807.89,combined_well_day_averages.csv,coculture_treated,,,0.0,
11.0,1741.06,combined_well_day_averages.csv,coculture_treated,,,0.0,
11.0,2396.37,combined_well_day_averages.csv,coculture_treated,,,0.0,
11.0,3714.65,combined_well_day_averages.csv,coculture_treated,,,0.0,
11.0,3718.08,combined_well_day_averages.csv,coculture_treated,,,0.0,
11.0,3238.08,combined_well_day_averages.csv,coculture_treated,,,0.0,
11.0,3809.81,combined_well_day_averages.csv,coculture_treated,,,0.0,
11.0,3280.18,combined_well_day_averages.csv,coculture_treated,,,0.0,
11.0,3983.88,combined_well_day_averages.csv,coculture_treated,,,0.0,
11.0,3227.32,combined_well_day_averages.csv,coculture_treated,,,0.0,
11.0,3204.06,combined_well_day_averages.csv,coculture_treated,,,0.0,
11.0,2595.23,combined_well_day_averages.csv,coculture_treated,,,0.0,
11.0,2804.05,combined_well_day_averages.csv,coculture_treated,,,0.0,
11.0,2289.33,combined_well_day_averages.csv,coculture_treated,,,0.0,
11.0,2149.35,combined_well_day_averages.csv,coculture_treated,,,0.0,
11.0,1686.73,combined_well_day_averages.csv,coculture_treated,,,0.0,
11.0,2099.37,combined_well_day_averages.csv,coculture_treated,,,0.0,
11.0,1765.41,combined_well_day_averages.csv,coculture_treated,,,0.0,
11.0,1512.84,combined_well_day_averages.csv,coculture_treated,,,0.0,
11.0,1991.49,combined_well_day_averages.csv,coculture_treated,,,0.0,
11.0,1259.98,combined_well_day_averages.csv,coculture_treated,,,0.0,
11.0,867.05,combined_well_day_averages.csv,coculture_treated,,,0.0,
11.0,672.07,combined_well_day_averages.csv,coculture_treated,,,0.0,
11.0,339.18,combined_well_day_averages.csv,coculture_treated,,,0.0,
11.0,429.63,combined_well_day_averages.csv,coculture_treated,,,0.0,
11.0,303.6,combined_well_day_averages.csv,coculture_treated,,,0.0,
11.0,343.32,combined_well_day_averages.csv,coculture_treated,,,0.0,
11.0,1254.02,combined_well_day_averages.csv,coculture_treated,,,0.0,
11.0,1446.48,combined_well_day_averages.csv,coculture_treated,,,0.0,
11.0,804.05,combined_well_day_averages.csv,coculture_treated,,,0.0,
11.0,1017.35,combined_well_day_averages.csv,coculture_treated,,,0.0,
11.0,1046.08,combined_well_day_averages.csv,coculture_treated,,,0.0,
11.0,927.04,combined_well_day_averages.csv,coculture_treated,,,0.0,
11.0,1807.76,combined_well_day_averages.csv,coculture_treated,,,0.0,
11.0,2222.32,combined_well_day_averages.csv,coculture_treated,,,0.0,
11.0,1307.92,combined_well_day_averages.csv,coculture_treated,,,0.0,
11.0,2036.88,combined_well_day_averages.csv,coculture_treated,,,0.0,
11.0,1130.64,combined_well_day_averages.csv,coculture_treated,,,0.0,
11.0,1959.53,combined_well_day_averages.csv,coculture_treated,,,0.0,
11.0,827.93,measure_25-75A2780IC50tre1uM_2000Thres_day_averages.csv,coculture_treated,,,0.0,
11.0,492.48,measure_25-75A2780IC50tre1uM_2000Thres_day_averages.csv,coculture_treated,,,0.0,
11.0,512.15,measure_25-75A2780IC50tre1uM_2000Thres_well_day_averages.csv,coculture_treated,,,0.0,
11.0,2087.25,measure_25-75A2780IC50tre1uM_2000Thres_well_day_averages.csv,coculture_treated,,,0.0,
11.0,583.83,measure_25-75A2780IC50tre1uM_2000Thres_well_day_averages.csv,coculture_treated,,,0.0,
11.0,637.42,measure_25-75A2780IC50tre1uM_2000Thres_well_day_averages.csv,coculture_treated,,,0.0,
11.0,600.77,measure_25-75A2780IC50tre1uM_2000Thres_well_day_averages.csv,coculture_treated,,,0.0,
11.0,546.14,measure_25-75A2780IC50tre1uM_2000Thres_well_day_averages.csv,coculture_treated,,,0.0,
11.0,867.05,measure_25-75A2780IC50tre1uM_2000Thres_well_day_averages.csv,coculture_treated,,,0.0,
11.0,672.07,measure_25-75A2780IC50tre1uM_2000Thres_well_day_averages.csv,coculture_treated,,,0.0,
11.0,339.18,measure_25-75A2780IC50tre1uM_2000Thres_well_day_averages.csv,coculture_treated,,,0.0,
11.0,429.63,measure_25-75A2780IC50tre1uM_2000Thres_well_day_averages.csv,coculture_treated,,,0.0,
11.0,303.6,measure_25-75A2780IC50tre1uM_2000Thres_well_day_averages.csv,coculture_treated,,,0.0,
11.0,343.32,measure_25-75A2780IC50tre1uM_2000Thres_well_day_averages.csv,coculture_treated,,,0.0,
11.0,3987.59,measure_25-75A2780cisIC50tre1uM_5000Thres_day_averages.csv,coculture_treated,,,0.0,
11.0,3624.11,measure_25-75A2780cisIC50tre1uM_5000Thres_day_averages.csv,coculture_treated,,,0.0,
11.0,3880.37,measure_25-75A2780cisIC50tre1uM_5000Thres_well_day_averages.csv,coculture_treated,,,0.0,
11.0,4374.83,measure_25-75A2780cisIC50tre1uM_5000Thres_well_day_averages.csv,coculture_treated,,,0.0,
11.0,3926.77,measure_25-75A2780cisIC50tre1uM_5000Thres_well_day_averages.csv,coculture_treated,,,0.0,
11.0,4063.04,measure_25-75A2780cisIC50tre1uM_5000Thres_well_day_averages.csv,coculture_treated,,,0.0,
11.0,3728.17,measure_25-75A2780cisIC50tre1uM_5000Thres_well_day_averages.csv,coculture_treated,,,0.0,
11.0,3952.34,measure_25-75A2780cisIC50tre1uM_5000Thres_well_day_averages.csv,coculture_treated,,,0.0,
11.0,3714.65,measure_25-75A2780cisIC50tre1uM_5000Thres_well_day_averages.csv,coculture_treated,,,0.0,
11.0,3718.08,measure_25-75A2780cisIC50tre1uM_5000Thres_well_day_averages.csv,coculture_treated,,,0.0,
11.0,3238.08,measure_25-75A2780cisIC50tre1uM_5000Thres_well_day_averages.csv,coculture_treated,,,0.0,
11.0,3809.81,measure_25-75A2780cisIC50tre1uM_5000Thres_well_day_averages.csv,coculture_treated,,,0.0,
11.0,3280.18,measure_25-75A2780cisIC50tre1uM_5000Thres_well_day_averages.csv,coculture_treated,,,0.0,
11.0,3983.88,measure_25-75A2780cisIC50tre1uM_5000Thres_well_day_averages.csv,coculture_treated,,,0.0,
11.0,1589.92,measure_50-50A2780IC50tre1uM_2000Thres_day_averages.csv,coculture_treated,,,0.0,
11.0,1082.5,measure_50-50A2780IC50tre1uM_2000Thres_day_averages.csv,coculture_treated,,,0.0,
11.0,1388.18,measure_50-50A2780IC50tre1uM_2000Thres_well_day_averages.csv,coculture_treated,,,0.0,
11.0,1661.72,measure_50-50A2780IC50tre1uM_2000Thres_well_day_averages.csv,coculture_treated,,,0.0,
11.0,1009.84,measure_50-50A2780IC50tre1uM_2000Thres_well_day_averages.csv,coculture_treated,,,0.0,
11.0,1814.85,measure_50-50A2780IC50tre1uM_2000Thres_well_day_averages.csv,coculture_treated,,,0.0,
11.0,1569.71,measure_50-50A2780IC50tre1uM_2000Thres_well_day_averages.csv,coculture_treated,,,0.0,
11.0,2095.23,measure_50-50A2780IC50tre1uM_2000Thres_well_day_averages.csv,coculture_treated,,,0.0,
11.0,1254.02,measure_50-50A2780IC50tre1uM_2000Thres_well_day_averages.csv,coculture_treated,,,0.0,
11.0,1446.48,measure_50-50A2780IC50tre1uM_2000Thres_well_day_averages.csv,coculture_treated,,,0.0,
11.0,804.05,measure_50-50A2780IC50tre1uM_2000Thres_well_day_averages.csv,coculture_treated,,,0.0,
11.0,1017.35,measure_50-50A2780IC50tre1uM_2000Thres_well_day_averages.csv,coculture_treated,,,0.0,
11.0,1046.08,measure_50-50A2780IC50tre1uM_2000Thres_well_day_averages.csv,coculture_treated,,,0.0,
11.0,927.04,measure_50-50A2780IC50tre1uM_2000Thres_well_day_averages.csv,coculture_treated,,,0.0,
11.0,3319.13,measure_50-50A2780cisIC50tre1uM_5000Thres_day_averages.csv,coculture_treated,,,0.0,
11.0,2711.56,measure_50-50A2780cisIC50tre1uM_5000Thres_day_averages.csv,coculture_treated,,,0.0,
11.0,3189.72,measure_50-50A2780cisIC50tre1uM_5000Thres_well_day_averages.csv,coculture_treated,,,0.0,
11.0,3536.23,measure_50-50A2780cisIC50tre1uM_5000Thres_well_day_averages.csv,coculture_treated,,,0.0,
11.0,3122.0,measure_50-50A2780cisIC50tre1uM_5000Thres_well_day_averages.csv,coculture_treated,,,0.0,
11.0,3935.72,measure_50-50A2780cisIC50tre1uM_5000Thres_well_day_averages.csv,coculture_treated,,,0.0,
11.0,2937.44,measure_50-50A2780cisIC50tre1uM_5000Thres_well_day_averages.csv,coculture_treated,,,0.0,
11.0,3193.65,measure_50-50A2780cisIC50tre1uM_5000Thres_well_day_averages.csv,coculture_treated,,,0.0,
11.0,3227.32,measure_50-50A2780cisIC50tre1uM_5000Thres_well_day_averages.csv,coculture_treated,,,0.0,
11.0,3204.06,measure_50-50A2780cisIC50tre1uM_5000Thres_well_day_averages.csv,coculture_treated,,,0.0,
11.0,2595.23,measure_50-50A2780cisIC50tre1uM_5000Thres_well_day_averages.csv,coculture_treated,,,0.0,
11.0,2804.05,measure_50-50A2780cisIC50tre1uM_5000Thres_well_day_averages.csv,coculture_treated,,,0.0,
11.0,2289.33,measure_50-50A2780cisIC50tre1uM_5000Thres_well_day_averages.csv,coculture_treated,,,0.0,
11.0,2149.35,measure_50-50A2780cisIC50tre1uM_5000Thres_well_day_averages.csv,coculture_treated,,,0.0,
11.0,2132.98,measure_75-25A2780IC50tre1uM_2000Thres_day_averages.csv,coculture_treated,,,0.0,
11.0,1744.18,measure_75-25A2780IC50tre1uM_2000Thres_day_averages.csv,coculture_treated,,,0.0,
11.0,1845.98,measure_75-25A2780IC50tre1uM_2000Thres_well_day_averages.csv,coculture_treated,,,0.0,
11.0,2343.35,measure_75-25A2780IC50tre1uM_2000Thres_well_day_averages.csv,coculture_treated,,,0.0,
11.0,1663.22,measure_75-25A2780IC50tre1uM_2000Thres_well_day_averages.csv,coculture_treated,,,0.0,
11.0,2807.89,measure_75-25A2780IC50tre1uM_2000Thres_well_day_averages.csv,coculture_treated,,,0.0,
11.0,1741.06,measure_75-25A2780IC50tre1uM_2000Thres_well_day_averages.csv,coculture_treated,,,0.0,
11.0,2396.37,measure_75-25A2780IC50tre1uM_2000Thres_well_day_averages.csv,coculture_treated,,,0.0,
11.0,1807.76,measure_75-25A2780IC50tre1uM_2000Thres_well_day_averages.csv,coculture_treated,,,0.0,
11.0,2222.32,measure_75-25A2780IC50tre1uM_2000Thres_well_day_averages.csv,coculture_treated,,,0.0,
11.0,1307.92,measure_75-25A2780IC50tre1uM_2000Thres_well_day_averages.csv,coculture_treated,,,0.0,
11.0,2036.88,measure_75-25A2780IC50tre1uM_2000Thres_well_day_averages.csv,coculture_treated,,,0.0,
11.0,1130.64,measure_75-25A2780IC50tre1uM_2000Thres_well_day_averages.csv,coculture_treated,,,0.0,
11.0,1959.53,measure_75-25A2780IC50tre1uM_2000Thres_well_day_averages.csv,coculture_treated,,,0.0,
11.0,1896.8,measure_75-25A2780cisIC50tre1uM_5000Thres_day_averages.csv,coculture_treated,,,0.0,
11.0,1719.3,measure_75-25A2780cisIC50tre1uM_5000Thres_day_averages.csv,coculture_treated,,,0.0,
11.0,2199.51,measure_75-25A2780cisIC50tre1uM_5000Thres_well_day_averages.csv,coculture_treated,,,0.0,
11.0,2262.82,measure_75-25A2780cisIC50tre1uM_5000Thres_well_day_averages.csv,coculture_treated,,,0.0,
11.0,1427.46,measure_75-25A2780cisIC50tre1uM_5000Thres_well_day_averages.csv,coculture_treated,,,0.0,
11.0,1896.38,measure_75-25A2780cisIC50tre1uM_5000Thres_well_day_averages.csv,coculture_treated,,,0.0,
11.0,1845.35,measure_75-25A2780cisIC50tre1uM_5000Thres_well_day_averages.csv,coculture_treated,,,0.0,
11.0,1749.29,measure_75-25A2780cisIC50tre1uM_5000Thres_well_day_averages.csv,coculture_treated,,,0.0,
11.0,1686.73,measure_75-25A2780cisIC50tre1uM_5000Thres_well_day_averages.csv,coculture_treated,,,0.0,
11.0,2099.37,measure_75-25A2780cisIC50tre1uM_5000Thres_well_day_averages.csv,coculture_treated,,,0.0,
11.0,1765.41,measure_75-25A2780cisIC50tre1uM_5000Thres_well_day_averages.csv,coculture_treated,,,0.0,
11.0,1512.84,measure_75-25A2780cisIC50tre1uM_5000Thres_well_day_averages.csv,coculture_treated,,,0.0,
11.0,1991.49,measure_75-25A2780cisIC50tre1uM_5000Thres_well_day_averages.csv,coculture_treated,,,0.0,
11.0,1259.98,measure_75-25A2780cisIC50tre1uM_5000Thres_well_day_averages.csv,coculture_treated,,,0.0,
12.0,2308.25,combined_day_averages.csv,coculture_treated,,,0.0,
12.0,1939.12,combined_day_averages.csv,coculture_treated,,,0.0,
12.0,1271.07,combined_day_averages.csv,coculture_treated,,,0.0,
12.0,564.25,combined_day_averages.csv,coculture_treated,,,0.0,
12.0,1183.66,combined_day_averages.csv,coculture_treated,,,0.0,
12.0,1500.2,combined_day_averages.csv,coculture_treated,,,0.0,
12.0,2743.47,combined_day_averages.csv,coculture_treated,,,0.0,
12.0,2136.78,combined_day_averages.csv,coculture_treated,,,0.0,
12.0,1458.72,combined_day_averages.csv,coculture_treated,,,0.0,
12.0,788.84,combined_day_averages.csv,coculture_treated,,,0.0,
12.0,1456.92,combined_day_averages.csv,coculture_treated,,,0.0,
12.0,1827.71,combined_day_averages.csv,coculture_treated,,,0.0,
12.0,2258.33,combined_well_day_averages.csv,coculture_treated,,,0.0,
12.0,1850.97,combined_well_day_averages.csv,coculture_treated,,,0.0,
12.0,2110.3,combined_well_day_averages.csv,coculture_treated,,,0.0,
12.0,2293.85,combined_well_day_averages.csv,coculture_treated,,,0.0,
12.0,1792.31,combined_well_day_averages.csv,coculture_treated,,,0.0,
12.0,3543.73,combined_well_day_averages.csv,coculture_treated,,,0.0,
12.0,1887.6,combined_well_day_averages.csv,coculture_treated,,,0.0,
12.0,2459.1,combined_well_day_averages.csv,coculture_treated,,,0.0,
12.0,2862.58,combined_well_day_averages.csv,coculture_treated,,,0.0,
12.0,1700.97,combined_well_day_averages.csv,coculture_treated,,,0.0,
12.0,1353.14,combined_well_day_averages.csv,coculture_treated,,,0.0,
12.0,1371.34,combined_well_day_averages.csv,coculture_treated,,,0.0,
12.0,1811.13,combined_well_day_averages.csv,coculture_treated,,,0.0,
12.0,1433.29,combined_well_day_averages.csv,coculture_treated,,,0.0,
12.0,994.77,combined_well_day_averages.csv,coculture_treated,,,0.0,
12.0,998.27,combined_well_day_averages.csv,coculture_treated,,,0.0,
12.0,1671.44,combined_well_day_averages.csv,coculture_treated,,,0.0,
12.0,717.52,combined_well_day_averages.csv,coculture_treated,,,0.0,
12.0,450.46,combined_well_day_averages.csv,coculture_treated,,,0.0,
12.0,486.72,combined_well_day_averages.csv,coculture_treated,,,0.0,
12.0,413.37,combined_well_day_averages.csv,coculture_treated,,,0.0,
12.0,594.88,combined_well_day_averages.csv,coculture_treated,,,0.0,
12.0,320.43,combined_well_day_averages.csv,coculture_treated,,,0.0,
12.0,1119.62,combined_well_day_averages.csv,coculture_treated,,,0.0,
12.0,930.57,combined_well_day_averages.csv,coculture_treated,,,0.0,
12.0,1588.22,combined_well_day_averages.csv,coculture_treated,,,0.0,
12.0,1710.01,combined_well_day_averages.csv,coculture_treated,,,0.0,
12.0,871.56,combined_well_day_averages.csv,coculture_treated,,,0.0,
12.0,860.76,combined_well_day_averages.csv,coculture_treated,,,0.0,
12.0,1140.84,combined_well_day_averages.csv,coculture_treated,,,0.0,
12.0,1216.56,combined_well_day_averages.csv,coculture_treated,,,0.0,
12.0,1892.56,combined_well_day_averages.csv,coculture_treated,,,0.0,
12.0,941.1,combined_well_day_averages.csv,coculture_treated,,,0.0,
12.0,1996.35,combined_well_day_averages.csv,coculture_treated,,,0.0,
12.0,1830.39,combined_well_day_averages.csv,coculture_treated,,,0.0,
12.0,1124.21,combined_well_day_averages.csv,coculture_treated,,,0.0,
12.0,2294.91,combined_well_day_averages.csv,coculture_treated,,,0.0,
12.0,3075.27,combined_well_day_averages.csv,coculture_treated,,,0.0,
12.0,3151.04,combined_well_day_averages.csv,coculture_treated,,,0.0,
12.0,2309.79,combined_well_day_averages.csv,coculture_treated,,,0.0,
12.0,2225.61,combined_well_day_averages.csv,coculture_treated,,,0.0,
12.0,3404.22,combined_well_day_averages.csv,coculture_treated,,,0.0,
12.0,2336.94,combined_well_day_averages.csv,coculture_treated,,,0.0,
12.0,1961.45,combined_well_day_averages.csv,coculture_treated,,,0.0,
12.0,2346.35,combined_well_day_averages.csv,coculture_treated,,,0.0,
12.0,2764.93,combined_well_day_averages.csv,coculture_treated,,,0.0,
12.0,1625.98,combined_well_day_averages.csv,coculture_treated,,,0.0,
12.0,1785.05,combined_well_day_averages.csv,coculture_treated,,,0.0,
12.0,1596.83,combined_well_day_averages.csv,coculture_treated,,,0.0,
12.0,1601.31,combined_well_day_averages.csv,coculture_treated,,,0.0,
12.0,1409.37,combined_well_day_averages.csv,coculture_treated,,,0.0,
12.0,1038.25,combined_well_day_averages.csv,coculture_treated,,,0.0,
12.0,1784.33,combined_well_day_averages.csv,coculture_treated,,,0.0,
12.0,1322.21,combined_well_day_averages.csv,coculture_treated,,,0.0,
12.0,812.28,combined_well_day_averages.csv,coculture_treated,,,0.0,
12.0,1186.32,combined_well_day_averages.csv,coculture_treated,,,0.0,
12.0,834.22,combined_well_day_averages.csv,coculture_treated,,,0.0,
12.0,651.02,combined_well_day_averages.csv,coculture_treated,,,0.0,
12.0,541.65,combined_well_day_averages.csv,coculture_treated,,,0.0,
12.0,707.55,combined_well_day_averages.csv,coculture_treated,,,0.0,
12.0,1455.12,combined_well_day_averages.csv,coculture_treated,,,0.0,
12.0,1319.8,combined_well_day_averages.csv,coculture_treated,,,0.0,
12.0,1450.18,combined_well_day_averages.csv,coculture_treated,,,0.0,
12.0,1850.43,combined_well_day_averages.csv,coculture_treated,,,0.0,
12.0,1242.6,combined_well_day_averages.csv,coculture_treated,,,0.0,
12.0,1423.36,combined_well_day_averages.csv,coculture_treated,,,0.0,
12.0,1835.36,combined_well_day_averages.csv,coculture_treated,,,0.0,
12.0,2484.61,combined_well_day_averages.csv,coculture_treated,,,0.0,
12.0,1330.43,combined_well_day_averages.csv,coculture_treated,,,0.0,
12.0,1791.71,combined_well_day_averages.csv,coculture_treated,,,0.0,
12.0,1437.85,combined_well_day_averages.csv,coculture_treated,,,0.0,
12.0,2086.29,combined_well_day_averages.csv,coculture_treated,,,0.0,
12.0,564.25,measure_25-75A2780IC50tre1uM_2000Thres_day_averages.csv,coculture_treated,,,0.0,
12.0,788.84,measure_25-75A2780IC50tre1uM_2000Thres_day_averages.csv,coculture_treated,,,0.0,
12.0,450.46,measure_25-75A2780IC50tre1uM_2000Thres_well_day_averages.csv,coculture_treated,,,0.0,
12.0,486.72,measure_25-75A2780IC50tre1uM_2000Thres_well_day_averages.csv,coculture_treated,,,0.0,
12.0,413.37,measure_25-75A2780IC50tre1uM_2000Thres_well_day_averages.csv,coculture_treated,,,0.0,
12.0,594.88,measure_25-75A2780IC50tre1uM_2000Thres_well_day_averages.csv,coculture_treated,,,0.0,
12.0,320.43,measure_25-75A2780IC50tre1uM_2000Thres_well_day_averages.csv,coculture_treated,,,0.0,
12.0,1119.62,measure_25-75A2780IC50tre1uM_2000Thres_well_day_averages.csv,coculture_treated,,,0.0,
12.0,812.28,measure_25-75A2780IC50tre1uM_2000Thres_well_day_averages.csv,coculture_treated,,,0.0,
12.0,1186.32,measure_25-75A2780IC50tre1uM_2000Thres_well_day_averages.csv,coculture_treated,,,0.0,
12.0,834.22,measure_25-75A2780IC50tre1uM_2000Thres_well_day_averages.csv,coculture_treated,,,0.0,
12.0,651.02,measure_25-75A2780IC50tre1uM_2000Thres_well_day_averages.csv,coculture_treated,,,0.0,
12.0,541.65,measure_25-75A2780IC50tre1uM_2000Thres_well_day_averages.csv,coculture_treated,,,0.0,
12.0,707.55,measure_25-75A2780IC50tre1uM_2000Thres_well_day_averages.csv,coculture_treated,,,0.0,
12.0,2308.25,measure_25-75A2780cisIC50tre1uM_5000Thres_day_averages.csv,coculture_treated,,,0.0,
12.0,2743.47,measure_25-75A2780cisIC50tre1uM_5000Thres_day_averages.csv,coculture_treated,,,0.0,
12.0,2258.33,measure_25-75A2780cisIC50tre1uM_5000Thres_well_day_averages.csv,coculture_treated,,,0.0,
12.0,1850.97,measure_25-75A2780cisIC50tre1uM_5000Thres_well_day_averages.csv,coculture_treated,,,0.0,
12.0,2110.3,measure_25-75A2780cisIC50tre1uM_5000Thres_well_day_averages.csv,coculture_treated,,,0.0,
12.0,2293.85,measure_25-75A2780cisIC50tre1uM_5000Thres_well_day_averages.csv,coculture_treated,,,0.0,
12.0,1792.31,measure_25-75A2780cisIC50tre1uM_5000Thres_well_day_averages.csv,coculture_treated,,,0.0,
12.0,3543.73,measure_25-75A2780cisIC50tre1uM_5000Thres_well_day_averages.csv,coculture_treated,,,0.0,
12.0,2294.91,measure_25-75A2780cisIC50tre1uM_5000Thres_well_day_averages.csv,coculture_treated,,,0.0,
12.0,3075.27,measure_25-75A2780cisIC50tre1uM_5000Thres_well_day_averages.csv,coculture_treated,,,0.0,
12.0,3151.04,measure_25-75A2780cisIC50tre1uM_5000Thres_well_day_averages.csv,coculture_treated,,,0.0,
12.0,2309.79,measure_25-75A2780cisIC50tre1uM_5000Thres_well_day_averages.csv,coculture_treated,,,0.0,
12.0,2225.61,measure_25-75A2780cisIC50tre1uM_5000Thres_well_day_averages.csv,coculture_treated,,,0.0,
12.0,3404.22,measure_25-75A2780cisIC50tre1uM_5000Thres_well_day_averages.csv,coculture_treated,,,0.0,
12.0,1183.66,measure_50-50A2780IC50tre1uM_2000Thres_day_averages.csv,coculture_treated,,,0.0,
12.0,1456.92,measure_50-50A2780IC50tre1uM_2000Thres_day_averages.csv,coculture_treated,,,0.0,
12.0,930.57,measure_50-50A2780IC50tre1uM_2000Thres_well_day_averages.csv,coculture_treated,,,0.0,
12.0,1588.22,measure_50-50A2780IC50tre1uM_2000Thres_well_day_averages.csv,coculture_treated,,,0.0,
12.0,1710.01,measure_50-50A2780IC50tre1uM_2000Thres_well_day_averages.csv,coculture_treated,,,0.0,
12.0,871.56,measure_50-50A2780IC50tre1uM_2000Thres_well_day_averages.csv,coculture_treated,,,0.0,
12.0,860.76,measure_50-50A2780IC50tre1uM_2000Thres_well_day_averages.csv,coculture_treated,,,0.0,
12.0,1140.84,measure_50-50A2780IC50tre1uM_2000Thres_well_day_averages.csv,coculture_treated,,,0.0,
12.0,1455.12,measure_50-50A2780IC50tre1uM_2000Thres_well_day_averages.csv,coculture_treated,,,0.0,
12.0,1319.8,measure_50-50A2780IC50tre1uM_2000Thres_well_day_averages.csv,coculture_treated,,,0.0,
12.0,1450.18,measure_50-50A2780IC50tre1uM_2000Thres_well_day_averages.csv,coculture_treated,,,0.0,
12.0,1850.43,measure_50-50A2780IC50tre1uM_2000Thres_well_day_averages.csv,coculture_treated,,,0.0,
12.0,1242.6,measure_50-50A2780IC50tre1uM_2000Thres_well_day_averages.csv,coculture_treated,,,0.0,
12.0,1423.36,measure_50-50A2780IC50tre1uM_2000Thres_well_day_averages.csv,coculture_treated,,,0.0,
12.0,1939.12,measure_50-50A2780cisIC50tre1uM_5000Thres_day_averages.csv,coculture_treated,,,0.0,
12.0,2136.78,measure_50-50A2780cisIC50tre1uM_5000Thres_day_averages.csv,coculture_treated,,,0.0,
12.0,1887.6,measure_50-50A2780cisIC50tre1uM_5000Thres_well_day_averages.csv,coculture_treated,,,0.0,
12.0,2459.1,measure_50-50A2780cisIC50tre1uM_5000Thres_well_day_averages.csv,coculture_treated,,,0.0,
12.0,2862.58,measure_50-50A2780cisIC50tre1uM_5000Thres_well_day_averages.csv,coculture_treated,,,0.0,
12.0,1700.97,measure_50-50A2780cisIC50tre1uM_5000Thres_well_day_averages.csv,coculture_treated,,,0.0,
12.0,1353.14,measure_50-50A2780cisIC50tre1uM_5000Thres_well_day_averages.csv,coculture_treated,,,0.0,
12.0,1371.34,measure_50-50A2780cisIC50tre1uM_5000Thres_well_day_averages.csv,coculture_treated,,,0.0,
12.0,2336.94,measure_50-50A2780cisIC50tre1uM_5000Thres_well_day_averages.csv,coculture_treated,,,0.0,
12.0,1961.45,measure_50-50A2780cisIC50tre1uM_5000Thres_well_day_averages.csv,coculture_treated,,,0.0,
12.0,2346.35,measure_50-50A2780cisIC50tre1uM_5000Thres_well_day_averages.csv,coculture_treated,,,0.0,
12.0,2764.93,measure_50-50A2780cisIC50tre1uM_5000Thres_well_day_averages.csv,coculture_treated,,,0.0,
12.0,1625.98,measure_50-50A2780cisIC50tre1uM_5000Thres_well_day_averages.csv,coculture_treated,,,0.0,
12.0,1785.05,measure_50-50A2780cisIC50tre1uM_5000Thres_well_day_averages.csv,coculture_treated,,,0.0,
12.0,1500.2,measure_75-25A2780IC50tre1uM_2000Thres_day_averages.csv,coculture_treated,,,0.0,
12.0,1827.71,measure_75-25A2780IC50tre1uM_2000Thres_day_averages.csv,coculture_treated,,,0.0,
12.0,1216.56,measure_75-25A2780IC50tre1uM_2000Thres_well_day_averages.csv,coculture_treated,,,0.0,
12.0,1892.56,measure_75-25A2780IC50tre1uM_2000Thres_well_day_averages.csv,coculture_treated,,,0.0,
12.0,941.1,measure_75-25A2780IC50tre1uM_2000Thres_well_day_averages.csv,coculture_treated,,,0.0,
12.0,1996.35,measure_75-25A2780IC50tre1uM_2000Thres_well_day_averages.csv,coculture_treated,,,0.0,
12.0,1830.39,measure_75-25A2780IC50tre1uM_2000Thres_well_day_averages.csv,coculture_treated,,,0.0,
12.0,1124.21,measure_75-25A2780IC50tre1uM_2000Thres_well_day_averages.csv,coculture_treated,,,0.0,
12.0,1835.36,measure_75-25A2780IC50tre1uM_2000Thres_well_day_averages.csv,coculture_treated,,,0.0,
12.0,2484.61,measure_75-25A2780IC50tre1uM_2000Thres_well_day_averages.csv,coculture_treated,,,0.0,
12.0,1330.43,measure_75-25A2780IC50tre1uM_2000Thres_well_day_averages.csv,coculture_treated,,,0.0,
12.0,1791.71,measure_75-25A2780IC50tre1uM_2000Thres_well_day_averages.csv,coculture_treated,,,0.0,
12.0,1437.85,measure_75-25A2780IC50tre1uM_2000Thres_well_day_averages.csv,coculture_treated,,,0.0,
12.0,2086.29,measure_75-25A2780IC50tre1uM_2000Thres_well_day_averages.csv,coculture_treated,,,0.0,
12.0,1271.07,measure_75-25A2780cisIC50tre1uM_5000Thres_day_averages.csv,coculture_treated,,,0.0,
12.0,1458.72,measure_75-25A2780cisIC50tre1uM_5000Thres_day_averages.csv,coculture_treated,,,0.0,
12.0,1811.13,measure_75-25A2780cisIC50tre1uM_5000Thres_well_day_averages.csv,coculture_treated,,,0.0,
12.0,1433.29,measure_75-25A2780cisIC50tre1uM_5000Thres_well_day_averages.csv,coculture_treated,,,0.0,
12.0,994.77,measure_75-25A2780cisIC50tre1uM_5000Thres_well_day_averages.csv,coculture_treated,,,0.0,
12.0,998.27,measure_75-25A2780cisIC50tre1uM_5000Thres_well_day_averages.csv,coculture_treated,,,0.0,
12.0,1671.44,measure_75-25A2780cisIC50tre1uM_5000Thres_well_day_averages.csv,coculture_treated,,,0.0,
12.0,717.52,measure_75-25A2780cisIC50tre1uM_5000Thres_well_day_averages.csv,coculture_treated,,,0.0,
12.0,1596.83,measure_75-25A2780cisIC50tre1uM_5000Thres_well_day_averages.csv,coculture_treated,,,0.0,
12.0,1601.31,measure_75-25A2780cisIC50tre1uM_5000Thres_well_day_averages.csv,coculture_treated,,,0.0,
12.0,1409.37,measure_75-25A2780cisIC50tre1uM_5000Thres_well_day_averages.csv,coculture_treated,,,0.0,
12.0,1038.25,measure_75-25A2780cisIC50tre1uM_5000Thres_well_day_averages.csv,coculture_treated,,,0.0,
12.0,1784.33,measure_75-25A2780cisIC50tre1uM_5000Thres_well_day_averages.csv,coculture_treated,,,0.0,
12.0,1322.21,measure_75-25A2780cisIC50tre1uM_5000Thres_well_day_averages.csv,coculture_treated,,,0.0,
13.0,3826.77,combined_day_averages.csv,coculture_treated,,,0.0,
13.0,3037.84,combined_day_averages.csv,coculture_treated,,,0.0,
13.0,2274.65,combined_day_averages.csv,coculture_treated,,,0.0,
13.0,1105.27,combined_day_averages.csv,coculture_treated,,,0.0,
13.0,1283.01,combined_day_averages.csv,coculture_treated,,,0.0,
13.0,1762.65,combined_day_averages.csv,coculture_treated,,,0.0,
13.0,3918.68,combined_day_averages.csv,coculture_treated,,,0.0,
13.0,3352.32,combined_day_averages.csv,coculture_treated,,,0.0,
13.0,2386.66,combined_day_averages.csv,coculture_treated,,,0.0,
13.0,1077.72,combined_day_averages.csv,coculture_treated,,,0.0,
13.0,1700.33,combined_day_averages.csv,coculture_treated,,,0.0,
13.0,1923.91,combined_day_averages.csv,coculture_treated,,,0.0,
13.0,3468.8,combined_well_day_averages.csv,coculture_treated,,,0.0,
13.0,4202.84,combined_well_day_averages.csv,coculture_treated,,,0.0,
13.0,3603.66,combined_well_day_averages.csv,coculture_treated,,,0.0,
13.0,4128.95,combined_well_day_averages.csv,coculture_treated,,,0.0,
13.0,3174.64,combined_well_day_averages.csv,coculture_treated,,,0.0,
13.0,4381.75,combined_well_day_averages.csv,coculture_treated,,,0.0,
13.0,2999.52,combined_well_day_averages.csv,coculture_treated,,,0.0,
13.0,3297.68,combined_well_day_averages.csv,coculture_treated,,,0.0,
13.0,3202.26,combined_well_day_averages.csv,coculture_treated,,,0.0,
13.0,3469.21,combined_well_day_averages.csv,coculture_treated,,,0.0,
13.0,2390.29,combined_well_day_averages.csv,coculture_treated,,,0.0,
13.0,2868.09,combined_well_day_averages.csv,coculture_treated,,,0.0,
13.0,2614.74,combined_well_day_averages.csv,coculture_treated,,,0.0,
13.0,2413.08,combined_well_day_averages.csv,coculture_treated,,,0.0,
13.0,1909.95,combined_well_day_averages.csv,coculture_treated,,,0.0,
13.0,2399.25,combined_well_day_averages.csv,coculture_treated,,,0.0,
13.0,2866.66,combined_well_day_averages.csv,coculture_treated,,,0.0,
13.0,1444.23,combined_well_day_averages.csv,coculture_treated,,,0.0,
13.0,504.87,combined_well_day_averages.csv,coculture_treated,,,0.0,
13.0,1434.1,combined_well_day_averages.csv,coculture_treated,,,0.0,
13.0,432.46,combined_well_day_averages.csv,coculture_treated,,,0.0,
13.0,873.51,combined_well_day_averages.csv,coculture_treated,,,0.0,
13.0,485.45,combined_well_day_averages.csv,coculture_treated,,,0.0,
13.0,2901.24,combined_well_day_averages.csv,coculture_treated,,,0.0,
13.0,1051.62,combined_well_day_averages.csv,coculture_treated,,,0.0,
13.0,1737.68,combined_well_day_averages.csv,coculture_treated,,,0.0,
13.0,1130.56,combined_well_day_averages.csv,coculture_treated,,,0.0,
13.0,1558.78,combined_well_day_averages.csv,coculture_treated,,,0.0,
13.0,909.79,combined_well_day_averages.csv,coculture_treated,,,0.0,
13.0,1309.65,combined_well_day_averages.csv,coculture_treated,,,0.0,
13.0,1527.41,combined_well_day_averages.csv,coculture_treated,,,0.0,
13.0,2538.12,combined_well_day_averages.csv,coculture_treated,,,0.0,
13.0,1111.68,combined_well_day_averages.csv,coculture_treated,,,0.0,
13.0,2351.89,combined_well_day_averages.csv,coculture_treated,,,0.0,
13.0,1522.61,combined_well_day_averages.csv,coculture_treated,,,0.0,
13.0,1524.2,combined_well_day_averages.csv,coculture_treated,,,0.0,
13.0,3946.4,combined_well_day_averages.csv,coculture_treated,,,0.0,
13.0,4139.24,combined_well_day_averages.csv,coculture_treated,,,0.0,
13.0,3674.58,combined_well_day_averages.csv,coculture_treated,,,0.0,
13.0,3989.53,combined_well_day_averages.csv,coculture_treated,,,0.0,
13.0,3426.96,combined_well_day_averages.csv,coculture_treated,,,0.0,
13.0,4335.36,combined_well_day_averages.csv,coculture_treated,,,0.0,
13.0,3481.45,combined_well_day_averages.csv,coculture_treated,,,0.0,
13.0,3332.59,combined_well_day_averages.csv,coculture_treated,,,0.0,
13.0,3441.56,combined_well_day_averages.csv,coculture_treated,,,0.0,
13.0,3714.91,combined_well_day_averages.csv,coculture_treated,,,0.0,
13.0,2852.41,combined_well_day_averages.csv,coculture_treated,,,0.0,
13.0,3291.01,combined_well_day_averages.csv,coculture_treated,,,0.0,
13.0,2378.01,combined_well_day_averages.csv,coculture_treated,,,0.0,
13.0,2804.32,combined_well_day_averages.csv,coculture_treated,,,0.0,
13.0,2737.72,combined_well_day_averages.csv,coculture_treated,,,0.0,
13.0,2248.9,combined_well_day_averages.csv,coculture_treated,,,0.0,
13.0,2318.55,combined_well_day_averages.csv,coculture_treated,,,0.0,
13.0,1832.48,combined_well_day_averages.csv,coculture_treated,,,0.0,
13.0,1509.84,combined_well_day_averages.csv,coculture_treated,,,0.0,
13.0,1101.54,combined_well_day_averages.csv,coculture_treated,,,0.0,
13.0,563.21,combined_well_day_averages.csv,coculture_treated,,,0.0,
13.0,666.5,combined_well_day_averages.csv,coculture_treated,,,0.0,
13.0,735.97,combined_well_day_averages.csv,coculture_treated,,,0.0,
13.0,1889.24,combined_well_day_averages.csv,coculture_treated,,,0.0,
13.0,1526.08,combined_well_day_averages.csv,coculture_treated,,,0.0,
13.0,1966.08,combined_well_day_averages.csv,coculture_treated,,,0.0,
13.0,1566.86,combined_well_day_averages.csv,coculture_treated,,,0.0,
13.0,2105.73,combined_well_day_averages.csv,coculture_treated,,,0.0,
13.0,1312.42,combined_well_day_averages.csv,coculture_treated,,,0.0,
13.0,1724.79,combined_well_day_averages.csv,coculture_treated,,,0.0,
13.0,1853.07,combined_well_day_averages.csv,coculture_treated,,,0.0,
13.0,2743.1,combined_well_day_averages.csv,coculture_treated,,,0.0,
13.0,1395.0,combined_well_day_averages.csv,coculture_treated,,,0.0,
13.0,2009.87,combined_well_day_averages.csv,coculture_treated,,,0.0,
13.0,1456.2,combined_well_day_averages.csv,coculture_treated,,,0.0,
13.0,2086.21,combined_well_day_averages.csv,coculture_treated,,,0.0,
13.0,1105.27,measure_25-75A2780IC50tre1uM_2000Thres_day_averages.csv,coculture_treated,,,0.0,
13.0,1077.72,measure_25-75A2780IC50tre1uM_2000Thres_day_averages.csv,coculture_treated,,,0.0,
13.0,504.87,measure_25-75A2780IC50tre1uM_2000Thres_well_day_averages.csv,coculture_treated,,,0.0,
13.0,1434.1,measure_25-75A2780IC50tre1uM_2000Thres_well_day_averages.csv,coculture_treated,,,0.0,
13.0,432.46,measure_25-75A2780IC50tre1uM_2000Thres_well_day_averages.csv,coculture_treated,,,0.0,
13.0,873.51,measure_25-75A2780IC50tre1uM_2000Thres_well_day_averages.csv,coculture_treated,,,0.0,
13.0,485.45,measure_25-75A2780IC50tre1uM_2000Thres_well_day_averages.csv,coculture_treated,,,0.0,
13.0,2901.24,measure_25-75A2780IC50tre1uM_2000Thres_well_day_averages.csv,coculture_treated,,,0.0,
13.0,1509.84,measure_25-75A2780IC50tre1uM_2000Thres_well_day_averages.csv,coculture_treated,,,0.0,
13.0,1101.54,measure_25-75A2780IC50tre1uM_2000Thres_well_day_averages.csv,coculture_treated,,,0.0,
13.0,563.21,measure_25-75A2780IC50tre1uM_2000Thres_well_day_averages.csv,coculture_treated,,,0.0,
13.0,666.5,measure_25-75A2780IC50tre1uM_2000Thres_well_day_averages.csv,coculture_treated,,,0.0,
13.0,735.97,measure_25-75A2780IC50tre1uM_2000Thres_well_day_averages.csv,coculture_treated,,,0.0,
13.0,1889.24,measure_25-75A2780IC50tre1uM_2000Thres_well_day_averages.csv,coculture_treated,,,0.0,
13.0,3826.77,measure_25-75A2780cisIC50tre1uM_5000Thres_day_averages.csv,coculture_treated,,,0.0,
13.0,3918.68,measure_25-75A2780cisIC50tre1uM_5000Thres_day_averages.csv,coculture_treated,,,0.0,
13.0,3468.8,measure_25-75A2780cisIC50tre1uM_5000Thres_well_day_averages.csv,coculture_treated,,,0.0,
13.0,4202.84,measure_25-75A2780cisIC50tre1uM_5000Thres_well_day_averages.csv,coculture_treated,,,0.0,
13.0,3603.66,measure_25-75A2780cisIC50tre1uM_5000Thres_well_day_averages.csv,coculture_treated,,,0.0,
13.0,4128.95,measure_25-75A2780cisIC50tre1uM_5000Thres_well_day_averages.csv,coculture_treated,,,0.0,
13.0,3174.64,measure_25-75A2780cisIC50tre1uM_5000Thres_well_day_averages.csv,coculture_treated,,,0.0,
13.0,4381.75,measure_25-75A2780cisIC50tre1uM_5000Thres_well_day_averages.csv,coculture_treated,,,0.0,
13.0,3946.4,measure_25-75A2780cisIC50tre1uM_5000Thres_well_day_averages.csv,coculture_treated,,,0.0,
13.0,4139.24,measure_25-75A2780cisIC50tre1uM_5000Thres_well_day_averages.csv,coculture_treated,,,0.0,
13.0,3674.58,measure_25-75A2780cisIC50tre1uM_5000Thres_well_day_averages.csv,coculture_treated,,,0.0,
13.0,3989.53,measure_25-75A2780cisIC50tre1uM_5000Thres_well_day_averages.csv,coculture_treated,,,0.0,
13.0,3426.96,measure_25-75A2780cisIC50tre1uM_5000Thres_well_day_averages.csv,coculture_treated,,,0.0,
13.0,4335.36,measure_25-75A2780cisIC50tre1uM_5000Thres_well_day_averages.csv,coculture_treated,,,0.0,
13.0,1283.01,measure_50-50A2780IC50tre1uM_2000Thres_day_averages.csv,coculture_treated,,,0.0,
13.0,1700.33,measure_50-50A2780IC50tre1uM_2000Thres_day_averages.csv,coculture_treated,,,0.0,
13.0,1051.62,measure_50-50A2780IC50tre1uM_2000Thres_well_day_averages.csv,coculture_treated,,,0.0,
13.0,1737.68,measure_50-50A2780IC50tre1uM_2000Thres_well_day_averages.csv,coculture_treated,,,0.0,
13.0,1130.56,measure_50-50A2780IC50tre1uM_2000Thres_well_day_averages.csv,coculture_treated,,,0.0,
13.0,1558.78,measure_50-50A2780IC50tre1uM_2000Thres_well_day_averages.csv,coculture_treated,,,0.0,
13.0,909.79,measure_50-50A2780IC50tre1uM_2000Thres_well_day_averages.csv,coculture_treated,,,0.0,
13.0,1309.65,measure_50-50A2780IC50tre1uM_2000Thres_well_day_averages.csv,coculture_treated,,,0.0,
13.0,1526.08,measure_50-50A2780IC50tre1uM_2000Thres_well_day_averages.csv,coculture_treated,,,0.0,
13.0,1966.08,measure_50-50A2780IC50tre1uM_2000Thres_well_day_averages.csv,coculture_treated,,,0.0,
13.0,1566.86,measure_50-50A2780IC50tre1uM_2000Thres_well_day_averages.csv,coculture_treated,,,0.0,
13.0,2105.73,measure_50-50A2780IC50tre1uM_2000Thres_well_day_averages.csv,coculture_treated,,,0.0,
13.0,1312.42,measure_50-50A2780IC50tre1uM_2000Thres_well_day_averages.csv,coculture_treated,,,0.0,
13.0,1724.79,measure_50-50A2780IC50tre1uM_2000Thres_well_day_averages.csv,coculture_treated,,,0.0,
13.0,3037.84,measure_50-50A2780cisIC50tre1uM_5000Thres_day_averages.csv,coculture_treated,,,0.0,
13.0,3352.32,measure_50-50A2780cisIC50tre1uM_5000Thres_day_averages.csv,coculture_treated,,,0.0,
13.0,2999.52,measure_50-50A2780cisIC50tre1uM_5000Thres_well_day_averages.csv,coculture_treated,,,0.0,
13.0,3297.68,measure_50-50A2780cisIC50tre1uM_5000Thres_well_day_averages.csv,coculture_treated,,,0.0,
13.0,3202.26,measure_50-50A2780cisIC50tre1uM_5000Thres_well_day_averages.csv,coculture_treated,,,0.0,
13.0,3469.21,measure_50-50A2780cisIC50tre1uM_5000Thres_well_day_averages.csv,coculture_treated,,,0.0,
13.0,2390.29,measure_50-50A2780cisIC50tre1uM_5000Thres_well_day_averages.csv,coculture_treated,,,0.0,
13.0,2868.09,measure_50-50A2780cisIC50tre1uM_5000Thres_well_day_averages.csv,coculture_treated,,,0.0,
13.0,3481.45,measure_50-50A2780cisIC50tre1uM_5000Thres_well_day_averages.csv,coculture_treated,,,0.0,
13.0,3332.59,measure_50-50A2780cisIC50tre1uM_5000Thres_well_day_averages.csv,coculture_treated,,,0.0,
13.0,3441.56,measure_50-50A2780cisIC50tre1uM_5000Thres_well_day_averages.csv,coculture_treated,,,0.0,
13.0,3714.91,measure_50-50A2780cisIC50tre1uM_5000Thres_well_day_averages.csv,coculture_treated,,,0.0,
13.0,2852.41,measure_50-50A2780cisIC50tre1uM_5000Thres_well_day_averages.csv,coculture_treated,,,0.0,
13.0,3291.01,measure_50-50A2780cisIC50tre1uM_5000Thres_well_day_averages.csv,coculture_treated,,,0.0,
13.0,1762.65,measure_75-25A2780IC50tre1uM_2000Thres_day_averages.csv,coculture_treated,,,0.0,
13.0,1923.91,measure_75-25A2780IC50tre1uM_2000Thres_day_averages.csv,coculture_treated,,,0.0,
13.0,1527.41,measure_75-25A2780IC50tre1uM_2000Thres_well_day_averages.csv,coculture_treated,,,0.0,
13.0,2538.12,measure_75-25A2780IC50tre1uM_2000Thres_well_day_averages.csv,coculture_treated,,,0.0,
13.0,1111.68,measure_75-25A2780IC50tre1uM_2000Thres_well_day_averages.csv,coculture_treated,,,0.0,
13.0,2351.89,measure_75-25A2780IC50tre1uM_2000Thres_well_day_averages.csv,coculture_treated,,,0.0,
13.0,1522.61,measure_75-25A2780IC50tre1uM_2000Thres_well_day_averages.csv,coculture_treated,,,0.0,
13.0,1524.2,measure_75-25A2780IC50tre1uM_2000Thres_well_day_averages.csv,coculture_treated,,,0.0,
13.0,1853.07,measure_75-25A2780IC50tre1uM_2000Thres_well_day_averages.csv,coculture_treated,,,0.0,
13.0,2743.1,measure_75-25A2780IC50tre1uM_2000Thres_well_day_averages.csv,coculture_treated,,,0.0,
13.0,1395.0,measure_75-25A2780IC50tre1uM_2000Thres_well_day_averages.csv,coculture_treated,,,0.0,
13.0,2009.87,measure_75-25A2780IC50tre1uM_2000Thres_well_day_averages.csv,coculture_treated,,,0.0,
13.0,1456.2,measure_75-25A2780IC50tre1uM_2000Thres_well_day_averages.csv,coculture_treated,,,0.0,
13.0,2086.21,measure_75-25A2780IC50tre1uM_2000Thres_well_day_averages.csv,coculture_treated,,,0.0,
13.0,2274.65,measure_75-25A2780cisIC50tre1uM_5000Thres_day_averages.csv,coculture_treated,,,0.0,
13.0,2386.66,measure_75-25A2780cisIC50tre1uM_5000Thres_day_averages.csv,coculture_treated,,,0.0,
13.0,2614.74,measure_75-25A2780cisIC50tre1uM_5000Thres_well_day_averages.csv,coculture_treated,,,0.0,
13.0,2413.08,measure_75-25A2780cisIC50tre1uM_5000Thres_well_day_averages.csv,coculture_treated,,,0.0,
13.0,1909.95,measure_75-25A2780cisIC50tre1uM_5000Thres_well_day_averages.csv,coculture_treated,,,0.0,
13.0,2399.25,measure_75-25A2780cisIC50tre1uM_5000Thres_well_day_averages.csv,coculture_treated,,,0.0,
13.0,2866.66,measure_75-25A2780cisIC50tre1uM_5000Thres_well_day_averages.csv,coculture_treated,,,0.0,
13.0,1444.23,measure_75-25A2780cisIC50tre1uM_5000Thres_well_day_averages.csv,coculture_treated,,,0.0,
13.0,2378.01,measure_75-25A2780cisIC50tre1uM_5000Thres_well_day_averages.csv,coculture_treated,,,0.0,
13.0,2804.32,measure_75-25A2780cisIC50tre1uM_5000Thres_well_day_averages.csv,coculture_treated,,,0.0,
13.0,2737.72,measure_75-25A2780cisIC50tre1uM_5000Thres_well_day_averages.csv,coculture_treated,,,0.0,
13.0,2248.9,measure_75-25A2780cisIC50tre1uM_5000Thres_well_day_averages.csv,coculture_treated,,,0.0,
13.0,2318.55,measure_75-25A2780cisIC50tre1uM_5000Thres_well_day_averages.csv,coculture_treated,,,0.0,
13.0,1832.48,measure_75-25A2780cisIC50tre1uM_5000Thres_well_day_averages.csv,coculture_treated,,,0.0,
14.0,2159.37,combined_day_averages.csv,coculture_treated,,,0.0,
14.0,1923.26,combined_day_averages.csv,coculture_treated,,,0.0,
14.0,1507.98,combined_day_averages.csv,coculture_treated,,,0.0,
14.0,404.8,combined_day_averages.csv,coculture_treated,,,0.0,
14.0,1010.31,combined_day_averages.csv,coculture_treated,,,0.0,
14.0,1454.53,combined_day_averages.csv,coculture_treated,,,0.0,
14.0,3231.24,combined_day_averages.csv,coculture_treated,,,0.0,
14.0,2315.28,combined_day_averages.csv,coculture_treated,,,0.0,
14.0,1738.67,combined_day_averages.csv,coculture_treated,,,0.0,
14.0,921.54,combined_day_averages.csv,coculture_treated,,,0.0,
14.0,1370.07,combined_day_averages.csv,coculture_treated,,,0.0,
14.0,1647.07,combined_day_averages.csv,coculture_treated,,,0.0,
14.0,1698.62,combined_well_day_averages.csv,coculture_treated,,,0.0,
14.0,2430.91,combined_well_day_averages.csv,coculture_treated,,,0.0,
14.0,2031.46,combined_well_day_averages.csv,coculture_treated,,,0.0,
14.0,1862.68,combined_well_day_averages.csv,coculture_treated,,,0.0,
14.0,2319.64,combined_well_day_averages.csv,coculture_treated,,,0.0,
14.0,2612.92,combined_well_day_averages.csv,coculture_treated,,,0.0,
14.0,2196.98,combined_well_day_averages.csv,coculture_treated,,,0.0,
14.0,1943.39,combined_well_day_averages.csv,coculture_treated,,,0.0,
14.0,2243.79,combined_well_day_averages.csv,coculture_treated,,,0.0,
14.0,1720.71,combined_well_day_averages.csv,coculture_treated,,,0.0,
14.0,1857.1,combined_well_day_averages.csv,coculture_treated,,,0.0,
14.0,1577.59,combined_well_day_averages.csv,coculture_treated,,,0.0,
14.0,1855.4,combined_well_day_averages.csv,coculture_treated,,,0.0,
14.0,1732.94,combined_well_day_averages.csv,coculture_treated,,,0.0,
14.0,1065.56,combined_well_day_averages.csv,coculture_treated,,,0.0,
14.0,1235.55,combined_well_day_averages.csv,coculture_treated,,,0.0,
14.0,1963.31,combined_well_day_averages.csv,coculture_treated,,,0.0,
14.0,1195.11,combined_well_day_averages.csv,coculture_treated,,,0.0,
14.0,177.04,combined_well_day_averages.csv,coculture_treated,,,0.0,
14.0,763.04,combined_well_day_averages.csv,coculture_treated,,,0.0,
14.0,386.31,combined_well_day_averages.csv,coculture_treated,,,0.0,
14.0,295.73,combined_well_day_averages.csv,coculture_treated,,,0.0,
14.0,458.47,combined_well_day_averages.csv,coculture_treated,,,0.0,
14.0,348.23,combined_well_day_averages.csv,coculture_treated,,,0.0,
14.0,1122.74,combined_well_day_averages.csv,coculture_treated,,,0.0,
14.0,1158.25,combined_well_day_averages.csv,coculture_treated,,,0.0,
14.0,1220.06,combined_well_day_averages.csv,coculture_treated,,,0.0,
14.0,948.9,combined_well_day_averages.csv,coculture_treated,,,0.0,
14.0,868.31,combined_well_day_averages.csv,coculture_treated,,,0.0,
14.0,743.58,combined_well_day_averages.csv,coculture_treated,,,0.0,
14.0,1176.95,combined_well_day_averages.csv,coculture_treated,,,0.0,
14.0,1876.95,combined_well_day_averages.csv,coculture_treated,,,0.0,
14.0,847.87,combined_well_day_averages.csv,coculture_treated,,,0.0,
14.0,1851.1,combined_well_day_averages.csv,coculture_treated,,,0.0,
14.0,1495.93,combined_well_day_averages.csv,coculture_treated,,,0.0,
14.0,1478.36,combined_well_day_averages.csv,coculture_treated,,,0.0,
14.0,2747.04,combined_well_day_averages.csv,coculture_treated,,,0.0,
14.0,3590.48,combined_well_day_averages.csv,coculture_treated,,,0.0,
14.0,3352.66,combined_well_day_averages.csv,coculture_treated,,,0.0,
14.0,3158.12,combined_well_day_averages.csv,coculture_treated,,,0.0,
14.0,2893.22,combined_well_day_averages.csv,coculture_treated,,,0.0,
14.0,3645.91,combined_well_day_averages.csv,coculture_treated,,,0.0,
14.0,2067.81,combined_well_day_averages.csv,coculture_treated,,,0.0,
14.0,2346.81,combined_well_day_averages.csv,coculture_treated,,,0.0,
14.0,2372.42,combined_well_day_averages.csv,coculture_treated,,,0.0,
14.0,2694.58,combined_well_day_averages.csv,coculture_treated,,,0.0,
14.0,2162.17,combined_well_day_averages.csv,coculture_treated,,,0.0,
14.0,2247.88,combined_well_day_averages.csv,coculture_treated,,,0.0,
14.0,1673.08,combined_well_day_averages.csv,coculture_treated,,,0.0,
14.0,1623.01,combined_well_day_averages.csv,coculture_treated,,,0.0,
14.0,1958.88,combined_well_day_averages.csv,coculture_treated,,,0.0,
14.0,1633.13,combined_well_day_averages.csv,coculture_treated,,,0.0,
14.0,1766.64,combined_well_day_averages.csv,coculture_treated,,,0.0,
14.0,1777.26,combined_well_day_averages.csv,coculture_treated,,,0.0,
14.0,903.52,combined_well_day_averages.csv,coculture_treated,,,0.0,
14.0,1309.58,combined_well_day_averages.csv,coculture_treated,,,0.0,
14.0,1276.13,combined_well_day_averages.csv,coculture_treated,,,0.0,
14.0,776.05,combined_well_day_averages.csv,coculture_treated,,,0.0,
14.0,723.96,combined_well_day_averages.csv,coculture_treated,,,0.0,
14.0,540.03,combined_well_day_averages.csv,coculture_treated,,,0.0,
14.0,1272.98,combined_well_day_averages.csv,coculture_treated,,,0.0,
14.0,1407.43,combined_well_day_averages.csv,coculture_treated,,,0.0,
14.0,1286.69,combined_well_day_averages.csv,coculture_treated,,,0.0,
14.0,1978.11,combined_well_day_averages.csv,coculture_treated,,,0.0,
14.0,1183.65,combined_well_day_averages.csv,coculture_treated,,,0.0,
14.0,1091.56,combined_well_day_averages.csv,coculture_treated,,,0.0,
14.0,1543.33,combined_well_day_averages.csv,coculture_treated,,,0.0,
14.0,2080.62,combined_well_day_averages.csv,coculture_treated,,,0.0,
14.0,1422.29,combined_well_day_averages.csv,coculture_treated,,,0.0,
14.0,1930.69,combined_well_day_averages.csv,coculture_treated,,,0.0,
14.0,1056.95,combined_well_day_averages.csv,coculture_treated,,,0.0,
14.0,1848.54,combined_well_day_averages.csv,coculture_treated,,,0.0,
14.0,404.8,measure_25-75A2780IC50tre1uM_2000Thres_day_averages.csv,coculture_treated,,,0.0,
14.0,921.54,measure_25-75A2780IC50tre1uM_2000Thres_day_averages.csv,coculture_treated,,,0.0,
14.0,177.04,measure_25-75A2780IC50tre1uM_2000Thres_well_day_averages.csv,coculture_treated,,,0.0,
14.0,763.04,measure_25-75A2780IC50tre1uM_2000Thres_well_day_averages.csv,coculture_treated,,,0.0,
14.0,386.31,measure_25-75A2780IC50tre1uM_2000Thres_well_day_averages.csv,coculture_treated,,,0.0,
14.0,295.73,measure_25-75A2780IC50tre1uM_2000Thres_well_day_averages.csv,coculture_treated,,,0.0,
14.0,458.47,measure_25-75A2780IC50tre1uM_2000Thres_well_day_averages.csv,coculture_treated,,,0.0,
14.0,348.23,measure_25-75A2780IC50tre1uM_2000Thres_well_day_averages.csv,coculture_treated,,,0.0,
14.0,903.52,measure_25-75A2780IC50tre1uM_2000Thres_well_day_averages.csv,coculture_treated,,,0.0,
14.0,1309.58,measure_25-75A2780IC50tre1uM_2000Thres_well_day_averages.csv,coculture_treated,,,0.0,
14.0,1276.13,measure_25-75A2780IC50tre1uM_2000Thres_well_day_averages.csv,coculture_treated,,,0.0,
14.0,776.05,measure_25-75A2780IC50tre1uM_2000Thres_well_day_averages.csv,coculture_treated,,,0.0,
14.0,723.96,measure_25-75A2780IC50tre1uM_2000Thres_well_day_averages.csv,coculture_treated,,,0.0,
14.0,540.03,measure_25-75A2780IC50tre1uM_2000Thres_well_day_averages.csv,coculture_treated,,,0.0,
14.0,2159.37,measure_25-75A2780cisIC50tre1uM_5000Thres_day_averages.csv,coculture_treated,,,0.0,
14.0,3231.24,measure_25-75A2780cisIC50tre1uM_5000Thres_day_averages.csv,coculture_treated,,,0.0,
14.0,1698.62,measure_25-75A2780cisIC50tre1uM_5000Thres_well_day_averages.csv,coculture_treated,,,0.0,
14.0,2430.91,measure_25-75A2780cisIC50tre1uM_5000Thres_well_day_averages.csv,coculture_treated,,,0.0,
14.0,2031.46,measure_25-75A2780cisIC50tre1uM_5000Thres_well_day_averages.csv,coculture_treated,,,0.0,
14.0,1862.68,measure_25-75A2780cisIC50tre1uM_5000Thres_well_day_averages.csv,coculture_treated,,,0.0,
14.0,2319.64,measure_25-75A2780cisIC50tre1uM_5000Thres_well_day_averages.csv,coculture_treated,,,0.0,
14.0,2612.92,measure_25-75A2780cisIC50tre1uM_5000Thres_well_day_averages.csv,coculture_treated,,,0.0,
14.0,2747.04,measure_25-75A2780cisIC50tre1uM_5000Thres_well_day_averages.csv,coculture_treated,,,0.0,
14.0,3590.48,measure_25-75A2780cisIC50tre1uM_5000Thres_well_day_averages.csv,coculture_treated,,,0.0,
14.0,3352.66,measure_25-75A2780cisIC50tre1uM_5000Thres_well_day_averages.csv,coculture_treated,,,0.0,
14.0,3158.12,measure_25-75A2780cisIC50tre1uM_5000Thres_well_day_averages.csv,coculture_treated,,,0.0,
14.0,2893.22,measure_25-75A2780cisIC50tre1uM_5000Thres_well_day_averages.csv,coculture_treated,,,0.0,
14.0,3645.91,measure_25-75A2780cisIC50tre1uM_5000Thres_well_day_averages.csv,coculture_treated,,,0.0,
14.0,1010.31,measure_50-50A2780IC50tre1uM_2000Thres_day_averages.csv,coculture_treated,,,0.0,
14.0,1370.07,measure_50-50A2780IC50tre1uM_2000Thres_day_averages.csv,coculture_treated,,,0.0,
14.0,1122.74,measure_50-50A2780IC50tre1uM_2000Thres_well_day_averages.csv,coculture_treated,,,0.0,
14.0,1158.25,measure_50-50A2780IC50tre1uM_2000Thres_well_day_averages.csv,coculture_treated,,,0.0,
14.0,1220.06,measure_50-50A2780IC50tre1uM_2000Thres_well_day_averages.csv,coculture_treated,,,0.0,
14.0,948.9,measure_50-50A2780IC50tre1uM_2000Thres_well_day_averages.csv,coculture_treated,,,0.0,
14.0,868.31,measure_50-50A2780IC50tre1uM_2000Thres_well_day_averages.csv,coculture_treated,,,0.0,
14.0,743.58,measure_50-50A2780IC50tre1uM_2000Thres_well_day_averages.csv,coculture_treated,,,0.0,
14.0,1272.98,measure_50-50A2780IC50tre1uM_2000Thres_well_day_averages.csv,coculture_treated,,,0.0,
14.0,1407.43,measure_50-50A2780IC50tre1uM_2000Thres_well_day_averages.csv,coculture_treated,,,0.0,
14.0,1286.69,measure_50-50A2780IC50tre1uM_2000Thres_well_day_averages.csv,coculture_treated,,,0.0,
14.0,1978.11,measure_50-50A2780IC50tre1uM_2000Thres_well_day_averages.csv,coculture_treated,,,0.0,
14.0,1183.65,measure_50-50A2780IC50tre1uM_2000Thres_well_day_averages.csv,coculture_treated,,,0.0,
14.0,1091.56,measure_50-50A2780IC50tre1uM_2000Thres_well_day_averages.csv,coculture_treated,,,0.0,
14.0,1923.26,measure_50-50A2780cisIC50tre1uM_5000Thres_day_averages.csv,coculture_treated,,,0.0,
14.0,2315.28,measure_50-50A2780cisIC50tre1uM_5000Thres_day_averages.csv,coculture_treated,,,0.0,
14.0,2196.98,measure_50-50A2780cisIC50tre1uM_5000Thres_well_day_averages.csv,coculture_treated,,,0.0,
14.0,1943.39,measure_50-50A2780cisIC50tre1uM_5000Thres_well_day_averages.csv,coculture_treated,,,0.0,
14.0,2243.79,measure_50-50A2780cisIC50tre1uM_5000Thres_well_day_averages.csv,coculture_treated,,,0.0,
14.0,1720.71,measure_50-50A2780cisIC50tre1uM_5000Thres_well_day_averages.csv,coculture_treated,,,0.0,
14.0,1857.1,measure_50-50A2780cisIC50tre1uM_5000Thres_well_day_averages.csv,coculture_treated,,,0.0,
14.0,1577.59,measure_50-50A2780cisIC50tre1uM_5000Thres_well_day_averages.csv,coculture_treated,,,0.0,
14.0,2067.81,measure_50-50A2780cisIC50tre1uM_5000Thres_well_day_averages.csv,coculture_treated,,,0.0,
14.0,2346.81,measure_50-50A2780cisIC50tre1uM_5000Thres_well_day_averages.csv,coculture_treated,,,0.0,
14.0,2372.42,measure_50-50A2780cisIC50tre1uM_5000Thres_well_day_averages.csv,coculture_treated,,,0.0,
14.0,2694.58,measure_50-50A2780cisIC50tre1uM_5000Thres_well_day_averages.csv,coculture_treated,,,0.0,
14.0,2162.17,measure_50-50A2780cisIC50tre1uM_5000Thres_well_day_averages.csv,coculture_treated,,,0.0,
14.0,2247.88,measure_50-50A2780cisIC50tre1uM_5000Thres_well_day_averages.csv,coculture_treated,,,0.0,
14.0,1454.53,measure_75-25A2780IC50tre1uM_2000Thres_day_averages.csv,coculture_treated,,,0.0,
14.0,1647.07,measure_75-25A2780IC50tre1uM_2000Thres_day_averages.csv,coculture_treated,,,0.0,
14.0,1176.95,measure_75-25A2780IC50tre1uM_2000Thres_well_day_averages.csv,coculture_treated,,,0.0,
14.0,1876.95,measure_75-25A2780IC50tre1uM_2000Thres_well_day_averages.csv,coculture_treated,,,0.0,
14.0,847.87,measure_75-25A2780IC50tre1uM_2000Thres_well_day_averages.csv,coculture_treated,,,0.0,
14.0,1851.1,measure_75-25A2780IC50tre1uM_2000Thres_well_day_averages.csv,coculture_treated,,,0.0,
14.0,1495.93,measure_75-25A2780IC50tre1uM_2000Thres_well_day_averages.csv,coculture_treated,,,0.0,
14.0,1478.36,measure_75-25A2780IC50tre1uM_2000Thres_well_day_averages.csv,coculture_treated,,,0.0,
14.0,1543.33,measure_75-25A2780IC50tre1uM_2000Thres_well_day_averages.csv,coculture_treated,,,0.0,
14.0,2080.62,measure_75-25A2780IC50tre1uM_2000Thres_well_day_averages.csv,coculture_treated,,,0.0,
14.0,1422.29,measure_75-25A2780IC50tre1uM_2000Thres_well_day_averages.csv,coculture_treated,,,0.0,
14.0,1930.69,measure_75-25A2780IC50tre1uM_2000Thres_well_day_averages.csv,coculture_treated,,,0.0,
14.0,1056.95,measure_75-25A2780IC50tre1uM_2000Thres_well_day_averages.csv,coculture_treated,,,0.0,
14.0,1848.54,measure_75-25A2780IC50tre1uM_2000Thres_well_day_averages.csv,coculture_treated,,,0.0,
14.0,1507.98,measure_75-25A2780cisIC50tre1uM_5000Thres_day_averages.csv,coculture_treated,,,0.0,
14.0,1738.67,measure_75-25A2780cisIC50tre1uM_5000Thres_day_averages.csv,coculture_treated,,,0.0,
14.0,1855.4,measure_75-25A2780cisIC50tre1uM_5000Thres_well_day_averages.csv,coculture_treated,,,0.0,
14.0,1732.94,measure_75-25A2780cisIC50tre1uM_5000Thres_well_day_averages.csv,coculture_treated,,,0.0,
14.0,1065.56,measure_75-25A2780cisIC50tre1uM_5000Thres_well_day_averages.csv,coculture_treated,,,0.0,
14.0,1235.55,measure_75-25A2780cisIC50tre1uM_5000Thres_well_day_averages.csv,coculture_treated,,,0.0,
14.0,1963.31,measure_75-25A2780cisIC50tre1uM_5000Thres_well_day_averages.csv,coculture_treated,,,0.0,
14.0,1195.11,measure_75-25A2780cisIC50tre1uM_5000Thres_well_day_averages.csv,coculture_treated,,,0.0,
14.0,1673.08,measure_75-25A2780cisIC50tre1uM_5000Thres_well_day_averages.csv,coculture_treated,,,0.0,
14.0,1623.01,measure_75-25A2780cisIC50tre1uM_5000Thres_well_day_averages.csv,coculture_treated,,,0.0,
14.0,1958.88,measure_75-25A2780cisIC50tre1uM_5000Thres_well_day_averages.csv,coculture_treated,,,0.0,
14.0,1633.13,measure_75-25A2780cisIC50tre1uM_5000Thres_well_day_averages.csv,coculture_treated,,,0.0,
14.0,1766.64,measure_75-25A2780cisIC50tre1uM_5000Thres_well_day_averages.csv,coculture_treated,,,0.0,
14.0,1777.26,measure_75-25A2780cisIC50tre1uM_5000Thres_well_day_averages.csv,coculture_treated,,,0.0,
