source_group,source_file,density,mix_label,cell_line,model,parameter_name,parameter_value,sse,aic,bic,loss
simplemodels,D:/3_Research/CancerGrowthDynamics/Modelling Data Notebooks/SimpleModels/coculture_fit_params.csv,20k,25-75,,competing_coculture,k,32101.554,,,1987.2966,1e+30
simplemodels,D:/3_Research/CancerGrowthDynamics/Modelling Data Notebooks/SimpleModels/coculture_fit_params.csv,20k,25-75,,competing_coculture,rr,1.8248417,,,1987.2966,1e+30
simplemodels,D:/3_Research/CancerGrowthDynamics/Modelling Data Notebooks/SimpleModels/coculture_fit_params.csv,20k,25-75,,competing_coculture,rs,2.1568115,,,1987.2966,1e+30
simplemodels,D:/3_Research/CancerGrowthDynamics/Modelling Data Notebooks/SimpleModels/coculture_fit_params.csv,20k,25-75,,competing_coculture,α,0.64479172,,,1987.2966,1e+30
simplemodels,D:/3_Research/CancerGrowthDynamics/Modelling Data Notebooks/SimpleModels/coculture_fit_params.csv,20k,25-75,,competing_coculture,β,0.10809344,,,1987.2966,1e+30
simplemodels,D:/3_Research/CancerGrowthDynamics/Modelling Data Notebooks/SimpleModels/coculture_option1_params.csv,20k,25-75,,option1_alpha_beta,αrs,0.17091663,,,223.92768,41718.791
simplemodels,D:/3_Research/CancerGrowthDynamics/Modelling Data Notebooks/SimpleModels/coculture_option1_params.csv,20k,25-75,,option1_alpha_beta,αsr,0.99990426,,,223.92768,41718.791
simplemodels,D:/3_Research/CancerGrowthDynamics/Modelling Data Notebooks/SimpleModels/coculture_option2_params.csv,20k,25-75,,option2_alpha_beta_gamma_delta,αrs,0.0004012839,,,198.22717,14118.999
simplemodels,D:/3_Research/CancerGrowthDynamics/Modelling Data Notebooks/SimpleModels/coculture_option2_params.csv,20k,25-75,,option2_alpha_beta_gamma_delta,αsr,0.0088927011,,,198.22717,14118.999
simplemodels,D:/3_Research/CancerGrowthDynamics/Modelling Data Notebooks/SimpleModels/coculture_option2_params.csv,20k,25-75,,option2_alpha_beta_gamma_delta,γ,1.0780701,,,198.22717,14118.999
simplemodels,D:/3_Research/CancerGrowthDynamics/Modelling Data Notebooks/SimpleModels/coculture_option2_params.csv,20k,25-75,,option2_alpha_beta_gamma_delta,δ,0.54319505,,,198.22717,14118.999
simplemodels,D:/3_Research/CancerGrowthDynamics/Modelling Data Notebooks/SimpleModels/coculture_fit_params.csv,20k,50-50,,competing_coculture,k,59703.904,,,1987.2966,1e+30
simplemodels,D:/3_Research/CancerGrowthDynamics/Modelling Data Notebooks/SimpleModels/coculture_fit_params.csv,20k,50-50,,competing_coculture,rr,0.037344899,,,1987.2966,1e+30
simplemodels,D:/3_Research/CancerGrowthDynamics/Modelling Data Notebooks/SimpleModels/coculture_fit_params.csv,20k,50-50,,competing_coculture,rs,0.31490479,,,1987.2966,1e+30
simplemodels,D:/3_Research/CancerGrowthDynamics/Modelling Data Notebooks/SimpleModels/coculture_fit_params.csv,20k,50-50,,competing_coculture,α,0.53608611,,,1987.2966,1e+30
simplemodels,D:/3_Research/CancerGrowthDynamics/Modelling Data Notebooks/SimpleModels/coculture_fit_params.csv,20k,50-50,,competing_coculture,β,0.0034172657,,,1987.2966,1e+30
simplemodels,D:/3_Research/CancerGrowthDynamics/Modelling Data Notebooks/SimpleModels/coculture_option1_params.csv,20k,50-50,,option1_alpha_beta,αrs,0.58152792,,,196.35919,16643.202
simplemodels,D:/3_Research/CancerGrowthDynamics/Modelling Data Notebooks/SimpleModels/coculture_option1_params.csv,20k,50-50,,option1_alpha_beta,αsr,0.9991692,,,196.35919,16643.202
simplemodels,D:/3_Research/CancerGrowthDynamics/Modelling Data Notebooks/SimpleModels/coculture_option2_params.csv,20k,50-50,,option2_alpha_beta_gamma_delta,αrs,0.00016816294,,,170.49144,5601.2904
simplemodels,D:/3_Research/CancerGrowthDynamics/Modelling Data Notebooks/SimpleModels/coculture_option2_params.csv,20k,50-50,,option2_alpha_beta_gamma_delta,αsr,0.0020976869,,,170.49144,5601.2904
simplemodels,D:/3_Research/CancerGrowthDynamics/Modelling Data Notebooks/SimpleModels/coculture_option2_params.csv,20k,50-50,,option2_alpha_beta_gamma_delta,γ,0.91624053,,,170.49144,5601.2904
simplemodels,D:/3_Research/CancerGrowthDynamics/Modelling Data Notebooks/SimpleModels/coculture_option2_params.csv,20k,50-50,,option2_alpha_beta_gamma_delta,δ,0.71266547,,,170.49144,5601.2904
simplemodels,D:/3_Research/CancerGrowthDynamics/Modelling Data Notebooks/SimpleModels/coculture_fit_params.csv,20k,75-25,,competing_coculture,k,114602.81,,,1987.2966,1e+30
simplemodels,D:/3_Research/CancerGrowthDynamics/Modelling Data Notebooks/SimpleModels/coculture_fit_params.csv,20k,75-25,,competing_coculture,rr,2.8773374,,,1987.2966,1e+30
simplemodels,D:/3_Research/CancerGrowthDynamics/Modelling Data Notebooks/SimpleModels/coculture_fit_params.csv,20k,75-25,,competing_coculture,rs,1.2258353,,,1987.2966,1e+30
simplemodels,D:/3_Research/CancerGrowthDynamics/Modelling Data Notebooks/SimpleModels/coculture_fit_params.csv,20k,75-25,,competing_coculture,α,0.67098343,,,1987.2966,1e+30
simplemodels,D:/3_Research/CancerGrowthDynamics/Modelling Data Notebooks/SimpleModels/coculture_fit_params.csv,20k,75-25,,competing_coculture,β,0.8625474,,,1987.2966,1e+30
simplemodels,D:/3_Research/CancerGrowthDynamics/Modelling Data Notebooks/SimpleModels/coculture_option1_params.csv,20k,75-25,,option1_alpha_beta,αrs,0.99961858,,,187.51702,12394.627
simplemodels,D:/3_Research/CancerGrowthDynamics/Modelling Data Notebooks/SimpleModels/coculture_option1_params.csv,20k,75-25,,option1_alpha_beta,αsr,0.99950064,,,187.51702,12394.627
simplemodels,D:/3_Research/CancerGrowthDynamics/Modelling Data Notebooks/SimpleModels/coculture_option2_params.csv,20k,75-25,,option2_alpha_beta_gamma_delta,αrs,0.083458877,,,182.12492,8254.6747
simplemodels,D:/3_Research/CancerGrowthDynamics/Modelling Data Notebooks/SimpleModels/coculture_option2_params.csv,20k,75-25,,option2_alpha_beta_gamma_delta,αsr,0.039197681,,,182.12492,8254.6747
simplemodels,D:/3_Research/CancerGrowthDynamics/Modelling Data Notebooks/SimpleModels/coculture_option2_params.csv,20k,75-25,,option2_alpha_beta_gamma_delta,γ,0.93919833,,,182.12492,8254.6747
simplemodels,D:/3_Research/CancerGrowthDynamics/Modelling Data Notebooks/SimpleModels/coculture_option2_params.csv,20k,75-25,,option2_alpha_beta_gamma_delta,δ,0.85593945,,,182.12492,8254.6747
simplemodels,D:/3_Research/CancerGrowthDynamics/Modelling Data Notebooks/SimpleModels/coculture_fit_params.csv,30k,25-75,,competing_coculture,k,183110.46,,,1987.2966,1e+30
simplemodels,D:/3_Research/CancerGrowthDynamics/Modelling Data Notebooks/SimpleModels/coculture_fit_params.csv,30k,25-75,,competing_coculture,rr,0.46346656,,,1987.2966,1e+30
simplemodels,D:/3_Research/CancerGrowthDynamics/Modelling Data Notebooks/SimpleModels/coculture_fit_params.csv,30k,25-75,,competing_coculture,rs,2.527135,,,1987.2966,1e+30
simplemodels,D:/3_Research/CancerGrowthDynamics/Modelling Data Notebooks/SimpleModels/coculture_fit_params.csv,30k,25-75,,competing_coculture,α,0.82325446,,,1987.2966,1e+30
simplemodels,D:/3_Research/CancerGrowthDynamics/Modelling Data Notebooks/SimpleModels/coculture_fit_params.csv,30k,25-75,,competing_coculture,β,0.17472022,,,1987.2966,1e+30
simplemodels,D:/3_Research/CancerGrowthDynamics/Modelling Data Notebooks/SimpleModels/coculture_option1_params.csv,30k,25-75,,option1_alpha_beta,αrs,9.8641063e-05,,,235.14645,60637.321
simplemodels,D:/3_Research/CancerGrowthDynamics/Modelling Data Notebooks/SimpleModels/coculture_option1_params.csv,30k,25-75,,option1_alpha_beta,αsr,0.99991258,,,235.14645,60637.321
simplemodels,D:/3_Research/CancerGrowthDynamics/Modelling Data Notebooks/SimpleModels/coculture_option2_params.csv,30k,25-75,,option2_alpha_beta_gamma_delta,αrs,1.9376455e-12,,,210.86141,21513.115
simplemodels,D:/3_Research/CancerGrowthDynamics/Modelling Data Notebooks/SimpleModels/coculture_option2_params.csv,30k,25-75,,option2_alpha_beta_gamma_delta,αsr,0.084404535,,,210.86141,21513.115
simplemodels,D:/3_Research/CancerGrowthDynamics/Modelling Data Notebooks/SimpleModels/coculture_option2_params.csv,30k,25-75,,option2_alpha_beta_gamma_delta,γ,1.1175976,,,210.86141,21513.115
simplemodels,D:/3_Research/CancerGrowthDynamics/Modelling Data Notebooks/SimpleModels/coculture_option2_params.csv,30k,25-75,,option2_alpha_beta_gamma_delta,δ,2.7889396e-10,,,210.86141,21513.115
simplemodels,D:/3_Research/CancerGrowthDynamics/Modelling Data Notebooks/SimpleModels/coculture_fit_params.csv,30k,50-50,,competing_coculture,k,64695.958,,,1987.2966,1e+30
simplemodels,D:/3_Research/CancerGrowthDynamics/Modelling Data Notebooks/SimpleModels/coculture_fit_params.csv,30k,50-50,,competing_coculture,rr,2.7806101,,,1987.2966,1e+30
simplemodels,D:/3_Research/CancerGrowthDynamics/Modelling Data Notebooks/SimpleModels/coculture_fit_params.csv,30k,50-50,,competing_coculture,rs,1.1139275,,,1987.2966,1e+30
simplemodels,D:/3_Research/CancerGrowthDynamics/Modelling Data Notebooks/SimpleModels/coculture_fit_params.csv,30k,50-50,,competing_coculture,α,0.86417402,,,1987.2966,1e+30
simplemodels,D:/3_Research/CancerGrowthDynamics/Modelling Data Notebooks/SimpleModels/coculture_fit_params.csv,30k,50-50,,competing_coculture,β,0.80721479,,,1987.2966,1e+30
simplemodels,D:/3_Research/CancerGrowthDynamics/Modelling Data Notebooks/SimpleModels/coculture_option1_params.csv,30k,50-50,,option1_alpha_beta,αrs,0.69494299,,,197.48913,17282.021
simplemodels,D:/3_Research/CancerGrowthDynamics/Modelling Data Notebooks/SimpleModels/coculture_option1_params.csv,30k,50-50,,option1_alpha_beta,αsr,0.999998,,,197.48913,17282.021
simplemodels,D:/3_Research/CancerGrowthDynamics/Modelling Data Notebooks/SimpleModels/coculture_option2_params.csv,30k,50-50,,option2_alpha_beta_gamma_delta,αrs,0.00016966456,,,165.77624,4786.6159
simplemodels,D:/3_Research/CancerGrowthDynamics/Modelling Data Notebooks/SimpleModels/coculture_option2_params.csv,30k,50-50,,option2_alpha_beta_gamma_delta,αsr,0.0016931116,,,165.77624,4786.6159
simplemodels,D:/3_Research/CancerGrowthDynamics/Modelling Data Notebooks/SimpleModels/coculture_option2_params.csv,30k,50-50,,option2_alpha_beta_gamma_delta,γ,0.76351075,,,165.77624,4786.6159
simplemodels,D:/3_Research/CancerGrowthDynamics/Modelling Data Notebooks/SimpleModels/coculture_option2_params.csv,30k,50-50,,option2_alpha_beta_gamma_delta,δ,0.64055516,,,165.77624,4786.6159
simplemodels,D:/3_Research/CancerGrowthDynamics/Modelling Data Notebooks/SimpleModels/coculture_fit_params.csv,30k,75-25,,competing_coculture,k,296345.84,,,1987.2966,1e+30
simplemodels,D:/3_Research/CancerGrowthDynamics/Modelling Data Notebooks/SimpleModels/coculture_fit_params.csv,30k,75-25,,competing_coculture,rr,0.51901014,,,1987.2966,1e+30
simplemodels,D:/3_Research/CancerGrowthDynamics/Modelling Data Notebooks/SimpleModels/coculture_fit_params.csv,30k,75-25,,competing_coculture,rs,0.41361018,,,1987.2966,1e+30
simplemodels,D:/3_Research/CancerGrowthDynamics/Modelling Data Notebooks/SimpleModels/coculture_fit_params.csv,30k,75-25,,competing_coculture,α,0.92808246,,,1987.2966,1e+30
simplemodels,D:/3_Research/CancerGrowthDynamics/Modelling Data Notebooks/SimpleModels/coculture_fit_params.csv,30k,75-25,,competing_coculture,β,0.85732115,,,1987.2966,1e+30
simplemodels,D:/3_Research/CancerGrowthDynamics/Modelling Data Notebooks/SimpleModels/coculture_option1_params.csv,30k,75-25,,option1_alpha_beta,αrs,0.99902113,,,192.10762,14444.057
simplemodels,D:/3_Research/CancerGrowthDynamics/Modelling Data Notebooks/SimpleModels/coculture_option1_params.csv,30k,75-25,,option1_alpha_beta,αsr,0.99820721,,,192.10762,14444.057
simplemodels,D:/3_Research/CancerGrowthDynamics/Modelling Data Notebooks/SimpleModels/coculture_option2_params.csv,30k,75-25,,option2_alpha_beta_gamma_delta,αrs,0.00019256992,,,164.07491,4522.7157
simplemodels,D:/3_Research/CancerGrowthDynamics/Modelling Data Notebooks/SimpleModels/coculture_option2_params.csv,30k,75-25,,option2_alpha_beta_gamma_delta,αsr,0.00082868854,,,164.07491,4522.7157
simplemodels,D:/3_Research/CancerGrowthDynamics/Modelling Data Notebooks/SimpleModels/coculture_option2_params.csv,30k,75-25,,option2_alpha_beta_gamma_delta,γ,0.84556839,,,164.07491,4522.7157
simplemodels,D:/3_Research/CancerGrowthDynamics/Modelling Data Notebooks/SimpleModels/coculture_option2_params.csv,30k,75-25,,option2_alpha_beta_gamma_delta,δ,0.70671836,,,164.07491,4522.7157
treated_monoculture,D:/3_Research/CancerGrowthDynamics/Modelling Data Notebooks/Treated MonoCulture/outputs/treated_monoculture_model_bic_results.csv,20k,,A2780Naive,Model1_parpi,alpha,0.5479,21580.353,283.77942,289.19941,
treated_monoculture,D:/3_Research/CancerGrowthDynamics/Modelling Data Notebooks/Treated MonoCulture/outputs/treated_monoculture_model_bic_results.csv,20k,,A2780Naive,Model1_parpi,beta,0,21580.353,283.77942,289.19941,
treated_monoculture,D:/3_Research/CancerGrowthDynamics/Modelling Data Notebooks/Treated MonoCulture/outputs/treated_monoculture_model_bic_results.csv,20k,,A2780Naive,Model1_parpi,d,0.1528,21580.353,283.77942,289.19941,
treated_monoculture,D:/3_Research/CancerGrowthDynamics/Modelling Data Notebooks/Treated MonoCulture/outputs/treated_monoculture_model_bic_results.csv,20k,,A2780Naive,Model2_parpi,alpha,0.8175,15953.934,270.18592,275.60591,
treated_monoculture,D:/3_Research/CancerGrowthDynamics/Modelling Data Notebooks/Treated MonoCulture/outputs/treated_monoculture_model_bic_results.csv,20k,,A2780Naive,Model2_parpi,beta,0,15953.934,270.18592,275.60591,
treated_monoculture,D:/3_Research/CancerGrowthDynamics/Modelling Data Notebooks/Treated MonoCulture/outputs/treated_monoculture_model_bic_results.csv,20k,,A2780Naive,Model2_parpi,d,0.7996,15953.934,270.18592,275.60591,
treated_monoculture,D:/3_Research/CancerGrowthDynamics/Modelling Data Notebooks/Treated MonoCulture/outputs/treated_monoculture_model_bic_results.csv,20k,,A2780Naive,Model3_parpi,alpha,0.6967,18332.788,278.44028,285.66693,
treated_monoculture,D:/3_Research/CancerGrowthDynamics/Modelling Data Notebooks/Treated MonoCulture/outputs/treated_monoculture_model_bic_results.csv,20k,,A2780Naive,Model3_parpi,beta,0.0004,18332.788,278.44028,285.66693,
treated_monoculture,D:/3_Research/CancerGrowthDynamics/Modelling Data Notebooks/Treated MonoCulture/outputs/treated_monoculture_model_bic_results.csv,20k,,A2780Naive,Model3_parpi,d,0.2853,18332.788,278.44028,285.66693,
treated_monoculture,D:/3_Research/CancerGrowthDynamics/Modelling Data Notebooks/Treated MonoCulture/outputs/treated_monoculture_model_bic_results.csv,20k,,A2780Naive,Model3_parpi,gamma,1.274,18332.788,278.44028,285.66693,
treated_monoculture,D:/3_Research/CancerGrowthDynamics/Modelling Data Notebooks/Treated MonoCulture/outputs/treated_monoculture_model_bic_results.csv,20k,,A2780Naive,Model4_parpi,alpha,0.6062,19597.038,279.4412,284.86119,
treated_monoculture,D:/3_Research/CancerGrowthDynamics/Modelling Data Notebooks/Treated MonoCulture/outputs/treated_monoculture_model_bic_results.csv,20k,,A2780Naive,Model4_parpi,d,0.1808,19597.038,279.4412,284.86119,
treated_monoculture,D:/3_Research/CancerGrowthDynamics/Modelling Data Notebooks/Treated MonoCulture/outputs/treated_monoculture_model_bic_results.csv,20k,,A2780Naive,Model4_parpi,phi,1.9451,19597.038,279.4412,284.86119,
treated_monoculture,D:/3_Research/CancerGrowthDynamics/Modelling Data Notebooks/Treated MonoCulture/outputs/treated_monoculture_model_bic_results.csv,20k,,A2780Naive,adaptive_ic50,Emax,0.9426,12203.431,262.12645,271.15976,
treated_monoculture,D:/3_Research/CancerGrowthDynamics/Modelling Data Notebooks/Treated MonoCulture/outputs/treated_monoculture_model_bic_results.csv,20k,,A2780Naive,adaptive_ic50,IC50_0,0.7364,12203.431,262.12645,271.15976,
treated_monoculture,D:/3_Research/CancerGrowthDynamics/Modelling Data Notebooks/Treated MonoCulture/outputs/treated_monoculture_model_bic_results.csv,20k,,A2780Naive,adaptive_ic50,a,0.0105,12203.431,262.12645,271.15976,
treated_monoculture,D:/3_Research/CancerGrowthDynamics/Modelling Data Notebooks/Treated MonoCulture/outputs/treated_monoculture_model_bic_results.csv,20k,,A2780Naive,adaptive_ic50,b,1.6737,12203.431,262.12645,271.15976,
treated_monoculture,D:/3_Research/CancerGrowthDynamics/Modelling Data Notebooks/Treated MonoCulture/outputs/treated_monoculture_model_bic_results.csv,20k,,A2780Naive,adaptive_ic50,n,5.0037,12203.431,262.12645,271.15976,
treated_monoculture,D:/3_Research/CancerGrowthDynamics/Modelling Data Notebooks/Treated MonoCulture/outputs/treated_monoculture_model_bic_results.csv,20k,,A2780Naive,biexponential,lambda1,0,23318.605,287.26549,292.68548,
treated_monoculture,D:/3_Research/CancerGrowthDynamics/Modelling Data Notebooks/Treated MonoCulture/outputs/treated_monoculture_model_bic_results.csv,20k,,A2780Naive,biexponential,lambda2,0,23318.605,287.26549,292.68548,
treated_monoculture,D:/3_Research/CancerGrowthDynamics/Modelling Data Notebooks/Treated MonoCulture/outputs/treated_monoculture_model_bic_results.csv,20k,,A2780Naive,biexponential,w,0.9999,23318.605,287.26549,292.68548,
treated_monoculture,D:/3_Research/CancerGrowthDynamics/Modelling Data Notebooks/Treated MonoCulture/outputs/treated_monoculture_model_bic_results.csv,20k,,A2780Naive,damage_repair_arrest,K50,3.0356,746822.1,449.26139,460.10137,
treated_monoculture,D:/3_Research/CancerGrowthDynamics/Modelling Data Notebooks/Treated MonoCulture/outputs/treated_monoculture_model_bic_results.csv,20k,,A2780Naive,damage_repair_arrest,dA,1.9889,746822.1,449.26139,460.10137,
treated_monoculture,D:/3_Research/CancerGrowthDynamics/Modelling Data Notebooks/Treated MonoCulture/outputs/treated_monoculture_model_bic_results.csv,20k,,A2780Naive,damage_repair_arrest,k_arr,1.3937,746822.1,449.26139,460.10137,
treated_monoculture,D:/3_Research/CancerGrowthDynamics/Modelling Data Notebooks/Treated MonoCulture/outputs/treated_monoculture_model_bic_results.csv,20k,,A2780Naive,damage_repair_arrest,k_rep,1.446,746822.1,449.26139,460.10137,
treated_monoculture,D:/3_Research/CancerGrowthDynamics/Modelling Data Notebooks/Treated MonoCulture/outputs/treated_monoculture_model_bic_results.csv,20k,,A2780Naive,damage_repair_arrest,kmax,3.7688,746822.1,449.26139,460.10137,
treated_monoculture,D:/3_Research/CancerGrowthDynamics/Modelling Data Notebooks/Treated MonoCulture/outputs/treated_monoculture_model_bic_results.csv,20k,,A2780Naive,damage_repair_arrest,n,1.9989,746822.1,449.26139,460.10137,
treated_monoculture,D:/3_Research/CancerGrowthDynamics/Modelling Data Notebooks/Treated MonoCulture/outputs/treated_monoculture_model_bic_results.csv,20k,,A2780Naive,lag_hill_inhibition,Emax,0.99,9002.5205,248.43688,257.47019,
treated_monoculture,D:/3_Research/CancerGrowthDynamics/Modelling Data Notebooks/Treated MonoCulture/outputs/treated_monoculture_model_bic_results.csv,20k,,A2780Naive,lag_hill_inhibition,IC50,1,9002.5205,248.43688,257.47019,
treated_monoculture,D:/3_Research/CancerGrowthDynamics/Modelling Data Notebooks/Treated MonoCulture/outputs/treated_monoculture_model_bic_results.csv,20k,,A2780Naive,lag_hill_inhibition,m,0.8959,9002.5205,248.43688,257.47019,
treated_monoculture,D:/3_Research/CancerGrowthDynamics/Modelling Data Notebooks/Treated MonoCulture/outputs/treated_monoculture_model_bic_results.csv,20k,,A2780Naive,lag_hill_inhibition,n,5.7646,9002.5205,248.43688,257.47019,
treated_monoculture,D:/3_Research/CancerGrowthDynamics/Modelling Data Notebooks/Treated MonoCulture/outputs/treated_monoculture_model_bic_results.csv,20k,,A2780Naive,lag_hill_inhibition,t_lag,1.8134,9002.5205,248.43688,257.47019,
treated_monoculture,D:/3_Research/CancerGrowthDynamics/Modelling Data Notebooks/Treated MonoCulture/outputs/treated_monoculture_model_bic_results.csv,20k,,A2780Naive,pkpd_hill_inhibition,Emax,1,9244.0455,247.62826,254.85491,
treated_monoculture,D:/3_Research/CancerGrowthDynamics/Modelling Data Notebooks/Treated MonoCulture/outputs/treated_monoculture_model_bic_results.csv,20k,,A2780Naive,pkpd_hill_inhibition,IC50,1,9244.0455,247.62826,254.85491,
treated_monoculture,D:/3_Research/CancerGrowthDynamics/Modelling Data Notebooks/Treated MonoCulture/outputs/treated_monoculture_model_bic_results.csv,20k,,A2780Naive,pkpd_hill_inhibition,k_e,0,9244.0455,247.62826,254.85491,
treated_monoculture,D:/3_Research/CancerGrowthDynamics/Modelling Data Notebooks/Treated MonoCulture/outputs/treated_monoculture_model_bic_results.csv,20k,,A2780Naive,pkpd_hill_inhibition,n,5.9995,9244.0455,247.62826,254.85491,
treated_monoculture,D:/3_Research/CancerGrowthDynamics/Modelling Data Notebooks/Treated MonoCulture/outputs/treated_monoculture_model_bic_results.csv,20k,,A2780Naive,sensitive_resistant,K50R,52.9613,28899.312,306.92098,321.37428,
treated_monoculture,D:/3_Research/CancerGrowthDynamics/Modelling Data Notebooks/Treated MonoCulture/outputs/treated_monoculture_model_bic_results.csv,20k,,A2780Naive,sensitive_resistant,K50S,42.9538,28899.312,306.92098,321.37428,
treated_monoculture,D:/3_Research/CancerGrowthDynamics/Modelling Data Notebooks/Treated MonoCulture/outputs/treated_monoculture_model_bic_results.csv,20k,,A2780Naive,sensitive_resistant,S0_frac,0.0179,28899.312,306.92098,321.37428,
treated_monoculture,D:/3_Research/CancerGrowthDynamics/Modelling Data Notebooks/Treated MonoCulture/outputs/treated_monoculture_model_bic_results.csv,20k,,A2780Naive,sensitive_resistant,kR_max,1.3755,28899.312,306.92098,321.37428,
treated_monoculture,D:/3_Research/CancerGrowthDynamics/Modelling Data Notebooks/Treated MonoCulture/outputs/treated_monoculture_model_bic_results.csv,20k,,A2780Naive,sensitive_resistant,kS_max,3.3802,28899.312,306.92098,321.37428,
treated_monoculture,D:/3_Research/CancerGrowthDynamics/Modelling Data Notebooks/Treated MonoCulture/outputs/treated_monoculture_model_bic_results.csv,20k,,A2780Naive,sensitive_resistant,n,5.6161,28899.312,306.92098,321.37428,
treated_monoculture,D:/3_Research/CancerGrowthDynamics/Modelling Data Notebooks/Treated MonoCulture/outputs/treated_monoculture_model_bic_results.csv,20k,,A2780Naive,sensitive_resistant,rR_scale,0.1022,28899.312,306.92098,321.37428,
treated_monoculture,D:/3_Research/CancerGrowthDynamics/Modelling Data Notebooks/Treated MonoCulture/outputs/treated_monoculture_model_bic_results.csv,20k,,A2780Naive,sensitive_resistant,rS_scale,0.223,28899.312,306.92098,321.37428,
treated_monoculture,D:/3_Research/CancerGrowthDynamics/Modelling Data Notebooks/Treated MonoCulture/outputs/treated_monoculture_model_bic_results.csv,20k,,A2780Naive,theta_hill_inhibition,Emax,1,9248.7634,245.65122,251.07121,
treated_monoculture,D:/3_Research/CancerGrowthDynamics/Modelling Data Notebooks/Treated MonoCulture/outputs/treated_monoculture_model_bic_results.csv,20k,,A2780Naive,theta_hill_inhibition,IC50,1,9248.7634,245.65122,251.07121,
treated_monoculture,D:/3_Research/CancerGrowthDynamics/Modelling Data Notebooks/Treated MonoCulture/outputs/treated_monoculture_model_bic_results.csv,20k,,A2780Naive,theta_hill_inhibition,n,5.9987,9248.7634,245.65122,251.07121,
treated_monoculture,D:/3_Research/CancerGrowthDynamics/Modelling Data Notebooks/Treated MonoCulture/outputs/treated_monoculture_model_bic_results.csv,20k,,A2780Naive,theta_hill_inhibition_dde,Emax,0.9994,9428.3095,248.51643,255.74308,
treated_monoculture,D:/3_Research/CancerGrowthDynamics/Modelling Data Notebooks/Treated MonoCulture/outputs/treated_monoculture_model_bic_results.csv,20k,,A2780Naive,theta_hill_inhibition_dde,IC50,1,9428.3095,248.51643,255.74308,
treated_monoculture,D:/3_Research/CancerGrowthDynamics/Modelling Data Notebooks/Treated MonoCulture/outputs/treated_monoculture_model_bic_results.csv,20k,,A2780Naive,theta_hill_inhibition_dde,n,5.981,9428.3095,248.51643,255.74308,
treated_monoculture,D:/3_Research/CancerGrowthDynamics/Modelling Data Notebooks/Treated MonoCulture/outputs/treated_monoculture_model_bic_results.csv,20k,,A2780Naive,theta_hill_inhibition_dde,tau,3,9428.3095,248.51643,255.74308,
treated_monoculture,D:/3_Research/CancerGrowthDynamics/Modelling Data Notebooks/Treated MonoCulture/outputs/treated_monoculture_model_bic_results.csv,20k,,A2780Naive,theta_hill_kill,K50,1.7722,1839.4322,172.97474,178.39473,
treated_monoculture,D:/3_Research/CancerGrowthDynamics/Modelling Data Notebooks/Treated MonoCulture/outputs/treated_monoculture_model_bic_results.csv,20k,,A2780Naive,theta_hill_kill,kmax,2.9463,1839.4322,172.97474,178.39473,
treated_monoculture,D:/3_Research/CancerGrowthDynamics/Modelling Data Notebooks/Treated MonoCulture/outputs/treated_monoculture_model_bic_results.csv,20k,,A2780Naive,theta_hill_kill,n,3.205,1839.4322,172.97474,178.39473,
treated_monoculture,D:/3_Research/CancerGrowthDynamics/Modelling Data Notebooks/Treated MonoCulture/outputs/treated_monoculture_model_bic_results.csv,20k,,A2780Naive,theta_hill_kill_dde,K50,0.8022,244389.5,394.99352,402.22017,
treated_monoculture,D:/3_Research/CancerGrowthDynamics/Modelling Data Notebooks/Treated MonoCulture/outputs/treated_monoculture_model_bic_results.csv,20k,,A2780Naive,theta_hill_kill_dde,kmax,0.8729,244389.5,394.99352,402.22017,
treated_monoculture,D:/3_Research/CancerGrowthDynamics/Modelling Data Notebooks/Treated MonoCulture/outputs/treated_monoculture_model_bic_results.csv,20k,,A2780Naive,theta_hill_kill_dde,n,0.6649,244389.5,394.99352,402.22017,
treated_monoculture,D:/3_Research/CancerGrowthDynamics/Modelling Data Notebooks/Treated MonoCulture/outputs/treated_monoculture_model_bic_results.csv,20k,,A2780Naive,theta_hill_kill_dde,tau,5.2084,244389.5,394.99352,402.22017,
treated_monoculture,D:/3_Research/CancerGrowthDynamics/Modelling Data Notebooks/Treated MonoCulture/outputs/treated_monoculture_model_bic_results.csv,20k,,A2780Naive,time_delay,alpha,0.8371,1288667.7,469.81056,477.03721,
treated_monoculture,D:/3_Research/CancerGrowthDynamics/Modelling Data Notebooks/Treated MonoCulture/outputs/treated_monoculture_model_bic_results.csv,20k,,A2780Naive,time_delay,beta,0.4865,1288667.7,469.81056,477.03721,
treated_monoculture,D:/3_Research/CancerGrowthDynamics/Modelling Data Notebooks/Treated MonoCulture/outputs/treated_monoculture_model_bic_results.csv,20k,,A2780Naive,time_delay,kD,94.3239,1288667.7,469.81056,477.03721,
treated_monoculture,D:/3_Research/CancerGrowthDynamics/Modelling Data Notebooks/Treated MonoCulture/outputs/treated_monoculture_model_bic_results.csv,20k,,A2780Naive,time_delay,n,0.5785,1288667.7,469.81056,477.03721,
treated_monoculture,D:/3_Research/CancerGrowthDynamics/Modelling Data Notebooks/Treated MonoCulture/outputs/treated_monoculture_best_models.csv,20k,,A2780Naive,transit_erlang_m4,K50,2.0369,1187.445,155.28035,162.507,
treated_monoculture,D:/3_Research/CancerGrowthDynamics/Modelling Data Notebooks/Treated MonoCulture/outputs/treated_monoculture_model_bic_results.csv,20k,,A2780Naive,transit_erlang_m4,K50,2.0369,1187.445,155.28035,162.507,
treated_monoculture,D:/3_Research/CancerGrowthDynamics/Modelling Data Notebooks/Treated MonoCulture/outputs/treated_monoculture_best_models.csv,20k,,A2780Naive,transit_erlang_m4,kmax,3.9788,1187.445,155.28035,162.507,
treated_monoculture,D:/3_Research/CancerGrowthDynamics/Modelling Data Notebooks/Treated MonoCulture/outputs/treated_monoculture_model_bic_results.csv,20k,,A2780Naive,transit_erlang_m4,kmax,3.9788,1187.445,155.28035,162.507,
treated_monoculture,D:/3_Research/CancerGrowthDynamics/Modelling Data Notebooks/Treated MonoCulture/outputs/treated_monoculture_best_models.csv,20k,,A2780Naive,transit_erlang_m4,n,2.651,1187.445,155.28035,162.507,
treated_monoculture,D:/3_Research/CancerGrowthDynamics/Modelling Data Notebooks/Treated MonoCulture/outputs/treated_monoculture_model_bic_results.csv,20k,,A2780Naive,transit_erlang_m4,n,2.651,1187.445,155.28035,162.507,
treated_monoculture,D:/3_Research/CancerGrowthDynamics/Modelling Data Notebooks/Treated MonoCulture/outputs/treated_monoculture_best_models.csv,20k,,A2780Naive,transit_erlang_m4,tau,5.5251,1187.445,155.28035,162.507,
treated_monoculture,D:/3_Research/CancerGrowthDynamics/Modelling Data Notebooks/Treated MonoCulture/outputs/treated_monoculture_model_bic_results.csv,20k,,A2780Naive,transit_erlang_m4,tau,5.5251,1187.445,155.28035,162.507,
treated_monoculture,D:/3_Research/CancerGrowthDynamics/Modelling Data Notebooks/Treated MonoCulture/outputs/treated_monoculture_model_bic_results.csv,20k,,A2780cis,Model1_parpi,alpha,0,3589.794,203.06344,208.48343,
treated_monoculture,D:/3_Research/CancerGrowthDynamics/Modelling Data Notebooks/Treated MonoCulture/outputs/treated_monoculture_model_bic_results.csv,20k,,A2780cis,Model1_parpi,beta,0.3698,3589.794,203.06344,208.48343,
treated_monoculture,D:/3_Research/CancerGrowthDynamics/Modelling Data Notebooks/Treated MonoCulture/outputs/treated_monoculture_model_bic_results.csv,20k,,A2780cis,Model1_parpi,d,1.4004,3589.794,203.06344,208.48343,
treated_monoculture,D:/3_Research/CancerGrowthDynamics/Modelling Data Notebooks/Treated MonoCulture/outputs/treated_monoculture_model_bic_results.csv,20k,,A2780cis,Model2_parpi,alpha,0.3929,3297.0676,199.23568,204.65567,
treated_monoculture,D:/3_Research/CancerGrowthDynamics/Modelling Data Notebooks/Treated MonoCulture/outputs/treated_monoculture_model_bic_results.csv,20k,,A2780cis,Model2_parpi,beta,0,3297.0676,199.23568,204.65567,
treated_monoculture,D:/3_Research/CancerGrowthDynamics/Modelling Data Notebooks/Treated MonoCulture/outputs/treated_monoculture_model_bic_results.csv,20k,,A2780cis,Model2_parpi,d,0.432,3297.0676,199.23568,204.65567,
treated_monoculture,D:/3_Research/CancerGrowthDynamics/Modelling Data Notebooks/Treated MonoCulture/outputs/treated_monoculture_model_bic_results.csv,20k,,A2780cis,Model3_parpi,alpha,0.1184,3480.0229,203.66593,210.89258,
treated_monoculture,D:/3_Research/CancerGrowthDynamics/Modelling Data Notebooks/Treated MonoCulture/outputs/treated_monoculture_model_bic_results.csv,20k,,A2780cis,Model3_parpi,beta,0,3480.0229,203.66593,210.89258,
treated_monoculture,D:/3_Research/CancerGrowthDynamics/Modelling Data Notebooks/Treated MonoCulture/outputs/treated_monoculture_model_bic_results.csv,20k,,A2780cis,Model3_parpi,d,0.5227,3480.0229,203.66593,210.89258,
treated_monoculture,D:/3_Research/CancerGrowthDynamics/Modelling Data Notebooks/Treated MonoCulture/outputs/treated_monoculture_model_bic_results.csv,20k,,A2780cis,Model3_parpi,gamma,0.0985,3480.0229,203.66593,210.89258,
treated_monoculture,D:/3_Research/CancerGrowthDynamics/Modelling Data Notebooks/Treated MonoCulture/outputs/treated_monoculture_model_bic_results.csv,20k,,A2780cis,Model4_parpi,alpha,0,3589.7908,203.0634,208.48339,
treated_monoculture,D:/3_Research/CancerGrowthDynamics/Modelling Data Notebooks/Treated MonoCulture/outputs/treated_monoculture_model_bic_results.csv,20k,,A2780cis,Model4_parpi,d,3.864,3589.7908,203.0634,208.48339,
treated_monoculture,D:/3_Research/CancerGrowthDynamics/Modelling Data Notebooks/Treated MonoCulture/outputs/treated_monoculture_model_bic_results.csv,20k,,A2780cis,Model4_parpi,phi,1.9669,3589.7908,203.0634,208.48339,
treated_monoculture,D:/3_Research/CancerGrowthDynamics/Modelling Data Notebooks/Treated MonoCulture/outputs/treated_monoculture_model_bic_results.csv,20k,,A2780cis,adaptive_ic50,Emax,0.7954,3589.7375,207.06273,216.09605,
treated_monoculture,D:/3_Research/CancerGrowthDynamics/Modelling Data Notebooks/Treated MonoCulture/outputs/treated_monoculture_model_bic_results.csv,20k,,A2780cis,adaptive_ic50,IC50_0,40.3888,3589.7375,207.06273,216.09605,
treated_monoculture,D:/3_Research/CancerGrowthDynamics/Modelling Data Notebooks/Treated MonoCulture/outputs/treated_monoculture_model_bic_results.csv,20k,,A2780cis,adaptive_ic50,a,0.4062,3589.7375,207.06273,216.09605,
treated_monoculture,D:/3_Research/CancerGrowthDynamics/Modelling Data Notebooks/Treated MonoCulture/outputs/treated_monoculture_model_bic_results.csv,20k,,A2780cis,adaptive_ic50,b,1.606,3589.7375,207.06273,216.09605,
treated_monoculture,D:/3_Research/CancerGrowthDynamics/Modelling Data Notebooks/Treated MonoCulture/outputs/treated_monoculture_model_bic_results.csv,20k,,A2780cis,adaptive_ic50,n,2.6283,3589.7375,207.06273,216.09605,
treated_monoculture,D:/3_Research/CancerGrowthDynamics/Modelling Data Notebooks/Treated MonoCulture/outputs/treated_monoculture_model_bic_results.csv,20k,,A2780cis,biexponential,lambda1,0.0133,42130.365,313.88377,319.30376,
treated_monoculture,D:/3_Research/CancerGrowthDynamics/Modelling Data Notebooks/Treated MonoCulture/outputs/treated_monoculture_model_bic_results.csv,20k,,A2780cis,biexponential,lambda2,0,42130.365,313.88377,319.30376,
treated_monoculture,D:/3_Research/CancerGrowthDynamics/Modelling Data Notebooks/Treated MonoCulture/outputs/treated_monoculture_model_bic_results.csv,20k,,A2780cis,biexponential,w,0,42130.365,313.88377,319.30376,
treated_monoculture,D:/3_Research/CancerGrowthDynamics/Modelling Data Notebooks/Treated MonoCulture/outputs/treated_monoculture_model_bic_results.csv,20k,,A2780cis,damage_repair_arrest,K50,2.4938,3031.2592,201.45319,212.29317,
treated_monoculture,D:/3_Research/CancerGrowthDynamics/Modelling Data Notebooks/Treated MonoCulture/outputs/treated_monoculture_model_bic_results.csv,20k,,A2780cis,damage_repair_arrest,dA,0.3062,3031.2592,201.45319,212.29317,
treated_monoculture,D:/3_Research/CancerGrowthDynamics/Modelling Data Notebooks/Treated MonoCulture/outputs/treated_monoculture_model_bic_results.csv,20k,,A2780cis,damage_repair_arrest,k_arr,0.3342,3031.2592,201.45319,212.29317,
treated_monoculture,D:/3_Research/CancerGrowthDynamics/Modelling Data Notebooks/Treated MonoCulture/outputs/treated_monoculture_model_bic_results.csv,20k,,A2780cis,damage_repair_arrest,k_rep,0.0062,3031.2592,201.45319,212.29317,
treated_monoculture,D:/3_Research/CancerGrowthDynamics/Modelling Data Notebooks/Treated MonoCulture/outputs/treated_monoculture_model_bic_results.csv,20k,,A2780cis,damage_repair_arrest,kmax,2.8927,3031.2592,201.45319,212.29317,
treated_monoculture,D:/3_Research/CancerGrowthDynamics/Modelling Data Notebooks/Treated MonoCulture/outputs/treated_monoculture_model_bic_results.csv,20k,,A2780cis,damage_repair_arrest,n,5.9716,3031.2592,201.45319,212.29317,
treated_monoculture,D:/3_Research/CancerGrowthDynamics/Modelling Data Notebooks/Treated MonoCulture/outputs/treated_monoculture_model_bic_results.csv,20k,,A2780cis,lag_hill_inhibition,Emax,0.9327,10617.675,255.86258,264.89589,
treated_monoculture,D:/3_Research/CancerGrowthDynamics/Modelling Data Notebooks/Treated MonoCulture/outputs/treated_monoculture_model_bic_results.csv,20k,,A2780cis,lag_hill_inhibition,IC50,70.113,10617.675,255.86258,264.89589,
treated_monoculture,D:/3_Research/CancerGrowthDynamics/Modelling Data Notebooks/Treated MonoCulture/outputs/treated_monoculture_model_bic_results.csv,20k,,A2780cis,lag_hill_inhibition,m,7.9354,10617.675,255.86258,264.89589,
treated_monoculture,D:/3_Research/CancerGrowthDynamics/Modelling Data Notebooks/Treated MonoCulture/outputs/treated_monoculture_model_bic_results.csv,20k,,A2780cis,lag_hill_inhibition,n,4.2065,10617.675,255.86258,264.89589,
treated_monoculture,D:/3_Research/CancerGrowthDynamics/Modelling Data Notebooks/Treated MonoCulture/outputs/treated_monoculture_model_bic_results.csv,20k,,A2780cis,lag_hill_inhibition,t_lag,1.5755,10617.675,255.86258,264.89589,
treated_monoculture,D:/3_Research/CancerGrowthDynamics/Modelling Data Notebooks/Treated MonoCulture/outputs/treated_monoculture_model_bic_results.csv,20k,,A2780cis,pkpd_hill_inhibition,Emax,0.7124,3586.9638,205.02795,212.2546,
treated_monoculture,D:/3_Research/CancerGrowthDynamics/Modelling Data Notebooks/Treated MonoCulture/outputs/treated_monoculture_model_bic_results.csv,20k,,A2780cis,pkpd_hill_inhibition,IC50,3.6439,3586.9638,205.02795,212.2546,
treated_monoculture,D:/3_Research/CancerGrowthDynamics/Modelling Data Notebooks/Treated MonoCulture/outputs/treated_monoculture_model_bic_results.csv,20k,,A2780cis,pkpd_hill_inhibition,k_e,0.1123,3586.9638,205.02795,212.2546,
treated_monoculture,D:/3_Research/CancerGrowthDynamics/Modelling Data Notebooks/Treated MonoCulture/outputs/treated_monoculture_model_bic_results.csv,20k,,A2780cis,pkpd_hill_inhibition,n,5.3295,3586.9638,205.02795,212.2546,
treated_monoculture,D:/3_Research/CancerGrowthDynamics/Modelling Data Notebooks/Treated MonoCulture/outputs/treated_monoculture_model_bic_results.csv,20k,,A2780cis,sensitive_resistant,K50R,0.3135,2911.9826,203.64671,218.10001,
treated_monoculture,D:/3_Research/CancerGrowthDynamics/Modelling Data Notebooks/Treated MonoCulture/outputs/treated_monoculture_model_bic_results.csv,20k,,A2780cis,sensitive_resistant,K50S,90.6797,2911.9826,203.64671,218.10001,
treated_monoculture,D:/3_Research/CancerGrowthDynamics/Modelling Data Notebooks/Treated MonoCulture/outputs/treated_monoculture_model_bic_results.csv,20k,,A2780cis,sensitive_resistant,S0_frac,0.3164,2911.9826,203.64671,218.10001,
treated_monoculture,D:/3_Research/CancerGrowthDynamics/Modelling Data Notebooks/Treated MonoCulture/outputs/treated_monoculture_model_bic_results.csv,20k,,A2780cis,sensitive_resistant,kR_max,0.2463,2911.9826,203.64671,218.10001,
treated_monoculture,D:/3_Research/CancerGrowthDynamics/Modelling Data Notebooks/Treated MonoCulture/outputs/treated_monoculture_model_bic_results.csv,20k,,A2780cis,sensitive_resistant,kS_max,0.3608,2911.9826,203.64671,218.10001,
treated_monoculture,D:/3_Research/CancerGrowthDynamics/Modelling Data Notebooks/Treated MonoCulture/outputs/treated_monoculture_model_bic_results.csv,20k,,A2780cis,sensitive_resistant,n,0.5033,2911.9826,203.64671,218.10001,
treated_monoculture,D:/3_Research/CancerGrowthDynamics/Modelling Data Notebooks/Treated MonoCulture/outputs/treated_monoculture_model_bic_results.csv,20k,,A2780cis,sensitive_resistant,rR_scale,1.4291,2911.9826,203.64671,218.10001,
treated_monoculture,D:/3_Research/CancerGrowthDynamics/Modelling Data Notebooks/Treated MonoCulture/outputs/treated_monoculture_model_bic_results.csv,20k,,A2780cis,sensitive_resistant,rS_scale,0.8845,2911.9826,203.64671,218.10001,
treated_monoculture,D:/3_Research/CancerGrowthDynamics/Modelling Data Notebooks/Treated MonoCulture/outputs/treated_monoculture_model_bic_results.csv,20k,,A2780cis,theta_hill_inhibition,Emax,0.9989,3279.4986,198.99525,204.41524,
treated_monoculture,D:/3_Research/CancerGrowthDynamics/Modelling Data Notebooks/Treated MonoCulture/outputs/treated_monoculture_model_bic_results.csv,20k,,A2780cis,theta_hill_inhibition,IC50,1.9505,3279.4986,198.99525,204.41524,
treated_monoculture,D:/3_Research/CancerGrowthDynamics/Modelling Data Notebooks/Treated MonoCulture/outputs/treated_monoculture_model_bic_results.csv,20k,,A2780cis,theta_hill_inhibition,n,5.9995,3279.4986,198.99525,204.41524,
treated_monoculture,D:/3_Research/CancerGrowthDynamics/Modelling Data Notebooks/Treated MonoCulture/outputs/treated_monoculture_model_bic_results.csv,20k,,A2780cis,theta_hill_inhibition_dde,Emax,0.9982,3279.538,200.99579,208.22244,
treated_monoculture,D:/3_Research/CancerGrowthDynamics/Modelling Data Notebooks/Treated MonoCulture/outputs/treated_monoculture_model_bic_results.csv,20k,,A2780cis,theta_hill_inhibition_dde,IC50,1.9503,3279.538,200.99579,208.22244,
treated_monoculture,D:/3_Research/CancerGrowthDynamics/Modelling Data Notebooks/Treated MonoCulture/outputs/treated_monoculture_model_bic_results.csv,20k,,A2780cis,theta_hill_inhibition_dde,n,5.9992,3279.538,200.99579,208.22244,
treated_monoculture,D:/3_Research/CancerGrowthDynamics/Modelling Data Notebooks/Treated MonoCulture/outputs/treated_monoculture_model_bic_results.csv,20k,,A2780cis,theta_hill_inhibition_dde,tau,1.4434,3279.538,200.99579,208.22244,
treated_monoculture,D:/3_Research/CancerGrowthDynamics/Modelling Data Notebooks/Treated MonoCulture/outputs/treated_monoculture_model_bic_results.csv,20k,,A2780cis,theta_hill_kill,K50,2.8239,3111.8922,196.63457,202.05456,
treated_monoculture,D:/3_Research/CancerGrowthDynamics/Modelling Data Notebooks/Treated MonoCulture/outputs/treated_monoculture_model_bic_results.csv,20k,,A2780cis,theta_hill_kill,kmax,3.9982,3111.8922,196.63457,202.05456,
treated_monoculture,D:/3_Research/CancerGrowthDynamics/Modelling Data Notebooks/Treated MonoCulture/outputs/treated_monoculture_model_bic_results.csv,20k,,A2780cis,theta_hill_kill,n,6,3111.8922,196.63457,202.05456,
treated_monoculture,D:/3_Research/CancerGrowthDynamics/Modelling Data Notebooks/Treated MonoCulture/outputs/treated_monoculture_model_bic_results.csv,20k,,A2780cis,theta_hill_kill_dde,K50,2.6172,3058.9526,197.86244,205.08909,
treated_monoculture,D:/3_Research/CancerGrowthDynamics/Modelling Data Notebooks/Treated MonoCulture/outputs/treated_monoculture_model_bic_results.csv,20k,,A2780cis,theta_hill_kill_dde,kmax,3.9538,3058.9526,197.86244,205.08909,
treated_monoculture,D:/3_Research/CancerGrowthDynamics/Modelling Data Notebooks/Treated MonoCulture/outputs/treated_monoculture_model_bic_results.csv,20k,,A2780cis,theta_hill_kill_dde,n,5.9993,3058.9526,197.86244,205.08909,
treated_monoculture,D:/3_Research/CancerGrowthDynamics/Modelling Data Notebooks/Treated MonoCulture/outputs/treated_monoculture_model_bic_results.csv,20k,,A2780cis,theta_hill_kill_dde,tau,1.208,3058.9526,197.86244,205.08909,
treated_monoculture,D:/3_Research/CancerGrowthDynamics/Modelling Data Notebooks/Treated MonoCulture/outputs/treated_monoculture_best_models.csv,20k,,A2780cis,time_delay,alpha,0.873,2843.9131,194.58232,201.80897,
treated_monoculture,D:/3_Research/CancerGrowthDynamics/Modelling Data Notebooks/Treated MonoCulture/outputs/treated_monoculture_model_bic_results.csv,20k,,A2780cis,time_delay,alpha,0.873,2843.9131,194.58232,201.80897,
treated_monoculture,D:/3_Research/CancerGrowthDynamics/Modelling Data Notebooks/Treated MonoCulture/outputs/treated_monoculture_best_models.csv,20k,,A2780cis,time_delay,beta,0.4989,2843.9131,194.58232,201.80897,
treated_monoculture,D:/3_Research/CancerGrowthDynamics/Modelling Data Notebooks/Treated MonoCulture/outputs/treated_monoculture_model_bic_results.csv,20k,,A2780cis,time_delay,beta,0.4989,2843.9131,194.58232,201.80897,
treated_monoculture,D:/3_Research/CancerGrowthDynamics/Modelling Data Notebooks/Treated MonoCulture/outputs/treated_monoculture_best_models.csv,20k,,A2780cis,time_delay,kD,2.5183,2843.9131,194.58232,201.80897,
treated_monoculture,D:/3_Research/CancerGrowthDynamics/Modelling Data Notebooks/Treated MonoCulture/outputs/treated_monoculture_model_bic_results.csv,20k,,A2780cis,time_delay,kD,2.5183,2843.9131,194.58232,201.80897,
treated_monoculture,D:/3_Research/CancerGrowthDynamics/Modelling Data Notebooks/Treated MonoCulture/outputs/treated_monoculture_best_models.csv,20k,,A2780cis,time_delay,n,5.9986,2843.9131,194.58232,201.80897,
treated_monoculture,D:/3_Research/CancerGrowthDynamics/Modelling Data Notebooks/Treated MonoCulture/outputs/treated_monoculture_model_bic_results.csv,20k,,A2780cis,time_delay,n,5.9986,2843.9131,194.58232,201.80897,
treated_monoculture,D:/3_Research/CancerGrowthDynamics/Modelling Data Notebooks/Treated MonoCulture/outputs/treated_monoculture_model_bic_results.csv,20k,,A2780cis,transit_erlang_m4,K50,2.601,3011.5511,197.15966,204.38631,
treated_monoculture,D:/3_Research/CancerGrowthDynamics/Modelling Data Notebooks/Treated MonoCulture/outputs/treated_monoculture_model_bic_results.csv,20k,,A2780cis,transit_erlang_m4,kmax,3.6459,3011.5511,197.15966,204.38631,
treated_monoculture,D:/3_Research/CancerGrowthDynamics/Modelling Data Notebooks/Treated MonoCulture/outputs/treated_monoculture_model_bic_results.csv,20k,,A2780cis,transit_erlang_m4,n,5.9882,3011.5511,197.15966,204.38631,
treated_monoculture,D:/3_Research/CancerGrowthDynamics/Modelling Data Notebooks/Treated MonoCulture/outputs/treated_monoculture_model_bic_results.csv,20k,,A2780cis,transit_erlang_m4,tau,4.8776,3011.5511,197.15966,204.38631,
treated_monoculture,D:/3_Research/CancerGrowthDynamics/Modelling Data Notebooks/Treated MonoCulture/outputs/treated_monoculture_model_bic_results.csv,30k,,A2780Naive,Model1_parpi,alpha,0.523,22499.129,285.65562,291.07561,
treated_monoculture,D:/3_Research/CancerGrowthDynamics/Modelling Data Notebooks/Treated MonoCulture/outputs/treated_monoculture_model_bic_results.csv,30k,,A2780Naive,Model1_parpi,beta,0,22499.129,285.65562,291.07561,
treated_monoculture,D:/3_Research/CancerGrowthDynamics/Modelling Data Notebooks/Treated MonoCulture/outputs/treated_monoculture_model_bic_results.csv,30k,,A2780Naive,Model1_parpi,d,0.0983,22499.129,285.65562,291.07561,
treated_monoculture,D:/3_Research/CancerGrowthDynamics/Modelling Data Notebooks/Treated MonoCulture/outputs/treated_monoculture_model_bic_results.csv,30k,,A2780Naive,Model2_parpi,alpha,0.8236,16420.443,271.48289,276.90288,
treated_monoculture,D:/3_Research/CancerGrowthDynamics/Modelling Data Notebooks/Treated MonoCulture/outputs/treated_monoculture_model_bic_results.csv,30k,,A2780Naive,Model2_parpi,beta,0,16420.443,271.48289,276.90288,
treated_monoculture,D:/3_Research/CancerGrowthDynamics/Modelling Data Notebooks/Treated MonoCulture/outputs/treated_monoculture_model_bic_results.csv,30k,,A2780Naive,Model2_parpi,d,0.7462,16420.443,271.48289,276.90288,
treated_monoculture,D:/3_Research/CancerGrowthDynamics/Modelling Data Notebooks/Treated MonoCulture/outputs/treated_monoculture_model_bic_results.csv,30k,,A2780Naive,Model3_parpi,alpha,0.6978,18584.548,279.05405,286.2807,
treated_monoculture,D:/3_Research/CancerGrowthDynamics/Modelling Data Notebooks/Treated MonoCulture/outputs/treated_monoculture_model_bic_results.csv,30k,,A2780Naive,Model3_parpi,beta,0.0004,18584.548,279.05405,286.2807,
treated_monoculture,D:/3_Research/CancerGrowthDynamics/Modelling Data Notebooks/Treated MonoCulture/outputs/treated_monoculture_model_bic_results.csv,30k,,A2780Naive,Model3_parpi,d,0.2174,18584.548,279.05405,286.2807,
treated_monoculture,D:/3_Research/CancerGrowthDynamics/Modelling Data Notebooks/Treated MonoCulture/outputs/treated_monoculture_model_bic_results.csv,30k,,A2780Naive,Model3_parpi,gamma,1.0111,18584.548,279.05405,286.2807,
treated_monoculture,D:/3_Research/CancerGrowthDynamics/Modelling Data Notebooks/Treated MonoCulture/outputs/treated_monoculture_model_bic_results.csv,30k,,A2780Naive,Model4_parpi,alpha,0.5969,19893.652,280.11721,285.53719,
treated_monoculture,D:/3_Research/CancerGrowthDynamics/Modelling Data Notebooks/Treated MonoCulture/outputs/treated_monoculture_model_bic_results.csv,30k,,A2780Naive,Model4_parpi,d,0.1199,19893.652,280.11721,285.53719,
treated_monoculture,D:/3_Research/CancerGrowthDynamics/Modelling Data Notebooks/Treated MonoCulture/outputs/treated_monoculture_model_bic_results.csv,30k,,A2780Naive,Model4_parpi,phi,1.9899,19893.652,280.11721,285.53719,
treated_monoculture,D:/3_Research/CancerGrowthDynamics/Modelling Data Notebooks/Treated MonoCulture/outputs/treated_monoculture_model_bic_results.csv,30k,,A2780Naive,adaptive_ic50,Emax,0.8022,742436.33,446.99635,456.02966,
treated_monoculture,D:/3_Research/CancerGrowthDynamics/Modelling Data Notebooks/Treated MonoCulture/outputs/treated_monoculture_model_bic_results.csv,30k,,A2780Naive,adaptive_ic50,IC50_0,3.385,742436.33,446.99635,456.02966,
treated_monoculture,D:/3_Research/CancerGrowthDynamics/Modelling Data Notebooks/Treated MonoCulture/outputs/treated_monoculture_model_bic_results.csv,30k,,A2780Naive,adaptive_ic50,a,1.8922,742436.33,446.99635,456.02966,
treated_monoculture,D:/3_Research/CancerGrowthDynamics/Modelling Data Notebooks/Treated MonoCulture/outputs/treated_monoculture_model_bic_results.csv,30k,,A2780Naive,adaptive_ic50,b,1.4244,742436.33,446.99635,456.02966,
treated_monoculture,D:/3_Research/CancerGrowthDynamics/Modelling Data Notebooks/Treated MonoCulture/outputs/treated_monoculture_model_bic_results.csv,30k,,A2780Naive,adaptive_ic50,n,3.1616,742436.33,446.99635,456.02966,
treated_monoculture,D:/3_Research/CancerGrowthDynamics/Modelling Data Notebooks/Treated MonoCulture/outputs/treated_monoculture_model_bic_results.csv,30k,,A2780Naive,biexponential,lambda1,0.2945,26261.038,292.61306,298.03305,
treated_monoculture,D:/3_Research/CancerGrowthDynamics/Modelling Data Notebooks/Treated MonoCulture/outputs/treated_monoculture_model_bic_results.csv,30k,,A2780Naive,biexponential,lambda2,0,26261.038,292.61306,298.03305,
treated_monoculture,D:/3_Research/CancerGrowthDynamics/Modelling Data Notebooks/Treated MonoCulture/outputs/treated_monoculture_model_bic_results.csv,30k,,A2780Naive,biexponential,w,0,26261.038,292.61306,298.03305,
treated_monoculture,D:/3_Research/CancerGrowthDynamics/Modelling Data Notebooks/Treated MonoCulture/outputs/treated_monoculture_model_bic_results.csv,30k,,A2780Naive,damage_repair_arrest,K50,90.8858,666253.91,444.12436,454.96434,
treated_monoculture,D:/3_Research/CancerGrowthDynamics/Modelling Data Notebooks/Treated MonoCulture/outputs/treated_monoculture_model_bic_results.csv,30k,,A2780Naive,damage_repair_arrest,dA,1.4012,666253.91,444.12436,454.96434,
treated_monoculture,D:/3_Research/CancerGrowthDynamics/Modelling Data Notebooks/Treated MonoCulture/outputs/treated_monoculture_model_bic_results.csv,30k,,A2780Naive,damage_repair_arrest,k_arr,1.3718,666253.91,444.12436,454.96434,
treated_monoculture,D:/3_Research/CancerGrowthDynamics/Modelling Data Notebooks/Treated MonoCulture/outputs/treated_monoculture_model_bic_results.csv,30k,,A2780Naive,damage_repair_arrest,k_rep,1.9004,666253.91,444.12436,454.96434,
treated_monoculture,D:/3_Research/CancerGrowthDynamics/Modelling Data Notebooks/Treated MonoCulture/outputs/treated_monoculture_model_bic_results.csv,30k,,A2780Naive,damage_repair_arrest,kmax,3.232,666253.91,444.12436,454.96434,
treated_monoculture,D:/3_Research/CancerGrowthDynamics/Modelling Data Notebooks/Treated MonoCulture/outputs/treated_monoculture_model_bic_results.csv,30k,,A2780Naive,damage_repair_arrest,n,0.9126,666253.91,444.12436,454.96434,
treated_monoculture,D:/3_Research/CancerGrowthDynamics/Modelling Data Notebooks/Treated MonoCulture/outputs/treated_monoculture_model_bic_results.csv,30k,,A2780Naive,lag_hill_inhibition,Emax,0.9984,6844.2404,236.10251,245.13582,
treated_monoculture,D:/3_Research/CancerGrowthDynamics/Modelling Data Notebooks/Treated MonoCulture/outputs/treated_monoculture_model_bic_results.csv,30k,,A2780Naive,lag_hill_inhibition,IC50,1,6844.2404,236.10251,245.13582,
treated_monoculture,D:/3_Research/CancerGrowthDynamics/Modelling Data Notebooks/Treated MonoCulture/outputs/treated_monoculture_model_bic_results.csv,30k,,A2780Naive,lag_hill_inhibition,m,0.5167,6844.2404,236.10251,245.13582,
treated_monoculture,D:/3_Research/CancerGrowthDynamics/Modelling Data Notebooks/Treated MonoCulture/outputs/treated_monoculture_model_bic_results.csv,30k,,A2780Naive,lag_hill_inhibition,n,5.9616,6844.2404,236.10251,245.13582,
treated_monoculture,D:/3_Research/CancerGrowthDynamics/Modelling Data Notebooks/Treated MonoCulture/outputs/treated_monoculture_model_bic_results.csv,30k,,A2780Naive,lag_hill_inhibition,t_lag,0.8542,6844.2404,236.10251,245.13582,
treated_monoculture,D:/3_Research/CancerGrowthDynamics/Modelling Data Notebooks/Treated MonoCulture/outputs/treated_monoculture_model_bic_results.csv,30k,,A2780Naive,pkpd_hill_inhibition,Emax,0.9997,14303.631,267.27228,274.49893,
treated_monoculture,D:/3_Research/CancerGrowthDynamics/Modelling Data Notebooks/Treated MonoCulture/outputs/treated_monoculture_model_bic_results.csv,30k,,A2780Naive,pkpd_hill_inhibition,IC50,1,14303.631,267.27228,274.49893,
treated_monoculture,D:/3_Research/CancerGrowthDynamics/Modelling Data Notebooks/Treated MonoCulture/outputs/treated_monoculture_model_bic_results.csv,30k,,A2780Naive,pkpd_hill_inhibition,k_e,0,14303.631,267.27228,274.49893,
treated_monoculture,D:/3_Research/CancerGrowthDynamics/Modelling Data Notebooks/Treated MonoCulture/outputs/treated_monoculture_model_bic_results.csv,30k,,A2780Naive,pkpd_hill_inhibition,n,5.9866,14303.631,267.27228,274.49893,
treated_monoculture,D:/3_Research/CancerGrowthDynamics/Modelling Data Notebooks/Treated MonoCulture/outputs/treated_monoculture_model_bic_results.csv,30k,,A2780Naive,sensitive_resistant,K50R,4.5321,20989.141,292.52941,306.98271,
treated_monoculture,D:/3_Research/CancerGrowthDynamics/Modelling Data Notebooks/Treated MonoCulture/outputs/treated_monoculture_model_bic_results.csv,30k,,A2780Naive,sensitive_resistant,K50S,97.7579,20989.141,292.52941,306.98271,
treated_monoculture,D:/3_Research/CancerGrowthDynamics/Modelling Data Notebooks/Treated MonoCulture/outputs/treated_monoculture_model_bic_results.csv,30k,,A2780Naive,sensitive_resistant,S0_frac,0.0101,20989.141,292.52941,306.98271,
treated_monoculture,D:/3_Research/CancerGrowthDynamics/Modelling Data Notebooks/Treated MonoCulture/outputs/treated_monoculture_model_bic_results.csv,30k,,A2780Naive,sensitive_resistant,kR_max,1.9066,20989.141,292.52941,306.98271,
treated_monoculture,D:/3_Research/CancerGrowthDynamics/Modelling Data Notebooks/Treated MonoCulture/outputs/treated_monoculture_model_bic_results.csv,30k,,A2780Naive,sensitive_resistant,kS_max,3.5339,20989.141,292.52941,306.98271,
treated_monoculture,D:/3_Research/CancerGrowthDynamics/Modelling Data Notebooks/Treated MonoCulture/outputs/treated_monoculture_model_bic_results.csv,30k,,A2780Naive,sensitive_resistant,n,2.8633,20989.141,292.52941,306.98271,
treated_monoculture,D:/3_Research/CancerGrowthDynamics/Modelling Data Notebooks/Treated MonoCulture/outputs/treated_monoculture_model_bic_results.csv,30k,,A2780Naive,sensitive_resistant,rR_scale,0.1767,20989.141,292.52941,306.98271,
treated_monoculture,D:/3_Research/CancerGrowthDynamics/Modelling Data Notebooks/Treated MonoCulture/outputs/treated_monoculture_model_bic_results.csv,30k,,A2780Naive,sensitive_resistant,rS_scale,0.2005,20989.141,292.52941,306.98271,
treated_monoculture,D:/3_Research/CancerGrowthDynamics/Modelling Data Notebooks/Treated MonoCulture/outputs/treated_monoculture_model_bic_results.csv,30k,,A2780Naive,theta_hill_inhibition,Emax,0.9995,14328.801,265.3514,270.77138,
treated_monoculture,D:/3_Research/CancerGrowthDynamics/Modelling Data Notebooks/Treated MonoCulture/outputs/treated_monoculture_model_bic_results.csv,30k,,A2780Naive,theta_hill_inhibition,IC50,1,14328.801,265.3514,270.77138,
treated_monoculture,D:/3_Research/CancerGrowthDynamics/Modelling Data Notebooks/Treated MonoCulture/outputs/treated_monoculture_model_bic_results.csv,30k,,A2780Naive,theta_hill_inhibition,n,5.9733,14328.801,265.3514,270.77138,
treated_monoculture,D:/3_Research/CancerGrowthDynamics/Modelling Data Notebooks/Treated MonoCulture/outputs/treated_monoculture_model_bic_results.csv,30k,,A2780Naive,theta_hill_inhibition_dde,Emax,0.9993,14364.594,267.46366,274.69031,
treated_monoculture,D:/3_Research/CancerGrowthDynamics/Modelling Data Notebooks/Treated MonoCulture/outputs/treated_monoculture_model_bic_results.csv,30k,,A2780Naive,theta_hill_inhibition_dde,IC50,1,14364.594,267.46366,274.69031,
treated_monoculture,D:/3_Research/CancerGrowthDynamics/Modelling Data Notebooks/Treated MonoCulture/outputs/treated_monoculture_model_bic_results.csv,30k,,A2780Naive,theta_hill_inhibition_dde,n,5.9639,14364.594,267.46366,274.69031,
treated_monoculture,D:/3_Research/CancerGrowthDynamics/Modelling Data Notebooks/Treated MonoCulture/outputs/treated_monoculture_model_bic_results.csv,30k,,A2780Naive,theta_hill_inhibition_dde,tau,3,14364.594,267.46366,274.69031,
treated_monoculture,D:/3_Research/CancerGrowthDynamics/Modelling Data Notebooks/Treated MonoCulture/outputs/treated_monoculture_model_bic_results.csv,30k,,A2780Naive,theta_hill_kill,K50,1.1395,4050.254,208.49426,213.91424,
treated_monoculture,D:/3_Research/CancerGrowthDynamics/Modelling Data Notebooks/Treated MonoCulture/outputs/treated_monoculture_model_bic_results.csv,30k,,A2780Naive,theta_hill_kill,kmax,1.1363,4050.254,208.49426,213.91424,
treated_monoculture,D:/3_Research/CancerGrowthDynamics/Modelling Data Notebooks/Treated MonoCulture/outputs/treated_monoculture_model_bic_results.csv,30k,,A2780Naive,theta_hill_kill,n,5.2799,4050.254,208.49426,213.91424,
treated_monoculture,D:/3_Research/CancerGrowthDynamics/Modelling Data Notebooks/Treated MonoCulture/outputs/treated_monoculture_model_bic_results.csv,30k,,A2780Naive,theta_hill_kill_dde,K50,5.7292,24457.261,291.4109,298.63755,
treated_monoculture,D:/3_Research/CancerGrowthDynamics/Modelling Data Notebooks/Treated MonoCulture/outputs/treated_monoculture_model_bic_results.csv,30k,,A2780Naive,theta_hill_kill_dde,kmax,3.7856,24457.261,291.4109,298.63755,
treated_monoculture,D:/3_Research/CancerGrowthDynamics/Modelling Data Notebooks/Treated MonoCulture/outputs/treated_monoculture_model_bic_results.csv,30k,,A2780Naive,theta_hill_kill_dde,n,1.4583,24457.261,291.4109,298.63755,
treated_monoculture,D:/3_Research/CancerGrowthDynamics/Modelling Data Notebooks/Treated MonoCulture/outputs/treated_monoculture_model_bic_results.csv,30k,,A2780Naive,theta_hill_kill_dde,tau,2.9544,24457.261,291.4109,298.63755,
treated_monoculture,D:/3_Research/CancerGrowthDynamics/Modelling Data Notebooks/Treated MonoCulture/outputs/treated_monoculture_best_models.csv,30k,,A2780Naive,time_delay,alpha,0.2252,2008.7915,178.93817,186.16482,
treated_monoculture,D:/3_Research/CancerGrowthDynamics/Modelling Data Notebooks/Treated MonoCulture/outputs/treated_monoculture_model_bic_results.csv,30k,,A2780Naive,time_delay,alpha,0.2252,2008.7915,178.93817,186.16482,
treated_monoculture,D:/3_Research/CancerGrowthDynamics/Modelling Data Notebooks/Treated MonoCulture/outputs/treated_monoculture_best_models.csv,30k,,A2780Naive,time_delay,beta,0.5,2008.7915,178.93817,186.16482,
treated_monoculture,D:/3_Research/CancerGrowthDynamics/Modelling Data Notebooks/Treated MonoCulture/outputs/treated_monoculture_model_bic_results.csv,30k,,A2780Naive,time_delay,beta,0.5,2008.7915,178.93817,186.16482,
treated_monoculture,D:/3_Research/CancerGrowthDynamics/Modelling Data Notebooks/Treated MonoCulture/outputs/treated_monoculture_best_models.csv,30k,,A2780Naive,time_delay,kD,1.3779,2008.7915,178.93817,186.16482,
treated_monoculture,D:/3_Research/CancerGrowthDynamics/Modelling Data Notebooks/Treated MonoCulture/outputs/treated_monoculture_model_bic_results.csv,30k,,A2780Naive,time_delay,kD,1.3779,2008.7915,178.93817,186.16482,
treated_monoculture,D:/3_Research/CancerGrowthDynamics/Modelling Data Notebooks/Treated MonoCulture/outputs/treated_monoculture_best_models.csv,30k,,A2780Naive,time_delay,n,1.6709,2008.7915,178.93817,186.16482,
treated_monoculture,D:/3_Research/CancerGrowthDynamics/Modelling Data Notebooks/Treated MonoCulture/outputs/treated_monoculture_model_bic_results.csv,30k,,A2780Naive,time_delay,n,1.6709,2008.7915,178.93817,186.16482,
treated_monoculture,D:/3_Research/CancerGrowthDynamics/Modelling Data Notebooks/Treated MonoCulture/outputs/treated_monoculture_model_bic_results.csv,30k,,A2780Naive,transit_erlang_m4,K50,1.2459,2820.5983,194.21188,201.43853,
treated_monoculture,D:/3_Research/CancerGrowthDynamics/Modelling Data Notebooks/Treated MonoCulture/outputs/treated_monoculture_model_bic_results.csv,30k,,A2780Naive,transit_erlang_m4,kmax,1.5635,2820.5983,194.21188,201.43853,
treated_monoculture,D:/3_Research/CancerGrowthDynamics/Modelling Data Notebooks/Treated MonoCulture/outputs/treated_monoculture_model_bic_results.csv,30k,,A2780Naive,transit_erlang_m4,n,3.8968,2820.5983,194.21188,201.43853,
treated_monoculture,D:/3_Research/CancerGrowthDynamics/Modelling Data Notebooks/Treated MonoCulture/outputs/treated_monoculture_model_bic_results.csv,30k,,A2780Naive,transit_erlang_m4,tau,6.4572,2820.5983,194.21188,201.43853,
treated_monoculture,D:/3_Research/CancerGrowthDynamics/Modelling Data Notebooks/Treated MonoCulture/outputs/treated_monoculture_model_bic_results.csv,30k,,A2780cis,Model1_parpi,alpha,0.0942,3297.9209,199.24733,204.66731,
treated_monoculture,D:/3_Research/CancerGrowthDynamics/Modelling Data Notebooks/Treated MonoCulture/outputs/treated_monoculture_model_bic_results.csv,30k,,A2780cis,Model1_parpi,beta,0.4915,3297.9209,199.24733,204.66731,
treated_monoculture,D:/3_Research/CancerGrowthDynamics/Modelling Data Notebooks/Treated MonoCulture/outputs/treated_monoculture_model_bic_results.csv,30k,,A2780cis,Model1_parpi,d,3.9904,3297.9209,199.24733,204.66731,
treated_monoculture,D:/3_Research/CancerGrowthDynamics/Modelling Data Notebooks/Treated MonoCulture/outputs/treated_monoculture_model_bic_results.csv,30k,,A2780cis,Model2_parpi,alpha,0.4836,3334.8113,199.7479,205.16789,
treated_monoculture,D:/3_Research/CancerGrowthDynamics/Modelling Data Notebooks/Treated MonoCulture/outputs/treated_monoculture_model_bic_results.csv,30k,,A2780cis,Model2_parpi,beta,0,3334.8113,199.7479,205.16789,
treated_monoculture,D:/3_Research/CancerGrowthDynamics/Modelling Data Notebooks/Treated MonoCulture/outputs/treated_monoculture_model_bic_results.csv,30k,,A2780cis,Model2_parpi,d,1.9156,3334.8113,199.7479,205.16789,
treated_monoculture,D:/3_Research/CancerGrowthDynamics/Modelling Data Notebooks/Treated MonoCulture/outputs/treated_monoculture_model_bic_results.csv,30k,,A2780cis,Model3_parpi,alpha,0.1933,3333.5277,201.73058,208.95723,
treated_monoculture,D:/3_Research/CancerGrowthDynamics/Modelling Data Notebooks/Treated MonoCulture/outputs/treated_monoculture_model_bic_results.csv,30k,,A2780cis,Model3_parpi,beta,0.2841,3333.5277,201.73058,208.95723,
treated_monoculture,D:/3_Research/CancerGrowthDynamics/Modelling Data Notebooks/Treated MonoCulture/outputs/treated_monoculture_model_bic_results.csv,30k,,A2780cis,Model3_parpi,d,2.7194,3333.5277,201.73058,208.95723,
treated_monoculture,D:/3_Research/CancerGrowthDynamics/Modelling Data Notebooks/Treated MonoCulture/outputs/treated_monoculture_model_bic_results.csv,30k,,A2780cis,Model3_parpi,gamma,0.4936,3333.5277,201.73058,208.95723,
treated_monoculture,D:/3_Research/CancerGrowthDynamics/Modelling Data Notebooks/Treated MonoCulture/outputs/treated_monoculture_model_bic_results.csv,30k,,A2780cis,Model4_parpi,alpha,0.0896,3298.5413,199.25579,204.67578,
treated_monoculture,D:/3_Research/CancerGrowthDynamics/Modelling Data Notebooks/Treated MonoCulture/outputs/treated_monoculture_model_bic_results.csv,30k,,A2780cis,Model4_parpi,d,3.9901,3298.5413,199.25579,204.67578,
treated_monoculture,D:/3_Research/CancerGrowthDynamics/Modelling Data Notebooks/Treated MonoCulture/outputs/treated_monoculture_model_bic_results.csv,30k,,A2780cis,Model4_parpi,phi,0.0019,3298.5413,199.25579,204.67578,
treated_monoculture,D:/3_Research/CancerGrowthDynamics/Modelling Data Notebooks/Treated MonoCulture/outputs/treated_monoculture_model_bic_results.csv,30k,,A2780cis,adaptive_ic50,Emax,0.9247,1938.0368,179.32457,188.35788,
treated_monoculture,D:/3_Research/CancerGrowthDynamics/Modelling Data Notebooks/Treated MonoCulture/outputs/treated_monoculture_model_bic_results.csv,30k,,A2780cis,adaptive_ic50,IC50_0,1.2868,1938.0368,179.32457,188.35788,
treated_monoculture,D:/3_Research/CancerGrowthDynamics/Modelling Data Notebooks/Treated MonoCulture/outputs/treated_monoculture_model_bic_results.csv,30k,,A2780cis,adaptive_ic50,a,0.4998,1938.0368,179.32457,188.35788,
treated_monoculture,D:/3_Research/CancerGrowthDynamics/Modelling Data Notebooks/Treated MonoCulture/outputs/treated_monoculture_model_bic_results.csv,30k,,A2780cis,adaptive_ic50,b,0.7156,1938.0368,179.32457,188.35788,
treated_monoculture,D:/3_Research/CancerGrowthDynamics/Modelling Data Notebooks/Treated MonoCulture/outputs/treated_monoculture_model_bic_results.csv,30k,,A2780cis,adaptive_ic50,n,2.828,1938.0368,179.32457,188.35788,
treated_monoculture,D:/3_Research/CancerGrowthDynamics/Modelling Data Notebooks/Treated MonoCulture/outputs/treated_monoculture_model_bic_results.csv,30k,,A2780cis,biexponential,lambda1,3.8205,61096.867,330.6099,336.02989,
treated_monoculture,D:/3_Research/CancerGrowthDynamics/Modelling Data Notebooks/Treated MonoCulture/outputs/treated_monoculture_model_bic_results.csv,30k,,A2780cis,biexponential,lambda2,0,61096.867,330.6099,336.02989,
treated_monoculture,D:/3_Research/CancerGrowthDynamics/Modelling Data Notebooks/Treated MonoCulture/outputs/treated_monoculture_model_bic_results.csv,30k,,A2780cis,biexponential,w,0,61096.867,330.6099,336.02989,
treated_monoculture,D:/3_Research/CancerGrowthDynamics/Modelling Data Notebooks/Treated MonoCulture/outputs/treated_monoculture_model_bic_results.csv,30k,,A2780cis,damage_repair_arrest,K50,2.7388,2189.4846,186.81415,197.65413,
treated_monoculture,D:/3_Research/CancerGrowthDynamics/Modelling Data Notebooks/Treated MonoCulture/outputs/treated_monoculture_model_bic_results.csv,30k,,A2780cis,damage_repair_arrest,dA,1.6644,2189.4846,186.81415,197.65413,
treated_monoculture,D:/3_Research/CancerGrowthDynamics/Modelling Data Notebooks/Treated MonoCulture/outputs/treated_monoculture_model_bic_results.csv,30k,,A2780cis,damage_repair_arrest,k_arr,1.9863,2189.4846,186.81415,197.65413,
treated_monoculture,D:/3_Research/CancerGrowthDynamics/Modelling Data Notebooks/Treated MonoCulture/outputs/treated_monoculture_model_bic_results.csv,30k,,A2780cis,damage_repair_arrest,k_rep,0.0078,2189.4846,186.81415,197.65413,
treated_monoculture,D:/3_Research/CancerGrowthDynamics/Modelling Data Notebooks/Treated MonoCulture/outputs/treated_monoculture_model_bic_results.csv,30k,,A2780cis,damage_repair_arrest,kmax,0.3563,2189.4846,186.81415,197.65413,
treated_monoculture,D:/3_Research/CancerGrowthDynamics/Modelling Data Notebooks/Treated MonoCulture/outputs/treated_monoculture_model_bic_results.csv,30k,,A2780cis,damage_repair_arrest,n,1.2355,2189.4846,186.81415,197.65413,
treated_monoculture,D:/3_Research/CancerGrowthDynamics/Modelling Data Notebooks/Treated MonoCulture/outputs/treated_monoculture_model_bic_results.csv,30k,,A2780cis,lag_hill_inhibition,Emax,0.377,1889.3063,178.17861,187.21193,
treated_monoculture,D:/3_Research/CancerGrowthDynamics/Modelling Data Notebooks/Treated MonoCulture/outputs/treated_monoculture_model_bic_results.csv,30k,,A2780cis,lag_hill_inhibition,IC50,1.4016,1889.3063,178.17861,187.21193,
treated_monoculture,D:/3_Research/CancerGrowthDynamics/Modelling Data Notebooks/Treated MonoCulture/outputs/treated_monoculture_model_bic_results.csv,30k,,A2780cis,lag_hill_inhibition,m,6.4833,1889.3063,178.17861,187.21193,
treated_monoculture,D:/3_Research/CancerGrowthDynamics/Modelling Data Notebooks/Treated MonoCulture/outputs/treated_monoculture_model_bic_results.csv,30k,,A2780cis,lag_hill_inhibition,n,4.0929,1889.3063,178.17861,187.21193,
treated_monoculture,D:/3_Research/CancerGrowthDynamics/Modelling Data Notebooks/Treated MonoCulture/outputs/treated_monoculture_model_bic_results.csv,30k,,A2780cis,lag_hill_inhibition,t_lag,0.4084,1889.3063,178.17861,187.21193,
treated_monoculture,D:/3_Research/CancerGrowthDynamics/Modelling Data Notebooks/Treated MonoCulture/outputs/treated_monoculture_model_bic_results.csv,30k,,A2780cis,pkpd_hill_inhibition,Emax,0.9715,8980.1252,246.3248,253.55145,
treated_monoculture,D:/3_Research/CancerGrowthDynamics/Modelling Data Notebooks/Treated MonoCulture/outputs/treated_monoculture_model_bic_results.csv,30k,,A2780cis,pkpd_hill_inhibition,IC50,14.156,8980.1252,246.3248,253.55145,
treated_monoculture,D:/3_Research/CancerGrowthDynamics/Modelling Data Notebooks/Treated MonoCulture/outputs/treated_monoculture_model_bic_results.csv,30k,,A2780cis,pkpd_hill_inhibition,k_e,1.5767,8980.1252,246.3248,253.55145,
treated_monoculture,D:/3_Research/CancerGrowthDynamics/Modelling Data Notebooks/Treated MonoCulture/outputs/treated_monoculture_model_bic_results.csv,30k,,A2780cis,pkpd_hill_inhibition,n,1.3743,8980.1252,246.3248,253.55145,
treated_monoculture,D:/3_Research/CancerGrowthDynamics/Modelling Data Notebooks/Treated MonoCulture/outputs/treated_monoculture_model_bic_results.csv,30k,,A2780cis,sensitive_resistant,K50R,91.7293,1878.0974,183.91084,198.36414,
treated_monoculture,D:/3_Research/CancerGrowthDynamics/Modelling Data Notebooks/Treated MonoCulture/outputs/treated_monoculture_model_bic_results.csv,30k,,A2780cis,sensitive_resistant,K50S,2.6853,1878.0974,183.91084,198.36414,
treated_monoculture,D:/3_Research/CancerGrowthDynamics/Modelling Data Notebooks/Treated MonoCulture/outputs/treated_monoculture_model_bic_results.csv,30k,,A2780cis,sensitive_resistant,S0_frac,0.7419,1878.0974,183.91084,198.36414,
treated_monoculture,D:/3_Research/CancerGrowthDynamics/Modelling Data Notebooks/Treated MonoCulture/outputs/treated_monoculture_model_bic_results.csv,30k,,A2780cis,sensitive_resistant,kR_max,1.4572,1878.0974,183.91084,198.36414,
treated_monoculture,D:/3_Research/CancerGrowthDynamics/Modelling Data Notebooks/Treated MonoCulture/outputs/treated_monoculture_model_bic_results.csv,30k,,A2780cis,sensitive_resistant,kS_max,1.1451,1878.0974,183.91084,198.36414,
treated_monoculture,D:/3_Research/CancerGrowthDynamics/Modelling Data Notebooks/Treated MonoCulture/outputs/treated_monoculture_model_bic_results.csv,30k,,A2780cis,sensitive_resistant,n,3.8551,1878.0974,183.91084,198.36414,
treated_monoculture,D:/3_Research/CancerGrowthDynamics/Modelling Data Notebooks/Treated MonoCulture/outputs/treated_monoculture_model_bic_results.csv,30k,,A2780cis,sensitive_resistant,rR_scale,0.6806,1878.0974,183.91084,198.36414,
treated_monoculture,D:/3_Research/CancerGrowthDynamics/Modelling Data Notebooks/Treated MonoCulture/outputs/treated_monoculture_model_bic_results.csv,30k,,A2780cis,sensitive_resistant,rS_scale,0.9887,1878.0974,183.91084,198.36414,
treated_monoculture,D:/3_Research/CancerGrowthDynamics/Modelling Data Notebooks/Treated MonoCulture/outputs/treated_monoculture_model_bic_results.csv,30k,,A2780cis,theta_hill_inhibition,Emax,0.9225,1985.8912,176.42223,181.84221,
treated_monoculture,D:/3_Research/CancerGrowthDynamics/Modelling Data Notebooks/Treated MonoCulture/outputs/treated_monoculture_model_bic_results.csv,30k,,A2780cis,theta_hill_inhibition,IC50,2.3505,1985.8912,176.42223,181.84221,
treated_monoculture,D:/3_Research/CancerGrowthDynamics/Modelling Data Notebooks/Treated MonoCulture/outputs/treated_monoculture_model_bic_results.csv,30k,,A2780cis,theta_hill_inhibition,n,2.1036,1985.8912,176.42223,181.84221,
treated_monoculture,D:/3_Research/CancerGrowthDynamics/Modelling Data Notebooks/Treated MonoCulture/outputs/treated_monoculture_model_bic_results.csv,30k,,A2780cis,theta_hill_inhibition_dde,Emax,1,1985.6199,178.41608,185.64273,
treated_monoculture,D:/3_Research/CancerGrowthDynamics/Modelling Data Notebooks/Treated MonoCulture/outputs/treated_monoculture_model_bic_results.csv,30k,,A2780cis,theta_hill_inhibition_dde,IC50,2.4976,1985.6199,178.41608,185.64273,
treated_monoculture,D:/3_Research/CancerGrowthDynamics/Modelling Data Notebooks/Treated MonoCulture/outputs/treated_monoculture_model_bic_results.csv,30k,,A2780cis,theta_hill_inhibition_dde,n,2.0682,1985.6199,178.41608,185.64273,
treated_monoculture,D:/3_Research/CancerGrowthDynamics/Modelling Data Notebooks/Treated MonoCulture/outputs/treated_monoculture_model_bic_results.csv,30k,,A2780cis,theta_hill_inhibition_dde,tau,0.0356,1985.6199,178.41608,185.64273,
treated_monoculture,D:/3_Research/CancerGrowthDynamics/Modelling Data Notebooks/Treated MonoCulture/outputs/treated_monoculture_best_models.csv,30k,,A2780cis,theta_hill_kill,K50,8.972,1848.8632,173.20487,178.62486,
treated_monoculture,D:/3_Research/CancerGrowthDynamics/Modelling Data Notebooks/Treated MonoCulture/outputs/treated_monoculture_model_bic_results.csv,30k,,A2780cis,theta_hill_kill,K50,8.972,1848.8632,173.20487,178.62486,
treated_monoculture,D:/3_Research/CancerGrowthDynamics/Modelling Data Notebooks/Treated MonoCulture/outputs/treated_monoculture_best_models.csv,30k,,A2780cis,theta_hill_kill,kmax,3.9293,1848.8632,173.20487,178.62486,
treated_monoculture,D:/3_Research/CancerGrowthDynamics/Modelling Data Notebooks/Treated MonoCulture/outputs/treated_monoculture_model_bic_results.csv,30k,,A2780cis,theta_hill_kill,kmax,3.9293,1848.8632,173.20487,178.62486,
treated_monoculture,D:/3_Research/CancerGrowthDynamics/Modelling Data Notebooks/Treated MonoCulture/outputs/treated_monoculture_best_models.csv,30k,,A2780cis,theta_hill_kill,n,1.9393,1848.8632,173.20487,178.62486,
treated_monoculture,D:/3_Research/CancerGrowthDynamics/Modelling Data Notebooks/Treated MonoCulture/outputs/treated_monoculture_model_bic_results.csv,30k,,A2780cis,theta_hill_kill,n,1.9393,1848.8632,173.20487,178.62486,
treated_monoculture,D:/3_Research/CancerGrowthDynamics/Modelling Data Notebooks/Treated MonoCulture/outputs/treated_monoculture_model_bic_results.csv,30k,,A2780cis,theta_hill_kill_dde,K50,5.8138,1796.3571,173.90841,181.13506,
treated_monoculture,D:/3_Research/CancerGrowthDynamics/Modelling Data Notebooks/Treated MonoCulture/outputs/treated_monoculture_model_bic_results.csv,30k,,A2780cis,theta_hill_kill_dde,kmax,3.0524,1796.3571,173.90841,181.13506,
treated_monoculture,D:/3_Research/CancerGrowthDynamics/Modelling Data Notebooks/Treated MonoCulture/outputs/treated_monoculture_model_bic_results.csv,30k,,A2780cis,theta_hill_kill_dde,n,1.9989,1796.3571,173.90841,181.13506,
treated_monoculture,D:/3_Research/CancerGrowthDynamics/Modelling Data Notebooks/Treated MonoCulture/outputs/treated_monoculture_model_bic_results.csv,30k,,A2780cis,theta_hill_kill_dde,tau,1.5677,1796.3571,173.90841,181.13506,
treated_monoculture,D:/3_Research/CancerGrowthDynamics/Modelling Data Notebooks/Treated MonoCulture/outputs/treated_monoculture_model_bic_results.csv,30k,,A2780cis,time_delay,alpha,0.3237,1824.3149,174.60338,181.83003,
treated_monoculture,D:/3_Research/CancerGrowthDynamics/Modelling Data Notebooks/Treated MonoCulture/outputs/treated_monoculture_model_bic_results.csv,30k,,A2780cis,time_delay,beta,0.5,1824.3149,174.60338,181.83003,
treated_monoculture,D:/3_Research/CancerGrowthDynamics/Modelling Data Notebooks/Treated MonoCulture/outputs/treated_monoculture_model_bic_results.csv,30k,,A2780cis,time_delay,kD,4.1463,1824.3149,174.60338,181.83003,
treated_monoculture,D:/3_Research/CancerGrowthDynamics/Modelling Data Notebooks/Treated MonoCulture/outputs/treated_monoculture_model_bic_results.csv,30k,,A2780cis,time_delay,n,1.8353,1824.3149,174.60338,181.83003,
treated_monoculture,D:/3_Research/CancerGrowthDynamics/Modelling Data Notebooks/Treated MonoCulture/outputs/treated_monoculture_model_bic_results.csv,30k,,A2780cis,transit_erlang_m4,K50,7.8476,1875.3996,175.84615,183.0728,
treated_monoculture,D:/3_Research/CancerGrowthDynamics/Modelling Data Notebooks/Treated MonoCulture/outputs/treated_monoculture_model_bic_results.csv,30k,,A2780cis,transit_erlang_m4,kmax,3.2192,1875.3996,175.84615,183.0728,
treated_monoculture,D:/3_Research/CancerGrowthDynamics/Modelling Data Notebooks/Treated MonoCulture/outputs/treated_monoculture_model_bic_results.csv,30k,,A2780cis,transit_erlang_m4,n,1.9575,1875.3996,175.84615,183.0728,
treated_monoculture,D:/3_Research/CancerGrowthDynamics/Modelling Data Notebooks/Treated MonoCulture/outputs/treated_monoculture_model_bic_results.csv,30k,,A2780cis,transit_erlang_m4,tau,0.2,1875.3996,175.84615,183.0728,
untreated_coculture,D:/3_Research/CancerGrowthDynamics/Modelling Data Notebooks/Untreated CoCulture/untreated_coculture_simplified_fits.csv,20k,25-75,,fixed_mono_competitive_death_log,p1,0,16.205707,-10.475017,-4.8702275,
untreated_coculture,D:/3_Research/CancerGrowthDynamics/Modelling Data Notebooks/Untreated CoCulture/untreated_coculture_simplified_fits.csv,20k,25-75,,fixed_mono_competitive_death_log,p2,0,16.205707,-10.475017,-4.8702275,
untreated_coculture,D:/3_Research/CancerGrowthDynamics/Modelling Data Notebooks/Untreated CoCulture/untreated_coculture_simplified_fits.csv,20k,25-75,,fixed_mono_competitive_death_log,p3,0.352933,16.205707,-10.475017,-4.8702275,
untreated_coculture,D:/3_Research/CancerGrowthDynamics/Modelling Data Notebooks/Untreated CoCulture/untreated_coculture_simplified_fits.csv,20k,25-75,,fixed_mono_competitive_death_log,p4,0,16.205707,-10.475017,-4.8702275,
untreated_coculture,D:/3_Research/CancerGrowthDynamics/Modelling Data Notebooks/Untreated CoCulture/untreated_coculture_simplified_fits.csv,20k,25-75,,fixed_mono_competitive_log,p1,3.99942,25.111009,-1.3367308,1.4656639,
untreated_coculture,D:/3_Research/CancerGrowthDynamics/Modelling Data Notebooks/Untreated CoCulture/untreated_coculture_simplified_fits.csv,20k,25-75,,fixed_mono_competitive_log,p2,6e-06,25.111009,-1.3367308,1.4656639,
untreated_coculture,D:/3_Research/CancerGrowthDynamics/Modelling Data Notebooks/Untreated CoCulture/untreated_coculture_simplified_fits.csv,20k,25-75,,fixed_mono_sharedK_competitive_log,p1,505.18611,10.398656,-25.785624,-21.582032,
untreated_coculture,D:/3_Research/CancerGrowthDynamics/Modelling Data Notebooks/Untreated CoCulture/untreated_coculture_simplified_fits.csv,20k,25-75,,fixed_mono_sharedK_competitive_log,p2,-1.349361,10.398656,-25.785624,-21.582032,
untreated_coculture,D:/3_Research/CancerGrowthDynamics/Modelling Data Notebooks/Untreated CoCulture/untreated_coculture_simplified_fits.csv,20k,25-75,,fixed_mono_sharedK_competitive_log,p3,-0.489973,10.398656,-25.785624,-21.582032,
untreated_coculture,D:/3_Research/CancerGrowthDynamics/Modelling Data Notebooks/Untreated CoCulture/untreated_coculture_simplified_fits.csv,20k,25-75,,fixed_mono_sharedK_death_log,p1,35440.463,13.943918,-16.984619,-12.781027,
untreated_coculture,D:/3_Research/CancerGrowthDynamics/Modelling Data Notebooks/Untreated CoCulture/untreated_coculture_simplified_fits.csv,20k,25-75,,fixed_mono_sharedK_death_log,p2,0.491368,13.943918,-16.984619,-12.781027,
untreated_coculture,D:/3_Research/CancerGrowthDynamics/Modelling Data Notebooks/Untreated CoCulture/untreated_coculture_simplified_fits.csv,20k,25-75,,fixed_mono_sharedK_death_log,p3,0,13.943918,-16.984619,-12.781027,
untreated_coculture,D:/3_Research/CancerGrowthDynamics/Modelling Data Notebooks/Untreated CoCulture/untreated_coculture_simplified_fits.csv,20k,25-75,,fixed_mono_sharedK_log,p1,9851.0364,102.40311,38.83159,40.232787,
untreated_coculture,D:/3_Research/CancerGrowthDynamics/Modelling Data Notebooks/Untreated CoCulture/untreated_coculture_simplified_fits.csv,20k,25-75,,fixed_mono_sharedK_symmetric_alpha_log,p1,905.64142,12.034733,-23.402016,-20.599621,
untreated_coculture,D:/3_Research/CancerGrowthDynamics/Modelling Data Notebooks/Untreated CoCulture/untreated_coculture_simplified_fits.csv,20k,25-75,,fixed_mono_sharedK_symmetric_alpha_log,p2,-0.584782,12.034733,-23.402016,-20.599621,
untreated_coculture,D:/3_Research/CancerGrowthDynamics/Modelling Data Notebooks/Untreated CoCulture/untreated_coculture_simplified_fits.csv,20k,25-75,,fixed_mono_symmetric_alpha_log,p1,-0.190065,22.585127,-6.5171742,-5.1159768,
untreated_coculture,D:/3_Research/CancerGrowthDynamics/Modelling Data Notebooks/Untreated CoCulture/untreated_coculture_simplified_fits.csv,20k,50-50,,fixed_mono_competitive_death_log,p1,0,4.4656398,-49.143547,-43.538757,
untreated_coculture,D:/3_Research/CancerGrowthDynamics/Modelling Data Notebooks/Untreated CoCulture/untreated_coculture_simplified_fits.csv,20k,50-50,,fixed_mono_competitive_death_log,p2,0.027181,4.4656398,-49.143547,-43.538757,
untreated_coculture,D:/3_Research/CancerGrowthDynamics/Modelling Data Notebooks/Untreated CoCulture/untreated_coculture_simplified_fits.csv,20k,50-50,,fixed_mono_competitive_death_log,p3,0.241635,4.4656398,-49.143547,-43.538757,
untreated_coculture,D:/3_Research/CancerGrowthDynamics/Modelling Data Notebooks/Untreated CoCulture/untreated_coculture_simplified_fits.csv,20k,50-50,,fixed_mono_competitive_death_log,p4,0,4.4656398,-49.143547,-43.538757,
untreated_coculture,D:/3_Research/CancerGrowthDynamics/Modelling Data Notebooks/Untreated CoCulture/untreated_coculture_simplified_fits.csv,20k,50-50,,fixed_mono_competitive_log,p1,3.738847,6.8270334,-40.409215,-37.60682,
untreated_coculture,D:/3_Research/CancerGrowthDynamics/Modelling Data Notebooks/Untreated CoCulture/untreated_coculture_simplified_fits.csv,20k,50-50,,fixed_mono_competitive_log,p2,0.016678,6.8270334,-40.409215,-37.60682,
untreated_coculture,D:/3_Research/CancerGrowthDynamics/Modelling Data Notebooks/Untreated CoCulture/untreated_coculture_simplified_fits.csv,20k,50-50,,fixed_mono_sharedK_competitive_log,p1,3887.1666,6.8467564,-38.322671,-34.119079,
untreated_coculture,D:/3_Research/CancerGrowthDynamics/Modelling Data Notebooks/Untreated CoCulture/untreated_coculture_simplified_fits.csv,20k,50-50,,fixed_mono_sharedK_competitive_log,p2,3.603219,6.8467564,-38.322671,-34.119079,
untreated_coculture,D:/3_Research/CancerGrowthDynamics/Modelling Data Notebooks/Untreated CoCulture/untreated_coculture_simplified_fits.csv,20k,50-50,,fixed_mono_sharedK_competitive_log,p3,0.019442,6.8467564,-38.322671,-34.119079,
untreated_coculture,D:/3_Research/CancerGrowthDynamics/Modelling Data Notebooks/Untreated CoCulture/untreated_coculture_simplified_fits.csv,20k,50-50,,fixed_mono_sharedK_death_log,p1,11283.558,5.6971991,-43.836681,-39.633089,
untreated_coculture,D:/3_Research/CancerGrowthDynamics/Modelling Data Notebooks/Untreated CoCulture/untreated_coculture_simplified_fits.csv,20k,50-50,,fixed_mono_sharedK_death_log,p2,0.358983,5.6971991,-43.836681,-39.633089,
untreated_coculture,D:/3_Research/CancerGrowthDynamics/Modelling Data Notebooks/Untreated CoCulture/untreated_coculture_simplified_fits.csv,20k,50-50,,fixed_mono_sharedK_death_log,p3,0,5.6971991,-43.836681,-39.633089,
untreated_coculture,D:/3_Research/CancerGrowthDynamics/Modelling Data Notebooks/Untreated CoCulture/untreated_coculture_simplified_fits.csv,20k,50-50,,fixed_mono_sharedK_log,p1,6084.2057,35.121124,6.7281616,8.129359,
untreated_coculture,D:/3_Research/CancerGrowthDynamics/Modelling Data Notebooks/Untreated CoCulture/untreated_coculture_simplified_fits.csv,20k,50-50,,fixed_mono_sharedK_symmetric_alpha_log,p1,1905.6135,6.6447411,-41.221149,-38.418755,
untreated_coculture,D:/3_Research/CancerGrowthDynamics/Modelling Data Notebooks/Untreated CoCulture/untreated_coculture_simplified_fits.csv,20k,50-50,,fixed_mono_sharedK_symmetric_alpha_log,p2,-0.165108,6.6447411,-41.221149,-38.418755,
untreated_coculture,D:/3_Research/CancerGrowthDynamics/Modelling Data Notebooks/Untreated CoCulture/untreated_coculture_simplified_fits.csv,20k,50-50,,fixed_mono_symmetric_alpha_log,p1,0.010455,9.841787,-31.436802,-30.035605,
untreated_coculture,D:/3_Research/CancerGrowthDynamics/Modelling Data Notebooks/Untreated CoCulture/untreated_coculture_simplified_fits.csv,20k,75-25,,fixed_mono_competitive_death_log,p1,3.99224,7.8322271,-32.288514,-26.683725,
untreated_coculture,D:/3_Research/CancerGrowthDynamics/Modelling Data Notebooks/Untreated CoCulture/untreated_coculture_simplified_fits.csv,20k,75-25,,fixed_mono_competitive_death_log,p2,0.000116,7.8322271,-32.288514,-26.683725,
untreated_coculture,D:/3_Research/CancerGrowthDynamics/Modelling Data Notebooks/Untreated CoCulture/untreated_coculture_simplified_fits.csv,20k,75-25,,fixed_mono_competitive_death_log,p3,0.02111,7.8322271,-32.288514,-26.683725,
untreated_coculture,D:/3_Research/CancerGrowthDynamics/Modelling Data Notebooks/Untreated CoCulture/untreated_coculture_simplified_fits.csv,20k,75-25,,fixed_mono_competitive_death_log,p4,0.202842,7.8322271,-32.288514,-26.683725,
untreated_coculture,D:/3_Research/CancerGrowthDynamics/Modelling Data Notebooks/Untreated CoCulture/untreated_coculture_simplified_fits.csv,20k,75-25,,fixed_mono_competitive_log,p1,3.875403,11.108792,-25.803817,-23.001422,
untreated_coculture,D:/3_Research/CancerGrowthDynamics/Modelling Data Notebooks/Untreated CoCulture/untreated_coculture_simplified_fits.csv,20k,75-25,,fixed_mono_competitive_log,p2,0.946425,11.108792,-25.803817,-23.001422,
untreated_coculture,D:/3_Research/CancerGrowthDynamics/Modelling Data Notebooks/Untreated CoCulture/untreated_coculture_simplified_fits.csv,20k,75-25,,fixed_mono_sharedK_competitive_log,p1,1979.9388,10.618353,-25.158405,-20.954813,
untreated_coculture,D:/3_Research/CancerGrowthDynamics/Modelling Data Notebooks/Untreated CoCulture/untreated_coculture_simplified_fits.csv,20k,75-25,,fixed_mono_sharedK_competitive_log,p2,-0.625801,10.618353,-25.158405,-20.954813,
untreated_coculture,D:/3_Research/CancerGrowthDynamics/Modelling Data Notebooks/Untreated CoCulture/untreated_coculture_simplified_fits.csv,20k,75-25,,fixed_mono_sharedK_competitive_log,p3,0.262557,10.618353,-25.158405,-20.954813,
untreated_coculture,D:/3_Research/CancerGrowthDynamics/Modelling Data Notebooks/Untreated CoCulture/untreated_coculture_simplified_fits.csv,20k,75-25,,fixed_mono_sharedK_death_log,p1,3270.9254,11.078983,-23.884424,-19.680832,
untreated_coculture,D:/3_Research/CancerGrowthDynamics/Modelling Data Notebooks/Untreated CoCulture/untreated_coculture_simplified_fits.csv,20k,75-25,,fixed_mono_sharedK_death_log,p2,0.072536,11.078983,-23.884424,-19.680832,
untreated_coculture,D:/3_Research/CancerGrowthDynamics/Modelling Data Notebooks/Untreated CoCulture/untreated_coculture_simplified_fits.csv,20k,75-25,,fixed_mono_sharedK_death_log,p3,0,11.078983,-23.884424,-19.680832,
untreated_coculture,D:/3_Research/CancerGrowthDynamics/Modelling Data Notebooks/Untreated CoCulture/untreated_coculture_simplified_fits.csv,20k,75-25,,fixed_mono_sharedK_log,p1,2975.0002,11.601862,-26.500953,-25.099755,
untreated_coculture,D:/3_Research/CancerGrowthDynamics/Modelling Data Notebooks/Untreated CoCulture/untreated_coculture_simplified_fits.csv,20k,75-25,,fixed_mono_sharedK_symmetric_alpha_log,p1,2349.6848,10.650837,-27.066768,-24.264373,
untreated_coculture,D:/3_Research/CancerGrowthDynamics/Modelling Data Notebooks/Untreated CoCulture/untreated_coculture_simplified_fits.csv,20k,75-25,,fixed_mono_sharedK_symmetric_alpha_log,p2,0.383154,10.650837,-27.066768,-24.264373,
untreated_coculture,D:/3_Research/CancerGrowthDynamics/Modelling Data Notebooks/Untreated CoCulture/untreated_coculture_simplified_fits.csv,20k,75-25,,fixed_mono_symmetric_alpha_log,p1,0.80843,12.406181,-24.490078,-23.08888,
untreated_coculture,D:/3_Research/CancerGrowthDynamics/Modelling Data Notebooks/Untreated CoCulture/untreated_coculture_simplified_fits.csv,30k,25-75,,fixed_mono_competitive_death_log,p1,0,26.874104,4.6989728,10.303762,
untreated_coculture,D:/3_Research/CancerGrowthDynamics/Modelling Data Notebooks/Untreated CoCulture/untreated_coculture_simplified_fits.csv,30k,25-75,,fixed_mono_competitive_death_log,p2,0,26.874104,4.6989728,10.303762,
untreated_coculture,D:/3_Research/CancerGrowthDynamics/Modelling Data Notebooks/Untreated CoCulture/untreated_coculture_simplified_fits.csv,30k,25-75,,fixed_mono_competitive_death_log,p3,0.431308,26.874104,4.6989728,10.303762,
untreated_coculture,D:/3_Research/CancerGrowthDynamics/Modelling Data Notebooks/Untreated CoCulture/untreated_coculture_simplified_fits.csv,30k,25-75,,fixed_mono_competitive_death_log,p4,0,26.874104,4.6989728,10.303762,
untreated_coculture,D:/3_Research/CancerGrowthDynamics/Modelling Data Notebooks/Untreated CoCulture/untreated_coculture_simplified_fits.csv,30k,25-75,,fixed_mono_competitive_log,p1,3.987861,39.305952,12.105357,14.907752,
untreated_coculture,D:/3_Research/CancerGrowthDynamics/Modelling Data Notebooks/Untreated CoCulture/untreated_coculture_simplified_fits.csv,30k,25-75,,fixed_mono_competitive_log,p2,0.000157,39.305952,12.105357,14.907752,
untreated_coculture,D:/3_Research/CancerGrowthDynamics/Modelling Data Notebooks/Untreated CoCulture/untreated_coculture_simplified_fits.csv,30k,25-75,,fixed_mono_sharedK_competitive_log,p1,500,14.678192,-15.445035,-11.241443,
untreated_coculture,D:/3_Research/CancerGrowthDynamics/Modelling Data Notebooks/Untreated CoCulture/untreated_coculture_simplified_fits.csv,30k,25-75,,fixed_mono_sharedK_competitive_log,p2,-0.840345,14.678192,-15.445035,-11.241443,
untreated_coculture,D:/3_Research/CancerGrowthDynamics/Modelling Data Notebooks/Untreated CoCulture/untreated_coculture_simplified_fits.csv,30k,25-75,,fixed_mono_sharedK_competitive_log,p3,-0.77362,14.678192,-15.445035,-11.241443,
untreated_coculture,D:/3_Research/CancerGrowthDynamics/Modelling Data Notebooks/Untreated CoCulture/untreated_coculture_simplified_fits.csv,30k,25-75,,fixed_mono_sharedK_death_log,p1,54676.527,18.379958,-8.6980958,-4.4945037,
untreated_coculture,D:/3_Research/CancerGrowthDynamics/Modelling Data Notebooks/Untreated CoCulture/untreated_coculture_simplified_fits.csv,30k,25-75,,fixed_mono_sharedK_death_log,p2,0.557629,18.379958,-8.6980958,-4.4945037,
untreated_coculture,D:/3_Research/CancerGrowthDynamics/Modelling Data Notebooks/Untreated CoCulture/untreated_coculture_simplified_fits.csv,30k,25-75,,fixed_mono_sharedK_death_log,p3,0,18.379958,-8.6980958,-4.4945037,
untreated_coculture,D:/3_Research/CancerGrowthDynamics/Modelling Data Notebooks/Untreated CoCulture/untreated_coculture_simplified_fits.csv,30k,25-75,,fixed_mono_sharedK_log,p1,9273.0912,136.2783,47.405053,48.80625,
untreated_coculture,D:/3_Research/CancerGrowthDynamics/Modelling Data Notebooks/Untreated CoCulture/untreated_coculture_simplified_fits.csv,30k,25-75,,fixed_mono_sharedK_symmetric_alpha_log,p1,500,14.69194,-17.41695,-14.614555,
untreated_coculture,D:/3_Research/CancerGrowthDynamics/Modelling Data Notebooks/Untreated CoCulture/untreated_coculture_simplified_fits.csv,30k,25-75,,fixed_mono_sharedK_symmetric_alpha_log,p2,-0.801982,14.69194,-17.41695,-14.614555,
untreated_coculture,D:/3_Research/CancerGrowthDynamics/Modelling Data Notebooks/Untreated CoCulture/untreated_coculture_simplified_fits.csv,30k,25-75,,fixed_mono_symmetric_alpha_log,p1,-0.291147,31.480816,3.4454293,4.8466267,
untreated_coculture,D:/3_Research/CancerGrowthDynamics/Modelling Data Notebooks/Untreated CoCulture/untreated_coculture_simplified_fits.csv,30k,50-50,,fixed_mono_competitive_death_log,p1,0,4.5533265,-48.56018,-42.95539,
untreated_coculture,D:/3_Research/CancerGrowthDynamics/Modelling Data Notebooks/Untreated CoCulture/untreated_coculture_simplified_fits.csv,30k,50-50,,fixed_mono_competitive_death_log,p2,0.167959,4.5533265,-48.56018,-42.95539,
untreated_coculture,D:/3_Research/CancerGrowthDynamics/Modelling Data Notebooks/Untreated CoCulture/untreated_coculture_simplified_fits.csv,30k,50-50,,fixed_mono_competitive_death_log,p3,0.269572,4.5533265,-48.56018,-42.95539,
untreated_coculture,D:/3_Research/CancerGrowthDynamics/Modelling Data Notebooks/Untreated CoCulture/untreated_coculture_simplified_fits.csv,30k,50-50,,fixed_mono_competitive_death_log,p4,0,4.5533265,-48.56018,-42.95539,
untreated_coculture,D:/3_Research/CancerGrowthDynamics/Modelling Data Notebooks/Untreated CoCulture/untreated_coculture_simplified_fits.csv,30k,50-50,,fixed_mono_competitive_log,p1,3.97365,6.9140642,-40.029192,-37.226798,
untreated_coculture,D:/3_Research/CancerGrowthDynamics/Modelling Data Notebooks/Untreated CoCulture/untreated_coculture_simplified_fits.csv,30k,50-50,,fixed_mono_competitive_log,p2,0.143552,6.9140642,-40.029192,-37.226798,
untreated_coculture,D:/3_Research/CancerGrowthDynamics/Modelling Data Notebooks/Untreated CoCulture/untreated_coculture_simplified_fits.csv,30k,50-50,,fixed_mono_sharedK_competitive_log,p1,3944.4237,6.9271498,-37.972468,-33.768876,
untreated_coculture,D:/3_Research/CancerGrowthDynamics/Modelling Data Notebooks/Untreated CoCulture/untreated_coculture_simplified_fits.csv,30k,50-50,,fixed_mono_sharedK_competitive_log,p2,3.862122,6.9271498,-37.972468,-33.768876,
untreated_coculture,D:/3_Research/CancerGrowthDynamics/Modelling Data Notebooks/Untreated CoCulture/untreated_coculture_simplified_fits.csv,30k,50-50,,fixed_mono_sharedK_competitive_log,p3,0.154884,6.9271498,-37.972468,-33.768876,
untreated_coculture,D:/3_Research/CancerGrowthDynamics/Modelling Data Notebooks/Untreated CoCulture/untreated_coculture_simplified_fits.csv,30k,50-50,,fixed_mono_sharedK_death_log,p1,8749.6492,4.9774618,-47.888319,-43.684727,
untreated_coculture,D:/3_Research/CancerGrowthDynamics/Modelling Data Notebooks/Untreated CoCulture/untreated_coculture_simplified_fits.csv,30k,50-50,,fixed_mono_sharedK_death_log,p2,0.359693,4.9774618,-47.888319,-43.684727,
untreated_coculture,D:/3_Research/CancerGrowthDynamics/Modelling Data Notebooks/Untreated CoCulture/untreated_coculture_simplified_fits.csv,30k,50-50,,fixed_mono_sharedK_death_log,p3,0,4.9774618,-47.888319,-43.684727,
untreated_coculture,D:/3_Research/CancerGrowthDynamics/Modelling Data Notebooks/Untreated CoCulture/untreated_coculture_simplified_fits.csv,30k,50-50,,fixed_mono_sharedK_log,p1,4921.4421,28.066553,0.0014362504,1.4026336,
untreated_coculture,D:/3_Research/CancerGrowthDynamics/Modelling Data Notebooks/Untreated CoCulture/untreated_coculture_simplified_fits.csv,30k,50-50,,fixed_mono_sharedK_symmetric_alpha_log,p1,1978.9026,7.1586249,-38.986384,-36.183989,
untreated_coculture,D:/3_Research/CancerGrowthDynamics/Modelling Data Notebooks/Untreated CoCulture/untreated_coculture_simplified_fits.csv,30k,50-50,,fixed_mono_sharedK_symmetric_alpha_log,p2,-0.076584,7.1586249,-38.986384,-36.183989,
untreated_coculture,D:/3_Research/CancerGrowthDynamics/Modelling Data Notebooks/Untreated CoCulture/untreated_coculture_simplified_fits.csv,30k,50-50,,fixed_mono_symmetric_alpha_log,p1,0.084868,10.378323,-29.844343,-28.443146,
untreated_coculture,D:/3_Research/CancerGrowthDynamics/Modelling Data Notebooks/Untreated CoCulture/untreated_coculture_simplified_fits.csv,30k,75-25,,fixed_mono_competitive_death_log,p1,2.249176,5.4892885,-42.951962,-37.347172,
untreated_coculture,D:/3_Research/CancerGrowthDynamics/Modelling Data Notebooks/Untreated CoCulture/untreated_coculture_simplified_fits.csv,30k,75-25,,fixed_mono_competitive_death_log,p2,0,5.4892885,-42.951962,-37.347172,
untreated_coculture,D:/3_Research/CancerGrowthDynamics/Modelling Data Notebooks/Untreated CoCulture/untreated_coculture_simplified_fits.csv,30k,75-25,,fixed_mono_competitive_death_log,p3,0.06794,5.4892885,-42.951962,-37.347172,
untreated_coculture,D:/3_Research/CancerGrowthDynamics/Modelling Data Notebooks/Untreated CoCulture/untreated_coculture_simplified_fits.csv,30k,75-25,,fixed_mono_competitive_death_log,p4,0.195174,5.4892885,-42.951962,-37.347172,
untreated_coculture,D:/3_Research/CancerGrowthDynamics/Modelling Data Notebooks/Untreated CoCulture/untreated_coculture_simplified_fits.csv,30k,75-25,,fixed_mono_competitive_log,p1,3.358287,7.5625836,-37.339535,-34.53714,
untreated_coculture,D:/3_Research/CancerGrowthDynamics/Modelling Data Notebooks/Untreated CoCulture/untreated_coculture_simplified_fits.csv,30k,75-25,,fixed_mono_competitive_log,p2,0.890249,7.5625836,-37.339535,-34.53714,
untreated_coculture,D:/3_Research/CancerGrowthDynamics/Modelling Data Notebooks/Untreated CoCulture/untreated_coculture_simplified_fits.csv,30k,75-25,,fixed_mono_sharedK_competitive_log,p1,3037.1525,7.5157073,-35.526067,-31.322475,
untreated_coculture,D:/3_Research/CancerGrowthDynamics/Modelling Data Notebooks/Untreated CoCulture/untreated_coculture_simplified_fits.csv,30k,75-25,,fixed_mono_sharedK_competitive_log,p2,1.587527,7.5157073,-35.526067,-31.322475,
untreated_coculture,D:/3_Research/CancerGrowthDynamics/Modelling Data Notebooks/Untreated CoCulture/untreated_coculture_simplified_fits.csv,30k,75-25,,fixed_mono_sharedK_competitive_log,p3,0.564461,7.5157073,-35.526067,-31.322475,
untreated_coculture,D:/3_Research/CancerGrowthDynamics/Modelling Data Notebooks/Untreated CoCulture/untreated_coculture_simplified_fits.csv,30k,75-25,,fixed_mono_sharedK_death_log,p1,3614.7904,7.6386505,-35.039293,-30.835701,
untreated_coculture,D:/3_Research/CancerGrowthDynamics/Modelling Data Notebooks/Untreated CoCulture/untreated_coculture_simplified_fits.csv,30k,75-25,,fixed_mono_sharedK_death_log,p2,0.097418,7.6386505,-35.039293,-30.835701,
untreated_coculture,D:/3_Research/CancerGrowthDynamics/Modelling Data Notebooks/Untreated CoCulture/untreated_coculture_simplified_fits.csv,30k,75-25,,fixed_mono_sharedK_death_log,p3,0,7.6386505,-35.039293,-30.835701,
untreated_coculture,D:/3_Research/CancerGrowthDynamics/Modelling Data Notebooks/Untreated CoCulture/untreated_coculture_simplified_fits.csv,30k,75-25,,fixed_mono_sharedK_log,p1,3161.808,8.4744035,-35.924413,-34.523216,
untreated_coculture,D:/3_Research/CancerGrowthDynamics/Modelling Data Notebooks/Untreated CoCulture/untreated_coculture_simplified_fits.csv,30k,75-25,,fixed_mono_sharedK_symmetric_alpha_log,p1,2486.0945,7.5582229,-37.356838,-34.554444,
untreated_coculture,D:/3_Research/CancerGrowthDynamics/Modelling Data Notebooks/Untreated CoCulture/untreated_coculture_simplified_fits.csv,30k,75-25,,fixed_mono_sharedK_symmetric_alpha_log,p2,0.36289,7.5582229,-37.356838,-34.554444,
untreated_coculture,D:/3_Research/CancerGrowthDynamics/Modelling Data Notebooks/Untreated CoCulture/untreated_coculture_simplified_fits.csv,30k,75-25,,fixed_mono_symmetric_alpha_log,p1,0.757367,8.9998646,-34.119635,-32.718438,
untreated_monoculture,D:/3_Research/CancerGrowthDynamics/Modelling Data Notebooks/Untreated MonoCulture/untreated_monoculture_logistic_parameters.csv,20k,,A2780Naive,,k,4077.2401,165076.98,,139.16871,
untreated_monoculture,D:/3_Research/CancerGrowthDynamics/Modelling Data Notebooks/Untreated MonoCulture/untreated_monoculture_logistic_parameters.csv,20k,,A2780Naive,,r,1.1366591,165076.98,,139.16871,
untreated_monoculture,D:/3_Research/CancerGrowthDynamics/Modelling Data Notebooks/Untreated MonoCulture/untreated_monoculture_logistic_parameters.csv,20k,,A2780Naive,,v,0.62411485,165076.98,,139.16871,
untreated_monoculture,D:/3_Research/CancerGrowthDynamics/Modelling Data Notebooks/Untreated MonoCulture/untreated_monoculture_all_models_parameters.csv,20k,,A2780Naive,gompertz,k,4287.9431,449578.51,,150.55623,
untreated_monoculture,D:/3_Research/CancerGrowthDynamics/Modelling Data Notebooks/Untreated MonoCulture/untreated_monoculture_all_models_parameters.csv,20k,,A2780Naive,gompertz,r,0.40699632,449578.51,,150.55623,
untreated_monoculture,D:/3_Research/CancerGrowthDynamics/Modelling Data Notebooks/Untreated MonoCulture/untreated_monoculture_all_models_parameters.csv,20k,,A2780Naive,logistic,k,4014.8064,218173.65,,140.43396,
untreated_monoculture,D:/3_Research/CancerGrowthDynamics/Modelling Data Notebooks/Untreated MonoCulture/untreated_monoculture_all_models_parameters.csv,20k,,A2780Naive,logistic,r,0.92937395,218173.65,,140.43396,
untreated_monoculture,D:/3_Research/CancerGrowthDynamics/Modelling Data Notebooks/Untreated MonoCulture/untreated_monoculture_all_models_parameters.csv,20k,,A2780Naive,logistic_death,d,0.73802773,218173.65,,143.07302,
untreated_monoculture,D:/3_Research/CancerGrowthDynamics/Modelling Data Notebooks/Untreated MonoCulture/untreated_monoculture_all_models_parameters.csv,20k,,A2780Naive,logistic_death,k,7203.0152,218173.65,,143.07302,
untreated_monoculture,D:/3_Research/CancerGrowthDynamics/Modelling Data Notebooks/Untreated MonoCulture/untreated_monoculture_all_models_parameters.csv,20k,,A2780Naive,logistic_death,r,1.6674017,218173.65,,143.07302,
untreated_monoculture,D:/3_Research/CancerGrowthDynamics/Modelling Data Notebooks/Untreated MonoCulture/untreated_monoculture_all_models_parameters.csv,20k,,A2780Naive,theta_logistic,k,4077.2401,165076.98,,139.16871,
untreated_monoculture,D:/3_Research/CancerGrowthDynamics/Modelling Data Notebooks/Untreated MonoCulture/untreated_monoculture_all_models_parameters.csv,20k,,A2780Naive,theta_logistic,r,1.1366591,165076.98,,139.16871,
untreated_monoculture,D:/3_Research/CancerGrowthDynamics/Modelling Data Notebooks/Untreated MonoCulture/untreated_monoculture_all_models_parameters.csv,20k,,A2780Naive,theta_logistic,v,0.62411485,165076.98,,139.16871,
untreated_monoculture,D:/3_Research/CancerGrowthDynamics/Modelling Data Notebooks/Untreated MonoCulture/untreated_monoculture_logistic_parameters.csv,20k,,A2780cis,,k,3744.54,523607.76,,155.32934,
untreated_monoculture,D:/3_Research/CancerGrowthDynamics/Modelling Data Notebooks/Untreated MonoCulture/untreated_monoculture_logistic_parameters.csv,20k,,A2780cis,,r,0.49442942,523607.76,,155.32934,
untreated_monoculture,D:/3_Research/CancerGrowthDynamics/Modelling Data Notebooks/Untreated MonoCulture/untreated_monoculture_logistic_parameters.csv,20k,,A2780cis,,v,3.9510192,523607.76,,155.32934,
untreated_monoculture,D:/3_Research/CancerGrowthDynamics/Modelling Data Notebooks/Untreated MonoCulture/untreated_monoculture_all_models_parameters.csv,20k,,A2780cis,gompertz,k,4854.4768,2682817.3,,175.5646,
untreated_monoculture,D:/3_Research/CancerGrowthDynamics/Modelling Data Notebooks/Untreated MonoCulture/untreated_monoculture_all_models_parameters.csv,20k,,A2780cis,gompertz,r,0.2385438,2682817.3,,175.5646,
untreated_monoculture,D:/3_Research/CancerGrowthDynamics/Modelling Data Notebooks/Untreated MonoCulture/untreated_monoculture_all_models_parameters.csv,20k,,A2780cis,logistic,k,3994.2031,1091164.3,,162.96989,
untreated_monoculture,D:/3_Research/CancerGrowthDynamics/Modelling Data Notebooks/Untreated MonoCulture/untreated_monoculture_all_models_parameters.csv,20k,,A2780cis,logistic,r,0.60898942,1091164.3,,162.96989,
untreated_monoculture,D:/3_Research/CancerGrowthDynamics/Modelling Data Notebooks/Untreated MonoCulture/untreated_monoculture_all_models_parameters.csv,20k,,A2780cis,logistic_death,d,0.80444673,1091164.3,,165.60895,
untreated_monoculture,D:/3_Research/CancerGrowthDynamics/Modelling Data Notebooks/Untreated MonoCulture/untreated_monoculture_all_models_parameters.csv,20k,,A2780cis,logistic_death,k,9270.3566,1091164.3,,165.60895,
untreated_monoculture,D:/3_Research/CancerGrowthDynamics/Modelling Data Notebooks/Untreated MonoCulture/untreated_monoculture_all_models_parameters.csv,20k,,A2780cis,logistic_death,r,1.4134362,1091164.3,,165.60895,
untreated_monoculture,D:/3_Research/CancerGrowthDynamics/Modelling Data Notebooks/Untreated MonoCulture/untreated_monoculture_all_models_parameters.csv,20k,,A2780cis,theta_logistic,k,3744.54,523607.76,,155.32934,
untreated_monoculture,D:/3_Research/CancerGrowthDynamics/Modelling Data Notebooks/Untreated MonoCulture/untreated_monoculture_all_models_parameters.csv,20k,,A2780cis,theta_logistic,r,0.49442942,523607.76,,155.32934,
untreated_monoculture,D:/3_Research/CancerGrowthDynamics/Modelling Data Notebooks/Untreated MonoCulture/untreated_monoculture_all_models_parameters.csv,20k,,A2780cis,theta_logistic,v,3.9510192,523607.76,,155.32934,
untreated_monoculture,D:/3_Research/CancerGrowthDynamics/Modelling Data Notebooks/Untreated MonoCulture/untreated_monoculture_logistic_parameters.csv,30k,,A2780Naive,,k,4035.5697,304802.01,,147.75422,
untreated_monoculture,D:/3_Research/CancerGrowthDynamics/Modelling Data Notebooks/Untreated MonoCulture/untreated_monoculture_logistic_parameters.csv,30k,,A2780Naive,,r,1.0545191,304802.01,,147.75422,
untreated_monoculture,D:/3_Research/CancerGrowthDynamics/Modelling Data Notebooks/Untreated MonoCulture/untreated_monoculture_logistic_parameters.csv,30k,,A2780Naive,,v,0.574839,304802.01,,147.75422,
untreated_monoculture,D:/3_Research/CancerGrowthDynamics/Modelling Data Notebooks/Untreated MonoCulture/untreated_monoculture_all_models_parameters.csv,30k,,A2780Naive,gompertz,k,4264.4501,507908.54,,152.26411,
untreated_monoculture,D:/3_Research/CancerGrowthDynamics/Modelling Data Notebooks/Untreated MonoCulture/untreated_monoculture_all_models_parameters.csv,30k,,A2780Naive,gompertz,r,0.36892735,507908.54,,152.26411,
untreated_monoculture,D:/3_Research/CancerGrowthDynamics/Modelling Data Notebooks/Untreated MonoCulture/untreated_monoculture_all_models_parameters.csv,30k,,A2780Naive,logistic,k,3949.1286,365676.15,,147.66436,
untreated_monoculture,D:/3_Research/CancerGrowthDynamics/Modelling Data Notebooks/Untreated MonoCulture/untreated_monoculture_all_models_parameters.csv,30k,,A2780Naive,logistic,r,0.81688693,365676.15,,147.66436,
untreated_monoculture,D:/3_Research/CancerGrowthDynamics/Modelling Data Notebooks/Untreated MonoCulture/untreated_monoculture_all_models_parameters.csv,30k,,A2780Naive,logistic_death,d,0.56961153,365676.23,,150.30342,
untreated_monoculture,D:/3_Research/CancerGrowthDynamics/Modelling Data Notebooks/Untreated MonoCulture/untreated_monoculture_all_models_parameters.csv,30k,,A2780Naive,logistic_death,k,6702.8498,365676.23,,150.30342,
untreated_monoculture,D:/3_Research/CancerGrowthDynamics/Modelling Data Notebooks/Untreated MonoCulture/untreated_monoculture_all_models_parameters.csv,30k,,A2780Naive,logistic_death,r,1.3864971,365676.23,,150.30342,
untreated_monoculture,D:/3_Research/CancerGrowthDynamics/Modelling Data Notebooks/Untreated MonoCulture/untreated_monoculture_all_models_parameters.csv,30k,,A2780Naive,theta_logistic,k,4035.5697,304802.01,,147.75422,
untreated_monoculture,D:/3_Research/CancerGrowthDynamics/Modelling Data Notebooks/Untreated MonoCulture/untreated_monoculture_all_models_parameters.csv,30k,,A2780Naive,theta_logistic,r,1.0545191,304802.01,,147.75422,
untreated_monoculture,D:/3_Research/CancerGrowthDynamics/Modelling Data Notebooks/Untreated MonoCulture/untreated_monoculture_all_models_parameters.csv,30k,,A2780Naive,theta_logistic,v,0.574839,304802.01,,147.75422,
untreated_monoculture,D:/3_Research/CancerGrowthDynamics/Modelling Data Notebooks/Untreated MonoCulture/untreated_monoculture_logistic_parameters.csv,30k,,A2780cis,,k,3840.3063,506274.73,,154.85806,
untreated_monoculture,D:/3_Research/CancerGrowthDynamics/Modelling Data Notebooks/Untreated MonoCulture/untreated_monoculture_logistic_parameters.csv,30k,,A2780cis,,r,0.46525019,506274.73,,154.85806,
untreated_monoculture,D:/3_Research/CancerGrowthDynamics/Modelling Data Notebooks/Untreated MonoCulture/untreated_monoculture_logistic_parameters.csv,30k,,A2780cis,,v,3.2874949,506274.73,,154.85806,
untreated_monoculture,D:/3_Research/CancerGrowthDynamics/Modelling Data Notebooks/Untreated MonoCulture/untreated_monoculture_all_models_parameters.csv,30k,,A2780cis,gompertz,k,4889.6122,2407993.9,,174.05158,
untreated_monoculture,D:/3_Research/CancerGrowthDynamics/Modelling Data Notebooks/Untreated MonoCulture/untreated_monoculture_all_models_parameters.csv,30k,,A2780cis,gompertz,r,0.23809225,2407993.9,,174.05158,
untreated_monoculture,D:/3_Research/CancerGrowthDynamics/Modelling Data Notebooks/Untreated MonoCulture/untreated_monoculture_all_models_parameters.csv,30k,,A2780cis,logistic,k,4078.7614,1005515.7,,161.82547,
untreated_monoculture,D:/3_Research/CancerGrowthDynamics/Modelling Data Notebooks/Untreated MonoCulture/untreated_monoculture_all_models_parameters.csv,30k,,A2780cis,logistic,r,0.57955136,1005515.7,,161.82547,
untreated_monoculture,D:/3_Research/CancerGrowthDynamics/Modelling Data Notebooks/Untreated MonoCulture/untreated_monoculture_all_models_parameters.csv,30k,,A2780cis,logistic_death,d,0.77410668,1005515.8,,164.46453,
untreated_monoculture,D:/3_Research/CancerGrowthDynamics/Modelling Data Notebooks/Untreated MonoCulture/untreated_monoculture_all_models_parameters.csv,30k,,A2780cis,logistic_death,k,9526.76,1005515.8,,164.46453,
untreated_monoculture,D:/3_Research/CancerGrowthDynamics/Modelling Data Notebooks/Untreated MonoCulture/untreated_monoculture_all_models_parameters.csv,30k,,A2780cis,logistic_death,r,1.3536581,1005515.8,,164.46453,
untreated_monoculture,D:/3_Research/CancerGrowthDynamics/Modelling Data Notebooks/Untreated MonoCulture/untreated_monoculture_all_models_parameters.csv,30k,,A2780cis,theta_logistic,k,3840.3063,506274.73,,154.85806,
untreated_monoculture,D:/3_Research/CancerGrowthDynamics/Modelling Data Notebooks/Untreated MonoCulture/untreated_monoculture_all_models_parameters.csv,30k,,A2780cis,theta_logistic,r,0.46525019,506274.73,,154.85806,
untreated_monoculture,D:/3_Research/CancerGrowthDynamics/Modelling Data Notebooks/Untreated MonoCulture/untreated_monoculture_all_models_parameters.csv,30k,,A2780cis,theta_logistic,v,3.2874949,506274.73,,154.85806,
