time,observed,predicted,fixed_day0_anchor,model,pooling_mode,cell_line,density,dose,ic_label,effect_level,growth_family,joint_group
0.0,67.0,67.0,true,joint_anchored_hill_kill,shared,A2780Naive,20k,0.67,IC25,0.25,baranyi_theta_logistic_growth,densities=20k/30k;doses=0.67/1.0/1.47
1.0,305.18962200000004,121.61315283096721,false,joint_anchored_hill_kill,shared,A2780Naive,20k,0.67,IC25,0.25,baranyi_theta_logistic_growth,densities=20k/30k;doses=0.67/1.0/1.47
2.0,465.63738433333333,315.5462177249273,false,joint_anchored_hill_kill,shared,A2780Naive,20k,0.67,IC25,0.25,baranyi_theta_logistic_growth,densities=20k/30k;doses=0.67/1.0/1.47
3.0,790.214892,719.9817684650761,false,joint_anchored_hill_kill,shared,A2780Naive,20k,0.67,IC25,0.25,baranyi_theta_logistic_growth,densities=20k/30k;doses=0.67/1.0/1.47
4.0,880.948534,1290.5899108428894,false,joint_anchored_hill_kill,shared,A2780Naive,20k,0.67,IC25,0.25,baranyi_theta_logistic_growth,densities=20k/30k;doses=0.67/1.0/1.47
5.0,1277.0010803333332,1881.6662159332423,false,joint_anchored_hill_kill,shared,A2780Naive,20k,0.67,IC25,0.25,baranyi_theta_logistic_growth,densities=20k/30k;doses=0.67/1.0/1.47
6.0,1612.01223,2368.082982747715,false,joint_anchored_hill_kill,shared,A2780Naive,20k,0.67,IC25,0.25,baranyi_theta_logistic_growth,densities=20k/30k;doses=0.67/1.0/1.47
7.0,2016.4244216666668,2710.333259319721,false,joint_anchored_hill_kill,shared,A2780Naive,20k,0.67,IC25,0.25,baranyi_theta_logistic_growth,densities=20k/30k;doses=0.67/1.0/1.47
8.0,2081.411111,2928.4576881504026,false,joint_anchored_hill_kill,shared,A2780Naive,20k,0.67,IC25,0.25,baranyi_theta_logistic_growth,densities=20k/30k;doses=0.67/1.0/1.47
9.0,2395.0547066666663,3059.462136832171,false,joint_anchored_hill_kill,shared,A2780Naive,20k,0.67,IC25,0.25,baranyi_theta_logistic_growth,densities=20k/30k;doses=0.67/1.0/1.47
10.0,2537.1984183333334,3135.4771073075162,false,joint_anchored_hill_kill,shared,A2780Naive,20k,0.67,IC25,0.25,baranyi_theta_logistic_growth,densities=20k/30k;doses=0.67/1.0/1.47
11.0,3073.8874999999994,3178.7273930878778,false,joint_anchored_hill_kill,shared,A2780Naive,20k,0.67,IC25,0.25,baranyi_theta_logistic_growth,densities=20k/30k;doses=0.67/1.0/1.47
12.0,3042.368325666667,3203.065097984553,false,joint_anchored_hill_kill,shared,A2780Naive,20k,0.67,IC25,0.25,baranyi_theta_logistic_growth,densities=20k/30k;doses=0.67/1.0/1.47
13.0,3537.7463733333334,3216.675947247772,false,joint_anchored_hill_kill,shared,A2780Naive,20k,0.67,IC25,0.25,baranyi_theta_logistic_growth,densities=20k/30k;doses=0.67/1.0/1.47
14.0,3458.3808643333336,3224.2616210589104,false,joint_anchored_hill_kill,shared,A2780Naive,20k,0.67,IC25,0.25,baranyi_theta_logistic_growth,densities=20k/30k;doses=0.67/1.0/1.47
0.0,67.0,67.0,true,joint_anchored_hill_kill,shared,A2780Naive,20k,1.0,IC50,0.5,baranyi_theta_logistic_growth,densities=20k/30k;doses=0.67/1.0/1.47
1.0,164.83707566666666,95.3264105213428,false,joint_anchored_hill_kill,shared,A2780Naive,20k,1.0,IC50,0.5,baranyi_theta_logistic_growth,densities=20k/30k;doses=0.67/1.0/1.47
2.0,310.328588,205.58917155412277,false,joint_anchored_hill_kill,shared,A2780Naive,20k,1.0,IC50,0.5,baranyi_theta_logistic_growth,densities=20k/30k;doses=0.67/1.0/1.47
3.0,498.45925933333325,420.13406264834646,false,joint_anchored_hill_kill,shared,A2780Naive,20k,1.0,IC50,0.5,baranyi_theta_logistic_growth,densities=20k/30k;doses=0.67/1.0/1.47
4.0,690.7097223333334,719.2114612873465,false,joint_anchored_hill_kill,shared,A2780Naive,20k,1.0,IC50,0.5,baranyi_theta_logistic_growth,densities=20k/30k;doses=0.67/1.0/1.47
5.0,804.9089893333334,1044.894084676779,false,joint_anchored_hill_kill,shared,A2780Naive,20k,1.0,IC50,0.5,baranyi_theta_logistic_growth,densities=20k/30k;doses=0.67/1.0/1.47
6.0,1188.2886573333333,1337.870738153192,false,joint_anchored_hill_kill,shared,A2780Naive,20k,1.0,IC50,0.5,baranyi_theta_logistic_growth,densities=20k/30k;doses=0.67/1.0/1.47
7.0,1563.5381556666664,1567.031863616215,false,joint_anchored_hill_kill,shared,A2780Naive,20k,1.0,IC50,0.5,baranyi_theta_logistic_growth,densities=20k/30k;doses=0.67/1.0/1.47
8.0,1634.130247,1729.821212514293,false,joint_anchored_hill_kill,shared,A2780Naive,20k,1.0,IC50,0.5,baranyi_theta_logistic_growth,densities=20k/30k;doses=0.67/1.0/1.47
9.0,1556.192554,1838.3733486182339,false,joint_anchored_hill_kill,shared,A2780Naive,20k,1.0,IC50,0.5,baranyi_theta_logistic_growth,densities=20k/30k;doses=0.67/1.0/1.47
10.0,1522.992284,1907.905396262893,false,joint_anchored_hill_kill,shared,A2780Naive,20k,1.0,IC50,0.5,baranyi_theta_logistic_growth,densities=20k/30k;doses=0.67/1.0/1.47
11.0,1608.247685333333,1951.3427704158937,false,joint_anchored_hill_kill,shared,A2780Naive,20k,1.0,IC50,0.5,baranyi_theta_logistic_growth,densities=20k/30k;doses=0.67/1.0/1.47
12.0,1500.9281636666667,1978.0648589941927,false,joint_anchored_hill_kill,shared,A2780Naive,20k,1.0,IC50,0.5,baranyi_theta_logistic_growth,densities=20k/30k;doses=0.67/1.0/1.47
13.0,2011.2254243333334,1994.3509133372233,false,joint_anchored_hill_kill,shared,A2780Naive,20k,1.0,IC50,0.5,baranyi_theta_logistic_growth,densities=20k/30k;doses=0.67/1.0/1.47
14.0,2445.406712666667,2004.2205652571402,false,joint_anchored_hill_kill,shared,A2780Naive,20k,1.0,IC50,0.5,baranyi_theta_logistic_growth,densities=20k/30k;doses=0.67/1.0/1.47
0.0,67.0,67.0,true,joint_anchored_hill_kill,shared,A2780Naive,20k,1.47,IC75,0.75,baranyi_theta_logistic_growth,densities=20k/30k;doses=0.67/1.0/1.47
1.0,470.381366,57.46679944074634,false,joint_anchored_hill_kill,shared,A2780Naive,20k,1.47,IC75,0.75,baranyi_theta_logistic_growth,densities=20k/30k;doses=0.67/1.0/1.47
2.0,658.348264,82.75080901184451,false,joint_anchored_hill_kill,shared,A2780Naive,20k,1.47,IC75,0.75,baranyi_theta_logistic_growth,densities=20k/30k;doses=0.67/1.0/1.47
3.0,910.885918,127.67169178942964,false,joint_anchored_hill_kill,shared,A2780Naive,20k,1.47,IC75,0.75,baranyi_theta_logistic_growth,densities=20k/30k;doses=0.67/1.0/1.47
4.0,928.761304,184.35756239570713,false,joint_anchored_hill_kill,shared,A2780Naive,20k,1.47,IC75,0.75,baranyi_theta_logistic_growth,densities=20k/30k;doses=0.67/1.0/1.47
5.0,914.7665896666667,246.46926612594973,false,joint_anchored_hill_kill,shared,A2780Naive,20k,1.47,IC75,0.75,baranyi_theta_logistic_growth,densities=20k/30k;doses=0.67/1.0/1.47
6.0,867.7298226666667,307.99479624904035,false,joint_anchored_hill_kill,shared,A2780Naive,20k,1.47,IC75,0.75,baranyi_theta_logistic_growth,densities=20k/30k;doses=0.67/1.0/1.47
7.0,681.9129633333333,364.2088265402349,false,joint_anchored_hill_kill,shared,A2780Naive,20k,1.47,IC75,0.75,baranyi_theta_logistic_growth,densities=20k/30k;doses=0.67/1.0/1.47
8.0,481.738503,412.3693126708077,false,joint_anchored_hill_kill,shared,A2780Naive,20k,1.47,IC75,0.75,baranyi_theta_logistic_growth,densities=20k/30k;doses=0.67/1.0/1.47
9.0,333.6756173333333,451.6180430938617,false,joint_anchored_hill_kill,shared,A2780Naive,20k,1.47,IC75,0.75,baranyi_theta_logistic_growth,densities=20k/30k;doses=0.67/1.0/1.47
10.0,232.34174399999998,482.4126437544189,false,joint_anchored_hill_kill,shared,A2780Naive,20k,1.47,IC75,0.75,baranyi_theta_logistic_growth,densities=20k/30k;doses=0.67/1.0/1.47
11.0,155.3204476666667,505.8999722386531,false,joint_anchored_hill_kill,shared,A2780Naive,20k,1.47,IC75,0.75,baranyi_theta_logistic_growth,densities=20k/30k;doses=0.67/1.0/1.47
12.0,103.907562,523.4451543459397,false,joint_anchored_hill_kill,shared,A2780Naive,20k,1.47,IC75,0.75,baranyi_theta_logistic_growth,densities=20k/30k;doses=0.67/1.0/1.47
13.0,71.52523133333334,536.3546373858866,false,joint_anchored_hill_kill,shared,A2780Naive,20k,1.47,IC75,0.75,baranyi_theta_logistic_growth,densities=20k/30k;doses=0.67/1.0/1.47
14.0,36.60995366666666,545.7500016398012,false,joint_anchored_hill_kill,shared,A2780Naive,20k,1.47,IC75,0.75,baranyi_theta_logistic_growth,densities=20k/30k;doses=0.67/1.0/1.47
0.0,100.0,100.0,true,joint_anchored_hill_kill,shared,A2780Naive,30k,0.67,IC25,0.25,baranyi_theta_logistic_growth,densities=20k/30k;doses=0.67/1.0/1.47
1.0,507.5015816666667,161.01876717890514,false,joint_anchored_hill_kill,shared,A2780Naive,30k,0.67,IC25,0.25,baranyi_theta_logistic_growth,densities=20k/30k;doses=0.67/1.0/1.47
2.0,801.887693,355.4548396967632,false,joint_anchored_hill_kill,shared,A2780Naive,30k,0.67,IC25,0.25,baranyi_theta_logistic_growth,densities=20k/30k;doses=0.67/1.0/1.47
3.0,1336.278318,727.1673420314315,false,joint_anchored_hill_kill,shared,A2780Naive,30k,0.67,IC25,0.25,baranyi_theta_logistic_growth,densities=20k/30k;doses=0.67/1.0/1.47
4.0,1623.1049383333336,1229.5694086466306,false,joint_anchored_hill_kill,shared,A2780Naive,30k,0.67,IC25,0.25,baranyi_theta_logistic_growth,densities=20k/30k;doses=0.67/1.0/1.47
5.0,2076.8491126666668,1751.3780068659605,false,joint_anchored_hill_kill,shared,A2780Naive,30k,0.67,IC25,0.25,baranyi_theta_logistic_growth,densities=20k/30k;doses=0.67/1.0/1.47
6.0,2482.367592666667,2196.2398493166875,false,joint_anchored_hill_kill,shared,A2780Naive,30k,0.67,IC25,0.25,baranyi_theta_logistic_growth,densities=20k/30k;doses=0.67/1.0/1.47
7.0,2895.899845666667,2526.292959077087,false,joint_anchored_hill_kill,shared,A2780Naive,30k,0.67,IC25,0.25,baranyi_theta_logistic_growth,densities=20k/30k;doses=0.67/1.0/1.47
8.0,2949.133024666667,2749.637259637713,false,joint_anchored_hill_kill,shared,A2780Naive,30k,0.67,IC25,0.25,baranyi_theta_logistic_growth,densities=20k/30k;doses=0.67/1.0/1.47
9.0,3220.295872,2892.2241332802428,false,joint_anchored_hill_kill,shared,A2780Naive,30k,0.67,IC25,0.25,baranyi_theta_logistic_growth,densities=20k/30k;doses=0.67/1.0/1.47
10.0,2758.7708333333335,2980.059117796021,false,joint_anchored_hill_kill,shared,A2780Naive,30k,0.67,IC25,0.25,baranyi_theta_logistic_growth,densities=20k/30k;doses=0.67/1.0/1.47
11.0,3434.9652003333335,3033.01535484418,false,joint_anchored_hill_kill,shared,A2780Naive,30k,0.67,IC25,0.25,baranyi_theta_logistic_growth,densities=20k/30k;doses=0.67/1.0/1.47
12.0,3115.501775,3064.537277804851,false,joint_anchored_hill_kill,shared,A2780Naive,30k,0.67,IC25,0.25,baranyi_theta_logistic_growth,densities=20k/30k;doses=0.67/1.0/1.47
13.0,3633.6489583333337,3083.1593721777926,false,joint_anchored_hill_kill,shared,A2780Naive,30k,0.67,IC25,0.25,baranyi_theta_logistic_growth,densities=20k/30k;doses=0.67/1.0/1.47
14.0,3423.783179,3094.111937741977,false,joint_anchored_hill_kill,shared,A2780Naive,30k,0.67,IC25,0.25,baranyi_theta_logistic_growth,densities=20k/30k;doses=0.67/1.0/1.47
0.0,100.0,100.0,true,joint_anchored_hill_kill,shared,A2780Naive,30k,1.0,IC50,0.5,baranyi_theta_logistic_growth,densities=20k/30k;doses=0.67/1.0/1.47
1.0,277.1990353333333,126.17273324610102,false,joint_anchored_hill_kill,shared,A2780Naive,30k,1.0,IC50,0.5,baranyi_theta_logistic_growth,densities=20k/30k;doses=0.67/1.0/1.47
2.0,512.5472606666666,230.74930369534968,false,joint_anchored_hill_kill,shared,A2780Naive,30k,1.0,IC50,0.5,baranyi_theta_logistic_growth,densities=20k/30k;doses=0.67/1.0/1.47
3.0,810.4685956666666,419.3333345743666,false,joint_anchored_hill_kill,shared,A2780Naive,30k,1.0,IC50,0.5,baranyi_theta_logistic_growth,densities=20k/30k;doses=0.67/1.0/1.47
4.0,1072.5972223333333,668.7476535491342,false,joint_anchored_hill_kill,shared,A2780Naive,30k,1.0,IC50,0.5,baranyi_theta_logistic_growth,densities=20k/30k;doses=0.67/1.0/1.47
5.0,1220.3375386666667,936.816156562257,false,joint_anchored_hill_kill,shared,A2780Naive,30k,1.0,IC50,0.5,baranyi_theta_logistic_growth,densities=20k/30k;doses=0.67/1.0/1.47
6.0,1524.2378856666667,1182.9371713650694,false,joint_anchored_hill_kill,shared,A2780Naive,30k,1.0,IC50,0.5,baranyi_theta_logistic_growth,densities=20k/30k;doses=0.67/1.0/1.47
7.0,1784.3173613333336,1383.7711891001024,false,joint_anchored_hill_kill,shared,A2780Naive,30k,1.0,IC50,0.5,baranyi_theta_logistic_growth,densities=20k/30k;doses=0.67/1.0/1.47
8.0,1754.768094,1534.3566814503722,false,joint_anchored_hill_kill,shared,A2780Naive,30k,1.0,IC50,0.5,baranyi_theta_logistic_growth,densities=20k/30k;doses=0.67/1.0/1.47
9.0,1630.9435183333335,1640.8599153143496,false,joint_anchored_hill_kill,shared,A2780Naive,30k,1.0,IC50,0.5,baranyi_theta_logistic_growth,densities=20k/30k;doses=0.67/1.0/1.47
10.0,1765.6959490000002,1713.291395921873,false,joint_anchored_hill_kill,shared,A2780Naive,30k,1.0,IC50,0.5,baranyi_theta_logistic_growth,densities=20k/30k;doses=0.67/1.0/1.47
11.0,1797.057716,1761.2985163537646,false,joint_anchored_hill_kill,shared,A2780Naive,30k,1.0,IC50,0.5,baranyi_theta_logistic_growth,densities=20k/30k;doses=0.67/1.0/1.47
12.0,1664.883989,1792.5901412970327,false,joint_anchored_hill_kill,shared,A2780Naive,30k,1.0,IC50,0.5,baranyi_theta_logistic_growth,densities=20k/30k;doses=0.67/1.0/1.47
13.0,1869.5183256666667,1812.7684870285614,false,joint_anchored_hill_kill,shared,A2780Naive,30k,1.0,IC50,0.5,baranyi_theta_logistic_growth,densities=20k/30k;doses=0.67/1.0/1.47
14.0,2521.7536263333336,1825.6914141146244,false,joint_anchored_hill_kill,shared,A2780Naive,30k,1.0,IC50,0.5,baranyi_theta_logistic_growth,densities=20k/30k;doses=0.67/1.0/1.47
0.0,100.0,100.0,true,joint_anchored_hill_kill,shared,A2780Naive,30k,1.47,IC75,0.75,baranyi_theta_logistic_growth,densities=20k/30k;doses=0.67/1.0/1.47
1.0,683.0949846666667,76.0147625283585,false,joint_anchored_hill_kill,shared,A2780Naive,30k,1.47,IC75,0.75,baranyi_theta_logistic_growth,densities=20k/30k;doses=0.67/1.0/1.47
2.0,962.59946,92.2605320467708,false,joint_anchored_hill_kill,shared,A2780Naive,30k,1.47,IC75,0.75,baranyi_theta_logistic_growth,densities=20k/30k;doses=0.67/1.0/1.47
3.0,1293.4153163333333,124.65565125209744,false,joint_anchored_hill_kill,shared,A2780Naive,30k,1.47,IC75,0.75,baranyi_theta_logistic_growth,densities=20k/30k;doses=0.67/1.0/1.47
4.0,1242.3761956666667,163.4291416765557,false,joint_anchored_hill_kill,shared,A2780Naive,30k,1.47,IC75,0.75,baranyi_theta_logistic_growth,densities=20k/30k;doses=0.67/1.0/1.47
5.0,1196.6721066666667,203.991517378337,false,joint_anchored_hill_kill,shared,A2780Naive,30k,1.47,IC75,0.75,baranyi_theta_logistic_growth,densities=20k/30k;doses=0.67/1.0/1.47
6.0,1151.6981093333334,243.33557603571327,false,joint_anchored_hill_kill,shared,A2780Naive,30k,1.47,IC75,0.75,baranyi_theta_logistic_growth,densities=20k/30k;doses=0.67/1.0/1.47
7.0,908.6366510000001,279.3875606336555,false,joint_anchored_hill_kill,shared,A2780Naive,30k,1.47,IC75,0.75,baranyi_theta_logistic_growth,densities=20k/30k;doses=0.67/1.0/1.47
8.0,684.2957563333333,310.94961901582275,false,joint_anchored_hill_kill,shared,A2780Naive,30k,1.47,IC75,0.75,baranyi_theta_logistic_growth,densities=20k/30k;doses=0.67/1.0/1.47
9.0,451.471335,337.5887788865307,false,joint_anchored_hill_kill,shared,A2780Naive,30k,1.47,IC75,0.75,baranyi_theta_logistic_growth,densities=20k/30k;doses=0.67/1.0/1.47
10.0,351.6421293333333,359.4315771530689,false,joint_anchored_hill_kill,shared,A2780Naive,30k,1.47,IC75,0.75,baranyi_theta_logistic_growth,densities=20k/30k;doses=0.67/1.0/1.47
11.0,239.04888100000002,376.9412548568178,false,joint_anchored_hill_kill,shared,A2780Naive,30k,1.47,IC75,0.75,baranyi_theta_logistic_growth,densities=20k/30k;doses=0.67/1.0/1.47
12.0,153.48256166666667,390.7343030578911,false,joint_anchored_hill_kill,shared,A2780Naive,30k,1.47,IC75,0.75,baranyi_theta_logistic_growth,densities=20k/30k;doses=0.67/1.0/1.47
13.0,115.12735333333332,401.4551163163996,false,joint_anchored_hill_kill,shared,A2780Naive,30k,1.47,IC75,0.75,baranyi_theta_logistic_growth,densities=20k/30k;doses=0.67/1.0/1.47
14.0,60.396604999999994,409.703494821871,false,joint_anchored_hill_kill,shared,A2780Naive,30k,1.47,IC75,0.75,baranyi_theta_logistic_growth,densities=20k/30k;doses=0.67/1.0/1.47
0.0,67.0,67.0,true,joint_anchored_linear_kill,shared,A2780Naive,20k,0.67,IC25,0.25,baranyi_theta_logistic_growth,densities=20k/30k;doses=0.67/1.0/1.47
1.0,305.18962200000004,98.53210839171831,false,joint_anchored_linear_kill,shared,A2780Naive,20k,0.67,IC25,0.25,baranyi_theta_logistic_growth,densities=20k/30k;doses=0.67/1.0/1.47
2.0,465.63738433333333,217.99070454215425,false,joint_anchored_linear_kill,shared,A2780Naive,20k,0.67,IC25,0.25,baranyi_theta_logistic_growth,densities=20k/30k;doses=0.67/1.0/1.47
3.0,790.214892,452.6499889018871,false,joint_anchored_linear_kill,shared,A2780Naive,20k,0.67,IC25,0.25,baranyi_theta_logistic_growth,densities=20k/30k;doses=0.67/1.0/1.47
4.0,880.948534,780.7894303867664,false,joint_anchored_linear_kill,shared,A2780Naive,20k,0.67,IC25,0.25,baranyi_theta_logistic_growth,densities=20k/30k;doses=0.67/1.0/1.47
5.0,1277.0010803333332,1136.2985911706942,false,joint_anchored_linear_kill,shared,A2780Naive,20k,0.67,IC25,0.25,baranyi_theta_logistic_growth,densities=20k/30k;doses=0.67/1.0/1.47
6.0,1612.01223,1452.6823369854633,false,joint_anchored_linear_kill,shared,A2780Naive,20k,0.67,IC25,0.25,baranyi_theta_logistic_growth,densities=20k/30k;doses=0.67/1.0/1.47
7.0,2016.4244216666668,1696.8098598318672,false,joint_anchored_linear_kill,shared,A2780Naive,20k,0.67,IC25,0.25,baranyi_theta_logistic_growth,densities=20k/30k;doses=0.67/1.0/1.47
8.0,2081.411111,1867.7440590377942,false,joint_anchored_linear_kill,shared,A2780Naive,20k,0.67,IC25,0.25,baranyi_theta_logistic_growth,densities=20k/30k;doses=0.67/1.0/1.47
9.0,2395.0547066666663,1980.116761579922,false,joint_anchored_linear_kill,shared,A2780Naive,20k,0.67,IC25,0.25,baranyi_theta_logistic_growth,densities=20k/30k;doses=0.67/1.0/1.47
10.0,2537.1984183333334,2051.1232433030946,false,joint_anchored_linear_kill,shared,A2780Naive,20k,0.67,IC25,0.25,baranyi_theta_logistic_growth,densities=20k/30k;doses=0.67/1.0/1.47
11.0,3073.8874999999994,2094.912153735732,false,joint_anchored_linear_kill,shared,A2780Naive,20k,0.67,IC25,0.25,baranyi_theta_logistic_growth,densities=20k/30k;doses=0.67/1.0/1.47
12.0,3042.368325666667,2121.520462351287,false,joint_anchored_linear_kill,shared,A2780Naive,20k,0.67,IC25,0.25,baranyi_theta_logistic_growth,densities=20k/30k;doses=0.67/1.0/1.47
13.0,3537.7463733333334,2137.5459515543453,false,joint_anchored_linear_kill,shared,A2780Naive,20k,0.67,IC25,0.25,baranyi_theta_logistic_growth,densities=20k/30k;doses=0.67/1.0/1.47
14.0,3458.3808643333336,2147.1464630788646,false,joint_anchored_linear_kill,shared,A2780Naive,20k,0.67,IC25,0.25,baranyi_theta_logistic_growth,densities=20k/30k;doses=0.67/1.0/1.47
0.0,67.0,67.0,true,joint_anchored_linear_kill,shared,A2780Naive,20k,1.0,IC50,0.5,baranyi_theta_logistic_growth,densities=20k/30k;doses=0.67/1.0/1.47
1.0,164.83707566666666,82.99247971078809,false,joint_anchored_linear_kill,shared,A2780Naive,20k,1.0,IC50,0.5,baranyi_theta_logistic_growth,densities=20k/30k;doses=0.67/1.0/1.47
2.0,310.328588,160.65401635941177,false,joint_anchored_linear_kill,shared,A2780Naive,20k,1.0,IC50,0.5,baranyi_theta_logistic_growth,densities=20k/30k;doses=0.67/1.0/1.47
3.0,498.45925933333325,306.0414034019516,false,joint_anchored_linear_kill,shared,A2780Naive,20k,1.0,IC50,0.5,baranyi_theta_logistic_growth,densities=20k/30k;doses=0.67/1.0/1.47
4.0,690.7097223333334,505.09918498278535,false,joint_anchored_linear_kill,shared,A2780Naive,20k,1.0,IC50,0.5,baranyi_theta_logistic_growth,densities=20k/30k;doses=0.67/1.0/1.47
5.0,804.9089893333334,725.2110424867625,false,joint_anchored_linear_kill,shared,A2780Naive,20k,1.0,IC50,0.5,baranyi_theta_logistic_growth,densities=20k/30k;doses=0.67/1.0/1.47
6.0,1188.2886573333333,931.2567507919834,false,joint_anchored_linear_kill,shared,A2780Naive,20k,1.0,IC50,0.5,baranyi_theta_logistic_growth,densities=20k/30k;doses=0.67/1.0/1.47
7.0,1563.5381556666664,1101.2538686756268,false,joint_anchored_linear_kill,shared,A2780Naive,20k,1.0,IC50,0.5,baranyi_theta_logistic_growth,densities=20k/30k;doses=0.67/1.0/1.47
8.0,1634.130247,1229.3084408084808,false,joint_anchored_linear_kill,shared,A2780Naive,20k,1.0,IC50,0.5,baranyi_theta_logistic_growth,densities=20k/30k;doses=0.67/1.0/1.47
9.0,1556.192554,1319.894642453912,false,joint_anchored_linear_kill,shared,A2780Naive,20k,1.0,IC50,0.5,baranyi_theta_logistic_growth,densities=20k/30k;doses=0.67/1.0/1.47
10.0,1522.992284,1381.3381010141998,false,joint_anchored_linear_kill,shared,A2780Naive,20k,1.0,IC50,0.5,baranyi_theta_logistic_growth,densities=20k/30k;doses=0.67/1.0/1.47
11.0,1608.247685333333,1421.88346851088,false,joint_anchored_linear_kill,shared,A2780Naive,20k,1.0,IC50,0.5,baranyi_theta_logistic_growth,densities=20k/30k;doses=0.67/1.0/1.47
12.0,1500.9281636666667,1448.16789830238,false,joint_anchored_linear_kill,shared,A2780Naive,20k,1.0,IC50,0.5,baranyi_theta_logistic_growth,densities=20k/30k;doses=0.67/1.0/1.47
13.0,2011.2254243333334,1465.015168440107,false,joint_anchored_linear_kill,shared,A2780Naive,20k,1.0,IC50,0.5,baranyi_theta_logistic_growth,densities=20k/30k;doses=0.67/1.0/1.47
14.0,2445.406712666667,1475.736064611089,false,joint_anchored_linear_kill,shared,A2780Naive,20k,1.0,IC50,0.5,baranyi_theta_logistic_growth,densities=20k/30k;doses=0.67/1.0/1.47
0.0,67.0,67.0,true,joint_anchored_linear_kill,shared,A2780Naive,20k,1.47,IC75,0.75,baranyi_theta_logistic_growth,densities=20k/30k;doses=0.67/1.0/1.47
1.0,470.381366,64.95410060990287,false,joint_anchored_linear_kill,shared,A2780Naive,20k,1.47,IC75,0.75,baranyi_theta_logistic_growth,densities=20k/30k;doses=0.67/1.0/1.47
2.0,658.348264,103.36972326002804,false,joint_anchored_linear_kill,shared,A2780Naive,20k,1.47,IC75,0.75,baranyi_theta_logistic_growth,densities=20k/30k;doses=0.67/1.0/1.47
3.0,910.885918,171.74166517471008,false,joint_anchored_linear_kill,shared,A2780Naive,20k,1.47,IC75,0.75,baranyi_theta_logistic_growth,densities=20k/30k;doses=0.67/1.0/1.47
4.0,928.761304,260.81105854201496,false,joint_anchored_linear_kill,shared,A2780Naive,20k,1.47,IC75,0.75,baranyi_theta_logistic_growth,densities=20k/30k;doses=0.67/1.0/1.47
5.0,914.7665896666667,359.50529750226934,false,joint_anchored_linear_kill,shared,A2780Naive,20k,1.47,IC75,0.75,baranyi_theta_logistic_growth,densities=20k/30k;doses=0.67/1.0/1.47
6.0,867.7298226666667,456.2790868875054,false,joint_anchored_linear_kill,shared,A2780Naive,20k,1.47,IC75,0.75,baranyi_theta_logistic_growth,densities=20k/30k;doses=0.67/1.0/1.47
7.0,681.9129633333333,542.4003857848169,false,joint_anchored_linear_kill,shared,A2780Naive,20k,1.47,IC75,0.75,baranyi_theta_logistic_growth,densities=20k/30k;doses=0.67/1.0/1.47
8.0,481.738503,613.5032612491922,false,joint_anchored_linear_kill,shared,A2780Naive,20k,1.47,IC75,0.75,baranyi_theta_logistic_growth,densities=20k/30k;doses=0.67/1.0/1.47
9.0,333.6756173333333,668.9989455612016,false,joint_anchored_linear_kill,shared,A2780Naive,20k,1.47,IC75,0.75,baranyi_theta_logistic_growth,densities=20k/30k;doses=0.67/1.0/1.47
10.0,232.34174399999998,710.5738248352899,false,joint_anchored_linear_kill,shared,A2780Naive,20k,1.47,IC75,0.75,baranyi_theta_logistic_growth,densities=20k/30k;doses=0.67/1.0/1.47
11.0,155.3204476666667,740.8206565914381,false,joint_anchored_linear_kill,shared,A2780Naive,20k,1.47,IC75,0.75,baranyi_theta_logistic_growth,densities=20k/30k;doses=0.67/1.0/1.47
12.0,103.907562,762.3766520182226,false,joint_anchored_linear_kill,shared,A2780Naive,20k,1.47,IC75,0.75,baranyi_theta_logistic_growth,densities=20k/30k;doses=0.67/1.0/1.47
13.0,71.52523133333334,777.5196237310744,false,joint_anchored_linear_kill,shared,A2780Naive,20k,1.47,IC75,0.75,baranyi_theta_logistic_growth,densities=20k/30k;doses=0.67/1.0/1.47
14.0,36.60995366666666,788.052171822002,false,joint_anchored_linear_kill,shared,A2780Naive,20k,1.47,IC75,0.75,baranyi_theta_logistic_growth,densities=20k/30k;doses=0.67/1.0/1.47
0.0,100.0,100.0,true,joint_anchored_linear_kill,shared,A2780Naive,30k,0.67,IC25,0.25,baranyi_theta_logistic_growth,densities=20k/30k;doses=0.67/1.0/1.47
1.0,507.5015816666667,130.42145449843397,false,joint_anchored_linear_kill,shared,A2780Naive,30k,0.67,IC25,0.25,baranyi_theta_logistic_growth,densities=20k/30k;doses=0.67/1.0/1.47
2.0,801.887693,244.78540882807803,false,joint_anchored_linear_kill,shared,A2780Naive,30k,0.67,IC25,0.25,baranyi_theta_logistic_growth,densities=20k/30k;doses=0.67/1.0/1.47
3.0,1336.278318,452.4941785184237,false,joint_anchored_linear_kill,shared,A2780Naive,30k,0.67,IC25,0.25,baranyi_theta_logistic_growth,densities=20k/30k;doses=0.67/1.0/1.47
4.0,1623.1049383333336,728.3862592722185,false,joint_anchored_linear_kill,shared,A2780Naive,30k,0.67,IC25,0.25,baranyi_theta_logistic_growth,densities=20k/30k;doses=0.67/1.0/1.47
5.0,2076.8491126666668,1024.057613664457,false,joint_anchored_linear_kill,shared,A2780Naive,30k,0.67,IC25,0.25,baranyi_theta_logistic_growth,densities=20k/30k;doses=0.67/1.0/1.47
6.0,2482.367592666667,1293.221771491874,false,joint_anchored_linear_kill,shared,A2780Naive,30k,0.67,IC25,0.25,baranyi_theta_logistic_growth,densities=20k/30k;doses=0.67/1.0/1.47
7.0,2895.899845666667,1510.2746712196777,false,joint_anchored_linear_kill,shared,A2780Naive,30k,0.67,IC25,0.25,baranyi_theta_logistic_growth,densities=20k/30k;doses=0.67/1.0/1.47
8.0,2949.133024666667,1670.8653378195731,false,joint_anchored_linear_kill,shared,A2780Naive,30k,0.67,IC25,0.25,baranyi_theta_logistic_growth,densities=20k/30k;doses=0.67/1.0/1.47
9.0,3220.295872,1782.9005607005936,false,joint_anchored_linear_kill,shared,A2780Naive,30k,0.67,IC25,0.25,baranyi_theta_logistic_growth,densities=20k/30k;doses=0.67/1.0/1.47
10.0,2758.7708333333335,1858.075571796486,false,joint_anchored_linear_kill,shared,A2780Naive,30k,0.67,IC25,0.25,baranyi_theta_logistic_growth,densities=20k/30k;doses=0.67/1.0/1.47
11.0,3434.9652003333335,1907.2573069624295,false,joint_anchored_linear_kill,shared,A2780Naive,30k,0.67,IC25,0.25,baranyi_theta_logistic_growth,densities=20k/30k;doses=0.67/1.0/1.47
12.0,3115.501775,1938.9158081536168,false,joint_anchored_linear_kill,shared,A2780Naive,30k,0.67,IC25,0.25,baranyi_theta_logistic_growth,densities=20k/30k;doses=0.67/1.0/1.47
13.0,3633.6489583333337,1959.0855535232179,false,joint_anchored_linear_kill,shared,A2780Naive,30k,0.67,IC25,0.25,baranyi_theta_logistic_growth,densities=20k/30k;doses=0.67/1.0/1.47
14.0,3423.783179,1971.8523303078432,false,joint_anchored_linear_kill,shared,A2780Naive,30k,0.67,IC25,0.25,baranyi_theta_logistic_growth,densities=20k/30k;doses=0.67/1.0/1.47
0.0,100.0,100.0,true,joint_anchored_linear_kill,shared,A2780Naive,30k,1.0,IC50,0.5,baranyi_theta_logistic_growth,densities=20k/30k;doses=0.67/1.0/1.47
1.0,277.1990353333333,109.82802867311722,false,joint_anchored_linear_kill,shared,A2780Naive,30k,1.0,IC50,0.5,baranyi_theta_logistic_growth,densities=20k/30k;doses=0.67/1.0/1.47
2.0,512.5472606666666,179.96483450964934,false,joint_anchored_linear_kill,shared,A2780Naive,30k,1.0,IC50,0.5,baranyi_theta_logistic_growth,densities=20k/30k;doses=0.67/1.0/1.47
3.0,810.4685956666666,303.5130187651746,false,joint_anchored_linear_kill,shared,A2780Naive,30k,1.0,IC50,0.5,baranyi_theta_logistic_growth,densities=20k/30k;doses=0.67/1.0/1.47
4.0,1072.5972223333333,463.3312483787638,false,joint_anchored_linear_kill,shared,A2780Naive,30k,1.0,IC50,0.5,baranyi_theta_logistic_growth,densities=20k/30k;doses=0.67/1.0/1.47
5.0,1220.3375386666667,636.1141408780895,false,joint_anchored_linear_kill,shared,A2780Naive,30k,1.0,IC50,0.5,baranyi_theta_logistic_growth,densities=20k/30k;doses=0.67/1.0/1.47
6.0,1524.2378856666667,799.5193206413181,false,joint_anchored_linear_kill,shared,A2780Naive,30k,1.0,IC50,0.5,baranyi_theta_logistic_growth,densities=20k/30k;doses=0.67/1.0/1.47
7.0,1784.3173613333336,938.9747944123146,false,joint_anchored_linear_kill,shared,A2780Naive,30k,1.0,IC50,0.5,baranyi_theta_logistic_growth,densities=20k/30k;doses=0.67/1.0/1.47
8.0,1754.768094,1049.204105784002,false,joint_anchored_linear_kill,shared,A2780Naive,30k,1.0,IC50,0.5,baranyi_theta_logistic_growth,densities=20k/30k;doses=0.67/1.0/1.47
9.0,1630.9435183333335,1131.6308357792363,false,joint_anchored_linear_kill,shared,A2780Naive,30k,1.0,IC50,0.5,baranyi_theta_logistic_growth,densities=20k/30k;doses=0.67/1.0/1.47
10.0,1765.6959490000002,1190.9052957473273,false,joint_anchored_linear_kill,shared,A2780Naive,30k,1.0,IC50,0.5,baranyi_theta_logistic_growth,densities=20k/30k;doses=0.67/1.0/1.47
11.0,1797.057716,1232.3950794898358,false,joint_anchored_linear_kill,shared,A2780Naive,30k,1.0,IC50,0.5,baranyi_theta_logistic_growth,densities=20k/30k;doses=0.67/1.0/1.47
12.0,1664.883989,1260.9068125503802,false,joint_anchored_linear_kill,shared,A2780Naive,30k,1.0,IC50,0.5,baranyi_theta_logistic_growth,densities=20k/30k;doses=0.67/1.0/1.47
13.0,1869.5183256666667,1280.258176210533,false,joint_anchored_linear_kill,shared,A2780Naive,30k,1.0,IC50,0.5,baranyi_theta_logistic_growth,densities=20k/30k;doses=0.67/1.0/1.47
14.0,2521.7536263333336,1293.2832831113114,false,joint_anchored_linear_kill,shared,A2780Naive,30k,1.0,IC50,0.5,baranyi_theta_logistic_growth,densities=20k/30k;doses=0.67/1.0/1.47
0.0,100.0,100.0,true,joint_anchored_linear_kill,shared,A2780Naive,30k,1.47,IC75,0.75,baranyi_theta_logistic_growth,densities=20k/30k;doses=0.67/1.0/1.47
1.0,683.0949846666667,85.93102074985723,false,joint_anchored_linear_kill,shared,A2780Naive,30k,1.47,IC75,0.75,baranyi_theta_logistic_growth,densities=20k/30k;doses=0.67/1.0/1.47
2.0,962.59946,115.42279558477334,false,joint_anchored_linear_kill,shared,A2780Naive,30k,1.47,IC75,0.75,baranyi_theta_logistic_growth,densities=20k/30k;doses=0.67/1.0/1.47
3.0,1293.4153163333333,168.52172702659408,false,joint_anchored_linear_kill,shared,A2780Naive,30k,1.47,IC75,0.75,baranyi_theta_logistic_growth,densities=20k/30k;doses=0.67/1.0/1.47
4.0,1242.3761956666667,233.77007033934512,false,joint_anchored_linear_kill,shared,A2780Naive,30k,1.47,IC75,0.75,baranyi_theta_logistic_growth,densities=20k/30k;doses=0.67/1.0/1.47
5.0,1196.6721066666667,303.30362952691394,false,joint_anchored_linear_kill,shared,A2780Naive,30k,1.47,IC75,0.75,baranyi_theta_logistic_growth,densities=20k/30k;doses=0.67/1.0/1.47
6.0,1151.6981093333334,370.7970663913629,false,joint_anchored_linear_kill,shared,A2780Naive,30k,1.47,IC75,0.75,baranyi_theta_logistic_growth,densities=20k/30k;doses=0.67/1.0/1.47
7.0,908.6366510000001,431.7355761080971,false,joint_anchored_linear_kill,shared,A2780Naive,30k,1.47,IC75,0.75,baranyi_theta_logistic_growth,densities=20k/30k;doses=0.67/1.0/1.47
8.0,684.2957563333333,483.69843461832556,false,joint_anchored_linear_kill,shared,A2780Naive,30k,1.47,IC75,0.75,baranyi_theta_logistic_growth,densities=20k/30k;doses=0.67/1.0/1.47
9.0,451.471335,526.0799846184354,false,joint_anchored_linear_kill,shared,A2780Naive,30k,1.47,IC75,0.75,baranyi_theta_logistic_growth,densities=20k/30k;doses=0.67/1.0/1.47
10.0,351.6421293333333,559.4925002664806,false,joint_anchored_linear_kill,shared,A2780Naive,30k,1.47,IC75,0.75,baranyi_theta_logistic_growth,densities=20k/30k;doses=0.67/1.0/1.47
11.0,239.04888100000002,585.1701252661295,false,joint_anchored_linear_kill,shared,A2780Naive,30k,1.47,IC75,0.75,baranyi_theta_logistic_growth,densities=20k/30k;doses=0.67/1.0/1.47
12.0,153.48256166666667,604.5330622360178,false,joint_anchored_linear_kill,shared,A2780Naive,30k,1.47,IC75,0.75,baranyi_theta_logistic_growth,densities=20k/30k;doses=0.67/1.0/1.47
13.0,115.12735333333332,618.9321934099326,false,joint_anchored_linear_kill,shared,A2780Naive,30k,1.47,IC75,0.75,baranyi_theta_logistic_growth,densities=20k/30k;doses=0.67/1.0/1.47
14.0,60.396604999999994,629.5316206221296,false,joint_anchored_linear_kill,shared,A2780Naive,30k,1.47,IC75,0.75,baranyi_theta_logistic_growth,densities=20k/30k;doses=0.67/1.0/1.47
0.0,67.0,67.0,true,joint_ic_effect_hill_ramp,shared,A2780Naive,20k,0.67,IC25,0.25,baranyi_theta_logistic_growth,densities=20k/30k;doses=0.67/1.0/1.47
1.0,305.18962200000004,138.4032673868481,false,joint_ic_effect_hill_ramp,shared,A2780Naive,20k,0.67,IC25,0.25,baranyi_theta_logistic_growth,densities=20k/30k;doses=0.67/1.0/1.47
2.0,465.63738433333333,389.8987399719582,false,joint_ic_effect_hill_ramp,shared,A2780Naive,20k,0.67,IC25,0.25,baranyi_theta_logistic_growth,densities=20k/30k;doses=0.67/1.0/1.47
3.0,790.214892,918.1297124999029,false,joint_ic_effect_hill_ramp,shared,A2780Naive,20k,0.67,IC25,0.25,baranyi_theta_logistic_growth,densities=20k/30k;doses=0.67/1.0/1.47
4.0,880.948534,1636.7587725258263,false,joint_ic_effect_hill_ramp,shared,A2780Naive,20k,0.67,IC25,0.25,baranyi_theta_logistic_growth,densities=20k/30k;doses=0.67/1.0/1.47
5.0,1277.0010803333332,2328.5986258330468,false,joint_ic_effect_hill_ramp,shared,A2780Naive,20k,0.67,IC25,0.25,baranyi_theta_logistic_growth,densities=20k/30k;doses=0.67/1.0/1.47
6.0,1612.01223,2844.5319652176486,false,joint_ic_effect_hill_ramp,shared,A2780Naive,20k,0.67,IC25,0.25,baranyi_theta_logistic_growth,densities=20k/30k;doses=0.67/1.0/1.47
7.0,2016.4244216666668,3165.6115043809373,false,joint_ic_effect_hill_ramp,shared,A2780Naive,20k,0.67,IC25,0.25,baranyi_theta_logistic_growth,densities=20k/30k;doses=0.67/1.0/1.47
8.0,2081.411111,3339.185266224972,false,joint_ic_effect_hill_ramp,shared,A2780Naive,20k,0.67,IC25,0.25,baranyi_theta_logistic_growth,densities=20k/30k;doses=0.67/1.0/1.47
9.0,2395.0547066666663,3419.5356707473306,false,joint_ic_effect_hill_ramp,shared,A2780Naive,20k,0.67,IC25,0.25,baranyi_theta_logistic_growth,densities=20k/30k;doses=0.67/1.0/1.47
10.0,2537.1984183333334,3446.6355898143024,false,joint_ic_effect_hill_ramp,shared,A2780Naive,20k,0.67,IC25,0.25,baranyi_theta_logistic_growth,densities=20k/30k;doses=0.67/1.0/1.47
11.0,3073.8874999999994,3445.352424255002,false,joint_ic_effect_hill_ramp,shared,A2780Naive,20k,0.67,IC25,0.25,baranyi_theta_logistic_growth,densities=20k/30k;doses=0.67/1.0/1.47
12.0,3042.368325666667,3429.942720456666,false,joint_ic_effect_hill_ramp,shared,A2780Naive,20k,0.67,IC25,0.25,baranyi_theta_logistic_growth,densities=20k/30k;doses=0.67/1.0/1.47
13.0,3537.7463733333334,3408.2170322581874,false,joint_ic_effect_hill_ramp,shared,A2780Naive,20k,0.67,IC25,0.25,baranyi_theta_logistic_growth,densities=20k/30k;doses=0.67/1.0/1.47
14.0,3458.3808643333336,3384.321471435384,false,joint_ic_effect_hill_ramp,shared,A2780Naive,20k,0.67,IC25,0.25,baranyi_theta_logistic_growth,densities=20k/30k;doses=0.67/1.0/1.47
0.0,67.0,67.0,true,joint_ic_effect_hill_ramp,shared,A2780Naive,20k,1.0,IC50,0.5,baranyi_theta_logistic_growth,densities=20k/30k;doses=0.67/1.0/1.47
1.0,164.83707566666666,134.0216868256655,false,joint_ic_effect_hill_ramp,shared,A2780Naive,20k,1.0,IC50,0.5,baranyi_theta_logistic_growth,densities=20k/30k;doses=0.67/1.0/1.47
2.0,310.328588,348.5300497780208,false,joint_ic_effect_hill_ramp,shared,A2780Naive,20k,1.0,IC50,0.5,baranyi_theta_logistic_growth,densities=20k/30k;doses=0.67/1.0/1.47
3.0,498.45925933333325,743.4563452331498,false,joint_ic_effect_hill_ramp,shared,A2780Naive,20k,1.0,IC50,0.5,baranyi_theta_logistic_growth,densities=20k/30k;doses=0.67/1.0/1.47
4.0,690.7097223333334,1203.6786569422961,false,joint_ic_effect_hill_ramp,shared,A2780Naive,20k,1.0,IC50,0.5,baranyi_theta_logistic_growth,densities=20k/30k;doses=0.67/1.0/1.47
5.0,804.9089893333334,1572.4171699313233,false,joint_ic_effect_hill_ramp,shared,A2780Naive,20k,1.0,IC50,0.5,baranyi_theta_logistic_growth,densities=20k/30k;doses=0.67/1.0/1.47
6.0,1188.2886573333333,1781.8668684630268,false,joint_ic_effect_hill_ramp,shared,A2780Naive,20k,1.0,IC50,0.5,baranyi_theta_logistic_growth,densities=20k/30k;doses=0.67/1.0/1.47
7.0,1563.5381556666664,1851.8914314977005,false,joint_ic_effect_hill_ramp,shared,A2780Naive,20k,1.0,IC50,0.5,baranyi_theta_logistic_growth,densities=20k/30k;doses=0.67/1.0/1.47
8.0,1634.130247,1831.2935233231399,false,joint_ic_effect_hill_ramp,shared,A2780Naive,20k,1.0,IC50,0.5,baranyi_theta_logistic_growth,densities=20k/30k;doses=0.67/1.0/1.47
9.0,1556.192554,1762.2842339572576,false,joint_ic_effect_hill_ramp,shared,A2780Naive,20k,1.0,IC50,0.5,baranyi_theta_logistic_growth,densities=20k/30k;doses=0.67/1.0/1.47
10.0,1522.992284,1672.3420570229607,false,joint_ic_effect_hill_ramp,shared,A2780Naive,20k,1.0,IC50,0.5,baranyi_theta_logistic_growth,densities=20k/30k;doses=0.67/1.0/1.47
11.0,1608.247685333333,1576.9997762965359,false,joint_ic_effect_hill_ramp,shared,A2780Naive,20k,1.0,IC50,0.5,baranyi_theta_logistic_growth,densities=20k/30k;doses=0.67/1.0/1.47
12.0,1500.9281636666667,1484.218928499276,false,joint_ic_effect_hill_ramp,shared,A2780Naive,20k,1.0,IC50,0.5,baranyi_theta_logistic_growth,densities=20k/30k;doses=0.67/1.0/1.47
13.0,2011.2254243333334,1397.65967131258,false,joint_ic_effect_hill_ramp,shared,A2780Naive,20k,1.0,IC50,0.5,baranyi_theta_logistic_growth,densities=20k/30k;doses=0.67/1.0/1.47
14.0,2445.406712666667,1318.686052896316,false,joint_ic_effect_hill_ramp,shared,A2780Naive,20k,1.0,IC50,0.5,baranyi_theta_logistic_growth,densities=20k/30k;doses=0.67/1.0/1.47
0.0,67.0,67.0,true,joint_ic_effect_hill_ramp,shared,A2780Naive,20k,1.47,IC75,0.75,baranyi_theta_logistic_growth,densities=20k/30k;doses=0.67/1.0/1.47
1.0,470.381366,127.96155914795109,false,joint_ic_effect_hill_ramp,shared,A2780Naive,20k,1.47,IC75,0.75,baranyi_theta_logistic_growth,densities=20k/30k;doses=0.67/1.0/1.47
2.0,658.348264,296.41818807828014,false,joint_ic_effect_hill_ramp,shared,A2780Naive,20k,1.47,IC75,0.75,baranyi_theta_logistic_growth,densities=20k/30k;doses=0.67/1.0/1.47
3.0,910.885918,546.2411060722511,false,joint_ic_effect_hill_ramp,shared,A2780Naive,20k,1.47,IC75,0.75,baranyi_theta_logistic_growth,densities=20k/30k;doses=0.67/1.0/1.47
4.0,928.761304,761.3227712631943,false,joint_ic_effect_hill_ramp,shared,A2780Naive,20k,1.47,IC75,0.75,baranyi_theta_logistic_growth,densities=20k/30k;doses=0.67/1.0/1.47
5.0,914.7665896666667,862.2129575556568,false,joint_ic_effect_hill_ramp,shared,A2780Naive,20k,1.47,IC75,0.75,baranyi_theta_logistic_growth,densities=20k/30k;doses=0.67/1.0/1.47
6.0,867.7298226666667,852.8512746233565,false,joint_ic_effect_hill_ramp,shared,A2780Naive,20k,1.47,IC75,0.75,baranyi_theta_logistic_growth,densities=20k/30k;doses=0.67/1.0/1.47
7.0,681.9129633333333,776.1402800473497,false,joint_ic_effect_hill_ramp,shared,A2780Naive,20k,1.47,IC75,0.75,baranyi_theta_logistic_growth,densities=20k/30k;doses=0.67/1.0/1.47
8.0,481.738503,672.0451481462234,false,joint_ic_effect_hill_ramp,shared,A2780Naive,20k,1.47,IC75,0.75,baranyi_theta_logistic_growth,densities=20k/30k;doses=0.67/1.0/1.47
9.0,333.6756173333333,565.2428109478617,false,joint_ic_effect_hill_ramp,shared,A2780Naive,20k,1.47,IC75,0.75,baranyi_theta_logistic_growth,densities=20k/30k;doses=0.67/1.0/1.47
10.0,232.34174399999998,467.63509120462163,false,joint_ic_effect_hill_ramp,shared,A2780Naive,20k,1.47,IC75,0.75,baranyi_theta_logistic_growth,densities=20k/30k;doses=0.67/1.0/1.47
11.0,155.3204476666667,383.47450021482354,false,joint_ic_effect_hill_ramp,shared,A2780Naive,20k,1.47,IC75,0.75,baranyi_theta_logistic_growth,densities=20k/30k;doses=0.67/1.0/1.47
12.0,103.907562,313.16254180312046,false,joint_ic_effect_hill_ramp,shared,A2780Naive,20k,1.47,IC75,0.75,baranyi_theta_logistic_growth,densities=20k/30k;doses=0.67/1.0/1.47
13.0,71.52523133333334,255.440430441647,false,joint_ic_effect_hill_ramp,shared,A2780Naive,20k,1.47,IC75,0.75,baranyi_theta_logistic_growth,densities=20k/30k;doses=0.67/1.0/1.47
14.0,36.60995366666666,208.50453046603968,false,joint_ic_effect_hill_ramp,shared,A2780Naive,20k,1.47,IC75,0.75,baranyi_theta_logistic_growth,densities=20k/30k;doses=0.67/1.0/1.47
0.0,100.0,100.0,true,joint_ic_effect_hill_ramp,shared,A2780Naive,30k,0.67,IC25,0.25,baranyi_theta_logistic_growth,densities=20k/30k;doses=0.67/1.0/1.47
1.0,507.5015816666667,183.2833581036409,false,joint_ic_effect_hill_ramp,shared,A2780Naive,30k,0.67,IC25,0.25,baranyi_theta_logistic_growth,densities=20k/30k;doses=0.67/1.0/1.47
2.0,801.887693,440.0826735556443,false,joint_ic_effect_hill_ramp,shared,A2780Naive,30k,0.67,IC25,0.25,baranyi_theta_logistic_growth,densities=20k/30k;doses=0.67/1.0/1.47
3.0,1336.278318,932.9045673606427,false,joint_ic_effect_hill_ramp,shared,A2780Naive,30k,0.67,IC25,0.25,baranyi_theta_logistic_growth,densities=20k/30k;doses=0.67/1.0/1.47
4.0,1623.1049383333336,1577.0544107774351,false,joint_ic_effect_hill_ramp,shared,A2780Naive,30k,0.67,IC25,0.25,baranyi_theta_logistic_growth,densities=20k/30k;doses=0.67/1.0/1.47
5.0,2076.8491126666668,2201.2670534681574,false,joint_ic_effect_hill_ramp,shared,A2780Naive,30k,0.67,IC25,0.25,baranyi_theta_logistic_growth,densities=20k/30k;doses=0.67/1.0/1.47
6.0,2482.367592666667,2684.8433353064,false,joint_ic_effect_hill_ramp,shared,A2780Naive,30k,0.67,IC25,0.25,baranyi_theta_logistic_growth,densities=20k/30k;doses=0.67/1.0/1.47
7.0,2895.899845666667,3002.9942359269157,false,joint_ic_effect_hill_ramp,shared,A2780Naive,30k,0.67,IC25,0.25,baranyi_theta_logistic_growth,densities=20k/30k;doses=0.67/1.0/1.47
8.0,2949.133024666667,3187.015296512306,false,joint_ic_effect_hill_ramp,shared,A2780Naive,30k,0.67,IC25,0.25,baranyi_theta_logistic_growth,densities=20k/30k;doses=0.67/1.0/1.47
9.0,3220.295872,3280.163811129986,false,joint_ic_effect_hill_ramp,shared,A2780Naive,30k,0.67,IC25,0.25,baranyi_theta_logistic_growth,densities=20k/30k;doses=0.67/1.0/1.47
10.0,2758.7708333333335,3317.7552336945205,false,joint_ic_effect_hill_ramp,shared,A2780Naive,30k,0.67,IC25,0.25,baranyi_theta_logistic_growth,densities=20k/30k;doses=0.67/1.0/1.47
11.0,3434.9652003333335,3323.6383888903238,false,joint_ic_effect_hill_ramp,shared,A2780Naive,30k,0.67,IC25,0.25,baranyi_theta_logistic_growth,densities=20k/30k;doses=0.67/1.0/1.47
12.0,3115.501775,3312.494908327554,false,joint_ic_effect_hill_ramp,shared,A2780Naive,30k,0.67,IC25,0.25,baranyi_theta_logistic_growth,densities=20k/30k;doses=0.67/1.0/1.47
13.0,3633.6489583333337,3292.9096135535533,false,joint_ic_effect_hill_ramp,shared,A2780Naive,30k,0.67,IC25,0.25,baranyi_theta_logistic_growth,densities=20k/30k;doses=0.67/1.0/1.47
14.0,3423.783179,3269.736660343629,false,joint_ic_effect_hill_ramp,shared,A2780Naive,30k,0.67,IC25,0.25,baranyi_theta_logistic_growth,densities=20k/30k;doses=0.67/1.0/1.47
0.0,100.0,100.0,true,joint_ic_effect_hill_ramp,shared,A2780Naive,30k,1.0,IC50,0.5,baranyi_theta_logistic_growth,densities=20k/30k;doses=0.67/1.0/1.47
1.0,277.1990353333333,177.4739720658974,false,joint_ic_effect_hill_ramp,shared,A2780Naive,30k,1.0,IC50,0.5,baranyi_theta_logistic_growth,densities=20k/30k;doses=0.67/1.0/1.47
2.0,512.5472606666666,393.06931887024206,false,joint_ic_effect_hill_ramp,shared,A2780Naive,30k,1.0,IC50,0.5,baranyi_theta_logistic_growth,densities=20k/30k;doses=0.67/1.0/1.47
3.0,810.4685956666666,752.4683284685261,false,joint_ic_effect_hill_ramp,shared,A2780Naive,30k,1.0,IC50,0.5,baranyi_theta_logistic_growth,densities=20k/30k;doses=0.67/1.0/1.47
4.0,1072.5972223333333,1147.6697644658084,false,joint_ic_effect_hill_ramp,shared,A2780Naive,30k,1.0,IC50,0.5,baranyi_theta_logistic_growth,densities=20k/30k;doses=0.67/1.0/1.47
5.0,1220.3375386666667,1457.4403138495977,false,joint_ic_effect_hill_ramp,shared,A2780Naive,30k,1.0,IC50,0.5,baranyi_theta_logistic_growth,densities=20k/30k;doses=0.67/1.0/1.47
6.0,1524.2378856666667,1632.6311689815946,false,joint_ic_effect_hill_ramp,shared,A2780Naive,30k,1.0,IC50,0.5,baranyi_theta_logistic_growth,densities=20k/30k;doses=0.67/1.0/1.47
7.0,1784.3173613333336,1689.2742999092216,false,joint_ic_effect_hill_ramp,shared,A2780Naive,30k,1.0,IC50,0.5,baranyi_theta_logistic_growth,densities=20k/30k;doses=0.67/1.0/1.47
8.0,1754.768094,1666.382952197488,false,joint_ic_effect_hill_ramp,shared,A2780Naive,30k,1.0,IC50,0.5,baranyi_theta_logistic_growth,densities=20k/30k;doses=0.67/1.0/1.47
9.0,1630.9435183333335,1599.2607997828145,false,joint_ic_effect_hill_ramp,shared,A2780Naive,30k,1.0,IC50,0.5,baranyi_theta_logistic_growth,densities=20k/30k;doses=0.67/1.0/1.47
10.0,1765.6959490000002,1512.0775489403914,false,joint_ic_effect_hill_ramp,shared,A2780Naive,30k,1.0,IC50,0.5,baranyi_theta_logistic_growth,densities=20k/30k;doses=0.67/1.0/1.47
11.0,1797.057716,1419.185046935078,false,joint_ic_effect_hill_ramp,shared,A2780Naive,30k,1.0,IC50,0.5,baranyi_theta_logistic_growth,densities=20k/30k;doses=0.67/1.0/1.47
12.0,1664.883989,1328.3014205276065,false,joint_ic_effect_hill_ramp,shared,A2780Naive,30k,1.0,IC50,0.5,baranyi_theta_logistic_growth,densities=20k/30k;doses=0.67/1.0/1.47
13.0,1869.5183256666667,1243.1653541211567,false,joint_ic_effect_hill_ramp,shared,A2780Naive,30k,1.0,IC50,0.5,baranyi_theta_logistic_growth,densities=20k/30k;doses=0.67/1.0/1.47
14.0,2521.7536263333336,1165.285786831605,false,joint_ic_effect_hill_ramp,shared,A2780Naive,30k,1.0,IC50,0.5,baranyi_theta_logistic_growth,densities=20k/30k;doses=0.67/1.0/1.47
0.0,100.0,100.0,true,joint_ic_effect_hill_ramp,shared,A2780Naive,30k,1.47,IC75,0.75,baranyi_theta_logistic_growth,densities=20k/30k;doses=0.67/1.0/1.47
1.0,683.0949846666667,169.43952634350813,false,joint_ic_effect_hill_ramp,shared,A2780Naive,30k,1.47,IC75,0.75,baranyi_theta_logistic_growth,densities=20k/30k;doses=0.67/1.0/1.47
2.0,962.59946,333.9156278589018,false,joint_ic_effect_hill_ramp,shared,A2780Naive,30k,1.47,IC75,0.75,baranyi_theta_logistic_growth,densities=20k/30k;doses=0.67/1.0/1.47
3.0,1293.4153163333333,549.8482732395305,false,joint_ic_effect_hill_ramp,shared,A2780Naive,30k,1.47,IC75,0.75,baranyi_theta_logistic_growth,densities=20k/30k;doses=0.67/1.0/1.47
4.0,1242.3761956666667,715.2387492939368,false,joint_ic_effect_hill_ramp,shared,A2780Naive,30k,1.47,IC75,0.75,baranyi_theta_logistic_growth,densities=20k/30k;doses=0.67/1.0/1.47
5.0,1196.6721066666667,776.6474664030038,false,joint_ic_effect_hill_ramp,shared,A2780Naive,30k,1.47,IC75,0.75,baranyi_theta_logistic_growth,densities=20k/30k;doses=0.67/1.0/1.47
6.0,1151.6981093333334,747.0509533906536,false,joint_ic_effect_hill_ramp,shared,A2780Naive,30k,1.47,IC75,0.75,baranyi_theta_logistic_growth,densities=20k/30k;doses=0.67/1.0/1.47
7.0,908.6366510000001,665.0884794907106,false,joint_ic_effect_hill_ramp,shared,A2780Naive,30k,1.47,IC75,0.75,baranyi_theta_logistic_growth,densities=20k/30k;doses=0.67/1.0/1.47
8.0,684.2957563333333,564.2179619583262,false,joint_ic_effect_hill_ramp,shared,A2780Naive,30k,1.47,IC75,0.75,baranyi_theta_logistic_growth,densities=20k/30k;doses=0.67/1.0/1.47
9.0,451.471335,464.6096666759746,false,joint_ic_effect_hill_ramp,shared,A2780Naive,30k,1.47,IC75,0.75,baranyi_theta_logistic_growth,densities=20k/30k;doses=0.67/1.0/1.47
10.0,351.6421293333333,375.7051390006307,false,joint_ic_effect_hill_ramp,shared,A2780Naive,30k,1.47,IC75,0.75,baranyi_theta_logistic_growth,densities=20k/30k;doses=0.67/1.0/1.47
11.0,239.04888100000002,300.5364193312511,false,joint_ic_effect_hill_ramp,shared,A2780Naive,30k,1.47,IC75,0.75,baranyi_theta_logistic_growth,densities=20k/30k;doses=0.67/1.0/1.47
12.0,153.48256166666667,238.92258928874784,false,joint_ic_effect_hill_ramp,shared,A2780Naive,30k,1.47,IC75,0.75,baranyi_theta_logistic_growth,densities=20k/30k;doses=0.67/1.0/1.47
13.0,115.12735333333332,189.33574969868565,false,joint_ic_effect_hill_ramp,shared,A2780Naive,30k,1.47,IC75,0.75,baranyi_theta_logistic_growth,densities=20k/30k;doses=0.67/1.0/1.47
14.0,60.396604999999994,149.85894282331338,false,joint_ic_effect_hill_ramp,shared,A2780Naive,30k,1.47,IC75,0.75,baranyi_theta_logistic_growth,densities=20k/30k;doses=0.67/1.0/1.47
0.0,67.0,67.0,true,joint_ic_effect_hill_ramp_onset,shared,A2780Naive,20k,0.67,IC25,0.25,baranyi_theta_logistic_growth,densities=20k/30k;doses=0.67/1.0/1.47
1.0,305.18962200000004,139.44549381419242,false,joint_ic_effect_hill_ramp_onset,shared,A2780Naive,20k,0.67,IC25,0.25,baranyi_theta_logistic_growth,densities=20k/30k;doses=0.67/1.0/1.47
2.0,465.63738433333333,400.21088873088377,false,joint_ic_effect_hill_ramp_onset,shared,A2780Naive,20k,0.67,IC25,0.25,baranyi_theta_logistic_growth,densities=20k/30k;doses=0.67/1.0/1.47
3.0,790.214892,957.0412974819475,false,joint_ic_effect_hill_ramp_onset,shared,A2780Naive,20k,0.67,IC25,0.25,baranyi_theta_logistic_growth,densities=20k/30k;doses=0.67/1.0/1.47
4.0,880.948534,1682.798935028193,false,joint_ic_effect_hill_ramp_onset,shared,A2780Naive,20k,0.67,IC25,0.25,baranyi_theta_logistic_growth,densities=20k/30k;doses=0.67/1.0/1.47
5.0,1277.0010803333332,2342.2615192145513,false,joint_ic_effect_hill_ramp_onset,shared,A2780Naive,20k,0.67,IC25,0.25,baranyi_theta_logistic_growth,densities=20k/30k;doses=0.67/1.0/1.47
6.0,1612.01223,2811.8535135327465,false,joint_ic_effect_hill_ramp_onset,shared,A2780Naive,20k,0.67,IC25,0.25,baranyi_theta_logistic_growth,densities=20k/30k;doses=0.67/1.0/1.47
7.0,2016.4244216666668,3098.54460408903,false,joint_ic_effect_hill_ramp_onset,shared,A2780Naive,20k,0.67,IC25,0.25,baranyi_theta_logistic_growth,densities=20k/30k;doses=0.67/1.0/1.47
8.0,2081.411111,3257.9049233422534,false,joint_ic_effect_hill_ramp_onset,shared,A2780Naive,20k,0.67,IC25,0.25,baranyi_theta_logistic_growth,densities=20k/30k;doses=0.67/1.0/1.47
9.0,2395.0547066666663,3341.3976189262657,false,joint_ic_effect_hill_ramp_onset,shared,A2780Naive,20k,0.67,IC25,0.25,baranyi_theta_logistic_growth,densities=20k/30k;doses=0.67/1.0/1.47
10.0,2537.1984183333334,3383.3195552655225,false,joint_ic_effect_hill_ramp_onset,shared,A2780Naive,20k,0.67,IC25,0.25,baranyi_theta_logistic_growth,densities=20k/30k;doses=0.67/1.0/1.47
11.0,3073.8874999999994,3403.579452599189,false,joint_ic_effect_hill_ramp_onset,shared,A2780Naive,20k,0.67,IC25,0.25,baranyi_theta_logistic_growth,densities=20k/30k;doses=0.67/1.0/1.47
12.0,3042.368325666667,3412.9491653403516,false,joint_ic_effect_hill_ramp_onset,shared,A2780Naive,20k,0.67,IC25,0.25,baranyi_theta_logistic_growth,densities=20k/30k;doses=0.67/1.0/1.47
13.0,3537.7463733333334,3417.0196302600416,false,joint_ic_effect_hill_ramp_onset,shared,A2780Naive,20k,0.67,IC25,0.25,baranyi_theta_logistic_growth,densities=20k/30k;doses=0.67/1.0/1.47
14.0,3458.3808643333336,3418.6067455540756,false,joint_ic_effect_hill_ramp_onset,shared,A2780Naive,20k,0.67,IC25,0.25,baranyi_theta_logistic_growth,densities=20k/30k;doses=0.67/1.0/1.47
0.0,67.0,67.0,true,joint_ic_effect_hill_ramp_onset,shared,A2780Naive,20k,1.0,IC50,0.5,baranyi_theta_logistic_growth,densities=20k/30k;doses=0.67/1.0/1.47
1.0,164.83707566666666,139.44549381419242,false,joint_ic_effect_hill_ramp_onset,shared,A2780Naive,20k,1.0,IC50,0.5,baranyi_theta_logistic_growth,densities=20k/30k;doses=0.67/1.0/1.47
2.0,310.328588,400.21088873088377,false,joint_ic_effect_hill_ramp_onset,shared,A2780Naive,20k,1.0,IC50,0.5,baranyi_theta_logistic_growth,densities=20k/30k;doses=0.67/1.0/1.47
3.0,498.45925933333325,930.3277650375004,false,joint_ic_effect_hill_ramp_onset,shared,A2780Naive,20k,1.0,IC50,0.5,baranyi_theta_logistic_growth,densities=20k/30k;doses=0.67/1.0/1.47
4.0,690.7097223333334,1425.776197855365,false,joint_ic_effect_hill_ramp_onset,shared,A2780Naive,20k,1.0,IC50,0.5,baranyi_theta_logistic_growth,densities=20k/30k;doses=0.67/1.0/1.47
5.0,804.9089893333334,1690.537640705627,false,joint_ic_effect_hill_ramp_onset,shared,A2780Naive,20k,1.0,IC50,0.5,baranyi_theta_logistic_growth,densities=20k/30k;doses=0.67/1.0/1.47
6.0,1188.2886573333333,1768.5422674175188,false,joint_ic_effect_hill_ramp_onset,shared,A2780Naive,20k,1.0,IC50,0.5,baranyi_theta_logistic_growth,densities=20k/30k;doses=0.67/1.0/1.47
7.0,1563.5381556666664,1753.9070547563445,false,joint_ic_effect_hill_ramp_onset,shared,A2780Naive,20k,1.0,IC50,0.5,baranyi_theta_logistic_growth,densities=20k/30k;doses=0.67/1.0/1.47
8.0,1634.130247,1707.7972188561112,false,joint_ic_effect_hill_ramp_onset,shared,A2780Naive,20k,1.0,IC50,0.5,baranyi_theta_logistic_growth,densities=20k/30k;doses=0.67/1.0/1.47
9.0,1556.192554,1658.4515489395517,false,joint_ic_effect_hill_ramp_onset,shared,A2780Naive,20k,1.0,IC50,0.5,baranyi_theta_logistic_growth,densities=20k/30k;doses=0.67/1.0/1.47
10.0,1522.992284,1616.0909317367461,false,joint_ic_effect_hill_ramp_onset,shared,A2780Naive,20k,1.0,IC50,0.5,baranyi_theta_logistic_growth,densities=20k/30k;doses=0.67/1.0/1.47
11.0,1608.247685333333,1582.9784154553888,false,joint_ic_effect_hill_ramp_onset,shared,A2780Naive,20k,1.0,IC50,0.5,baranyi_theta_logistic_growth,densities=20k/30k;doses=0.67/1.0/1.47
12.0,1500.9281636666667,1558.3656008365738,false,joint_ic_effect_hill_ramp_onset,shared,A2780Naive,20k,1.0,IC50,0.5,baranyi_theta_logistic_growth,densities=20k/30k;doses=0.67/1.0/1.47
13.0,2011.2254243333334,1540.6314510988168,false,joint_ic_effect_hill_ramp_onset,shared,A2780Naive,20k,1.0,IC50,0.5,baranyi_theta_logistic_growth,densities=20k/30k;doses=0.67/1.0/1.47
14.0,2445.406712666667,1528.1230209010366,false,joint_ic_effect_hill_ramp_onset,shared,A2780Naive,20k,1.0,IC50,0.5,baranyi_theta_logistic_growth,densities=20k/30k;doses=0.67/1.0/1.47
0.0,67.0,67.0,true,joint_ic_effect_hill_ramp_onset,shared,A2780Naive,20k,1.47,IC75,0.75,baranyi_theta_logistic_growth,densities=20k/30k;doses=0.67/1.0/1.47
1.0,470.381366,139.44549381419242,false,joint_ic_effect_hill_ramp_onset,shared,A2780Naive,20k,1.47,IC75,0.75,baranyi_theta_logistic_growth,densities=20k/30k;doses=0.67/1.0/1.47
2.0,658.348264,400.21088873088377,false,joint_ic_effect_hill_ramp_onset,shared,A2780Naive,20k,1.47,IC75,0.75,baranyi_theta_logistic_growth,densities=20k/30k;doses=0.67/1.0/1.47
3.0,910.885918,889.7562724673788,false,joint_ic_effect_hill_ramp_onset,shared,A2780Naive,20k,1.47,IC75,0.75,baranyi_theta_logistic_growth,densities=20k/30k;doses=0.67/1.0/1.47
4.0,928.761304,1095.609504046655,false,joint_ic_effect_hill_ramp_onset,shared,A2780Naive,20k,1.47,IC75,0.75,baranyi_theta_logistic_growth,densities=20k/30k;doses=0.67/1.0/1.47
5.0,914.7665896666667,994.3820203055194,false,joint_ic_effect_hill_ramp_onset,shared,A2780Naive,20k,1.47,IC75,0.75,baranyi_theta_logistic_growth,densities=20k/30k;doses=0.67/1.0/1.47
6.0,867.7298226666667,809.3247036771792,false,joint_ic_effect_hill_ramp_onset,shared,A2780Naive,20k,1.47,IC75,0.75,baranyi_theta_logistic_growth,densities=20k/30k;doses=0.67/1.0/1.47
7.0,681.9129633333333,645.7047025137452,false,joint_ic_effect_hill_ramp_onset,shared,A2780Naive,20k,1.47,IC75,0.75,baranyi_theta_logistic_growth,densities=20k/30k;doses=0.67/1.0/1.47
8.0,481.738503,523.6275037273739,false,joint_ic_effect_hill_ramp_onset,shared,A2780Naive,20k,1.47,IC75,0.75,baranyi_theta_logistic_growth,densities=20k/30k;doses=0.67/1.0/1.47
9.0,333.6756173333333,436.9494626306074,false,joint_ic_effect_hill_ramp_onset,shared,A2780Naive,20k,1.47,IC75,0.75,baranyi_theta_logistic_growth,densities=20k/30k;doses=0.67/1.0/1.47
10.0,232.34174399999998,375.9026166111448,false,joint_ic_effect_hill_ramp_onset,shared,A2780Naive,20k,1.47,IC75,0.75,baranyi_theta_logistic_growth,densities=20k/30k;doses=0.67/1.0/1.47
11.0,155.3204476666667,332.59598683915806,false,joint_ic_effect_hill_ramp_onset,shared,A2780Naive,20k,1.47,IC75,0.75,baranyi_theta_logistic_growth,densities=20k/30k;doses=0.67/1.0/1.47
12.0,103.907562,301.4964495254975,false,joint_ic_effect_hill_ramp_onset,shared,A2780Naive,20k,1.47,IC75,0.75,baranyi_theta_logistic_growth,densities=20k/30k;doses=0.67/1.0/1.47
13.0,71.52523133333334,278.8726395251729,false,joint_ic_effect_hill_ramp_onset,shared,A2780Naive,20k,1.47,IC75,0.75,baranyi_theta_logistic_growth,densities=20k/30k;doses=0.67/1.0/1.47
14.0,36.60995366666666,262.21781813660255,false,joint_ic_effect_hill_ramp_onset,shared,A2780Naive,20k,1.47,IC75,0.75,baranyi_theta_logistic_growth,densities=20k/30k;doses=0.67/1.0/1.47
0.0,100.0,100.0,true,joint_ic_effect_hill_ramp_onset,shared,A2780Naive,30k,0.67,IC25,0.25,baranyi_theta_logistic_growth,densities=20k/30k;doses=0.67/1.0/1.47
1.0,507.5015816666667,184.66525304081003,false,joint_ic_effect_hill_ramp_onset,shared,A2780Naive,30k,0.67,IC25,0.25,baranyi_theta_logistic_growth,densities=20k/30k;doses=0.67/1.0/1.47
2.0,801.887693,451.80884854196853,false,joint_ic_effect_hill_ramp_onset,shared,A2780Naive,30k,0.67,IC25,0.25,baranyi_theta_logistic_growth,densities=20k/30k;doses=0.67/1.0/1.47
3.0,1336.278318,973.3068864679603,false,joint_ic_effect_hill_ramp_onset,shared,A2780Naive,30k,0.67,IC25,0.25,baranyi_theta_logistic_growth,densities=20k/30k;doses=0.67/1.0/1.47
4.0,1623.1049383333336,1624.1061459655334,false,joint_ic_effect_hill_ramp_onset,shared,A2780Naive,30k,0.67,IC25,0.25,baranyi_theta_logistic_growth,densities=20k/30k;doses=0.67/1.0/1.47
5.0,2076.8491126666668,2217.7803227509557,false,joint_ic_effect_hill_ramp_onset,shared,A2780Naive,30k,0.67,IC25,0.25,baranyi_theta_logistic_growth,densities=20k/30k;doses=0.67/1.0/1.47
6.0,2482.367592666667,2656.1594212631603,false,joint_ic_effect_hill_ramp_onset,shared,A2780Naive,30k,0.67,IC25,0.25,baranyi_theta_logistic_growth,densities=20k/30k;doses=0.67/1.0/1.47
7.0,2895.899845666667,2938.653708425943,false,joint_ic_effect_hill_ramp_onset,shared,A2780Naive,30k,0.67,IC25,0.25,baranyi_theta_logistic_growth,densities=20k/30k;doses=0.67/1.0/1.47
8.0,2949.133024666667,3105.9455856271,false,joint_ic_effect_hill_ramp_onset,shared,A2780Naive,30k,0.67,IC25,0.25,baranyi_theta_logistic_growth,densities=20k/30k;doses=0.67/1.0/1.47
9.0,3220.295872,3199.9367260679564,false,joint_ic_effect_hill_ramp_onset,shared,A2780Naive,30k,0.67,IC25,0.25,baranyi_theta_logistic_growth,densities=20k/30k;doses=0.67/1.0/1.47
10.0,2758.7708333333335,3250.9388296783286,false,joint_ic_effect_hill_ramp_onset,shared,A2780Naive,30k,0.67,IC25,0.25,baranyi_theta_logistic_growth,densities=20k/30k;doses=0.67/1.0/1.47
11.0,3434.9652003333335,3277.899978229136,false,joint_ic_effect_hill_ramp_onset,shared,A2780Naive,30k,0.67,IC25,0.25,baranyi_theta_logistic_growth,densities=20k/30k;doses=0.67/1.0/1.47
12.0,3115.501775,3291.8213031929663,false,joint_ic_effect_hill_ramp_onset,shared,A2780Naive,30k,0.67,IC25,0.25,baranyi_theta_logistic_growth,densities=20k/30k;doses=0.67/1.0/1.47
13.0,3633.6489583333337,3298.829306471124,false,joint_ic_effect_hill_ramp_onset,shared,A2780Naive,30k,0.67,IC25,0.25,baranyi_theta_logistic_growth,densities=20k/30k;doses=0.67/1.0/1.47
14.0,3423.783179,3302.2465920086347,false,joint_ic_effect_hill_ramp_onset,shared,A2780Naive,30k,0.67,IC25,0.25,baranyi_theta_logistic_growth,densities=20k/30k;doses=0.67/1.0/1.47
0.0,100.0,100.0,true,joint_ic_effect_hill_ramp_onset,shared,A2780Naive,30k,1.0,IC50,0.5,baranyi_theta_logistic_growth,densities=20k/30k;doses=0.67/1.0/1.47
1.0,277.1990353333333,184.66525304081003,false,joint_ic_effect_hill_ramp_onset,shared,A2780Naive,30k,1.0,IC50,0.5,baranyi_theta_logistic_growth,densities=20k/30k;doses=0.67/1.0/1.47
2.0,512.5472606666666,451.80884854196853,false,joint_ic_effect_hill_ramp_onset,shared,A2780Naive,30k,1.0,IC50,0.5,baranyi_theta_logistic_growth,densities=20k/30k;doses=0.67/1.0/1.47
3.0,810.4685956666666,946.002058679985,false,joint_ic_effect_hill_ramp_onset,shared,A2780Naive,30k,1.0,IC50,0.5,baranyi_theta_logistic_growth,densities=20k/30k;doses=0.67/1.0/1.47
4.0,1072.5972223333333,1371.8077401012845,false,joint_ic_effect_hill_ramp_onset,shared,A2780Naive,30k,1.0,IC50,0.5,baranyi_theta_logistic_growth,densities=20k/30k;doses=0.67/1.0/1.47
5.0,1220.3375386666667,1582.8348648847252,false,joint_ic_effect_hill_ramp_onset,shared,A2780Naive,30k,1.0,IC50,0.5,baranyi_theta_logistic_growth,densities=20k/30k;doses=0.67/1.0/1.47
6.0,1524.2378856666667,1632.7310678762958,false,joint_ic_effect_hill_ramp_onset,shared,A2780Naive,30k,1.0,IC50,0.5,baranyi_theta_logistic_growth,densities=20k/30k;doses=0.67/1.0/1.47
7.0,1784.3173613333336,1605.39419724446,false,joint_ic_effect_hill_ramp_onset,shared,A2780Naive,30k,1.0,IC50,0.5,baranyi_theta_logistic_growth,densities=20k/30k;doses=0.67/1.0/1.47
8.0,1754.768094,1553.3123209864527,false,joint_ic_effect_hill_ramp_onset,shared,A2780Naive,30k,1.0,IC50,0.5,baranyi_theta_logistic_growth,densities=20k/30k;doses=0.67/1.0/1.47
9.0,1630.9435183333335,1500.4850790390226,false,joint_ic_effect_hill_ramp_onset,shared,A2780Naive,30k,1.0,IC50,0.5,baranyi_theta_logistic_growth,densities=20k/30k;doses=0.67/1.0/1.47
10.0,1765.6959490000002,1455.4861500891031,false,joint_ic_effect_hill_ramp_onset,shared,A2780Naive,30k,1.0,IC50,0.5,baranyi_theta_logistic_growth,densities=20k/30k;doses=0.67/1.0/1.47
11.0,1797.057716,1420.0536849896425,false,joint_ic_effect_hill_ramp_onset,shared,A2780Naive,30k,1.0,IC50,0.5,baranyi_theta_logistic_growth,densities=20k/30k;doses=0.67/1.0/1.47
12.0,1664.883989,1393.3276488666045,false,joint_ic_effect_hill_ramp_onset,shared,A2780Naive,30k,1.0,IC50,0.5,baranyi_theta_logistic_growth,densities=20k/30k;doses=0.67/1.0/1.47
13.0,1869.5183256666667,1373.69818401226,false,joint_ic_effect_hill_ramp_onset,shared,A2780Naive,30k,1.0,IC50,0.5,baranyi_theta_logistic_growth,densities=20k/30k;doses=0.67/1.0/1.47
14.0,2521.7536263333336,1359.5399412224044,false,joint_ic_effect_hill_ramp_onset,shared,A2780Naive,30k,1.0,IC50,0.5,baranyi_theta_logistic_growth,densities=20k/30k;doses=0.67/1.0/1.47
0.0,100.0,100.0,true,joint_ic_effect_hill_ramp_onset,shared,A2780Naive,30k,1.47,IC75,0.75,baranyi_theta_logistic_growth,densities=20k/30k;doses=0.67/1.0/1.47
1.0,683.0949846666667,184.66525304081003,false,joint_ic_effect_hill_ramp_onset,shared,A2780Naive,30k,1.47,IC75,0.75,baranyi_theta_logistic_growth,densities=20k/30k;doses=0.67/1.0/1.47
2.0,962.59946,451.80884854196853,false,joint_ic_effect_hill_ramp_onset,shared,A2780Naive,30k,1.47,IC75,0.75,baranyi_theta_logistic_growth,densities=20k/30k;doses=0.67/1.0/1.47
3.0,1293.4153163333333,904.5416100712404,false,joint_ic_effect_hill_ramp_onset,shared,A2780Naive,30k,1.47,IC75,0.75,baranyi_theta_logistic_growth,densities=20k/30k;doses=0.67/1.0/1.47
4.0,1242.3761956666667,1049.157787650894,false,joint_ic_effect_hill_ramp_onset,shared,A2780Naive,30k,1.47,IC75,0.75,baranyi_theta_logistic_growth,densities=20k/30k;doses=0.67/1.0/1.47
5.0,1196.6721066666667,915.1341575313775,false,joint_ic_effect_hill_ramp_onset,shared,A2780Naive,30k,1.47,IC75,0.75,baranyi_theta_logistic_growth,densities=20k/30k;doses=0.67/1.0/1.47
6.0,1151.6981093333334,720.5861314614373,false,joint_ic_effect_hill_ramp_onset,shared,A2780Naive,30k,1.47,IC75,0.75,baranyi_theta_logistic_growth,densities=20k/30k;doses=0.67/1.0/1.47
7.0,908.6366510000001,557.1631035922103,false,joint_ic_effect_hill_ramp_onset,shared,A2780Naive,30k,1.47,IC75,0.75,baranyi_theta_logistic_growth,densities=20k/30k;doses=0.67/1.0/1.47
8.0,684.2957563333333,438.1243414949556,false,joint_ic_effect_hill_ramp_onset,shared,A2780Naive,30k,1.47,IC75,0.75,baranyi_theta_logistic_growth,densities=20k/30k;doses=0.67/1.0/1.47
9.0,451.471335,354.7471967519234,false,joint_ic_effect_hill_ramp_onset,shared,A2780Naive,30k,1.47,IC75,0.75,baranyi_theta_logistic_growth,densities=20k/30k;doses=0.67/1.0/1.47
10.0,351.6421293333333,296.44845242216127,false,joint_ic_effect_hill_ramp_onset,shared,A2780Naive,30k,1.47,IC75,0.75,baranyi_theta_logistic_growth,densities=20k/30k;doses=0.67/1.0/1.47
11.0,239.04888100000002,255.17295978463815,false,joint_ic_effect_hill_ramp_onset,shared,A2780Naive,30k,1.47,IC75,0.75,baranyi_theta_logistic_growth,densities=20k/30k;doses=0.67/1.0/1.47
12.0,153.48256166666667,225.4449486325021,false,joint_ic_effect_hill_ramp_onset,shared,A2780Naive,30k,1.47,IC75,0.75,baranyi_theta_logistic_growth,densities=20k/30k;doses=0.67/1.0/1.47
13.0,115.12735333333332,203.65210635909412,false,joint_ic_effect_hill_ramp_onset,shared,A2780Naive,30k,1.47,IC75,0.75,baranyi_theta_logistic_growth,densities=20k/30k;doses=0.67/1.0/1.47
14.0,60.396604999999994,187.41089817540285,false,joint_ic_effect_hill_ramp_onset,shared,A2780Naive,30k,1.47,IC75,0.75,baranyi_theta_logistic_growth,densities=20k/30k;doses=0.67/1.0/1.47
0.0,67.0,67.0,true,joint_ic_effect_logistic_hill,shared,A2780Naive,20k,0.67,IC25,0.25,baranyi_theta_logistic_growth,densities=20k/30k;doses=0.67/1.0/1.47
1.0,305.18962200000004,127.30600346718403,false,joint_ic_effect_logistic_hill,shared,A2780Naive,20k,0.67,IC25,0.25,baranyi_theta_logistic_growth,densities=20k/30k;doses=0.67/1.0/1.47
2.0,465.63738433333333,341.73155794576786,false,joint_ic_effect_logistic_hill,shared,A2780Naive,20k,0.67,IC25,0.25,baranyi_theta_logistic_growth,densities=20k/30k;doses=0.67/1.0/1.47
3.0,790.214892,794.4971687378309,false,joint_ic_effect_logistic_hill,shared,A2780Naive,20k,0.67,IC25,0.25,baranyi_theta_logistic_growth,densities=20k/30k;doses=0.67/1.0/1.47
4.0,880.948534,1432.912091273819,false,joint_ic_effect_logistic_hill,shared,A2780Naive,20k,0.67,IC25,0.25,baranyi_theta_logistic_growth,densities=20k/30k;doses=0.67/1.0/1.47
5.0,1277.0010803333332,2086.05866556745,false,joint_ic_effect_logistic_hill,shared,A2780Naive,20k,0.67,IC25,0.25,baranyi_theta_logistic_growth,densities=20k/30k;doses=0.67/1.0/1.47
6.0,1612.01223,2613.4564958465417,false,joint_ic_effect_logistic_hill,shared,A2780Naive,20k,0.67,IC25,0.25,baranyi_theta_logistic_growth,densities=20k/30k;doses=0.67/1.0/1.47
7.0,2016.4244216666668,2976.8140177599767,false,joint_ic_effect_logistic_hill,shared,A2780Naive,20k,0.67,IC25,0.25,baranyi_theta_logistic_growth,densities=20k/30k;doses=0.67/1.0/1.47
8.0,2081.411111,3203.651861515242,false,joint_ic_effect_logistic_hill,shared,A2780Naive,20k,0.67,IC25,0.25,baranyi_theta_logistic_growth,densities=20k/30k;doses=0.67/1.0/1.47
9.0,2395.0547066666663,3337.266697968328,false,joint_ic_effect_logistic_hill,shared,A2780Naive,20k,0.67,IC25,0.25,baranyi_theta_logistic_growth,densities=20k/30k;doses=0.67/1.0/1.47
10.0,2537.1984183333334,3413.401906845139,false,joint_ic_effect_logistic_hill,shared,A2780Naive,20k,0.67,IC25,0.25,baranyi_theta_logistic_growth,densities=20k/30k;doses=0.67/1.0/1.47
11.0,3073.8874999999994,3455.985854690898,false,joint_ic_effect_logistic_hill,shared,A2780Naive,20k,0.67,IC25,0.25,baranyi_theta_logistic_growth,densities=20k/30k;doses=0.67/1.0/1.47
12.0,3042.368325666667,3479.5599291958792,false,joint_ic_effect_logistic_hill,shared,A2780Naive,20k,0.67,IC25,0.25,baranyi_theta_logistic_growth,densities=20k/30k;doses=0.67/1.0/1.47
13.0,3537.7463733333334,3492.536524241878,false,joint_ic_effect_logistic_hill,shared,A2780Naive,20k,0.67,IC25,0.25,baranyi_theta_logistic_growth,densities=20k/30k;doses=0.67/1.0/1.47
14.0,3458.3808643333336,3499.6574104424744,false,joint_ic_effect_logistic_hill,shared,A2780Naive,20k,0.67,IC25,0.25,baranyi_theta_logistic_growth,densities=20k/30k;doses=0.67/1.0/1.47
0.0,67.0,67.0,true,joint_ic_effect_logistic_hill,shared,A2780Naive,20k,1.0,IC50,0.5,baranyi_theta_logistic_growth,densities=20k/30k;doses=0.67/1.0/1.47
1.0,164.83707566666666,91.97039417799425,false,joint_ic_effect_logistic_hill,shared,A2780Naive,20k,1.0,IC50,0.5,baranyi_theta_logistic_growth,densities=20k/30k;doses=0.67/1.0/1.47
2.0,310.328588,192.92064490473612,false,joint_ic_effect_logistic_hill,shared,A2780Naive,20k,1.0,IC50,0.5,baranyi_theta_logistic_growth,densities=20k/30k;doses=0.67/1.0/1.47
3.0,498.45925933333325,387.34568638835157,false,joint_ic_effect_logistic_hill,shared,A2780Naive,20k,1.0,IC50,0.5,baranyi_theta_logistic_growth,densities=20k/30k;doses=0.67/1.0/1.47
4.0,690.7097223333334,657.3212312760382,false,joint_ic_effect_logistic_hill,shared,A2780Naive,20k,1.0,IC50,0.5,baranyi_theta_logistic_growth,densities=20k/30k;doses=0.67/1.0/1.47
5.0,804.9089893333334,952.7609426742763,false,joint_ic_effect_logistic_hill,shared,A2780Naive,20k,1.0,IC50,0.5,baranyi_theta_logistic_growth,densities=20k/30k;doses=0.67/1.0/1.47
6.0,1188.2886573333333,1221.507586426426,false,joint_ic_effect_logistic_hill,shared,A2780Naive,20k,1.0,IC50,0.5,baranyi_theta_logistic_growth,densities=20k/30k;doses=0.67/1.0/1.47
7.0,1563.5381556666664,1434.762445749996,false,joint_ic_effect_logistic_hill,shared,A2780Naive,20k,1.0,IC50,0.5,baranyi_theta_logistic_growth,densities=20k/30k;doses=0.67/1.0/1.47
8.0,1634.130247,1588.6165194090986,false,joint_ic_effect_logistic_hill,shared,A2780Naive,20k,1.0,IC50,0.5,baranyi_theta_logistic_growth,densities=20k/30k;doses=0.67/1.0/1.47
9.0,1556.192554,1692.800985583874,false,joint_ic_effect_logistic_hill,shared,A2780Naive,20k,1.0,IC50,0.5,baranyi_theta_logistic_growth,densities=20k/30k;doses=0.67/1.0/1.47
10.0,1522.992284,1760.5293577627708,false,joint_ic_effect_logistic_hill,shared,A2780Naive,20k,1.0,IC50,0.5,baranyi_theta_logistic_growth,densities=20k/30k;doses=0.67/1.0/1.47
11.0,1608.247685333333,1803.4397341542697,false,joint_ic_effect_logistic_hill,shared,A2780Naive,20k,1.0,IC50,0.5,baranyi_theta_logistic_growth,densities=20k/30k;doses=0.67/1.0/1.47
12.0,1500.9281636666667,1830.1947178766338,false,joint_ic_effect_logistic_hill,shared,A2780Naive,20k,1.0,IC50,0.5,baranyi_theta_logistic_growth,densities=20k/30k;doses=0.67/1.0/1.47
13.0,2011.2254243333334,1846.7129449243125,false,joint_ic_effect_logistic_hill,shared,A2780Naive,20k,1.0,IC50,0.5,baranyi_theta_logistic_growth,densities=20k/30k;doses=0.67/1.0/1.47
14.0,2445.406712666667,1856.8496182454458,false,joint_ic_effect_logistic_hill,shared,A2780Naive,20k,1.0,IC50,0.5,baranyi_theta_logistic_growth,densities=20k/30k;doses=0.67/1.0/1.47
0.0,67.0,67.0,true,joint_ic_effect_logistic_hill,shared,A2780Naive,20k,1.47,IC75,0.75,baranyi_theta_logistic_growth,densities=20k/30k;doses=0.67/1.0/1.47
1.0,470.381366,58.337922982567456,false,joint_ic_effect_logistic_hill,shared,A2780Naive,20k,1.47,IC75,0.75,baranyi_theta_logistic_growth,densities=20k/30k;doses=0.67/1.0/1.47
2.0,658.348264,85.04973096552328,false,joint_ic_effect_logistic_hill,shared,A2780Naive,20k,1.47,IC75,0.75,baranyi_theta_logistic_growth,densities=20k/30k;doses=0.67/1.0/1.47
3.0,910.885918,132.4435790141547,false,joint_ic_effect_logistic_hill,shared,A2780Naive,20k,1.47,IC75,0.75,baranyi_theta_logistic_growth,densities=20k/30k;doses=0.67/1.0/1.47
4.0,928.761304,192.49539751786503,false,joint_ic_effect_logistic_hill,shared,A2780Naive,20k,1.47,IC75,0.75,baranyi_theta_logistic_growth,densities=20k/30k;doses=0.67/1.0/1.47
5.0,914.7665896666667,258.4146118559181,false,joint_ic_effect_logistic_hill,shared,A2780Naive,20k,1.47,IC75,0.75,baranyi_theta_logistic_growth,densities=20k/30k;doses=0.67/1.0/1.47
6.0,867.7298226666667,323.66270660328064,false,joint_ic_effect_logistic_hill,shared,A2780Naive,20k,1.47,IC75,0.75,baranyi_theta_logistic_growth,densities=20k/30k;doses=0.67/1.0/1.47
7.0,681.9129633333333,383.11355695155896,false,joint_ic_effect_logistic_hill,shared,A2780Naive,20k,1.47,IC75,0.75,baranyi_theta_logistic_growth,densities=20k/30k;doses=0.67/1.0/1.47
8.0,481.738503,433.8363648278978,false,joint_ic_effect_logistic_hill,shared,A2780Naive,20k,1.47,IC75,0.75,baranyi_theta_logistic_growth,densities=20k/30k;doses=0.67/1.0/1.47
9.0,333.6756173333333,474.96689520567315,false,joint_ic_effect_logistic_hill,shared,A2780Naive,20k,1.47,IC75,0.75,baranyi_theta_logistic_growth,densities=20k/30k;doses=0.67/1.0/1.47
10.0,232.34174399999998,507.06184353138656,false,joint_ic_effect_logistic_hill,shared,A2780Naive,20k,1.47,IC75,0.75,baranyi_theta_logistic_growth,densities=20k/30k;doses=0.67/1.0/1.47
11.0,155.3204476666667,531.4024171108045,false,joint_ic_effect_logistic_hill,shared,A2780Naive,20k,1.47,IC75,0.75,baranyi_theta_logistic_growth,densities=20k/30k;doses=0.67/1.0/1.47
12.0,103.907562,549.4813304622348,false,joint_ic_effect_logistic_hill,shared,A2780Naive,20k,1.47,IC75,0.75,baranyi_theta_logistic_growth,densities=20k/30k;doses=0.67/1.0/1.47
13.0,71.52523133333334,562.7083516347873,false,joint_ic_effect_logistic_hill,shared,A2780Naive,20k,1.47,IC75,0.75,baranyi_theta_logistic_growth,densities=20k/30k;doses=0.67/1.0/1.47
14.0,36.60995366666666,572.2813006479264,false,joint_ic_effect_logistic_hill,shared,A2780Naive,20k,1.47,IC75,0.75,baranyi_theta_logistic_growth,densities=20k/30k;doses=0.67/1.0/1.47
0.0,100.0,100.0,true,joint_ic_effect_logistic_hill,shared,A2780Naive,30k,0.67,IC25,0.25,baranyi_theta_logistic_growth,densities=20k/30k;doses=0.67/1.0/1.47
1.0,507.5015816666667,168.5671094481333,false,joint_ic_effect_logistic_hill,shared,A2780Naive,30k,0.67,IC25,0.25,baranyi_theta_logistic_growth,densities=20k/30k;doses=0.67/1.0/1.47
2.0,801.887693,385.2279235177374,false,joint_ic_effect_logistic_hill,shared,A2780Naive,30k,0.67,IC25,0.25,baranyi_theta_logistic_growth,densities=20k/30k;doses=0.67/1.0/1.47
3.0,1336.278318,804.2773150983829,false,joint_ic_effect_logistic_hill,shared,A2780Naive,30k,0.67,IC25,0.25,baranyi_theta_logistic_growth,densities=20k/30k;doses=0.67/1.0/1.47
4.0,1623.1049383333336,1371.4514453017732,false,joint_ic_effect_logistic_hill,shared,A2780Naive,30k,0.67,IC25,0.25,baranyi_theta_logistic_growth,densities=20k/30k;doses=0.67/1.0/1.47
5.0,2076.8491126666668,1954.869501390073,false,joint_ic_effect_logistic_hill,shared,A2780Naive,30k,0.67,IC25,0.25,baranyi_theta_logistic_growth,densities=20k/30k;doses=0.67/1.0/1.47
6.0,2482.367592666667,2444.0632553065993,false,joint_ic_effect_logistic_hill,shared,A2780Naive,30k,0.67,IC25,0.25,baranyi_theta_logistic_growth,densities=20k/30k;doses=0.67/1.0/1.47
7.0,2895.899845666667,2799.9658623427563,false,joint_ic_effect_logistic_hill,shared,A2780Naive,30k,0.67,IC25,0.25,baranyi_theta_logistic_growth,densities=20k/30k;doses=0.67/1.0/1.47
8.0,2949.133024666667,3036.0167235214158,false,joint_ic_effect_logistic_hill,shared,A2780Naive,30k,0.67,IC25,0.25,baranyi_theta_logistic_growth,densities=20k/30k;doses=0.67/1.0/1.47
9.0,3220.295872,3183.821104779929,false,joint_ic_effect_logistic_hill,shared,A2780Naive,30k,0.67,IC25,0.25,baranyi_theta_logistic_growth,densities=20k/30k;doses=0.67/1.0/1.47
10.0,2758.7708333333335,3273.2114054231083,false,joint_ic_effect_logistic_hill,shared,A2780Naive,30k,0.67,IC25,0.25,baranyi_theta_logistic_growth,densities=20k/30k;doses=0.67/1.0/1.47
11.0,3434.9652003333335,3326.173783539939,false,joint_ic_effect_logistic_hill,shared,A2780Naive,30k,0.67,IC25,0.25,baranyi_theta_logistic_growth,densities=20k/30k;doses=0.67/1.0/1.47
12.0,3115.501775,3357.178025472881,false,joint_ic_effect_logistic_hill,shared,A2780Naive,30k,0.67,IC25,0.25,baranyi_theta_logistic_growth,densities=20k/30k;doses=0.67/1.0/1.47
13.0,3633.6489583333337,3375.20151135577,false,joint_ic_effect_logistic_hill,shared,A2780Naive,30k,0.67,IC25,0.25,baranyi_theta_logistic_growth,densities=20k/30k;doses=0.67/1.0/1.47
14.0,3423.783179,3385.6366478934,false,joint_ic_effect_logistic_hill,shared,A2780Naive,30k,0.67,IC25,0.25,baranyi_theta_logistic_growth,densities=20k/30k;doses=0.67/1.0/1.47
0.0,100.0,100.0,true,joint_ic_effect_logistic_hill,shared,A2780Naive,30k,1.0,IC50,0.5,baranyi_theta_logistic_growth,densities=20k/30k;doses=0.67/1.0/1.47
1.0,277.1990353333333,121.72503894770082,false,joint_ic_effect_logistic_hill,shared,A2780Naive,30k,1.0,IC50,0.5,baranyi_theta_logistic_growth,densities=20k/30k;doses=0.67/1.0/1.47
2.0,512.5472606666666,216.41966528785144,false,joint_ic_effect_logistic_hill,shared,A2780Naive,30k,1.0,IC50,0.5,baranyi_theta_logistic_growth,densities=20k/30k;doses=0.67/1.0/1.47
3.0,810.4685956666666,385.95941513312073,false,joint_ic_effect_logistic_hill,shared,A2780Naive,30k,1.0,IC50,0.5,baranyi_theta_logistic_growth,densities=20k/30k;doses=0.67/1.0/1.47
4.0,1072.5972223333333,609.0438247994363,false,joint_ic_effect_logistic_hill,shared,A2780Naive,30k,1.0,IC50,0.5,baranyi_theta_logistic_growth,densities=20k/30k;doses=0.67/1.0/1.47
5.0,1220.3375386666667,849.4102296362239,false,joint_ic_effect_logistic_hill,shared,A2780Naive,30k,1.0,IC50,0.5,baranyi_theta_logistic_growth,densities=20k/30k;doses=0.67/1.0/1.47
6.0,1524.2378856666667,1072.0059314166622,false,joint_ic_effect_logistic_hill,shared,A2780Naive,30k,1.0,IC50,0.5,baranyi_theta_logistic_growth,densities=20k/30k;doses=0.67/1.0/1.47
7.0,1784.3173613333336,1255.9028337037248,false,joint_ic_effect_logistic_hill,shared,A2780Naive,30k,1.0,IC50,0.5,baranyi_theta_logistic_growth,densities=20k/30k;doses=0.67/1.0/1.47
8.0,1754.768094,1395.7551927588377,false,joint_ic_effect_logistic_hill,shared,A2780Naive,30k,1.0,IC50,0.5,baranyi_theta_logistic_growth,densities=20k/30k;doses=0.67/1.0/1.47
9.0,1630.9435183333335,1496.1312351504248,false,joint_ic_effect_logistic_hill,shared,A2780Naive,30k,1.0,IC50,0.5,baranyi_theta_logistic_growth,densities=20k/30k;doses=0.67/1.0/1.47
10.0,1765.6959490000002,1565.3960228859557,false,joint_ic_effect_logistic_hill,shared,A2780Naive,30k,1.0,IC50,0.5,baranyi_theta_logistic_growth,densities=20k/30k;doses=0.67/1.0/1.47
11.0,1797.057716,1611.9569091500089,false,joint_ic_effect_logistic_hill,shared,A2780Naive,30k,1.0,IC50,0.5,baranyi_theta_logistic_growth,densities=20k/30k;doses=0.67/1.0/1.47
12.0,1664.883989,1642.7219461925465,false,joint_ic_effect_logistic_hill,shared,A2780Naive,30k,1.0,IC50,0.5,baranyi_theta_logistic_growth,densities=20k/30k;doses=0.67/1.0/1.47
13.0,1869.5183256666667,1662.8234468045223,false,joint_ic_effect_logistic_hill,shared,A2780Naive,30k,1.0,IC50,0.5,baranyi_theta_logistic_growth,densities=20k/30k;doses=0.67/1.0/1.47
14.0,2521.7536263333336,1675.8626303449719,false,joint_ic_effect_logistic_hill,shared,A2780Naive,30k,1.0,IC50,0.5,baranyi_theta_logistic_growth,densities=20k/30k;doses=0.67/1.0/1.47
0.0,100.0,100.0,true,joint_ic_effect_logistic_hill,shared,A2780Naive,30k,1.47,IC75,0.75,baranyi_theta_logistic_growth,densities=20k/30k;doses=0.67/1.0/1.47
1.0,683.0949846666667,77.16839424036581,false,joint_ic_effect_logistic_hill,shared,A2780Naive,30k,1.47,IC75,0.75,baranyi_theta_logistic_growth,densities=20k/30k;doses=0.67/1.0/1.47
2.0,962.59946,94.84086662765799,false,joint_ic_effect_logistic_hill,shared,A2780Naive,30k,1.47,IC75,0.75,baranyi_theta_logistic_growth,densities=20k/30k;doses=0.67/1.0/1.47
3.0,1293.4153163333333,129.3923753509237,false,joint_ic_effect_logistic_hill,shared,A2780Naive,30k,1.47,IC75,0.75,baranyi_theta_logistic_growth,densities=20k/30k;doses=0.67/1.0/1.47
4.0,1242.3761956666667,170.87103759502003,false,joint_ic_effect_logistic_hill,shared,A2780Naive,30k,1.47,IC75,0.75,baranyi_theta_logistic_growth,densities=20k/30k;doses=0.67/1.0/1.47
5.0,1196.6721066666667,214.37817626254605,false,joint_ic_effect_logistic_hill,shared,A2780Naive,30k,1.47,IC75,0.75,baranyi_theta_logistic_growth,densities=20k/30k;doses=0.67/1.0/1.47
6.0,1151.6981093333334,256.6037466442537,false,joint_ic_effect_logistic_hill,shared,A2780Naive,30k,1.47,IC75,0.75,baranyi_theta_logistic_growth,densities=20k/30k;doses=0.67/1.0/1.47
7.0,908.6366510000001,295.24645344353945,false,joint_ic_effect_logistic_hill,shared,A2780Naive,30k,1.47,IC75,0.75,baranyi_theta_logistic_growth,densities=20k/30k;doses=0.67/1.0/1.47
8.0,684.2957563333333,328.98403444785424,false,joint_ic_effect_logistic_hill,shared,A2780Naive,30k,1.47,IC75,0.75,baranyi_theta_logistic_growth,densities=20k/30k;doses=0.67/1.0/1.47
9.0,451.471335,357.35195073148174,false,joint_ic_effect_logistic_hill,shared,A2780Naive,30k,1.47,IC75,0.75,baranyi_theta_logistic_growth,densities=20k/30k;doses=0.67/1.0/1.47
10.0,351.6421293333333,380.50826733627935,false,joint_ic_effect_logistic_hill,shared,A2780Naive,30k,1.47,IC75,0.75,baranyi_theta_logistic_growth,densities=20k/30k;doses=0.67/1.0/1.47
11.0,239.04888100000002,398.97976796289953,false,joint_ic_effect_logistic_hill,shared,A2780Naive,30k,1.47,IC75,0.75,baranyi_theta_logistic_growth,densities=20k/30k;doses=0.67/1.0/1.47
12.0,153.48256166666667,413.45536117794956,false,joint_ic_effect_logistic_hill,shared,A2780Naive,30k,1.47,IC75,0.75,baranyi_theta_logistic_growth,densities=20k/30k;doses=0.67/1.0/1.47
13.0,115.12735333333332,424.6471722270933,false,joint_ic_effect_logistic_hill,shared,A2780Naive,30k,1.47,IC75,0.75,baranyi_theta_logistic_growth,densities=20k/30k;doses=0.67/1.0/1.47
14.0,60.396604999999994,433.21198628392153,false,joint_ic_effect_logistic_hill,shared,A2780Naive,30k,1.47,IC75,0.75,baranyi_theta_logistic_growth,densities=20k/30k;doses=0.67/1.0/1.47
0.0,67.0,67.0,true,joint_ic_effect_transit_death,shared,A2780Naive,20k,0.67,IC25,0.25,baranyi_theta_logistic_growth,densities=20k/30k;doses=0.67/1.0/1.47
1.0,305.18962200000004,139.44549702083023,false,joint_ic_effect_transit_death,shared,A2780Naive,20k,0.67,IC25,0.25,baranyi_theta_logistic_growth,densities=20k/30k;doses=0.67/1.0/1.47
2.0,465.63738433333333,400.2108876085715,false,joint_ic_effect_transit_death,shared,A2780Naive,20k,0.67,IC25,0.25,baranyi_theta_logistic_growth,densities=20k/30k;doses=0.67/1.0/1.47
3.0,790.214892,964.0525989427457,false,joint_ic_effect_transit_death,shared,A2780Naive,20k,0.67,IC25,0.25,baranyi_theta_logistic_growth,densities=20k/30k;doses=0.67/1.0/1.47
4.0,880.948534,1686.7615471848544,false,joint_ic_effect_transit_death,shared,A2780Naive,20k,0.67,IC25,0.25,baranyi_theta_logistic_growth,densities=20k/30k;doses=0.67/1.0/1.47
5.0,1277.0010803333332,2366.729409305744,false,joint_ic_effect_transit_death,shared,A2780Naive,20k,0.67,IC25,0.25,baranyi_theta_logistic_growth,densities=20k/30k;doses=0.67/1.0/1.47
6.0,1612.01223,2899.7297775241823,false,joint_ic_effect_transit_death,shared,A2780Naive,20k,0.67,IC25,0.25,baranyi_theta_logistic_growth,densities=20k/30k;doses=0.67/1.0/1.47
7.0,2016.4244216666668,3269.105917941934,false,joint_ic_effect_transit_death,shared,A2780Naive,20k,0.67,IC25,0.25,baranyi_theta_logistic_growth,densities=20k/30k;doses=0.67/1.0/1.47
8.0,2081.411111,3507.5961402162,false,joint_ic_effect_transit_death,shared,A2780Naive,20k,0.67,IC25,0.25,baranyi_theta_logistic_growth,densities=20k/30k;doses=0.67/1.0/1.47
9.0,2395.0547066666663,3656.0249333650086,false,joint_ic_effect_transit_death,shared,A2780Naive,20k,0.67,IC25,0.25,baranyi_theta_logistic_growth,densities=20k/30k;doses=0.67/1.0/1.47
10.0,2537.1984183333334,3746.8903301898767,false,joint_ic_effect_transit_death,shared,A2780Naive,20k,0.67,IC25,0.25,baranyi_theta_logistic_growth,densities=20k/30k;doses=0.67/1.0/1.47
11.0,3073.8874999999994,3802.22985862853,false,joint_ic_effect_transit_death,shared,A2780Naive,20k,0.67,IC25,0.25,baranyi_theta_logistic_growth,densities=20k/30k;doses=0.67/1.0/1.47
12.0,3042.368325666667,3835.9631774520662,false,joint_ic_effect_transit_death,shared,A2780Naive,20k,0.67,IC25,0.25,baranyi_theta_logistic_growth,densities=20k/30k;doses=0.67/1.0/1.47
13.0,3537.7463733333334,3856.607352685237,false,joint_ic_effect_transit_death,shared,A2780Naive,20k,0.67,IC25,0.25,baranyi_theta_logistic_growth,densities=20k/30k;doses=0.67/1.0/1.47
14.0,3458.3808643333336,3869.3089498532954,false,joint_ic_effect_transit_death,shared,A2780Naive,20k,0.67,IC25,0.25,baranyi_theta_logistic_growth,densities=20k/30k;doses=0.67/1.0/1.47
0.0,67.0,67.0,true,joint_ic_effect_transit_death,shared,A2780Naive,20k,1.0,IC50,0.5,baranyi_theta_logistic_growth,densities=20k/30k;doses=0.67/1.0/1.47
1.0,164.83707566666666,139.44549702083023,false,joint_ic_effect_transit_death,shared,A2780Naive,20k,1.0,IC50,0.5,baranyi_theta_logistic_growth,densities=20k/30k;doses=0.67/1.0/1.47
2.0,310.328588,400.2108876085715,false,joint_ic_effect_transit_death,shared,A2780Naive,20k,1.0,IC50,0.5,baranyi_theta_logistic_growth,densities=20k/30k;doses=0.67/1.0/1.47
3.0,498.45925933333325,963.9859626344677,false,joint_ic_effect_transit_death,shared,A2780Naive,20k,1.0,IC50,0.5,baranyi_theta_logistic_growth,densities=20k/30k;doses=0.67/1.0/1.47
4.0,690.7097223333334,1272.0359210479162,false,joint_ic_effect_transit_death,shared,A2780Naive,20k,1.0,IC50,0.5,baranyi_theta_logistic_growth,densities=20k/30k;doses=0.67/1.0/1.47
5.0,804.9089893333334,1386.0804383950515,false,joint_ic_effect_transit_death,shared,A2780Naive,20k,1.0,IC50,0.5,baranyi_theta_logistic_growth,densities=20k/30k;doses=0.67/1.0/1.47
6.0,1188.2886573333333,1435.1163074637902,false,joint_ic_effect_transit_death,shared,A2780Naive,20k,1.0,IC50,0.5,baranyi_theta_logistic_growth,densities=20k/30k;doses=0.67/1.0/1.47
7.0,1563.5381556666664,1449.6441176769963,false,joint_ic_effect_transit_death,shared,A2780Naive,20k,1.0,IC50,0.5,baranyi_theta_logistic_growth,densities=20k/30k;doses=0.67/1.0/1.47
8.0,1634.130247,1447.0672307499947,false,joint_ic_effect_transit_death,shared,A2780Naive,20k,1.0,IC50,0.5,baranyi_theta_logistic_growth,densities=20k/30k;doses=0.67/1.0/1.47
9.0,1556.192554,1437.0707323442646,false,joint_ic_effect_transit_death,shared,A2780Naive,20k,1.0,IC50,0.5,baranyi_theta_logistic_growth,densities=20k/30k;doses=0.67/1.0/1.47
10.0,1522.992284,1424.8057106644926,false,joint_ic_effect_transit_death,shared,A2780Naive,20k,1.0,IC50,0.5,baranyi_theta_logistic_growth,densities=20k/30k;doses=0.67/1.0/1.47
11.0,1608.247685333333,1412.830824877703,false,joint_ic_effect_transit_death,shared,A2780Naive,20k,1.0,IC50,0.5,baranyi_theta_logistic_growth,densities=20k/30k;doses=0.67/1.0/1.47
12.0,1500.9281636666667,1402.265942134821,false,joint_ic_effect_transit_death,shared,A2780Naive,20k,1.0,IC50,0.5,baranyi_theta_logistic_growth,densities=20k/30k;doses=0.67/1.0/1.47
13.0,2011.2254243333334,1393.4645173731851,false,joint_ic_effect_transit_death,shared,A2780Naive,20k,1.0,IC50,0.5,baranyi_theta_logistic_growth,densities=20k/30k;doses=0.67/1.0/1.47
14.0,2445.406712666667,1386.3975231298778,false,joint_ic_effect_transit_death,shared,A2780Naive,20k,1.0,IC50,0.5,baranyi_theta_logistic_growth,densities=20k/30k;doses=0.67/1.0/1.47
0.0,67.0,67.0,true,joint_ic_effect_transit_death,shared,A2780Naive,20k,1.47,IC75,0.75,baranyi_theta_logistic_growth,densities=20k/30k;doses=0.67/1.0/1.47
1.0,470.381366,139.44549702083023,false,joint_ic_effect_transit_death,shared,A2780Naive,20k,1.47,IC75,0.75,baranyi_theta_logistic_growth,densities=20k/30k;doses=0.67/1.0/1.47
2.0,658.348264,400.2108876085715,false,joint_ic_effect_transit_death,shared,A2780Naive,20k,1.47,IC75,0.75,baranyi_theta_logistic_growth,densities=20k/30k;doses=0.67/1.0/1.47
3.0,910.885918,963.9353618081119,false,joint_ic_effect_transit_death,shared,A2780Naive,20k,1.47,IC75,0.75,baranyi_theta_logistic_growth,densities=20k/30k;doses=0.67/1.0/1.47
4.0,928.761304,1053.6015661635565,false,joint_ic_effect_transit_death,shared,A2780Naive,20k,1.47,IC75,0.75,baranyi_theta_logistic_growth,densities=20k/30k;doses=0.67/1.0/1.47
5.0,914.7665896666667,959.7527260150025,false,joint_ic_effect_transit_death,shared,A2780Naive,20k,1.47,IC75,0.75,baranyi_theta_logistic_growth,densities=20k/30k;doses=0.67/1.0/1.47
6.0,867.7298226666667,840.5573105154488,false,joint_ic_effect_transit_death,shared,A2780Naive,20k,1.47,IC75,0.75,baranyi_theta_logistic_growth,densities=20k/30k;doses=0.67/1.0/1.47
7.0,681.9129633333333,722.6352004496421,false,joint_ic_effect_transit_death,shared,A2780Naive,20k,1.47,IC75,0.75,baranyi_theta_logistic_growth,densities=20k/30k;doses=0.67/1.0/1.47
8.0,481.738503,618.3037943062138,false,joint_ic_effect_transit_death,shared,A2780Naive,20k,1.47,IC75,0.75,baranyi_theta_logistic_growth,densities=20k/30k;doses=0.67/1.0/1.47
9.0,333.6756173333333,531.1223224064184,false,joint_ic_effect_transit_death,shared,A2780Naive,20k,1.47,IC75,0.75,baranyi_theta_logistic_growth,densities=20k/30k;doses=0.67/1.0/1.47
10.0,232.34174399999998,460.5337323036541,false,joint_ic_effect_transit_death,shared,A2780Naive,20k,1.47,IC75,0.75,baranyi_theta_logistic_growth,densities=20k/30k;doses=0.67/1.0/1.47
11.0,155.3204476666667,404.3934619464661,false,joint_ic_effect_transit_death,shared,A2780Naive,20k,1.47,IC75,0.75,baranyi_theta_logistic_growth,densities=20k/30k;doses=0.67/1.0/1.47
12.0,103.907562,360.1823893357534,false,joint_ic_effect_transit_death,shared,A2780Naive,20k,1.47,IC75,0.75,baranyi_theta_logistic_growth,densities=20k/30k;doses=0.67/1.0/1.47
13.0,71.52523133333334,325.53221897580863,false,joint_ic_effect_transit_death,shared,A2780Naive,20k,1.47,IC75,0.75,baranyi_theta_logistic_growth,densities=20k/30k;doses=0.67/1.0/1.47
14.0,36.60995366666666,298.4143958917005,false,joint_ic_effect_transit_death,shared,A2780Naive,20k,1.47,IC75,0.75,baranyi_theta_logistic_growth,densities=20k/30k;doses=0.67/1.0/1.47
0.0,100.0,100.0,true,joint_ic_effect_transit_death,shared,A2780Naive,30k,0.67,IC25,0.25,baranyi_theta_logistic_growth,densities=20k/30k;doses=0.67/1.0/1.47
1.0,507.5015816666667,184.66525573323528,false,joint_ic_effect_transit_death,shared,A2780Naive,30k,0.67,IC25,0.25,baranyi_theta_logistic_growth,densities=20k/30k;doses=0.67/1.0/1.47
2.0,801.887693,451.80884782136195,false,joint_ic_effect_transit_death,shared,A2780Naive,30k,0.67,IC25,0.25,baranyi_theta_logistic_growth,densities=20k/30k;doses=0.67/1.0/1.47
3.0,1336.278318,980.474196178105,false,joint_ic_effect_transit_death,shared,A2780Naive,30k,0.67,IC25,0.25,baranyi_theta_logistic_growth,densities=20k/30k;doses=0.67/1.0/1.47
4.0,1623.1049383333336,1628.2117219630663,false,joint_ic_effect_transit_death,shared,A2780Naive,30k,0.67,IC25,0.25,baranyi_theta_logistic_growth,densities=20k/30k;doses=0.67/1.0/1.47
5.0,2076.8491126666668,2239.2304510976446,false,joint_ic_effect_transit_death,shared,A2780Naive,30k,0.67,IC25,0.25,baranyi_theta_logistic_growth,densities=20k/30k;doses=0.67/1.0/1.47
6.0,2482.367592666667,2733.961623564316,false,joint_ic_effect_transit_death,shared,A2780Naive,30k,0.67,IC25,0.25,baranyi_theta_logistic_growth,densities=20k/30k;doses=0.67/1.0/1.47
7.0,2895.899845666667,3092.669134293358,false,joint_ic_effect_transit_death,shared,A2780Naive,30k,0.67,IC25,0.25,baranyi_theta_logistic_growth,densities=20k/30k;doses=0.67/1.0/1.47
8.0,2949.133024666667,3335.6221153734573,false,joint_ic_effect_transit_death,shared,A2780Naive,30k,0.67,IC25,0.25,baranyi_theta_logistic_growth,densities=20k/30k;doses=0.67/1.0/1.47
9.0,3220.295872,3493.8333683762703,false,joint_ic_effect_transit_death,shared,A2780Naive,30k,0.67,IC25,0.25,baranyi_theta_logistic_growth,densities=20k/30k;doses=0.67/1.0/1.47
10.0,2758.7708333333335,3594.7014451232194,false,joint_ic_effect_transit_death,shared,A2780Naive,30k,0.67,IC25,0.25,baranyi_theta_logistic_growth,densities=20k/30k;doses=0.67/1.0/1.47
11.0,3434.9652003333335,3658.3452769790924,false,joint_ic_effect_transit_death,shared,A2780Naive,30k,0.67,IC25,0.25,baranyi_theta_logistic_growth,densities=20k/30k;doses=0.67/1.0/1.47
12.0,3115.501775,3698.333248026013,false,joint_ic_effect_transit_death,shared,A2780Naive,30k,0.67,IC25,0.25,baranyi_theta_logistic_growth,densities=20k/30k;doses=0.67/1.0/1.47
13.0,3633.6489583333337,3723.4383402637454,false,joint_ic_effect_transit_death,shared,A2780Naive,30k,0.67,IC25,0.25,baranyi_theta_logistic_growth,densities=20k/30k;doses=0.67/1.0/1.47
14.0,3423.783179,3739.2163098175056,false,joint_ic_effect_transit_death,shared,A2780Naive,30k,0.67,IC25,0.25,baranyi_theta_logistic_growth,densities=20k/30k;doses=0.67/1.0/1.47
0.0,100.0,100.0,true,joint_ic_effect_transit_death,shared,A2780Naive,30k,1.0,IC50,0.5,baranyi_theta_logistic_growth,densities=20k/30k;doses=0.67/1.0/1.47
1.0,277.1990353333333,184.66525573323528,false,joint_ic_effect_transit_death,shared,A2780Naive,30k,1.0,IC50,0.5,baranyi_theta_logistic_growth,densities=20k/30k;doses=0.67/1.0/1.47
2.0,512.5472606666666,451.80884782136195,false,joint_ic_effect_transit_death,shared,A2780Naive,30k,1.0,IC50,0.5,baranyi_theta_logistic_growth,densities=20k/30k;doses=0.67/1.0/1.47
3.0,810.4685956666666,980.4064275406075,false,joint_ic_effect_transit_death,shared,A2780Naive,30k,1.0,IC50,0.5,baranyi_theta_logistic_growth,densities=20k/30k;doses=0.67/1.0/1.47
4.0,1072.5972223333333,1224.351825801793,false,joint_ic_effect_transit_death,shared,A2780Naive,30k,1.0,IC50,0.5,baranyi_theta_logistic_growth,densities=20k/30k;doses=0.67/1.0/1.47
5.0,1220.3375386666667,1287.6868651318073,false,joint_ic_effect_transit_death,shared,A2780Naive,30k,1.0,IC50,0.5,baranyi_theta_logistic_growth,densities=20k/30k;doses=0.67/1.0/1.47
6.0,1524.2378856666667,1296.3637187292827,false,joint_ic_effect_transit_death,shared,A2780Naive,30k,1.0,IC50,0.5,baranyi_theta_logistic_growth,densities=20k/30k;doses=0.67/1.0/1.47
7.0,1784.3173613333336,1278.6721036831018,false,joint_ic_effect_transit_death,shared,A2780Naive,30k,1.0,IC50,0.5,baranyi_theta_logistic_growth,densities=20k/30k;doses=0.67/1.0/1.47
8.0,1754.768094,1250.445318070726,false,joint_ic_effect_transit_death,shared,A2780Naive,30k,1.0,IC50,0.5,baranyi_theta_logistic_growth,densities=20k/30k;doses=0.67/1.0/1.47
9.0,1630.9435183333335,1220.0897615408899,false,joint_ic_effect_transit_death,shared,A2780Naive,30k,1.0,IC50,0.5,baranyi_theta_logistic_growth,densities=20k/30k;doses=0.67/1.0/1.47
10.0,1765.6959490000002,1191.7051523466014,false,joint_ic_effect_transit_death,shared,A2780Naive,30k,1.0,IC50,0.5,baranyi_theta_logistic_growth,densities=20k/30k;doses=0.67/1.0/1.47
11.0,1797.057716,1166.9949021794341,false,joint_ic_effect_transit_death,shared,A2780Naive,30k,1.0,IC50,0.5,baranyi_theta_logistic_growth,densities=20k/30k;doses=0.67/1.0/1.47
12.0,1664.883989,1146.3895256582903,false,joint_ic_effect_transit_death,shared,A2780Naive,30k,1.0,IC50,0.5,baranyi_theta_logistic_growth,densities=20k/30k;doses=0.67/1.0/1.47
13.0,1869.5183256666667,1129.6897112221545,false,joint_ic_effect_transit_death,shared,A2780Naive,30k,1.0,IC50,0.5,baranyi_theta_logistic_growth,densities=20k/30k;doses=0.67/1.0/1.47
14.0,2521.7536263333336,1116.4242400288233,false,joint_ic_effect_transit_death,shared,A2780Naive,30k,1.0,IC50,0.5,baranyi_theta_logistic_growth,densities=20k/30k;doses=0.67/1.0/1.47
0.0,100.0,100.0,true,joint_ic_effect_transit_death,shared,A2780Naive,30k,1.47,IC75,0.75,baranyi_theta_logistic_growth,densities=20k/30k;doses=0.67/1.0/1.47
1.0,683.0949846666667,184.66525573323528,false,joint_ic_effect_transit_death,shared,A2780Naive,30k,1.47,IC75,0.75,baranyi_theta_logistic_growth,densities=20k/30k;doses=0.67/1.0/1.47
2.0,962.59946,451.80884782136195,false,joint_ic_effect_transit_death,shared,A2780Naive,30k,1.47,IC75,0.75,baranyi_theta_logistic_growth,densities=20k/30k;doses=0.67/1.0/1.47
3.0,1293.4153163333333,980.3549668721652,false,joint_ic_effect_transit_death,shared,A2780Naive,30k,1.47,IC75,0.75,baranyi_theta_logistic_growth,densities=20k/30k;doses=0.67/1.0/1.47
4.0,1242.3761956666667,1014.0157806637528,false,joint_ic_effect_transit_death,shared,A2780Naive,30k,1.47,IC75,0.75,baranyi_theta_logistic_growth,densities=20k/30k;doses=0.67/1.0/1.47
5.0,1196.6721066666667,889.6945638309701,false,joint_ic_effect_transit_death,shared,A2780Naive,30k,1.47,IC75,0.75,baranyi_theta_logistic_growth,densities=20k/30k;doses=0.67/1.0/1.47
6.0,1151.6981093333334,753.0202743730517,false,joint_ic_effect_transit_death,shared,A2780Naive,30k,1.47,IC75,0.75,baranyi_theta_logistic_growth,densities=20k/30k;doses=0.67/1.0/1.47
7.0,908.6366510000001,625.2876792383004,false,joint_ic_effect_transit_death,shared,A2780Naive,30k,1.47,IC75,0.75,baranyi_theta_logistic_growth,densities=20k/30k;doses=0.67/1.0/1.47
8.0,684.2957563333333,515.8361239331858,false,joint_ic_effect_transit_death,shared,A2780Naive,30k,1.47,IC75,0.75,baranyi_theta_logistic_growth,densities=20k/30k;doses=0.67/1.0/1.47
9.0,451.471335,426.338081705024,false,joint_ic_effect_transit_death,shared,A2780Naive,30k,1.47,IC75,0.75,baranyi_theta_logistic_growth,densities=20k/30k;doses=0.67/1.0/1.47
10.0,351.6421293333333,355.0327297437309,false,joint_ic_effect_transit_death,shared,A2780Naive,30k,1.47,IC75,0.75,baranyi_theta_logistic_growth,densities=20k/30k;doses=0.67/1.0/1.47
11.0,239.04888100000002,299.0220316924287,false,joint_ic_effect_transit_death,shared,A2780Naive,30k,1.47,IC75,0.75,baranyi_theta_logistic_growth,densities=20k/30k;doses=0.67/1.0/1.47
12.0,153.48256166666667,255.3283874129925,false,joint_ic_effect_transit_death,shared,A2780Naive,30k,1.47,IC75,0.75,baranyi_theta_logistic_growth,densities=20k/30k;doses=0.67/1.0/1.47
13.0,115.12735333333332,221.31495985983787,false,joint_ic_effect_transit_death,shared,A2780Naive,30k,1.47,IC75,0.75,baranyi_theta_logistic_growth,densities=20k/30k;doses=0.67/1.0/1.47
14.0,60.396604999999994,194.8045560432398,false,joint_ic_effect_transit_death,shared,A2780Naive,30k,1.47,IC75,0.75,baranyi_theta_logistic_growth,densities=20k/30k;doses=0.67/1.0/1.47
0.0,67.0,67.0,true,joint_ic_effect_two_population,shared,A2780Naive,20k,0.67,IC25,0.25,baranyi_theta_logistic_growth,densities=20k/30k;doses=0.67/1.0/1.47
1.0,305.18962200000004,139.44549699907367,false,joint_ic_effect_two_population,shared,A2780Naive,20k,0.67,IC25,0.25,baranyi_theta_logistic_growth,densities=20k/30k;doses=0.67/1.0/1.47
2.0,465.63738433333333,400.2108875237262,false,joint_ic_effect_two_population,shared,A2780Naive,20k,0.67,IC25,0.25,baranyi_theta_logistic_growth,densities=20k/30k;doses=0.67/1.0/1.47
3.0,790.214892,957.620053488711,false,joint_ic_effect_two_population,shared,A2780Naive,20k,0.67,IC25,0.25,baranyi_theta_logistic_growth,densities=20k/30k;doses=0.67/1.0/1.47
4.0,880.948534,1698.8875358752734,false,joint_ic_effect_two_population,shared,A2780Naive,20k,0.67,IC25,0.25,baranyi_theta_logistic_growth,densities=20k/30k;doses=0.67/1.0/1.47
5.0,1277.0010803333332,2391.7952510785262,false,joint_ic_effect_two_population,shared,A2780Naive,20k,0.67,IC25,0.25,baranyi_theta_logistic_growth,densities=20k/30k;doses=0.67/1.0/1.47
6.0,1612.01223,2899.6374817579344,false,joint_ic_effect_two_population,shared,A2780Naive,20k,0.67,IC25,0.25,baranyi_theta_logistic_growth,densities=20k/30k;doses=0.67/1.0/1.47
7.0,2016.4244216666668,3218.5829728428785,false,joint_ic_effect_two_population,shared,A2780Naive,20k,0.67,IC25,0.25,baranyi_theta_logistic_growth,densities=20k/30k;doses=0.67/1.0/1.47
8.0,2081.411111,3401.1525102016767,false,joint_ic_effect_two_population,shared,A2780Naive,20k,0.67,IC25,0.25,baranyi_theta_logistic_growth,densities=20k/30k;doses=0.67/1.0/1.47
9.0,2395.0547066666663,3500.0390149975906,false,joint_ic_effect_two_population,shared,A2780Naive,20k,0.67,IC25,0.25,baranyi_theta_logistic_growth,densities=20k/30k;doses=0.67/1.0/1.47
10.0,2537.1984183333334,3551.768736444986,false,joint_ic_effect_two_population,shared,A2780Naive,20k,0.67,IC25,0.25,baranyi_theta_logistic_growth,densities=20k/30k;doses=0.67/1.0/1.47
11.0,3073.8874999999994,3578.1626948351923,false,joint_ic_effect_two_population,shared,A2780Naive,20k,0.67,IC25,0.25,baranyi_theta_logistic_growth,densities=20k/30k;doses=0.67/1.0/1.47
12.0,3042.368325666667,3591.3398559370426,false,joint_ic_effect_two_population,shared,A2780Naive,20k,0.67,IC25,0.25,baranyi_theta_logistic_growth,densities=20k/30k;doses=0.67/1.0/1.47
13.0,3537.7463733333334,3597.7680569635863,false,joint_ic_effect_two_population,shared,A2780Naive,20k,0.67,IC25,0.25,baranyi_theta_logistic_growth,densities=20k/30k;doses=0.67/1.0/1.47
14.0,3458.3808643333336,3600.814984458713,false,joint_ic_effect_two_population,shared,A2780Naive,20k,0.67,IC25,0.25,baranyi_theta_logistic_growth,densities=20k/30k;doses=0.67/1.0/1.47
0.0,67.0,67.0,true,joint_ic_effect_two_population,shared,A2780Naive,20k,1.0,IC50,0.5,baranyi_theta_logistic_growth,densities=20k/30k;doses=0.67/1.0/1.47
1.0,164.83707566666666,139.44549699907367,false,joint_ic_effect_two_population,shared,A2780Naive,20k,1.0,IC50,0.5,baranyi_theta_logistic_growth,densities=20k/30k;doses=0.67/1.0/1.47
2.0,310.328588,400.2108875237262,false,joint_ic_effect_two_population,shared,A2780Naive,20k,1.0,IC50,0.5,baranyi_theta_logistic_growth,densities=20k/30k;doses=0.67/1.0/1.47
3.0,498.45925933333325,910.6415325113074,false,joint_ic_effect_two_population,shared,A2780Naive,20k,1.0,IC50,0.5,baranyi_theta_logistic_growth,densities=20k/30k;doses=0.67/1.0/1.47
4.0,690.7097223333334,1323.3808693664769,false,joint_ic_effect_two_population,shared,A2780Naive,20k,1.0,IC50,0.5,baranyi_theta_logistic_growth,densities=20k/30k;doses=0.67/1.0/1.47
5.0,804.9089893333334,1488.0381066998314,false,joint_ic_effect_two_population,shared,A2780Naive,20k,1.0,IC50,0.5,baranyi_theta_logistic_growth,densities=20k/30k;doses=0.67/1.0/1.47
6.0,1188.2886573333333,1489.1504022593579,false,joint_ic_effect_two_population,shared,A2780Naive,20k,1.0,IC50,0.5,baranyi_theta_logistic_growth,densities=20k/30k;doses=0.67/1.0/1.47
7.0,1563.5381556666664,1426.2379327456588,false,joint_ic_effect_two_population,shared,A2780Naive,20k,1.0,IC50,0.5,baranyi_theta_logistic_growth,densities=20k/30k;doses=0.67/1.0/1.47
8.0,1634.130247,1352.1009106153977,false,joint_ic_effect_two_population,shared,A2780Naive,20k,1.0,IC50,0.5,baranyi_theta_logistic_growth,densities=20k/30k;doses=0.67/1.0/1.47
9.0,1556.192554,1286.6750134915533,false,joint_ic_effect_two_population,shared,A2780Naive,20k,1.0,IC50,0.5,baranyi_theta_logistic_growth,densities=20k/30k;doses=0.67/1.0/1.47
10.0,1522.992284,1234.8279619913178,false,joint_ic_effect_two_population,shared,A2780Naive,20k,1.0,IC50,0.5,baranyi_theta_logistic_growth,densities=20k/30k;doses=0.67/1.0/1.47
11.0,1608.247685333333,1195.826895485431,false,joint_ic_effect_two_population,shared,A2780Naive,20k,1.0,IC50,0.5,baranyi_theta_logistic_growth,densities=20k/30k;doses=0.67/1.0/1.47
12.0,1500.9281636666667,1167.3371915612206,false,joint_ic_effect_two_population,shared,A2780Naive,20k,1.0,IC50,0.5,baranyi_theta_logistic_growth,densities=20k/30k;doses=0.67/1.0/1.47
13.0,2011.2254243333334,1146.9105568663254,false,joint_ic_effect_two_population,shared,A2780Naive,20k,1.0,IC50,0.5,baranyi_theta_logistic_growth,densities=20k/30k;doses=0.67/1.0/1.47
14.0,2445.406712666667,1132.4564243236387,false,joint_ic_effect_two_population,shared,A2780Naive,20k,1.0,IC50,0.5,baranyi_theta_logistic_growth,densities=20k/30k;doses=0.67/1.0/1.47
0.0,67.0,67.0,true,joint_ic_effect_two_population,shared,A2780Naive,20k,1.47,IC75,0.75,baranyi_theta_logistic_growth,densities=20k/30k;doses=0.67/1.0/1.47
1.0,470.381366,139.44549699907367,false,joint_ic_effect_two_population,shared,A2780Naive,20k,1.47,IC75,0.75,baranyi_theta_logistic_growth,densities=20k/30k;doses=0.67/1.0/1.47
2.0,658.348264,400.2108875237262,false,joint_ic_effect_two_population,shared,A2780Naive,20k,1.47,IC75,0.75,baranyi_theta_logistic_growth,densities=20k/30k;doses=0.67/1.0/1.47
3.0,910.885918,876.4870545817304,false,joint_ic_effect_two_population,shared,A2780Naive,20k,1.47,IC75,0.75,baranyi_theta_logistic_growth,densities=20k/30k;doses=0.67/1.0/1.47
4.0,928.761304,1092.593315072191,false,joint_ic_effect_two_population,shared,A2780Naive,20k,1.47,IC75,0.75,baranyi_theta_logistic_growth,densities=20k/30k;doses=0.67/1.0/1.47
5.0,914.7665896666667,1024.9717140284295,false,joint_ic_effect_two_population,shared,A2780Naive,20k,1.47,IC75,0.75,baranyi_theta_logistic_growth,densities=20k/30k;doses=0.67/1.0/1.47
6.0,867.7298226666667,866.4509128889807,false,joint_ic_effect_two_population,shared,A2780Naive,20k,1.47,IC75,0.75,baranyi_theta_logistic_growth,densities=20k/30k;doses=0.67/1.0/1.47
7.0,681.9129633333333,717.1321849297383,false,joint_ic_effect_two_population,shared,A2780Naive,20k,1.47,IC75,0.75,baranyi_theta_logistic_growth,densities=20k/30k;doses=0.67/1.0/1.47
8.0,481.738503,601.3432203148778,false,joint_ic_effect_two_population,shared,A2780Naive,20k,1.47,IC75,0.75,baranyi_theta_logistic_growth,densities=20k/30k;doses=0.67/1.0/1.47
9.0,333.6756173333333,516.9084579595268,false,joint_ic_effect_two_population,shared,A2780Naive,20k,1.47,IC75,0.75,baranyi_theta_logistic_growth,densities=20k/30k;doses=0.67/1.0/1.47
10.0,232.34174399999998,456.34433399485664,false,joint_ic_effect_two_population,shared,A2780Naive,20k,1.47,IC75,0.75,baranyi_theta_logistic_growth,densities=20k/30k;doses=0.67/1.0/1.47
11.0,155.3204476666667,412.88066284846263,false,joint_ic_effect_two_population,shared,A2780Naive,20k,1.47,IC75,0.75,baranyi_theta_logistic_growth,densities=20k/30k;doses=0.67/1.0/1.47
12.0,103.907562,381.4840997642951,false,joint_ic_effect_two_population,shared,A2780Naive,20k,1.47,IC75,0.75,baranyi_theta_logistic_growth,densities=20k/30k;doses=0.67/1.0/1.47
13.0,71.52523133333334,358.6212765208591,false,joint_ic_effect_two_population,shared,A2780Naive,20k,1.47,IC75,0.75,baranyi_theta_logistic_growth,densities=20k/30k;doses=0.67/1.0/1.47
14.0,36.60995366666666,341.8447190771283,false,joint_ic_effect_two_population,shared,A2780Naive,20k,1.47,IC75,0.75,baranyi_theta_logistic_growth,densities=20k/30k;doses=0.67/1.0/1.47
0.0,100.0,100.0,true,joint_ic_effect_two_population,shared,A2780Naive,30k,0.67,IC25,0.25,baranyi_theta_logistic_growth,densities=20k/30k;doses=0.67/1.0/1.47
1.0,507.5015816666667,184.66525571795893,false,joint_ic_effect_two_population,shared,A2780Naive,30k,0.67,IC25,0.25,baranyi_theta_logistic_growth,densities=20k/30k;doses=0.67/1.0/1.47
2.0,801.887693,451.808847779792,false,joint_ic_effect_two_population,shared,A2780Naive,30k,0.67,IC25,0.25,baranyi_theta_logistic_growth,densities=20k/30k;doses=0.67/1.0/1.47
3.0,1336.278318,973.8942069007614,false,joint_ic_effect_two_population,shared,A2780Naive,30k,0.67,IC25,0.25,baranyi_theta_logistic_growth,densities=20k/30k;doses=0.67/1.0/1.47
4.0,1623.1049383333336,1639.8854007059679,false,joint_ic_effect_two_population,shared,A2780Naive,30k,0.67,IC25,0.25,baranyi_theta_logistic_growth,densities=20k/30k;doses=0.67/1.0/1.47
5.0,2076.8491126666668,2266.229972418183,false,joint_ic_effect_two_population,shared,A2780Naive,30k,0.67,IC25,0.25,baranyi_theta_logistic_growth,densities=20k/30k;doses=0.67/1.0/1.47
6.0,2482.367592666667,2743.148610277043,false,joint_ic_effect_two_population,shared,A2780Naive,30k,0.67,IC25,0.25,baranyi_theta_logistic_growth,densities=20k/30k;doses=0.67/1.0/1.47
7.0,2895.899845666667,3059.601531791022,false,joint_ic_effect_two_population,shared,A2780Naive,30k,0.67,IC25,0.25,baranyi_theta_logistic_growth,densities=20k/30k;doses=0.67/1.0/1.47
8.0,2949.133024666667,3252.4309632657005,false,joint_ic_effect_two_population,shared,A2780Naive,30k,0.67,IC25,0.25,baranyi_theta_logistic_growth,densities=20k/30k;doses=0.67/1.0/1.47
9.0,3220.295872,3364.026572375728,false,joint_ic_effect_two_population,shared,A2780Naive,30k,0.67,IC25,0.25,baranyi_theta_logistic_growth,densities=20k/30k;doses=0.67/1.0/1.47
10.0,2758.7708333333335,3426.6046687007115,false,joint_ic_effect_two_population,shared,A2780Naive,30k,0.67,IC25,0.25,baranyi_theta_logistic_growth,densities=20k/30k;doses=0.67/1.0/1.47
11.0,3434.9652003333335,3460.989142484749,false,joint_ic_effect_two_population,shared,A2780Naive,30k,0.67,IC25,0.25,baranyi_theta_logistic_growth,densities=20k/30k;doses=0.67/1.0/1.47
12.0,3115.501775,3479.609594790156,false,joint_ic_effect_two_population,shared,A2780Naive,30k,0.67,IC25,0.25,baranyi_theta_logistic_growth,densities=20k/30k;doses=0.67/1.0/1.47
13.0,3633.6489583333337,3489.5732279709564,false,joint_ic_effect_two_population,shared,A2780Naive,30k,0.67,IC25,0.25,baranyi_theta_logistic_growth,densities=20k/30k;doses=0.67/1.0/1.47
14.0,3423.783179,3494.8439381047574,false,joint_ic_effect_two_population,shared,A2780Naive,30k,0.67,IC25,0.25,baranyi_theta_logistic_growth,densities=20k/30k;doses=0.67/1.0/1.47
0.0,100.0,100.0,true,joint_ic_effect_two_population,shared,A2780Naive,30k,1.0,IC50,0.5,baranyi_theta_logistic_growth,densities=20k/30k;doses=0.67/1.0/1.47
1.0,277.1990353333333,184.66525571795893,false,joint_ic_effect_two_population,shared,A2780Naive,30k,1.0,IC50,0.5,baranyi_theta_logistic_growth,densities=20k/30k;doses=0.67/1.0/1.47
2.0,512.5472606666666,451.808847779792,false,joint_ic_effect_two_population,shared,A2780Naive,30k,1.0,IC50,0.5,baranyi_theta_logistic_growth,densities=20k/30k;doses=0.67/1.0/1.47
3.0,810.4685956666666,925.8485122114606,false,joint_ic_effect_two_population,shared,A2780Naive,30k,1.0,IC50,0.5,baranyi_theta_logistic_growth,densities=20k/30k;doses=0.67/1.0/1.47
4.0,1072.5972223333333,1271.2773612170274,false,joint_ic_effect_two_population,shared,A2780Naive,30k,1.0,IC50,0.5,baranyi_theta_logistic_growth,densities=20k/30k;doses=0.67/1.0/1.47
5.0,1220.3375386666667,1386.6875750646595,false,joint_ic_effect_two_population,shared,A2780Naive,30k,1.0,IC50,0.5,baranyi_theta_logistic_growth,densities=20k/30k;doses=0.67/1.0/1.47
6.0,1524.2378856666667,1362.6236972087681,false,joint_ic_effect_two_population,shared,A2780Naive,30k,1.0,IC50,0.5,baranyi_theta_logistic_growth,densities=20k/30k;doses=0.67/1.0/1.47
7.0,1784.3173613333336,1288.1205320686718,false,joint_ic_effect_two_population,shared,A2780Naive,30k,1.0,IC50,0.5,baranyi_theta_logistic_growth,densities=20k/30k;doses=0.67/1.0/1.47
8.0,1754.768094,1208.2048560888636,false,joint_ic_effect_two_population,shared,A2780Naive,30k,1.0,IC50,0.5,baranyi_theta_logistic_growth,densities=20k/30k;doses=0.67/1.0/1.47
9.0,1630.9435183333335,1139.1759709741605,false,joint_ic_effect_two_population,shared,A2780Naive,30k,1.0,IC50,0.5,baranyi_theta_logistic_growth,densities=20k/30k;doses=0.67/1.0/1.47
10.0,1765.6959490000002,1084.4917136755444,false,joint_ic_effect_two_population,shared,A2780Naive,30k,1.0,IC50,0.5,baranyi_theta_logistic_growth,densities=20k/30k;doses=0.67/1.0/1.47
11.0,1797.057716,1042.9565642195505,false,joint_ic_effect_two_population,shared,A2780Naive,30k,1.0,IC50,0.5,baranyi_theta_logistic_growth,densities=20k/30k;doses=0.67/1.0/1.47
12.0,1664.883989,1012.130467567961,false,joint_ic_effect_two_population,shared,A2780Naive,30k,1.0,IC50,0.5,baranyi_theta_logistic_growth,densities=20k/30k;doses=0.67/1.0/1.47
13.0,1869.5183256666667,989.5740009772707,false,joint_ic_effect_two_population,shared,A2780Naive,30k,1.0,IC50,0.5,baranyi_theta_logistic_growth,densities=20k/30k;doses=0.67/1.0/1.47
14.0,2521.7536263333336,973.2263072811958,false,joint_ic_effect_two_population,shared,A2780Naive,30k,1.0,IC50,0.5,baranyi_theta_logistic_growth,densities=20k/30k;doses=0.67/1.0/1.47
0.0,100.0,100.0,true,joint_ic_effect_two_population,shared,A2780Naive,30k,1.47,IC75,0.75,baranyi_theta_logistic_growth,densities=20k/30k;doses=0.67/1.0/1.47
1.0,683.0949846666667,184.66525571795893,false,joint_ic_effect_two_population,shared,A2780Naive,30k,1.47,IC75,0.75,baranyi_theta_logistic_growth,densities=20k/30k;doses=0.67/1.0/1.47
2.0,962.59946,451.808847779792,false,joint_ic_effect_two_population,shared,A2780Naive,30k,1.47,IC75,0.75,baranyi_theta_logistic_growth,densities=20k/30k;doses=0.67/1.0/1.47
3.0,1293.4153163333333,890.9286731964427,false,joint_ic_effect_two_population,shared,A2780Naive,30k,1.47,IC75,0.75,baranyi_theta_logistic_growth,densities=20k/30k;doses=0.67/1.0/1.47
4.0,1242.3761956666667,1045.8382315427498,false,joint_ic_effect_two_population,shared,A2780Naive,30k,1.47,IC75,0.75,baranyi_theta_logistic_growth,densities=20k/30k;doses=0.67/1.0/1.47
5.0,1196.6721066666667,943.4661428163051,false,joint_ic_effect_two_population,shared,A2780Naive,30k,1.47,IC75,0.75,baranyi_theta_logistic_growth,densities=20k/30k;doses=0.67/1.0/1.47
6.0,1151.6981093333334,772.9284897292895,false,joint_ic_effect_two_population,shared,A2780Naive,30k,1.47,IC75,0.75,baranyi_theta_logistic_growth,densities=20k/30k;doses=0.67/1.0/1.47
7.0,908.6366510000001,621.625934273356,false,joint_ic_effect_two_population,shared,A2780Naive,30k,1.47,IC75,0.75,baranyi_theta_logistic_growth,densities=20k/30k;doses=0.67/1.0/1.47
8.0,684.2957563333333,507.13102786421916,false,joint_ic_effect_two_population,shared,A2780Naive,30k,1.47,IC75,0.75,baranyi_theta_logistic_growth,densities=20k/30k;doses=0.67/1.0/1.47
9.0,451.471335,424.5922363801329,false,joint_ic_effect_two_population,shared,A2780Naive,30k,1.47,IC75,0.75,baranyi_theta_logistic_growth,densities=20k/30k;doses=0.67/1.0/1.47
10.0,351.6421293333333,365.61708611501155,false,joint_ic_effect_two_population,shared,A2780Naive,30k,1.47,IC75,0.75,baranyi_theta_logistic_growth,densities=20k/30k;doses=0.67/1.0/1.47
11.0,239.04888100000002,323.20734996959925,false,joint_ic_effect_two_population,shared,A2780Naive,30k,1.47,IC75,0.75,baranyi_theta_logistic_growth,densities=20k/30k;doses=0.67/1.0/1.47
12.0,153.48256166666667,292.3472923956403,false,joint_ic_effect_two_population,shared,A2780Naive,30k,1.47,IC75,0.75,baranyi_theta_logistic_growth,densities=20k/30k;doses=0.67/1.0/1.47
13.0,115.12735333333332,269.5984385881773,false,joint_ic_effect_two_population,shared,A2780Naive,30k,1.47,IC75,0.75,baranyi_theta_logistic_growth,densities=20k/30k;doses=0.67/1.0/1.47
14.0,60.396604999999994,252.62138908520487,false,joint_ic_effect_two_population,shared,A2780Naive,30k,1.47,IC75,0.75,baranyi_theta_logistic_growth,densities=20k/30k;doses=0.67/1.0/1.47
0.0,67.0,67.0,true,joint_intracellular_platinum_pkpd,shared,A2780Naive,20k,0.67,IC25,0.25,baranyi_theta_logistic_growth,densities=20k/30k;doses=0.67/1.0/1.47
1.0,305.18962200000004,139.43158873028267,false,joint_intracellular_platinum_pkpd,shared,A2780Naive,20k,0.67,IC25,0.25,baranyi_theta_logistic_growth,densities=20k/30k;doses=0.67/1.0/1.47
2.0,465.63738433333333,398.64787157480873,false,joint_intracellular_platinum_pkpd,shared,A2780Naive,20k,0.67,IC25,0.25,baranyi_theta_logistic_growth,densities=20k/30k;doses=0.67/1.0/1.47
3.0,790.214892,942.9000869630701,false,joint_intracellular_platinum_pkpd,shared,A2780Naive,20k,0.67,IC25,0.25,baranyi_theta_logistic_growth,densities=20k/30k;doses=0.67/1.0/1.47
4.0,880.948534,1656.158320437811,false,joint_intracellular_platinum_pkpd,shared,A2780Naive,20k,0.67,IC25,0.25,baranyi_theta_logistic_growth,densities=20k/30k;doses=0.67/1.0/1.47
5.0,1277.0010803333332,2292.2444165599973,false,joint_intracellular_platinum_pkpd,shared,A2780Naive,20k,0.67,IC25,0.25,baranyi_theta_logistic_growth,densities=20k/30k;doses=0.67/1.0/1.47
6.0,1612.01223,2719.4873484701347,false,joint_intracellular_platinum_pkpd,shared,A2780Naive,20k,0.67,IC25,0.25,baranyi_theta_logistic_growth,densities=20k/30k;doses=0.67/1.0/1.47
7.0,2016.4244216666668,2955.0654177396705,false,joint_intracellular_platinum_pkpd,shared,A2780Naive,20k,0.67,IC25,0.25,baranyi_theta_logistic_growth,densities=20k/30k;doses=0.67/1.0/1.47
8.0,2081.411111,3067.0361297547392,false,joint_intracellular_platinum_pkpd,shared,A2780Naive,20k,0.67,IC25,0.25,baranyi_theta_logistic_growth,densities=20k/30k;doses=0.67/1.0/1.47
9.0,2395.0547066666663,3112.8471256647567,false,joint_intracellular_platinum_pkpd,shared,A2780Naive,20k,0.67,IC25,0.25,baranyi_theta_logistic_growth,densities=20k/30k;doses=0.67/1.0/1.47
10.0,2537.1984183333334,3127.416832659429,false,joint_intracellular_platinum_pkpd,shared,A2780Naive,20k,0.67,IC25,0.25,baranyi_theta_logistic_growth,densities=20k/30k;doses=0.67/1.0/1.47
11.0,3073.8874999999994,3128.918353700616,false,joint_intracellular_platinum_pkpd,shared,A2780Naive,20k,0.67,IC25,0.25,baranyi_theta_logistic_growth,densities=20k/30k;doses=0.67/1.0/1.47
12.0,3042.368325666667,3125.899322924869,false,joint_intracellular_platinum_pkpd,shared,A2780Naive,20k,0.67,IC25,0.25,baranyi_theta_logistic_growth,densities=20k/30k;doses=0.67/1.0/1.47
13.0,3537.7463733333334,3122.0044200271886,false,joint_intracellular_platinum_pkpd,shared,A2780Naive,20k,0.67,IC25,0.25,baranyi_theta_logistic_growth,densities=20k/30k;doses=0.67/1.0/1.47
14.0,3458.3808643333336,3118.5736965774904,false,joint_intracellular_platinum_pkpd,shared,A2780Naive,20k,0.67,IC25,0.25,baranyi_theta_logistic_growth,densities=20k/30k;doses=0.67/1.0/1.47
0.0,67.0,67.0,true,joint_intracellular_platinum_pkpd,shared,A2780Naive,20k,1.0,IC50,0.5,baranyi_theta_logistic_growth,densities=20k/30k;doses=0.67/1.0/1.47
1.0,164.83707566666666,139.40058201321517,false,joint_intracellular_platinum_pkpd,shared,A2780Naive,20k,1.0,IC50,0.5,baranyi_theta_logistic_growth,densities=20k/30k;doses=0.67/1.0/1.47
2.0,310.328588,395.19688738196635,false,joint_intracellular_platinum_pkpd,shared,A2780Naive,20k,1.0,IC50,0.5,baranyi_theta_logistic_growth,densities=20k/30k;doses=0.67/1.0/1.47
3.0,498.45925933333325,897.9686879438195,false,joint_intracellular_platinum_pkpd,shared,A2780Naive,20k,1.0,IC50,0.5,baranyi_theta_logistic_growth,densities=20k/30k;doses=0.67/1.0/1.47
4.0,690.7097223333334,1458.2082073626543,false,joint_intracellular_platinum_pkpd,shared,A2780Naive,20k,1.0,IC50,0.5,baranyi_theta_logistic_growth,densities=20k/30k;doses=0.67/1.0/1.47
5.0,804.9089893333334,1830.1992526683057,false,joint_intracellular_platinum_pkpd,shared,A2780Naive,20k,1.0,IC50,0.5,baranyi_theta_logistic_growth,densities=20k/30k;doses=0.67/1.0/1.47
6.0,1188.2886573333333,1973.0237465565735,false,joint_intracellular_platinum_pkpd,shared,A2780Naive,20k,1.0,IC50,0.5,baranyi_theta_logistic_growth,densities=20k/30k;doses=0.67/1.0/1.47
7.0,1563.5381556666664,1974.823756859103,false,joint_intracellular_platinum_pkpd,shared,A2780Naive,20k,1.0,IC50,0.5,baranyi_theta_logistic_growth,densities=20k/30k;doses=0.67/1.0/1.47
8.0,1634.130247,1919.949078870214,false,joint_intracellular_platinum_pkpd,shared,A2780Naive,20k,1.0,IC50,0.5,baranyi_theta_logistic_growth,densities=20k/30k;doses=0.67/1.0/1.47
9.0,1556.192554,1854.270335250026,false,joint_intracellular_platinum_pkpd,shared,A2780Naive,20k,1.0,IC50,0.5,baranyi_theta_logistic_growth,densities=20k/30k;doses=0.67/1.0/1.47
10.0,1522.992284,1796.1833403606058,false,joint_intracellular_platinum_pkpd,shared,A2780Naive,20k,1.0,IC50,0.5,baranyi_theta_logistic_growth,densities=20k/30k;doses=0.67/1.0/1.47
11.0,1608.247685333333,1750.571314437248,false,joint_intracellular_platinum_pkpd,shared,A2780Naive,20k,1.0,IC50,0.5,baranyi_theta_logistic_growth,densities=20k/30k;doses=0.67/1.0/1.47
12.0,1500.9281636666667,1716.902084347751,false,joint_intracellular_platinum_pkpd,shared,A2780Naive,20k,1.0,IC50,0.5,baranyi_theta_logistic_growth,densities=20k/30k;doses=0.67/1.0/1.47
13.0,2011.2254243333334,1692.961979941188,false,joint_intracellular_platinum_pkpd,shared,A2780Naive,20k,1.0,IC50,0.5,baranyi_theta_logistic_growth,densities=20k/30k;doses=0.67/1.0/1.47
14.0,2445.406712666667,1676.3642288721808,false,joint_intracellular_platinum_pkpd,shared,A2780Naive,20k,1.0,IC50,0.5,baranyi_theta_logistic_growth,densities=20k/30k;doses=0.67/1.0/1.47
0.0,67.0,67.0,true,joint_intracellular_platinum_pkpd,shared,A2780Naive,20k,1.47,IC75,0.75,baranyi_theta_logistic_growth,densities=20k/30k;doses=0.67/1.0/1.47
1.0,470.381366,139.30683402701027,false,joint_intracellular_platinum_pkpd,shared,A2780Naive,20k,1.47,IC75,0.75,baranyi_theta_logistic_growth,densities=20k/30k;doses=0.67/1.0/1.47
2.0,658.348264,385.0408453964663,false,joint_intracellular_platinum_pkpd,shared,A2780Naive,20k,1.47,IC75,0.75,baranyi_theta_logistic_growth,densities=20k/30k;doses=0.67/1.0/1.47
3.0,910.885918,778.83589797338,false,joint_intracellular_platinum_pkpd,shared,A2780Naive,20k,1.47,IC75,0.75,baranyi_theta_logistic_growth,densities=20k/30k;doses=0.67/1.0/1.47
4.0,928.761304,1017.5409621074164,false,joint_intracellular_platinum_pkpd,shared,A2780Naive,20k,1.47,IC75,0.75,baranyi_theta_logistic_growth,densities=20k/30k;doses=0.67/1.0/1.47
5.0,914.7665896666667,980.9306658798065,false,joint_intracellular_platinum_pkpd,shared,A2780Naive,20k,1.47,IC75,0.75,baranyi_theta_logistic_growth,densities=20k/30k;doses=0.67/1.0/1.47
6.0,867.7298226666667,814.3044267197467,false,joint_intracellular_platinum_pkpd,shared,A2780Naive,20k,1.47,IC75,0.75,baranyi_theta_logistic_growth,densities=20k/30k;doses=0.67/1.0/1.47
7.0,681.9129633333333,643.4956088497931,false,joint_intracellular_platinum_pkpd,shared,A2780Naive,20k,1.47,IC75,0.75,baranyi_theta_logistic_growth,densities=20k/30k;doses=0.67/1.0/1.47
8.0,481.738503,509.60506765902363,false,joint_intracellular_platinum_pkpd,shared,A2780Naive,20k,1.47,IC75,0.75,baranyi_theta_logistic_growth,densities=20k/30k;doses=0.67/1.0/1.47
9.0,333.6756173333333,413.4661301328844,false,joint_intracellular_platinum_pkpd,shared,A2780Naive,20k,1.47,IC75,0.75,baranyi_theta_logistic_growth,densities=20k/30k;doses=0.67/1.0/1.47
10.0,232.34174399999998,346.0770868696458,false,joint_intracellular_platinum_pkpd,shared,A2780Naive,20k,1.47,IC75,0.75,baranyi_theta_logistic_growth,densities=20k/30k;doses=0.67/1.0/1.47
11.0,155.3204476666667,298.77098855658187,false,joint_intracellular_platinum_pkpd,shared,A2780Naive,20k,1.47,IC75,0.75,baranyi_theta_logistic_growth,densities=20k/30k;doses=0.67/1.0/1.47
12.0,103.907562,265.1824609890656,false,joint_intracellular_platinum_pkpd,shared,A2780Naive,20k,1.47,IC75,0.75,baranyi_theta_logistic_growth,densities=20k/30k;doses=0.67/1.0/1.47
13.0,71.52523133333334,240.98758637056494,false,joint_intracellular_platinum_pkpd,shared,A2780Naive,20k,1.47,IC75,0.75,baranyi_theta_logistic_growth,densities=20k/30k;doses=0.67/1.0/1.47
14.0,36.60995366666666,223.30675019917967,false,joint_intracellular_platinum_pkpd,shared,A2780Naive,20k,1.47,IC75,0.75,baranyi_theta_logistic_growth,densities=20k/30k;doses=0.67/1.0/1.47
0.0,100.0,100.0,true,joint_intracellular_platinum_pkpd,shared,A2780Naive,30k,0.67,IC25,0.25,baranyi_theta_logistic_growth,densities=20k/30k;doses=0.67/1.0/1.47
1.0,507.5015816666667,184.64682520662313,false,joint_intracellular_platinum_pkpd,shared,A2780Naive,30k,0.67,IC25,0.25,baranyi_theta_logistic_growth,densities=20k/30k;doses=0.67/1.0/1.47
2.0,801.887693,450.0366982045035,false,joint_intracellular_platinum_pkpd,shared,A2780Naive,30k,0.67,IC25,0.25,baranyi_theta_logistic_growth,densities=20k/30k;doses=0.67/1.0/1.47
3.0,1336.278318,958.7008540561075,false,joint_intracellular_platinum_pkpd,shared,A2780Naive,30k,0.67,IC25,0.25,baranyi_theta_logistic_growth,densities=20k/30k;doses=0.67/1.0/1.47
4.0,1623.1049383333336,1597.3956450915098,false,joint_intracellular_platinum_pkpd,shared,A2780Naive,30k,0.67,IC25,0.25,baranyi_theta_logistic_growth,densities=20k/30k;doses=0.67/1.0/1.47
5.0,2076.8491126666668,2168.0871622314926,false,joint_intracellular_platinum_pkpd,shared,A2780Naive,30k,0.67,IC25,0.25,baranyi_theta_logistic_growth,densities=20k/30k;doses=0.67/1.0/1.47
6.0,2482.367592666667,2564.3669672909155,false,joint_intracellular_platinum_pkpd,shared,A2780Naive,30k,0.67,IC25,0.25,baranyi_theta_logistic_growth,densities=20k/30k;doses=0.67/1.0/1.47
7.0,2895.899845666667,2794.8836356933552,false,joint_intracellular_platinum_pkpd,shared,A2780Naive,30k,0.67,IC25,0.25,baranyi_theta_logistic_growth,densities=20k/30k;doses=0.67/1.0/1.47
8.0,2949.133024666667,2912.651107615597,false,joint_intracellular_platinum_pkpd,shared,A2780Naive,30k,0.67,IC25,0.25,baranyi_theta_logistic_growth,densities=20k/30k;doses=0.67/1.0/1.47
9.0,3220.295872,2966.189607059366,false,joint_intracellular_platinum_pkpd,shared,A2780Naive,30k,0.67,IC25,0.25,baranyi_theta_logistic_growth,densities=20k/30k;doses=0.67/1.0/1.47
10.0,2758.7708333333335,2987.081995710715,false,joint_intracellular_platinum_pkpd,shared,A2780Naive,30k,0.67,IC25,0.25,baranyi_theta_logistic_growth,densities=20k/30k;doses=0.67/1.0/1.47
11.0,3434.9652003333335,2992.9018242479406,false,joint_intracellular_platinum_pkpd,shared,A2780Naive,30k,0.67,IC25,0.25,baranyi_theta_logistic_growth,densities=20k/30k;doses=0.67/1.0/1.47
12.0,3115.501775,2992.5396595898783,false,joint_intracellular_platinum_pkpd,shared,A2780Naive,30k,0.67,IC25,0.25,baranyi_theta_logistic_growth,densities=20k/30k;doses=0.67/1.0/1.47
13.0,3633.6489583333337,2990.153626992684,false,joint_intracellular_platinum_pkpd,shared,A2780Naive,30k,0.67,IC25,0.25,baranyi_theta_logistic_growth,densities=20k/30k;doses=0.67/1.0/1.47
14.0,3423.783179,2987.5143308512716,false,joint_intracellular_platinum_pkpd,shared,A2780Naive,30k,0.67,IC25,0.25,baranyi_theta_logistic_growth,densities=20k/30k;doses=0.67/1.0/1.47
0.0,100.0,100.0,true,joint_intracellular_platinum_pkpd,shared,A2780Naive,30k,1.0,IC50,0.5,baranyi_theta_logistic_growth,densities=20k/30k;doses=0.67/1.0/1.47
1.0,277.1990353333333,184.60573432935544,false,joint_intracellular_platinum_pkpd,shared,A2780Naive,30k,1.0,IC50,0.5,baranyi_theta_logistic_growth,densities=20k/30k;doses=0.67/1.0/1.47
2.0,512.5472606666666,446.1240667851759,false,joint_intracellular_platinum_pkpd,shared,A2780Naive,30k,1.0,IC50,0.5,baranyi_theta_logistic_growth,densities=20k/30k;doses=0.67/1.0/1.47
3.0,810.4685956666666,912.4717558455075,false,joint_intracellular_platinum_pkpd,shared,A2780Naive,30k,1.0,IC50,0.5,baranyi_theta_logistic_growth,densities=20k/30k;doses=0.67/1.0/1.47
4.0,1072.5972223333333,1402.1213069022506,false,joint_intracellular_platinum_pkpd,shared,A2780Naive,30k,1.0,IC50,0.5,baranyi_theta_logistic_growth,densities=20k/30k;doses=0.67/1.0/1.47
5.0,1220.3375386666667,1716.3075902948879,false,joint_intracellular_platinum_pkpd,shared,A2780Naive,30k,1.0,IC50,0.5,baranyi_theta_logistic_growth,densities=20k/30k;doses=0.67/1.0/1.47
6.0,1524.2378856666667,1830.288830260523,false,joint_intracellular_platinum_pkpd,shared,A2780Naive,30k,1.0,IC50,0.5,baranyi_theta_logistic_growth,densities=20k/30k;doses=0.67/1.0/1.47
7.0,1784.3173613333336,1821.5888350741575,false,joint_intracellular_platinum_pkpd,shared,A2780Naive,30k,1.0,IC50,0.5,baranyi_theta_logistic_growth,densities=20k/30k;doses=0.67/1.0/1.47
8.0,1754.768094,1763.368665453815,false,joint_intracellular_platinum_pkpd,shared,A2780Naive,30k,1.0,IC50,0.5,baranyi_theta_logistic_growth,densities=20k/30k;doses=0.67/1.0/1.47
9.0,1630.9435183333335,1696.1078218907935,false,joint_intracellular_platinum_pkpd,shared,A2780Naive,30k,1.0,IC50,0.5,baranyi_theta_logistic_growth,densities=20k/30k;doses=0.67/1.0/1.47
10.0,1765.6959490000002,1636.4334865197613,false,joint_intracellular_platinum_pkpd,shared,A2780Naive,30k,1.0,IC50,0.5,baranyi_theta_logistic_growth,densities=20k/30k;doses=0.67/1.0/1.47
11.0,1797.057716,1588.9216894370804,false,joint_intracellular_platinum_pkpd,shared,A2780Naive,30k,1.0,IC50,0.5,baranyi_theta_logistic_growth,densities=20k/30k;doses=0.67/1.0/1.47
12.0,1664.883989,1553.173634903256,false,joint_intracellular_platinum_pkpd,shared,A2780Naive,30k,1.0,IC50,0.5,baranyi_theta_logistic_growth,densities=20k/30k;doses=0.67/1.0/1.47
13.0,1869.5183256666667,1527.1728908971572,false,joint_intracellular_platinum_pkpd,shared,A2780Naive,30k,1.0,IC50,0.5,baranyi_theta_logistic_growth,densities=20k/30k;doses=0.67/1.0/1.47
14.0,2521.7536263333336,1508.6812126716798,false,joint_intracellular_platinum_pkpd,shared,A2780Naive,30k,1.0,IC50,0.5,baranyi_theta_logistic_growth,densities=20k/30k;doses=0.67/1.0/1.47
0.0,100.0,100.0,true,joint_intracellular_platinum_pkpd,shared,A2780Naive,30k,1.47,IC75,0.75,baranyi_theta_logistic_growth,densities=20k/30k;doses=0.67/1.0/1.47
1.0,683.0949846666667,184.4814971837744,false,joint_intracellular_platinum_pkpd,shared,A2780Naive,30k,1.47,IC75,0.75,baranyi_theta_logistic_growth,densities=20k/30k;doses=0.67/1.0/1.47
2.0,962.59946,434.6102596800897,false,joint_intracellular_platinum_pkpd,shared,A2780Naive,30k,1.47,IC75,0.75,baranyi_theta_logistic_growth,densities=20k/30k;doses=0.67/1.0/1.47
3.0,1293.4153163333333,790.0445533043821,false,joint_intracellular_platinum_pkpd,shared,A2780Naive,30k,1.47,IC75,0.75,baranyi_theta_logistic_growth,densities=20k/30k;doses=0.67/1.0/1.47
4.0,1242.3761956666667,970.0009767255086,false,joint_intracellular_platinum_pkpd,shared,A2780Naive,30k,1.47,IC75,0.75,baranyi_theta_logistic_growth,densities=20k/30k;doses=0.67/1.0/1.47
5.0,1196.6721066666667,898.8051000544112,false,joint_intracellular_platinum_pkpd,shared,A2780Naive,30k,1.47,IC75,0.75,baranyi_theta_logistic_growth,densities=20k/30k;doses=0.67/1.0/1.47
6.0,1151.6981093333334,722.7954534381922,false,joint_intracellular_platinum_pkpd,shared,A2780Naive,30k,1.47,IC75,0.75,baranyi_theta_logistic_growth,densities=20k/30k;doses=0.67/1.0/1.47
7.0,908.6366510000001,554.0872484233927,false,joint_intracellular_platinum_pkpd,shared,A2780Naive,30k,1.47,IC75,0.75,baranyi_theta_logistic_growth,densities=20k/30k;doses=0.67/1.0/1.47
8.0,684.2957563333333,425.4916732450591,false,joint_intracellular_platinum_pkpd,shared,A2780Naive,30k,1.47,IC75,0.75,baranyi_theta_logistic_growth,densities=20k/30k;doses=0.67/1.0/1.47
9.0,451.471335,334.62945216313625,false,joint_intracellular_platinum_pkpd,shared,A2780Naive,30k,1.47,IC75,0.75,baranyi_theta_logistic_growth,densities=20k/30k;doses=0.67/1.0/1.47
10.0,351.6421293333333,271.55874389494323,false,joint_intracellular_platinum_pkpd,shared,A2780Naive,30k,1.47,IC75,0.75,baranyi_theta_logistic_growth,densities=20k/30k;doses=0.67/1.0/1.47
11.0,239.04888100000002,227.49545694534933,false,joint_intracellular_platinum_pkpd,shared,A2780Naive,30k,1.47,IC75,0.75,baranyi_theta_logistic_growth,densities=20k/30k;doses=0.67/1.0/1.47
12.0,153.48256166666667,196.21162552258934,false,joint_intracellular_platinum_pkpd,shared,A2780Naive,30k,1.47,IC75,0.75,baranyi_theta_logistic_growth,densities=20k/30k;doses=0.67/1.0/1.47
13.0,115.12735333333332,173.5730958543878,false,joint_intracellular_platinum_pkpd,shared,A2780Naive,30k,1.47,IC75,0.75,baranyi_theta_logistic_growth,densities=20k/30k;doses=0.67/1.0/1.47
14.0,60.396604999999994,156.87677320906695,false,joint_intracellular_platinum_pkpd,shared,A2780Naive,30k,1.47,IC75,0.75,baranyi_theta_logistic_growth,densities=20k/30k;doses=0.67/1.0/1.47
0.0,67.0,67.0,true,joint_time_decay_dose_scaled,shared,A2780Naive,20k,0.67,IC25,0.25,baranyi_theta_logistic_growth,densities=20k/30k;doses=0.67/1.0/1.47
1.0,305.18962200000004,98.53196443322011,false,joint_time_decay_dose_scaled,shared,A2780Naive,20k,0.67,IC25,0.25,baranyi_theta_logistic_growth,densities=20k/30k;doses=0.67/1.0/1.47
2.0,465.63738433333333,217.9901411088656,false,joint_time_decay_dose_scaled,shared,A2780Naive,20k,0.67,IC25,0.25,baranyi_theta_logistic_growth,densities=20k/30k;doses=0.67/1.0/1.47
3.0,790.214892,452.64850268947174,false,joint_time_decay_dose_scaled,shared,A2780Naive,20k,0.67,IC25,0.25,baranyi_theta_logistic_growth,densities=20k/30k;doses=0.67/1.0/1.47
4.0,880.948534,780.7866119143271,false,joint_time_decay_dose_scaled,shared,A2780Naive,20k,0.67,IC25,0.25,baranyi_theta_logistic_growth,densities=20k/30k;doses=0.67/1.0/1.47
5.0,1277.0010803333332,1136.294413847883,false,joint_time_decay_dose_scaled,shared,A2780Naive,20k,0.67,IC25,0.25,baranyi_theta_logistic_growth,densities=20k/30k;doses=0.67/1.0/1.47
6.0,1612.01223,1452.6771040139972,false,joint_time_decay_dose_scaled,shared,A2780Naive,20k,0.67,IC25,0.25,baranyi_theta_logistic_growth,densities=20k/30k;doses=0.67/1.0/1.47
7.0,2016.4244216666668,1696.8039605226909,false,joint_time_decay_dose_scaled,shared,A2780Naive,20k,0.67,IC25,0.25,baranyi_theta_logistic_growth,densities=20k/30k;doses=0.67/1.0/1.47
8.0,2081.411111,1867.73780275012,false,joint_time_decay_dose_scaled,shared,A2780Naive,20k,0.67,IC25,0.25,baranyi_theta_logistic_growth,densities=20k/30k;doses=0.67/1.0/1.47
9.0,2395.0547066666663,1980.1103413241703,false,joint_time_decay_dose_scaled,shared,A2780Naive,20k,0.67,IC25,0.25,baranyi_theta_logistic_growth,densities=20k/30k;doses=0.67/1.0/1.47
10.0,2537.1984183333334,2051.1167620744955,false,joint_time_decay_dose_scaled,shared,A2780Naive,20k,0.67,IC25,0.25,baranyi_theta_logistic_growth,densities=20k/30k;doses=0.67/1.0/1.47
11.0,3073.8874999999994,2094.905659858961,false,joint_time_decay_dose_scaled,shared,A2780Naive,20k,0.67,IC25,0.25,baranyi_theta_logistic_growth,densities=20k/30k;doses=0.67/1.0/1.47
12.0,3042.368325666667,2121.513975258251,false,joint_time_decay_dose_scaled,shared,A2780Naive,20k,0.67,IC25,0.25,baranyi_theta_logistic_growth,densities=20k/30k;doses=0.67/1.0/1.47
13.0,3537.7463733333334,2137.5394769433074,false,joint_time_decay_dose_scaled,shared,A2780Naive,20k,0.67,IC25,0.25,baranyi_theta_logistic_growth,densities=20k/30k;doses=0.67/1.0/1.47
14.0,3458.3808643333336,2147.1400008438777,false,joint_time_decay_dose_scaled,shared,A2780Naive,20k,0.67,IC25,0.25,baranyi_theta_logistic_growth,densities=20k/30k;doses=0.67/1.0/1.47
0.0,67.0,67.0,true,joint_time_decay_dose_scaled,shared,A2780Naive,20k,1.0,IC50,0.5,baranyi_theta_logistic_growth,densities=20k/30k;doses=0.67/1.0/1.47
1.0,164.83707566666666,82.99229834357607,false,joint_time_decay_dose_scaled,shared,A2780Naive,20k,1.0,IC50,0.5,baranyi_theta_logistic_growth,densities=20k/30k;doses=0.67/1.0/1.47
2.0,310.328588,160.65338892115585,false,joint_time_decay_dose_scaled,shared,A2780Naive,20k,1.0,IC50,0.5,baranyi_theta_logistic_growth,densities=20k/30k;doses=0.67/1.0/1.47
3.0,498.45925933333325,306.0398564688524,false,joint_time_decay_dose_scaled,shared,A2780Naive,20k,1.0,IC50,0.5,baranyi_theta_logistic_growth,densities=20k/30k;doses=0.67/1.0/1.47
4.0,690.7097223333334,505.0963104844036,false,joint_time_decay_dose_scaled,shared,A2780Naive,20k,1.0,IC50,0.5,baranyi_theta_logistic_growth,densities=20k/30k;doses=0.67/1.0/1.47
5.0,804.9089893333334,725.2067358158847,false,joint_time_decay_dose_scaled,shared,A2780Naive,20k,1.0,IC50,0.5,baranyi_theta_logistic_growth,densities=20k/30k;doses=0.67/1.0/1.47
6.0,1188.2886573333333,931.2512180290561,false,joint_time_decay_dose_scaled,shared,A2780Naive,20k,1.0,IC50,0.5,baranyi_theta_logistic_growth,densities=20k/30k;doses=0.67/1.0/1.47
7.0,1563.5381556666664,1101.247458608608,false,joint_time_decay_dose_scaled,shared,A2780Naive,20k,1.0,IC50,0.5,baranyi_theta_logistic_growth,densities=20k/30k;doses=0.67/1.0/1.47
8.0,1634.130247,1229.301484578697,false,joint_time_decay_dose_scaled,shared,A2780Naive,20k,1.0,IC50,0.5,baranyi_theta_logistic_growth,densities=20k/30k;doses=0.67/1.0/1.47
9.0,1556.192554,1319.8873832426955,false,joint_time_decay_dose_scaled,shared,A2780Naive,20k,1.0,IC50,0.5,baranyi_theta_logistic_growth,densities=20k/30k;doses=0.67/1.0/1.47
10.0,1522.992284,1381.3306918180763,false,joint_time_decay_dose_scaled,shared,A2780Naive,20k,1.0,IC50,0.5,baranyi_theta_logistic_growth,densities=20k/30k;doses=0.67/1.0/1.47
11.0,1608.247685333333,1421.8759956530957,false,joint_time_decay_dose_scaled,shared,A2780Naive,20k,1.0,IC50,0.5,baranyi_theta_logistic_growth,densities=20k/30k;doses=0.67/1.0/1.47
12.0,1500.9281636666667,1448.1604061483229,false,joint_time_decay_dose_scaled,shared,A2780Naive,20k,1.0,IC50,0.5,baranyi_theta_logistic_growth,densities=20k/30k;doses=0.67/1.0/1.47
13.0,2011.2254243333334,1465.007677484416,false,joint_time_decay_dose_scaled,shared,A2780Naive,20k,1.0,IC50,0.5,baranyi_theta_logistic_growth,densities=20k/30k;doses=0.67/1.0/1.47
14.0,2445.406712666667,1475.7285827899634,false,joint_time_decay_dose_scaled,shared,A2780Naive,20k,1.0,IC50,0.5,baranyi_theta_logistic_growth,densities=20k/30k;doses=0.67/1.0/1.47
0.0,67.0,67.0,true,joint_time_decay_dose_scaled,shared,A2780Naive,20k,1.47,IC75,0.75,baranyi_theta_logistic_growth,densities=20k/30k;doses=0.67/1.0/1.47
1.0,470.381366,64.9538913371511,false,joint_time_decay_dose_scaled,shared,A2780Naive,20k,1.47,IC75,0.75,baranyi_theta_logistic_growth,densities=20k/30k;doses=0.67/1.0/1.47
2.0,658.348264,103.3691201347351,false,joint_time_decay_dose_scaled,shared,A2780Naive,20k,1.47,IC75,0.75,baranyi_theta_logistic_growth,densities=20k/30k;doses=0.67/1.0/1.47
3.0,910.885918,171.74033689343716,false,joint_time_decay_dose_scaled,shared,A2780Naive,20k,1.47,IC75,0.75,baranyi_theta_logistic_growth,densities=20k/30k;doses=0.67/1.0/1.47
4.0,928.761304,260.80871556939275,false,joint_time_decay_dose_scaled,shared,A2780Naive,20k,1.47,IC75,0.75,baranyi_theta_logistic_growth,densities=20k/30k;doses=0.67/1.0/1.47
5.0,914.7665896666667,359.5018117021985,false,joint_time_decay_dose_scaled,shared,A2780Naive,20k,1.47,IC75,0.75,baranyi_theta_logistic_growth,densities=20k/30k;doses=0.67/1.0/1.47
6.0,867.7298226666667,456.2745179771308,false,joint_time_decay_dose_scaled,shared,A2780Naive,20k,1.47,IC75,0.75,baranyi_theta_logistic_growth,densities=20k/30k;doses=0.67/1.0/1.47
7.0,681.9129633333333,542.394922252894,false,joint_time_decay_dose_scaled,shared,A2780Naive,20k,1.47,IC75,0.75,baranyi_theta_logistic_growth,densities=20k/30k;doses=0.67/1.0/1.47
8.0,481.738503,613.4971348128415,false,joint_time_decay_dose_scaled,shared,A2780Naive,20k,1.47,IC75,0.75,baranyi_theta_logistic_growth,densities=20k/30k;doses=0.67/1.0/1.47
9.0,333.6756173333333,668.9923685176938,false,joint_time_decay_dose_scaled,shared,A2780Naive,20k,1.47,IC75,0.75,baranyi_theta_logistic_growth,densities=20k/30k;doses=0.67/1.0/1.47
10.0,232.34174399999998,710.5669626040118,false,joint_time_decay_dose_scaled,shared,A2780Naive,20k,1.47,IC75,0.75,baranyi_theta_logistic_growth,densities=20k/30k;doses=0.67/1.0/1.47
11.0,155.3204476666667,740.8136252159809,false,joint_time_decay_dose_scaled,shared,A2780Naive,20k,1.47,IC75,0.75,baranyi_theta_logistic_growth,densities=20k/30k;doses=0.67/1.0/1.47
12.0,103.907562,762.369527029012,false,joint_time_decay_dose_scaled,shared,A2780Naive,20k,1.47,IC75,0.75,baranyi_theta_logistic_growth,densities=20k/30k;doses=0.67/1.0/1.47
13.0,71.52523133333334,777.5124514606191,false,joint_time_decay_dose_scaled,shared,A2780Naive,20k,1.47,IC75,0.75,baranyi_theta_logistic_growth,densities=20k/30k;doses=0.67/1.0/1.47
14.0,36.60995366666666,788.0449791961006,false,joint_time_decay_dose_scaled,shared,A2780Naive,20k,1.47,IC75,0.75,baranyi_theta_logistic_growth,densities=20k/30k;doses=0.67/1.0/1.47
0.0,100.0,100.0,true,joint_time_decay_dose_scaled,shared,A2780Naive,30k,0.67,IC25,0.25,baranyi_theta_logistic_growth,densities=20k/30k;doses=0.67/1.0/1.47
1.0,507.5015816666667,130.42126369561666,false,joint_time_decay_dose_scaled,shared,A2780Naive,30k,0.67,IC25,0.25,baranyi_theta_logistic_growth,densities=20k/30k;doses=0.67/1.0/1.47
2.0,801.887693,244.7847709474616,false,joint_time_decay_dose_scaled,shared,A2780Naive,30k,0.67,IC25,0.25,baranyi_theta_logistic_growth,densities=20k/30k;doses=0.67/1.0/1.47
3.0,1336.278318,452.4926614235614,false,joint_time_decay_dose_scaled,shared,A2780Naive,30k,0.67,IC25,0.25,baranyi_theta_logistic_growth,densities=20k/30k;doses=0.67/1.0/1.47
4.0,1623.1049383333336,728.3835244163182,false,joint_time_decay_dose_scaled,shared,A2780Naive,30k,0.67,IC25,0.25,baranyi_theta_logistic_growth,densities=20k/30k;doses=0.67/1.0/1.47
5.0,2076.8491126666668,1024.0536151793694,false,joint_time_decay_dose_scaled,shared,A2780Naive,30k,0.67,IC25,0.25,baranyi_theta_logistic_growth,densities=20k/30k;doses=0.67/1.0/1.47
6.0,2482.367592666667,1293.216726966456,false,joint_time_decay_dose_scaled,shared,A2780Naive,30k,0.67,IC25,0.25,baranyi_theta_logistic_growth,densities=20k/30k;doses=0.67/1.0/1.47
7.0,2895.899845666667,1510.2688985486411,false,joint_time_decay_dose_scaled,shared,A2780Naive,30k,0.67,IC25,0.25,baranyi_theta_logistic_growth,densities=20k/30k;doses=0.67/1.0/1.47
8.0,2949.133024666667,1670.8591218737906,false,joint_time_decay_dose_scaled,shared,A2780Naive,30k,0.67,IC25,0.25,baranyi_theta_logistic_growth,densities=20k/30k;doses=0.67/1.0/1.47
9.0,3220.295872,1782.8941035460932,false,joint_time_decay_dose_scaled,shared,A2780Naive,30k,0.67,IC25,0.25,baranyi_theta_logistic_growth,densities=20k/30k;doses=0.67/1.0/1.47
10.0,2758.7708333333335,1858.068997546312,false,joint_time_decay_dose_scaled,shared,A2780Naive,30k,0.67,IC25,0.25,baranyi_theta_logistic_growth,densities=20k/30k;doses=0.67/1.0/1.47
11.0,3434.9652003333335,1907.2506843470662,false,joint_time_decay_dose_scaled,shared,A2780Naive,30k,0.67,IC25,0.25,baranyi_theta_logistic_growth,densities=20k/30k;doses=0.67/1.0/1.47
12.0,3115.501775,1938.909171893542,false,joint_time_decay_dose_scaled,shared,A2780Naive,30k,0.67,IC25,0.25,baranyi_theta_logistic_growth,densities=20k/30k;doses=0.67/1.0/1.47
13.0,3633.6489583333337,1959.0789193298144,false,joint_time_decay_dose_scaled,shared,A2780Naive,30k,0.67,IC25,0.25,baranyi_theta_logistic_growth,densities=20k/30k;doses=0.67/1.0/1.47
14.0,3423.783179,1971.8457040448245,false,joint_time_decay_dose_scaled,shared,A2780Naive,30k,0.67,IC25,0.25,baranyi_theta_logistic_growth,densities=20k/30k;doses=0.67/1.0/1.47
0.0,100.0,100.0,true,joint_time_decay_dose_scaled,shared,A2780Naive,30k,1.0,IC50,0.5,baranyi_theta_logistic_growth,densities=20k/30k;doses=0.67/1.0/1.47
1.0,277.1990353333333,109.82778835604398,false,joint_time_decay_dose_scaled,shared,A2780Naive,30k,1.0,IC50,0.5,baranyi_theta_logistic_growth,densities=20k/30k;doses=0.67/1.0/1.47
2.0,512.5472606666666,179.96412626467813,false,joint_time_decay_dose_scaled,shared,A2780Naive,30k,1.0,IC50,0.5,baranyi_theta_logistic_growth,densities=20k/30k;doses=0.67/1.0/1.47
3.0,810.4685956666666,303.51145466898316,false,joint_time_decay_dose_scaled,shared,A2780Naive,30k,1.0,IC50,0.5,baranyi_theta_logistic_growth,densities=20k/30k;doses=0.67/1.0/1.47
4.0,1072.5972223333333,463.3285135190649,false,joint_time_decay_dose_scaled,shared,A2780Naive,30k,1.0,IC50,0.5,baranyi_theta_logistic_growth,densities=20k/30k;doses=0.67/1.0/1.47
5.0,1220.3375386666667,636.1101424771613,false,joint_time_decay_dose_scaled,shared,A2780Naive,30k,1.0,IC50,0.5,baranyi_theta_logistic_growth,densities=20k/30k;doses=0.67/1.0/1.47
6.0,1524.2378856666667,799.5141904861706,false,joint_time_decay_dose_scaled,shared,A2780Naive,30k,1.0,IC50,0.5,baranyi_theta_logistic_growth,densities=20k/30k;doses=0.67/1.0/1.47
7.0,1784.3173613333336,938.9687878596753,false,joint_time_decay_dose_scaled,shared,A2780Naive,30k,1.0,IC50,0.5,baranyi_theta_logistic_growth,densities=20k/30k;doses=0.67/1.0/1.47
8.0,1754.768094,1049.1974931775023,false,joint_time_decay_dose_scaled,shared,A2780Naive,30k,1.0,IC50,0.5,baranyi_theta_logistic_growth,densities=20k/30k;doses=0.67/1.0/1.47
9.0,1630.9435183333335,1131.6238401767112,false,joint_time_decay_dose_scaled,shared,A2780Naive,30k,1.0,IC50,0.5,baranyi_theta_logistic_growth,densities=20k/30k;doses=0.67/1.0/1.47
10.0,1765.6959490000002,1190.898076179356,false,joint_time_decay_dose_scaled,shared,A2780Naive,30k,1.0,IC50,0.5,baranyi_theta_logistic_growth,densities=20k/30k;doses=0.67/1.0/1.47
11.0,1797.057716,1232.3877387758325,false,joint_time_decay_dose_scaled,shared,A2780Naive,30k,1.0,IC50,0.5,baranyi_theta_logistic_growth,densities=20k/30k;doses=0.67/1.0/1.47
12.0,1664.883989,1260.8994124751864,false,joint_time_decay_dose_scaled,shared,A2780Naive,30k,1.0,IC50,0.5,baranyi_theta_logistic_growth,densities=20k/30k;doses=0.67/1.0/1.47
13.0,1869.5183256666667,1280.2507516099063,false,joint_time_decay_dose_scaled,shared,A2780Naive,30k,1.0,IC50,0.5,baranyi_theta_logistic_growth,densities=20k/30k;doses=0.67/1.0/1.47
14.0,2521.7536263333336,1293.275852332342,false,joint_time_decay_dose_scaled,shared,A2780Naive,30k,1.0,IC50,0.5,baranyi_theta_logistic_growth,densities=20k/30k;doses=0.67/1.0/1.47
0.0,100.0,100.0,true,joint_time_decay_dose_scaled,shared,A2780Naive,30k,1.47,IC75,0.75,baranyi_theta_logistic_growth,densities=20k/30k;doses=0.67/1.0/1.47
1.0,683.0949846666667,85.93074356221362,false,joint_time_decay_dose_scaled,shared,A2780Naive,30k,1.47,IC75,0.75,baranyi_theta_logistic_growth,densities=20k/30k;doses=0.67/1.0/1.47
2.0,962.59946,115.42211745720891,false,joint_time_decay_dose_scaled,shared,A2780Naive,30k,1.47,IC75,0.75,baranyi_theta_logistic_growth,densities=20k/30k;doses=0.67/1.0/1.47
3.0,1293.4153163333333,168.52040107307226,false,joint_time_decay_dose_scaled,shared,A2780Naive,30k,1.47,IC75,0.75,baranyi_theta_logistic_growth,densities=20k/30k;doses=0.67/1.0/1.47
4.0,1242.3761956666667,233.76790120809,false,joint_time_decay_dose_scaled,shared,A2780Naive,30k,1.47,IC75,0.75,baranyi_theta_logistic_growth,densities=20k/30k;doses=0.67/1.0/1.47
5.0,1196.6721066666667,303.30053454752493,false,joint_time_decay_dose_scaled,shared,A2780Naive,30k,1.47,IC75,0.75,baranyi_theta_logistic_growth,densities=20k/30k;doses=0.67/1.0/1.47
6.0,1151.6981093333334,370.79307980701776,false,joint_time_decay_dose_scaled,shared,A2780Naive,30k,1.47,IC75,0.75,baranyi_theta_logistic_growth,densities=20k/30k;doses=0.67/1.0/1.47
7.0,908.6366510000001,431.73081591229857,false,joint_time_decay_dose_scaled,shared,A2780Naive,30k,1.47,IC75,0.75,baranyi_theta_logistic_growth,densities=20k/30k;doses=0.67/1.0/1.47
8.0,684.2957563333333,483.69305674308345,false,joint_time_decay_dose_scaled,shared,A2780Naive,30k,1.47,IC75,0.75,baranyi_theta_logistic_growth,densities=20k/30k;doses=0.67/1.0/1.47
9.0,451.471335,526.0741452434543,false,joint_time_decay_dose_scaled,shared,A2780Naive,30k,1.47,IC75,0.75,baranyi_theta_logistic_growth,densities=20k/30k;doses=0.67/1.0/1.47
10.0,351.6421293333333,559.4863341186436,false,joint_time_decay_dose_scaled,shared,A2780Naive,30k,1.47,IC75,0.75,baranyi_theta_logistic_growth,densities=20k/30k;doses=0.67/1.0/1.47
11.0,239.04888100000002,585.1637379349542,false,joint_time_decay_dose_scaled,shared,A2780Naive,30k,1.47,IC75,0.75,baranyi_theta_logistic_growth,densities=20k/30k;doses=0.67/1.0/1.47
12.0,153.48256166666667,604.5265311140346,false,joint_time_decay_dose_scaled,shared,A2780Naive,30k,1.47,IC75,0.75,baranyi_theta_logistic_growth,densities=20k/30k;doses=0.67/1.0/1.47
13.0,115.12735333333332,618.925572471457,false,joint_time_decay_dose_scaled,shared,A2780Naive,30k,1.47,IC75,0.75,baranyi_theta_logistic_growth,densities=20k/30k;doses=0.67/1.0/1.47
14.0,60.396604999999994,629.5249460532324,false,joint_time_decay_dose_scaled,shared,A2780Naive,30k,1.47,IC75,0.75,baranyi_theta_logistic_growth,densities=20k/30k;doses=0.67/1.0/1.47
0.0,67.0,67.0,true,joint_anchored_hill_kill,partial_5pct,A2780Naive,20k,0.67,IC25,0.25,baranyi_theta_logistic_growth,densities=20k/30k;doses=0.67/1.0/1.47
1.0,305.18962200000004,120.3607767181334,false,joint_anchored_hill_kill,partial_5pct,A2780Naive,20k,0.67,IC25,0.25,baranyi_theta_logistic_growth,densities=20k/30k;doses=0.67/1.0/1.47
2.0,465.63738433333333,309.89476049211913,false,joint_anchored_hill_kill,partial_5pct,A2780Naive,20k,0.67,IC25,0.25,baranyi_theta_logistic_growth,densities=20k/30k;doses=0.67/1.0/1.47
3.0,790.214892,704.030263869979,false,joint_anchored_hill_kill,partial_5pct,A2780Naive,20k,0.67,IC25,0.25,baranyi_theta_logistic_growth,densities=20k/30k;doses=0.67/1.0/1.47
4.0,880.948534,1260.111362531845,false,joint_anchored_hill_kill,partial_5pct,A2780Naive,20k,0.67,IC25,0.25,baranyi_theta_logistic_growth,densities=20k/30k;doses=0.67/1.0/1.47
5.0,1277.0010803333332,1837.6884272235354,false,joint_anchored_hill_kill,partial_5pct,A2780Naive,20k,0.67,IC25,0.25,baranyi_theta_logistic_growth,densities=20k/30k;doses=0.67/1.0/1.47
6.0,1612.01223,2314.9990370390315,false,joint_anchored_hill_kill,partial_5pct,A2780Naive,20k,0.67,IC25,0.25,baranyi_theta_logistic_growth,densities=20k/30k;doses=0.67/1.0/1.47
7.0,2016.4244216666668,2652.431952251229,false,joint_anchored_hill_kill,partial_5pct,A2780Naive,20k,0.67,IC25,0.25,baranyi_theta_logistic_growth,densities=20k/30k;doses=0.67/1.0/1.47
8.0,2081.411111,2868.493906801158,false,joint_anchored_hill_kill,partial_5pct,A2780Naive,20k,0.67,IC25,0.25,baranyi_theta_logistic_growth,densities=20k/30k;doses=0.67/1.0/1.47
9.0,2395.0547066666663,2998.8335826000607,false,joint_anchored_hill_kill,partial_5pct,A2780Naive,20k,0.67,IC25,0.25,baranyi_theta_logistic_growth,densities=20k/30k;doses=0.67/1.0/1.47
10.0,2537.1984183333334,3074.7756299370703,false,joint_anchored_hill_kill,partial_5pct,A2780Naive,20k,0.67,IC25,0.25,baranyi_theta_logistic_growth,densities=20k/30k;doses=0.67/1.0/1.47
11.0,3073.8874999999994,3118.1528350636045,false,joint_anchored_hill_kill,partial_5pct,A2780Naive,20k,0.67,IC25,0.25,baranyi_theta_logistic_growth,densities=20k/30k;doses=0.67/1.0/1.47
12.0,3042.368325666667,3142.652835092122,false,joint_anchored_hill_kill,partial_5pct,A2780Naive,20k,0.67,IC25,0.25,baranyi_theta_logistic_growth,densities=20k/30k;doses=0.67/1.0/1.47
13.0,3537.7463733333334,3156.4038134251346,false,joint_anchored_hill_kill,partial_5pct,A2780Naive,20k,0.67,IC25,0.25,baranyi_theta_logistic_growth,densities=20k/30k;doses=0.67/1.0/1.47
14.0,3458.3808643333336,3164.0945794964373,false,joint_anchored_hill_kill,partial_5pct,A2780Naive,20k,0.67,IC25,0.25,baranyi_theta_logistic_growth,densities=20k/30k;doses=0.67/1.0/1.47
0.0,67.0,67.0,true,joint_anchored_hill_kill,partial_5pct,A2780Naive,20k,1.0,IC50,0.5,baranyi_theta_logistic_growth,densities=20k/30k;doses=0.67/1.0/1.47
1.0,164.83707566666666,93.66664915997657,false,joint_anchored_hill_kill,partial_5pct,A2780Naive,20k,1.0,IC50,0.5,baranyi_theta_logistic_growth,densities=20k/30k;doses=0.67/1.0/1.47
2.0,310.328588,199.2832490653985,false,joint_anchored_hill_kill,partial_5pct,A2780Naive,20k,1.0,IC50,0.5,baranyi_theta_logistic_growth,densities=20k/30k;doses=0.67/1.0/1.47
3.0,498.45925933333325,403.7571178827393,false,joint_anchored_hill_kill,partial_5pct,A2780Naive,20k,1.0,IC50,0.5,baranyi_theta_logistic_growth,densities=20k/30k;doses=0.67/1.0/1.47
4.0,690.7097223333334,688.270355957298,false,joint_anchored_hill_kill,partial_5pct,A2780Naive,20k,1.0,IC50,0.5,baranyi_theta_logistic_growth,densities=20k/30k;doses=0.67/1.0/1.47
5.0,804.9089893333334,998.8653452561651,false,joint_anchored_hill_kill,partial_5pct,A2780Naive,20k,1.0,IC50,0.5,baranyi_theta_logistic_growth,densities=20k/30k;doses=0.67/1.0/1.47
6.0,1188.2886573333333,1279.8180964663673,false,joint_anchored_hill_kill,partial_5pct,A2780Naive,20k,1.0,IC50,0.5,baranyi_theta_logistic_growth,densities=20k/30k;doses=0.67/1.0/1.47
7.0,1563.5381556666664,1501.139602213402,false,joint_anchored_hill_kill,partial_5pct,A2780Naive,20k,1.0,IC50,0.5,baranyi_theta_logistic_growth,densities=20k/30k;doses=0.67/1.0/1.47
8.0,1634.130247,1659.5612752062068,false,joint_anchored_hill_kill,partial_5pct,A2780Naive,20k,1.0,IC50,0.5,baranyi_theta_logistic_growth,densities=20k/30k;doses=0.67/1.0/1.47
9.0,1556.192554,1766.0010813173826,false,joint_anchored_hill_kill,partial_5pct,A2780Naive,20k,1.0,IC50,0.5,baranyi_theta_logistic_growth,densities=20k/30k;doses=0.67/1.0/1.47
10.0,1522.992284,1834.6756016503095,false,joint_anchored_hill_kill,partial_5pct,A2780Naive,20k,1.0,IC50,0.5,baranyi_theta_logistic_growth,densities=20k/30k;doses=0.67/1.0/1.47
11.0,1608.247685333333,1877.8738461624835,false,joint_anchored_hill_kill,partial_5pct,A2780Naive,20k,1.0,IC50,0.5,baranyi_theta_logistic_growth,densities=20k/30k;doses=0.67/1.0/1.47
12.0,1500.9281636666667,1904.6241318610585,false,joint_anchored_hill_kill,partial_5pct,A2780Naive,20k,1.0,IC50,0.5,baranyi_theta_logistic_growth,densities=20k/30k;doses=0.67/1.0/1.47
13.0,2011.2254243333334,1921.0308162115803,false,joint_anchored_hill_kill,partial_5pct,A2780Naive,20k,1.0,IC50,0.5,baranyi_theta_logistic_growth,densities=20k/30k;doses=0.67/1.0/1.47
14.0,2445.406712666667,1931.0347872373973,false,joint_anchored_hill_kill,partial_5pct,A2780Naive,20k,1.0,IC50,0.5,baranyi_theta_logistic_growth,densities=20k/30k;doses=0.67/1.0/1.47
0.0,67.0,67.0,true,joint_anchored_hill_kill,partial_5pct,A2780Naive,20k,1.47,IC75,0.75,baranyi_theta_logistic_growth,densities=20k/30k;doses=0.67/1.0/1.47
1.0,470.381366,56.1292878447935,false,joint_anchored_hill_kill,partial_5pct,A2780Naive,20k,1.47,IC75,0.75,baranyi_theta_logistic_growth,densities=20k/30k;doses=0.67/1.0/1.47
2.0,658.348264,79.2733006939734,false,joint_anchored_hill_kill,partial_5pct,A2780Naive,20k,1.47,IC75,0.75,baranyi_theta_logistic_growth,densities=20k/30k;doses=0.67/1.0/1.47
3.0,910.885918,120.52733830109094,false,joint_anchored_hill_kill,partial_5pct,A2780Naive,20k,1.47,IC75,0.75,baranyi_theta_logistic_growth,densities=20k/30k;doses=0.67/1.0/1.47
4.0,928.761304,172.24947615853787,false,joint_anchored_hill_kill,partial_5pct,A2780Naive,20k,1.47,IC75,0.75,baranyi_theta_logistic_growth,densities=20k/30k;doses=0.67/1.0/1.47
5.0,914.7665896666667,228.74804155118233,false,joint_anchored_hill_kill,partial_5pct,A2780Naive,20k,1.47,IC75,0.75,baranyi_theta_logistic_growth,densities=20k/30k;doses=0.67/1.0/1.47
6.0,867.7298226666667,284.76321926340364,false,joint_anchored_hill_kill,partial_5pct,A2780Naive,20k,1.47,IC75,0.75,baranyi_theta_logistic_growth,densities=20k/30k;doses=0.67/1.0/1.47
7.0,681.9129633333333,336.1499101106245,false,joint_anchored_hill_kill,partial_5pct,A2780Naive,20k,1.47,IC75,0.75,baranyi_theta_logistic_growth,densities=20k/30k;doses=0.67/1.0/1.47
8.0,481.738503,380.4505561718932,false,joint_anchored_hill_kill,partial_5pct,A2780Naive,20k,1.47,IC75,0.75,baranyi_theta_logistic_growth,densities=20k/30k;doses=0.67/1.0/1.47
9.0,333.6756173333333,416.8306382183589,false,joint_anchored_hill_kill,partial_5pct,A2780Naive,20k,1.47,IC75,0.75,baranyi_theta_logistic_growth,densities=20k/30k;doses=0.67/1.0/1.47
10.0,232.34174399999998,445.61603212843744,false,joint_anchored_hill_kill,partial_5pct,A2780Naive,20k,1.47,IC75,0.75,baranyi_theta_logistic_growth,densities=20k/30k;doses=0.67/1.0/1.47
11.0,155.3204476666667,467.76480555043,false,joint_anchored_hill_kill,partial_5pct,A2780Naive,20k,1.47,IC75,0.75,baranyi_theta_logistic_growth,densities=20k/30k;doses=0.67/1.0/1.47
12.0,103.907562,484.4578985887662,false,joint_anchored_hill_kill,partial_5pct,A2780Naive,20k,1.47,IC75,0.75,baranyi_theta_logistic_growth,densities=20k/30k;doses=0.67/1.0/1.47
13.0,71.52523133333334,496.849553352444,false,joint_anchored_hill_kill,partial_5pct,A2780Naive,20k,1.47,IC75,0.75,baranyi_theta_logistic_growth,densities=20k/30k;doses=0.67/1.0/1.47
14.0,36.60995366666666,505.947031986302,false,joint_anchored_hill_kill,partial_5pct,A2780Naive,20k,1.47,IC75,0.75,baranyi_theta_logistic_growth,densities=20k/30k;doses=0.67/1.0/1.47
0.0,100.0,100.0,true,joint_anchored_hill_kill,partial_5pct,A2780Naive,30k,0.67,IC25,0.25,baranyi_theta_logistic_growth,densities=20k/30k;doses=0.67/1.0/1.47
1.0,507.5015816666667,161.55894651676837,false,joint_anchored_hill_kill,partial_5pct,A2780Naive,30k,0.67,IC25,0.25,baranyi_theta_logistic_growth,densities=20k/30k;doses=0.67/1.0/1.47
2.0,801.887693,357.55406986778553,false,joint_anchored_hill_kill,partial_5pct,A2780Naive,30k,0.67,IC25,0.25,baranyi_theta_logistic_growth,densities=20k/30k;doses=0.67/1.0/1.47
3.0,1336.278318,732.5660197107275,false,joint_anchored_hill_kill,partial_5pct,A2780Naive,30k,0.67,IC25,0.25,baranyi_theta_logistic_growth,densities=20k/30k;doses=0.67/1.0/1.47
4.0,1623.1049383333336,1239.4943695404418,false,joint_anchored_hill_kill,partial_5pct,A2780Naive,30k,0.67,IC25,0.25,baranyi_theta_logistic_growth,densities=20k/30k;doses=0.67/1.0/1.47
5.0,2076.8491126666668,1765.6498292678555,false,joint_anchored_hill_kill,partial_5pct,A2780Naive,30k,0.67,IC25,0.25,baranyi_theta_logistic_growth,densities=20k/30k;doses=0.67/1.0/1.47
6.0,2482.367592666667,2213.6848405478718,false,joint_anchored_hill_kill,partial_5pct,A2780Naive,30k,0.67,IC25,0.25,baranyi_theta_logistic_growth,densities=20k/30k;doses=0.67/1.0/1.47
7.0,2895.899845666667,2545.6213528996377,false,joint_anchored_hill_kill,partial_5pct,A2780Naive,30k,0.67,IC25,0.25,baranyi_theta_logistic_growth,densities=20k/30k;doses=0.67/1.0/1.47
8.0,2949.133024666667,2769.912023830893,false,joint_anchored_hill_kill,partial_5pct,A2780Naive,30k,0.67,IC25,0.25,baranyi_theta_logistic_growth,densities=20k/30k;doses=0.67/1.0/1.47
9.0,3220.295872,2912.900103734355,false,joint_anchored_hill_kill,partial_5pct,A2780Naive,30k,0.67,IC25,0.25,baranyi_theta_logistic_growth,densities=20k/30k;doses=0.67/1.0/1.47
10.0,2758.7708333333335,3000.8636233137445,false,joint_anchored_hill_kill,partial_5pct,A2780Naive,30k,0.67,IC25,0.25,baranyi_theta_logistic_growth,densities=20k/30k;doses=0.67/1.0/1.47
11.0,3434.9652003333335,3053.829556542441,false,joint_anchored_hill_kill,partial_5pct,A2780Naive,30k,0.67,IC25,0.25,baranyi_theta_logistic_growth,densities=20k/30k;doses=0.67/1.0/1.47
12.0,3115.501775,3085.3187135820244,false,joint_anchored_hill_kill,partial_5pct,A2780Naive,30k,0.67,IC25,0.25,baranyi_theta_logistic_growth,densities=20k/30k;doses=0.67/1.0/1.47
13.0,3633.6489583333337,3103.899490367967,false,joint_anchored_hill_kill,partial_5pct,A2780Naive,30k,0.67,IC25,0.25,baranyi_theta_logistic_growth,densities=20k/30k;doses=0.67/1.0/1.47
14.0,3423.783179,3114.8151692797564,false,joint_anchored_hill_kill,partial_5pct,A2780Naive,30k,0.67,IC25,0.25,baranyi_theta_logistic_growth,densities=20k/30k;doses=0.67/1.0/1.47
0.0,100.0,100.0,true,joint_anchored_hill_kill,partial_5pct,A2780Naive,30k,1.0,IC50,0.5,baranyi_theta_logistic_growth,densities=20k/30k;doses=0.67/1.0/1.47
1.0,277.1990353333333,128.66299770878626,false,joint_anchored_hill_kill,partial_5pct,A2780Naive,30k,1.0,IC50,0.5,baranyi_theta_logistic_growth,densities=20k/30k;doses=0.67/1.0/1.47
2.0,512.5472606666666,238.93530921333442,false,joint_anchored_hill_kill,partial_5pct,A2780Naive,30k,1.0,IC50,0.5,baranyi_theta_logistic_growth,densities=20k/30k;doses=0.67/1.0/1.47
3.0,810.4685956666666,438.6186189812961,false,joint_anchored_hill_kill,partial_5pct,A2780Naive,30k,1.0,IC50,0.5,baranyi_theta_logistic_growth,densities=20k/30k;doses=0.67/1.0/1.47
4.0,1072.5972223333333,703.3965568463259,false,joint_anchored_hill_kill,partial_5pct,A2780Naive,30k,1.0,IC50,0.5,baranyi_theta_logistic_growth,densities=20k/30k;doses=0.67/1.0/1.47
5.0,1220.3375386666667,987.5125710834753,false,joint_anchored_hill_kill,partial_5pct,A2780Naive,30k,1.0,IC50,0.5,baranyi_theta_logistic_growth,densities=20k/30k;doses=0.67/1.0/1.47
6.0,1524.2378856666667,1247.077424442974,false,joint_anchored_hill_kill,partial_5pct,A2780Naive,30k,1.0,IC50,0.5,baranyi_theta_logistic_growth,densities=20k/30k;doses=0.67/1.0/1.47
7.0,1784.3173613333336,1457.4174254817324,false,joint_anchored_hill_kill,partial_5pct,A2780Naive,30k,1.0,IC50,0.5,baranyi_theta_logistic_growth,densities=20k/30k;doses=0.67/1.0/1.47
8.0,1754.768094,1613.898887098775,false,joint_anchored_hill_kill,partial_5pct,A2780Naive,30k,1.0,IC50,0.5,baranyi_theta_logistic_growth,densities=20k/30k;doses=0.67/1.0/1.47
9.0,1630.9435183333335,1723.6831045258873,false,joint_anchored_hill_kill,partial_5pct,A2780Naive,30k,1.0,IC50,0.5,baranyi_theta_logistic_growth,densities=20k/30k;doses=0.67/1.0/1.47
10.0,1765.6959490000002,1797.75544343572,false,joint_anchored_hill_kill,partial_5pct,A2780Naive,30k,1.0,IC50,0.5,baranyi_theta_logistic_growth,densities=20k/30k;doses=0.67/1.0/1.47
11.0,1797.057716,1846.4746105340473,false,joint_anchored_hill_kill,partial_5pct,A2780Naive,30k,1.0,IC50,0.5,baranyi_theta_logistic_growth,densities=20k/30k;doses=0.67/1.0/1.47
12.0,1664.883989,1877.9964614477328,false,joint_anchored_hill_kill,partial_5pct,A2780Naive,30k,1.0,IC50,0.5,baranyi_theta_logistic_growth,densities=20k/30k;doses=0.67/1.0/1.47
13.0,1869.5183256666667,1898.1787101781406,false,joint_anchored_hill_kill,partial_5pct,A2780Naive,30k,1.0,IC50,0.5,baranyi_theta_logistic_growth,densities=20k/30k;doses=0.67/1.0/1.47
14.0,2521.7536263333336,1911.0148856585731,false,joint_anchored_hill_kill,partial_5pct,A2780Naive,30k,1.0,IC50,0.5,baranyi_theta_logistic_growth,densities=20k/30k;doses=0.67/1.0/1.47
0.0,100.0,100.0,true,joint_anchored_hill_kill,partial_5pct,A2780Naive,30k,1.47,IC75,0.75,baranyi_theta_logistic_growth,densities=20k/30k;doses=0.67/1.0/1.47
1.0,683.0949846666667,80.8405606028825,false,joint_anchored_hill_kill,partial_5pct,A2780Naive,30k,1.47,IC75,0.75,baranyi_theta_logistic_growth,densities=20k/30k;doses=0.67/1.0/1.47
2.0,962.59946,103.25631445094854,false,joint_anchored_hill_kill,partial_5pct,A2780Naive,30k,1.47,IC75,0.75,baranyi_theta_logistic_growth,densities=20k/30k;doses=0.67/1.0/1.47
3.0,1293.4153163333333,145.11197990072688,false,joint_anchored_hill_kill,partial_5pct,A2780Naive,30k,1.47,IC75,0.75,baranyi_theta_logistic_growth,densities=20k/30k;doses=0.67/1.0/1.47
4.0,1242.3761956666667,195.8536211781405,false,joint_anchored_hill_kill,partial_5pct,A2780Naive,30k,1.47,IC75,0.75,baranyi_theta_logistic_growth,densities=20k/30k;doses=0.67/1.0/1.47
5.0,1196.6721066666667,249.4785547688956,false,joint_anchored_hill_kill,partial_5pct,A2780Naive,30k,1.47,IC75,0.75,baranyi_theta_logistic_growth,densities=20k/30k;doses=0.67/1.0/1.47
6.0,1151.6981093333334,301.5729015400489,false,joint_anchored_hill_kill,partial_5pct,A2780Naive,30k,1.47,IC75,0.75,baranyi_theta_logistic_growth,densities=20k/30k;doses=0.67/1.0/1.47
7.0,908.6366510000001,349.01317167993255,false,joint_anchored_hill_kill,partial_5pct,A2780Naive,30k,1.47,IC75,0.75,baranyi_theta_logistic_growth,densities=20k/30k;doses=0.67/1.0/1.47
8.0,684.2957563333333,390.046027084083,false,joint_anchored_hill_kill,partial_5pct,A2780Naive,30k,1.47,IC75,0.75,baranyi_theta_logistic_growth,densities=20k/30k;doses=0.67/1.0/1.47
9.0,451.471335,424.1211936514978,false,joint_anchored_hill_kill,partial_5pct,A2780Naive,30k,1.47,IC75,0.75,baranyi_theta_logistic_growth,densities=20k/30k;doses=0.67/1.0/1.47
10.0,351.6421293333333,451.5366727534665,false,joint_anchored_hill_kill,partial_5pct,A2780Naive,30k,1.47,IC75,0.75,baranyi_theta_logistic_growth,densities=20k/30k;doses=0.67/1.0/1.47
11.0,239.04888100000002,473.06527775942635,false,joint_anchored_hill_kill,partial_5pct,A2780Naive,30k,1.47,IC75,0.75,baranyi_theta_logistic_growth,densities=20k/30k;doses=0.67/1.0/1.47
12.0,153.48256166666667,489.6631698218821,false,joint_anchored_hill_kill,partial_5pct,A2780Naive,30k,1.47,IC75,0.75,baranyi_theta_logistic_growth,densities=20k/30k;doses=0.67/1.0/1.47
13.0,115.12735333333332,502.28425425543077,false,joint_anchored_hill_kill,partial_5pct,A2780Naive,30k,1.47,IC75,0.75,baranyi_theta_logistic_growth,densities=20k/30k;doses=0.67/1.0/1.47
14.0,60.396604999999994,511.7831140415567,false,joint_anchored_hill_kill,partial_5pct,A2780Naive,30k,1.47,IC75,0.75,baranyi_theta_logistic_growth,densities=20k/30k;doses=0.67/1.0/1.47
0.0,67.0,67.0,true,joint_anchored_linear_kill,partial_5pct,A2780Naive,20k,0.67,IC25,0.25,baranyi_theta_logistic_growth,densities=20k/30k;doses=0.67/1.0/1.47
1.0,305.18962200000004,97.38145476659138,false,joint_anchored_linear_kill,partial_5pct,A2780Naive,20k,0.67,IC25,0.25,baranyi_theta_logistic_growth,densities=20k/30k;doses=0.67/1.0/1.47
2.0,465.63738433333333,213.5058265783535,false,joint_anchored_linear_kill,partial_5pct,A2780Naive,20k,0.67,IC25,0.25,baranyi_theta_logistic_growth,densities=20k/30k;doses=0.67/1.0/1.47
3.0,790.214892,440.8451346019785,false,joint_anchored_linear_kill,partial_5pct,A2780Naive,20k,0.67,IC25,0.25,baranyi_theta_logistic_growth,densities=20k/30k;doses=0.67/1.0/1.47
4.0,880.948534,758.4131940192257,false,joint_anchored_linear_kill,partial_5pct,A2780Naive,20k,0.67,IC25,0.25,baranyi_theta_logistic_growth,densities=20k/30k;doses=0.67/1.0/1.47
5.0,1277.0010803333332,1103.115615624949,false,joint_anchored_linear_kill,partial_5pct,A2780Naive,20k,0.67,IC25,0.25,baranyi_theta_logistic_growth,densities=20k/30k;doses=0.67/1.0/1.47
6.0,1612.01223,1411.0731850889451,false,joint_anchored_linear_kill,partial_5pct,A2780Naive,20k,0.67,IC25,0.25,baranyi_theta_logistic_growth,densities=20k/30k;doses=0.67/1.0/1.47
7.0,2016.4244216666668,1649.857245690489,false,joint_anchored_linear_kill,partial_5pct,A2780Naive,20k,0.67,IC25,0.25,baranyi_theta_logistic_growth,densities=20k/30k;doses=0.67/1.0/1.47
8.0,2081.411111,1817.9124698736061,false,joint_anchored_linear_kill,partial_5pct,A2780Naive,20k,0.67,IC25,0.25,baranyi_theta_logistic_growth,densities=20k/30k;doses=0.67/1.0/1.47
9.0,2395.0547066666663,1928.952602129317,false,joint_anchored_linear_kill,partial_5pct,A2780Naive,20k,0.67,IC25,0.25,baranyi_theta_logistic_growth,densities=20k/30k;doses=0.67/1.0/1.47
10.0,2537.1984183333334,1999.4566242480992,false,joint_anchored_linear_kill,partial_5pct,A2780Naive,20k,0.67,IC25,0.25,baranyi_theta_logistic_growth,densities=20k/30k;doses=0.67/1.0/1.47
11.0,3073.8874999999994,2043.1353459939664,false,joint_anchored_linear_kill,partial_5pct,A2780Naive,20k,0.67,IC25,0.25,baranyi_theta_logistic_growth,densities=20k/30k;doses=0.67/1.0/1.47
12.0,3042.368325666667,2069.792932707086,false,joint_anchored_linear_kill,partial_5pct,A2780Naive,20k,0.67,IC25,0.25,baranyi_theta_logistic_growth,densities=20k/30k;doses=0.67/1.0/1.47
13.0,3537.7463733333334,2085.9157578377703,false,joint_anchored_linear_kill,partial_5pct,A2780Naive,20k,0.67,IC25,0.25,baranyi_theta_logistic_growth,densities=20k/30k;doses=0.67/1.0/1.47
14.0,3458.3808643333336,2095.6141261385624,false,joint_anchored_linear_kill,partial_5pct,A2780Naive,20k,0.67,IC25,0.25,baranyi_theta_logistic_growth,densities=20k/30k;doses=0.67/1.0/1.47
0.0,67.0,67.0,true,joint_anchored_linear_kill,partial_5pct,A2780Naive,20k,1.0,IC50,0.5,baranyi_theta_logistic_growth,densities=20k/30k;doses=0.67/1.0/1.47
1.0,164.83707566666666,81.54697732772449,false,joint_anchored_linear_kill,partial_5pct,A2780Naive,20k,1.0,IC50,0.5,baranyi_theta_logistic_growth,densities=20k/30k;doses=0.67/1.0/1.47
2.0,310.328588,155.68516531448182,false,joint_anchored_linear_kill,partial_5pct,A2780Naive,20k,1.0,IC50,0.5,baranyi_theta_logistic_growth,densities=20k/30k;doses=0.67/1.0/1.47
3.0,498.45925933333325,293.83601472953603,false,joint_anchored_linear_kill,partial_5pct,A2780Naive,20k,1.0,IC50,0.5,baranyi_theta_logistic_growth,densities=20k/30k;doses=0.67/1.0/1.47
4.0,690.7097223333334,482.4506755678418,false,joint_anchored_linear_kill,partial_5pct,A2780Naive,20k,1.0,IC50,0.5,baranyi_theta_logistic_growth,densities=20k/30k;doses=0.67/1.0/1.47
5.0,804.9089893333334,691.2706066633198,false,joint_anchored_linear_kill,partial_5pct,A2780Naive,20k,1.0,IC50,0.5,baranyi_theta_logistic_growth,densities=20k/30k;doses=0.67/1.0/1.47
6.0,1188.2886573333333,887.606528741433,false,joint_anchored_linear_kill,partial_5pct,A2780Naive,20k,1.0,IC50,0.5,baranyi_theta_logistic_growth,densities=20k/30k;doses=0.67/1.0/1.47
7.0,1563.5381556666664,1050.615027178382,false,joint_anchored_linear_kill,partial_5pct,A2780Naive,20k,1.0,IC50,0.5,baranyi_theta_logistic_growth,densities=20k/30k;doses=0.67/1.0/1.47
8.0,1634.130247,1174.2880696255258,false,joint_anchored_linear_kill,partial_5pct,A2780Naive,20k,1.0,IC50,0.5,baranyi_theta_logistic_growth,densities=20k/30k;doses=0.67/1.0/1.47
9.0,1556.192554,1262.4229696485625,false,joint_anchored_linear_kill,partial_5pct,A2780Naive,20k,1.0,IC50,0.5,baranyi_theta_logistic_growth,densities=20k/30k;doses=0.67/1.0/1.47
10.0,1522.992284,1322.6392980117532,false,joint_anchored_linear_kill,partial_5pct,A2780Naive,20k,1.0,IC50,0.5,baranyi_theta_logistic_growth,densities=20k/30k;doses=0.67/1.0/1.47
11.0,1608.247685333333,1362.6541194434005,false,joint_anchored_linear_kill,partial_5pct,A2780Naive,20k,1.0,IC50,0.5,baranyi_theta_logistic_growth,densities=20k/30k;doses=0.67/1.0/1.47
12.0,1500.9281636666667,1388.7695885041262,false,joint_anchored_linear_kill,partial_5pct,A2780Naive,20k,1.0,IC50,0.5,baranyi_theta_logistic_growth,densities=20k/30k;doses=0.67/1.0/1.47
13.0,2011.2254243333334,1405.6172543745436,false,joint_anchored_linear_kill,partial_5pct,A2780Naive,20k,1.0,IC50,0.5,baranyi_theta_logistic_growth,densities=20k/30k;doses=0.67/1.0/1.47
14.0,2445.406712666667,1416.4058247593875,false,joint_anchored_linear_kill,partial_5pct,A2780Naive,20k,1.0,IC50,0.5,baranyi_theta_logistic_growth,densities=20k/30k;doses=0.67/1.0/1.47
0.0,67.0,67.0,true,joint_anchored_linear_kill,partial_5pct,A2780Naive,20k,1.47,IC75,0.75,baranyi_theta_logistic_growth,densities=20k/30k;doses=0.67/1.0/1.47
1.0,470.381366,63.29303144315612,false,joint_anchored_linear_kill,partial_5pct,A2780Naive,20k,1.47,IC75,0.75,baranyi_theta_logistic_growth,densities=20k/30k;doses=0.67/1.0/1.47
2.0,658.348264,98.62915310500466,false,joint_anchored_linear_kill,partial_5pct,A2780Naive,20k,1.47,IC75,0.75,baranyi_theta_logistic_growth,densities=20k/30k;doses=0.67/1.0/1.47
3.0,910.885918,161.36823349854023,false,joint_anchored_linear_kill,partial_5pct,A2780Naive,20k,1.47,IC75,0.75,baranyi_theta_logistic_growth,densities=20k/30k;doses=0.67/1.0/1.47
4.0,928.761304,242.57676049666193,false,joint_anchored_linear_kill,partial_5pct,A2780Naive,20k,1.47,IC75,0.75,baranyi_theta_logistic_growth,densities=20k/30k;doses=0.67/1.0/1.47
5.0,914.7665896666667,332.40871185054505,false,joint_anchored_linear_kill,partial_5pct,A2780Naive,20k,1.47,IC75,0.75,baranyi_theta_logistic_growth,densities=20k/30k;doses=0.67/1.0/1.47
6.0,867.7298226666667,420.74958103456925,false,joint_anchored_linear_kill,partial_5pct,A2780Naive,20k,1.47,IC75,0.75,baranyi_theta_logistic_growth,densities=20k/30k;doses=0.67/1.0/1.47
7.0,681.9129633333333,499.8617029164363,false,joint_anchored_linear_kill,partial_5pct,A2780Naive,20k,1.47,IC75,0.75,baranyi_theta_logistic_growth,densities=20k/30k;doses=0.67/1.0/1.47
8.0,481.738503,565.7295822854003,false,joint_anchored_linear_kill,partial_5pct,A2780Naive,20k,1.47,IC75,0.75,baranyi_theta_logistic_growth,densities=20k/30k;doses=0.67/1.0/1.47
9.0,333.6756173333333,617.6337923080703,false,joint_anchored_linear_kill,partial_5pct,A2780Naive,20k,1.47,IC75,0.75,baranyi_theta_logistic_growth,densities=20k/30k;doses=0.67/1.0/1.47
10.0,232.34174399999998,656.9114262520666,false,joint_anchored_linear_kill,partial_5pct,A2780Naive,20k,1.47,IC75,0.75,baranyi_theta_logistic_growth,densities=20k/30k;doses=0.67/1.0/1.47
11.0,155.3204476666667,685.7785765176519,false,joint_anchored_linear_kill,partial_5pct,A2780Naive,20k,1.47,IC75,0.75,baranyi_theta_logistic_growth,densities=20k/30k;doses=0.67/1.0/1.47
12.0,103.907562,706.5586420153447,false,joint_anchored_linear_kill,partial_5pct,A2780Naive,20k,1.47,IC75,0.75,baranyi_theta_logistic_growth,densities=20k/30k;doses=0.67/1.0/1.47
13.0,71.52523133333334,721.3003844630398,false,joint_anchored_linear_kill,partial_5pct,A2780Naive,20k,1.47,IC75,0.75,baranyi_theta_logistic_growth,densities=20k/30k;doses=0.67/1.0/1.47
14.0,36.60995366666666,731.652374479364,false,joint_anchored_linear_kill,partial_5pct,A2780Naive,20k,1.47,IC75,0.75,baranyi_theta_logistic_growth,densities=20k/30k;doses=0.67/1.0/1.47
0.0,100.0,100.0,true,joint_anchored_linear_kill,partial_5pct,A2780Naive,30k,0.67,IC25,0.25,baranyi_theta_logistic_growth,densities=20k/30k;doses=0.67/1.0/1.47
1.0,507.5015816666667,133.28706681693342,false,joint_anchored_linear_kill,partial_5pct,A2780Naive,30k,0.67,IC25,0.25,baranyi_theta_logistic_growth,densities=20k/30k;doses=0.67/1.0/1.47
2.0,801.887693,254.44141424172213,false,joint_anchored_linear_kill,partial_5pct,A2780Naive,30k,0.67,IC25,0.25,baranyi_theta_logistic_growth,densities=20k/30k;doses=0.67/1.0/1.47
3.0,1336.278318,475.56056871302184,false,joint_anchored_linear_kill,partial_5pct,A2780Naive,30k,0.67,IC25,0.25,baranyi_theta_logistic_growth,densities=20k/30k;doses=0.67/1.0/1.47
4.0,1623.1049383333336,770.0300164881796,false,joint_anchored_linear_kill,partial_5pct,A2780Naive,30k,0.67,IC25,0.25,baranyi_theta_logistic_growth,densities=20k/30k;doses=0.67/1.0/1.47
5.0,2076.8491126666668,1084.916296807063,false,joint_anchored_linear_kill,partial_5pct,A2780Naive,30k,0.67,IC25,0.25,baranyi_theta_logistic_growth,densities=20k/30k;doses=0.67/1.0/1.47
6.0,2482.367592666667,1369.8958063720706,false,joint_anchored_linear_kill,partial_5pct,A2780Naive,30k,0.67,IC25,0.25,baranyi_theta_logistic_growth,densities=20k/30k;doses=0.67/1.0/1.47
7.0,2895.899845666667,1597.8762040935471,false,joint_anchored_linear_kill,partial_5pct,A2780Naive,30k,0.67,IC25,0.25,baranyi_theta_logistic_growth,densities=20k/30k;doses=0.67/1.0/1.47
8.0,2949.133024666667,1765.0610155303575,false,joint_anchored_linear_kill,partial_5pct,A2780Naive,30k,0.67,IC25,0.25,baranyi_theta_logistic_growth,densities=20k/30k;doses=0.67/1.0/1.47
9.0,3220.295872,1880.6468900828818,false,joint_anchored_linear_kill,partial_5pct,A2780Naive,30k,0.67,IC25,0.25,baranyi_theta_logistic_growth,densities=20k/30k;doses=0.67/1.0/1.47
10.0,2758.7708333333335,1957.5215561933496,false,joint_anchored_linear_kill,partial_5pct,A2780Naive,30k,0.67,IC25,0.25,baranyi_theta_logistic_growth,densities=20k/30k;doses=0.67/1.0/1.47
11.0,3434.9652003333335,2007.3887062126244,false,joint_anchored_linear_kill,partial_5pct,A2780Naive,30k,0.67,IC25,0.25,baranyi_theta_logistic_growth,densities=20k/30k;doses=0.67/1.0/1.47
12.0,3115.501775,2039.2267457015275,false,joint_anchored_linear_kill,partial_5pct,A2780Naive,30k,0.67,IC25,0.25,baranyi_theta_logistic_growth,densities=20k/30k;doses=0.67/1.0/1.47
13.0,3633.6489583333337,2059.3513151971724,false,joint_anchored_linear_kill,partial_5pct,A2780Naive,30k,0.67,IC25,0.25,baranyi_theta_logistic_growth,densities=20k/30k;doses=0.67/1.0/1.47
14.0,3423.783179,2071.992198640137,false,joint_anchored_linear_kill,partial_5pct,A2780Naive,30k,0.67,IC25,0.25,baranyi_theta_logistic_growth,densities=20k/30k;doses=0.67/1.0/1.47
0.0,100.0,100.0,true,joint_anchored_linear_kill,partial_5pct,A2780Naive,30k,1.0,IC50,0.5,baranyi_theta_logistic_growth,densities=20k/30k;doses=0.67/1.0/1.47
1.0,277.1990353333333,113.45664696711243,false,joint_anchored_linear_kill,partial_5pct,A2780Naive,30k,1.0,IC50,0.5,baranyi_theta_logistic_growth,densities=20k/30k;doses=0.67/1.0/1.47
2.0,512.5472606666666,190.7897861201609,false,joint_anchored_linear_kill,partial_5pct,A2780Naive,30k,1.0,IC50,0.5,baranyi_theta_logistic_growth,densities=20k/30k;doses=0.67/1.0/1.47
3.0,810.4685956666666,327.59854731674983,false,joint_anchored_linear_kill,partial_5pct,A2780Naive,30k,1.0,IC50,0.5,baranyi_theta_logistic_growth,densities=20k/30k;doses=0.67/1.0/1.47
4.0,1072.5972223333333,505.59229422450437,false,joint_anchored_linear_kill,partial_5pct,A2780Naive,30k,1.0,IC50,0.5,baranyi_theta_logistic_growth,densities=20k/30k;doses=0.67/1.0/1.47
5.0,1220.3375386666667,697.9352997216452,false,joint_anchored_linear_kill,partial_5pct,A2780Naive,30k,1.0,IC50,0.5,baranyi_theta_logistic_growth,densities=20k/30k;doses=0.67/1.0/1.47
6.0,1524.2378856666667,878.7450064953427,false,joint_anchored_linear_kill,partial_5pct,A2780Naive,30k,1.0,IC50,0.5,baranyi_theta_logistic_growth,densities=20k/30k;doses=0.67/1.0/1.47
7.0,1784.3173613333336,1031.553541439761,false,joint_anchored_linear_kill,partial_5pct,A2780Naive,30k,1.0,IC50,0.5,baranyi_theta_logistic_growth,densities=20k/30k;doses=0.67/1.0/1.47
8.0,1754.768094,1150.9142183858605,false,joint_anchored_linear_kill,partial_5pct,A2780Naive,30k,1.0,IC50,0.5,baranyi_theta_logistic_growth,densities=20k/30k;doses=0.67/1.0/1.47
9.0,1630.9435183333335,1239.0378273491817,false,joint_anchored_linear_kill,partial_5pct,A2780Naive,30k,1.0,IC50,0.5,baranyi_theta_logistic_growth,densities=20k/30k;doses=0.67/1.0/1.47
10.0,1765.6959490000002,1301.5939546221457,false,joint_anchored_linear_kill,partial_5pct,A2780Naive,30k,1.0,IC50,0.5,baranyi_theta_logistic_growth,densities=20k/30k;doses=0.67/1.0/1.47
11.0,1797.057716,1344.825442530919,false,joint_anchored_linear_kill,partial_5pct,A2780Naive,30k,1.0,IC50,0.5,baranyi_theta_logistic_growth,densities=20k/30k;doses=0.67/1.0/1.47
12.0,1664.883989,1374.1670667187377,false,joint_anchored_linear_kill,partial_5pct,A2780Naive,30k,1.0,IC50,0.5,baranyi_theta_logistic_growth,densities=20k/30k;doses=0.67/1.0/1.47
13.0,1869.5183256666667,1393.8428281839776,false,joint_anchored_linear_kill,partial_5pct,A2780Naive,30k,1.0,IC50,0.5,baranyi_theta_logistic_growth,densities=20k/30k;doses=0.67/1.0/1.47
14.0,2521.7536263333336,1406.9318193975614,false,joint_anchored_linear_kill,partial_5pct,A2780Naive,30k,1.0,IC50,0.5,baranyi_theta_logistic_growth,densities=20k/30k;doses=0.67/1.0/1.47
0.0,100.0,100.0,true,joint_anchored_linear_kill,partial_5pct,A2780Naive,30k,1.47,IC75,0.75,baranyi_theta_logistic_growth,densities=20k/30k;doses=0.67/1.0/1.47
1.0,683.0949846666667,90.14863081333898,false,joint_anchored_linear_kill,partial_5pct,A2780Naive,30k,1.47,IC75,0.75,baranyi_theta_logistic_growth,densities=20k/30k;doses=0.67/1.0/1.47
2.0,962.59946,125.93557715773706,false,joint_anchored_linear_kill,partial_5pct,A2780Naive,30k,1.47,IC75,0.75,baranyi_theta_logistic_growth,densities=20k/30k;doses=0.67/1.0/1.47
3.0,1293.4153163333333,189.34348721857248,false,joint_anchored_linear_kill,partial_5pct,A2780Naive,30k,1.47,IC75,0.75,baranyi_theta_logistic_growth,densities=20k/30k;doses=0.67/1.0/1.47
4.0,1242.3761956666667,268.0990782958878,false,joint_anchored_linear_kill,partial_5pct,A2780Naive,30k,1.47,IC75,0.75,baranyi_theta_logistic_growth,densities=20k/30k;doses=0.67/1.0/1.47
5.0,1196.6721066666667,352.4694908916309,false,joint_anchored_linear_kill,partial_5pct,A2780Naive,30k,1.47,IC75,0.75,baranyi_theta_logistic_growth,densities=20k/30k;doses=0.67/1.0/1.47
6.0,1151.6981093333334,434.17938415413244,false,joint_anchored_linear_kill,partial_5pct,A2780Naive,30k,1.47,IC75,0.75,baranyi_theta_logistic_growth,densities=20k/30k;doses=0.67/1.0/1.47
7.0,908.6366510000001,507.3402474277638,false,joint_anchored_linear_kill,partial_5pct,A2780Naive,30k,1.47,IC75,0.75,baranyi_theta_logistic_growth,densities=20k/30k;doses=0.67/1.0/1.47
8.0,684.2957563333333,568.9433663751304,false,joint_anchored_linear_kill,partial_5pct,A2780Naive,30k,1.47,IC75,0.75,baranyi_theta_logistic_growth,densities=20k/30k;doses=0.67/1.0/1.47
9.0,451.471335,618.4243058477967,false,joint_anchored_linear_kill,partial_5pct,A2780Naive,30k,1.47,IC75,0.75,baranyi_theta_logistic_growth,densities=20k/30k;doses=0.67/1.0/1.47
10.0,351.6421293333333,656.7825637970816,false,joint_anchored_linear_kill,partial_5pct,A2780Naive,30k,1.47,IC75,0.75,baranyi_theta_logistic_growth,densities=20k/30k;doses=0.67/1.0/1.47
11.0,239.04888100000002,685.7478085919278,false,joint_anchored_linear_kill,partial_5pct,A2780Naive,30k,1.47,IC75,0.75,baranyi_theta_logistic_growth,densities=20k/30k;doses=0.67/1.0/1.47
12.0,153.48256166666667,707.2047925568712,false,joint_anchored_linear_kill,partial_5pct,A2780Naive,30k,1.47,IC75,0.75,baranyi_theta_logistic_growth,densities=20k/30k;doses=0.67/1.0/1.47
13.0,115.12735333333332,722.8808649417232,false,joint_anchored_linear_kill,partial_5pct,A2780Naive,30k,1.47,IC75,0.75,baranyi_theta_logistic_growth,densities=20k/30k;doses=0.67/1.0/1.47
14.0,60.396604999999994,734.2199946290249,false,joint_anchored_linear_kill,partial_5pct,A2780Naive,30k,1.47,IC75,0.75,baranyi_theta_logistic_growth,densities=20k/30k;doses=0.67/1.0/1.47
0.0,67.0,67.0,true,joint_ic_effect_hill_ramp,partial_5pct,A2780Naive,20k,0.67,IC25,0.25,baranyi_theta_logistic_growth,densities=20k/30k;doses=0.67/1.0/1.47
1.0,305.18962200000004,138.51106337344345,false,joint_ic_effect_hill_ramp,partial_5pct,A2780Naive,20k,0.67,IC25,0.25,baranyi_theta_logistic_growth,densities=20k/30k;doses=0.67/1.0/1.47
2.0,465.63738433333333,390.9819940737669,false,joint_ic_effect_hill_ramp,partial_5pct,A2780Naive,20k,0.67,IC25,0.25,baranyi_theta_logistic_growth,densities=20k/30k;doses=0.67/1.0/1.47
3.0,790.214892,923.026064439463,false,joint_ic_effect_hill_ramp,partial_5pct,A2780Naive,20k,0.67,IC25,0.25,baranyi_theta_logistic_growth,densities=20k/30k;doses=0.67/1.0/1.47
4.0,880.948534,1649.6850404542186,false,joint_ic_effect_hill_ramp,partial_5pct,A2780Naive,20k,0.67,IC25,0.25,baranyi_theta_logistic_growth,densities=20k/30k;doses=0.67/1.0/1.47
5.0,1277.0010803333332,2352.431862061112,false,joint_ic_effect_hill_ramp,partial_5pct,A2780Naive,20k,0.67,IC25,0.25,baranyi_theta_logistic_growth,densities=20k/30k;doses=0.67/1.0/1.47
6.0,1612.01223,2879.673716358555,false,joint_ic_effect_hill_ramp,partial_5pct,A2780Naive,20k,0.67,IC25,0.25,baranyi_theta_logistic_growth,densities=20k/30k;doses=0.67/1.0/1.47
7.0,2016.4244216666668,3211.018998280485,false,joint_ic_effect_hill_ramp,partial_5pct,A2780Naive,20k,0.67,IC25,0.25,baranyi_theta_logistic_growth,densities=20k/30k;doses=0.67/1.0/1.47
8.0,2081.411111,3393.5313269092067,false,joint_ic_effect_hill_ramp,partial_5pct,A2780Naive,20k,0.67,IC25,0.25,baranyi_theta_logistic_growth,densities=20k/30k;doses=0.67/1.0/1.47
9.0,2395.0547066666663,3481.701836011515,false,joint_ic_effect_hill_ramp,partial_5pct,A2780Naive,20k,0.67,IC25,0.25,baranyi_theta_logistic_growth,densities=20k/30k;doses=0.67/1.0/1.47
10.0,2537.1984183333334,3515.780506613498,false,joint_ic_effect_hill_ramp,partial_5pct,A2780Naive,20k,0.67,IC25,0.25,baranyi_theta_logistic_growth,densities=20k/30k;doses=0.67/1.0/1.47
11.0,3073.8874999999994,3520.8460995059113,false,joint_ic_effect_hill_ramp,partial_5pct,A2780Naive,20k,0.67,IC25,0.25,baranyi_theta_logistic_growth,densities=20k/30k;doses=0.67/1.0/1.47
12.0,3042.368325666667,3511.2917192976133,false,joint_ic_effect_hill_ramp,partial_5pct,A2780Naive,20k,0.67,IC25,0.25,baranyi_theta_logistic_growth,densities=20k/30k;doses=0.67/1.0/1.47
13.0,3537.7463733333334,3495.0112723488983,false,joint_ic_effect_hill_ramp,partial_5pct,A2780Naive,20k,0.67,IC25,0.25,baranyi_theta_logistic_growth,densities=20k/30k;doses=0.67/1.0/1.47
14.0,3458.3808643333336,3476.202020278196,false,joint_ic_effect_hill_ramp,partial_5pct,A2780Naive,20k,0.67,IC25,0.25,baranyi_theta_logistic_growth,densities=20k/30k;doses=0.67/1.0/1.47
0.0,67.0,67.0,true,joint_ic_effect_hill_ramp,partial_5pct,A2780Naive,20k,1.0,IC50,0.5,baranyi_theta_logistic_growth,densities=20k/30k;doses=0.67/1.0/1.47
1.0,164.83707566666666,133.89692323941543,false,joint_ic_effect_hill_ramp,partial_5pct,A2780Naive,20k,1.0,IC50,0.5,baranyi_theta_logistic_growth,densities=20k/30k;doses=0.67/1.0/1.47
2.0,310.328588,347.53389039110334,false,joint_ic_effect_hill_ramp,partial_5pct,A2780Naive,20k,1.0,IC50,0.5,baranyi_theta_logistic_growth,densities=20k/30k;doses=0.67/1.0/1.47
3.0,498.45925933333325,740.0071824162364,false,joint_ic_effect_hill_ramp,partial_5pct,A2780Naive,20k,1.0,IC50,0.5,baranyi_theta_logistic_growth,densities=20k/30k;doses=0.67/1.0/1.47
4.0,690.7097223333334,1196.874503701804,false,joint_ic_effect_hill_ramp,partial_5pct,A2780Naive,20k,1.0,IC50,0.5,baranyi_theta_logistic_growth,densities=20k/30k;doses=0.67/1.0/1.47
5.0,804.9089893333334,1563.3605084803237,false,joint_ic_effect_hill_ramp,partial_5pct,A2780Naive,20k,1.0,IC50,0.5,baranyi_theta_logistic_growth,densities=20k/30k;doses=0.67/1.0/1.47
6.0,1188.2886573333333,1772.8505469159843,false,joint_ic_effect_hill_ramp,partial_5pct,A2780Naive,20k,1.0,IC50,0.5,baranyi_theta_logistic_growth,densities=20k/30k;doses=0.67/1.0/1.47
7.0,1563.5381556666664,1845.0524329916213,false,joint_ic_effect_hill_ramp,partial_5pct,A2780Naive,20k,1.0,IC50,0.5,baranyi_theta_logistic_growth,densities=20k/30k;doses=0.67/1.0/1.47
8.0,1634.130247,1828.0631390382814,false,joint_ic_effect_hill_ramp,partial_5pct,A2780Naive,20k,1.0,IC50,0.5,baranyi_theta_logistic_growth,densities=20k/30k;doses=0.67/1.0/1.47
9.0,1556.192554,1763.4406384428803,false,joint_ic_effect_hill_ramp,partial_5pct,A2780Naive,20k,1.0,IC50,0.5,baranyi_theta_logistic_growth,densities=20k/30k;doses=0.67/1.0/1.47
10.0,1522.992284,1678.2218329941838,false,joint_ic_effect_hill_ramp,partial_5pct,A2780Naive,20k,1.0,IC50,0.5,baranyi_theta_logistic_growth,densities=20k/30k;doses=0.67/1.0/1.47
11.0,1608.247685333333,1587.6768241193242,false,joint_ic_effect_hill_ramp,partial_5pct,A2780Naive,20k,1.0,IC50,0.5,baranyi_theta_logistic_growth,densities=20k/30k;doses=0.67/1.0/1.47
12.0,1500.9281636666667,1499.6199960982372,false,joint_ic_effect_hill_ramp,partial_5pct,A2780Naive,20k,1.0,IC50,0.5,baranyi_theta_logistic_growth,densities=20k/30k;doses=0.67/1.0/1.47
13.0,2011.2254243333334,1417.6321706395547,false,joint_ic_effect_hill_ramp,partial_5pct,A2780Naive,20k,1.0,IC50,0.5,baranyi_theta_logistic_growth,densities=20k/30k;doses=0.67/1.0/1.47
14.0,2445.406712666667,1343.0367427802344,false,joint_ic_effect_hill_ramp,partial_5pct,A2780Naive,20k,1.0,IC50,0.5,baranyi_theta_logistic_growth,densities=20k/30k;doses=0.67/1.0/1.47
0.0,67.0,67.0,true,joint_ic_effect_hill_ramp,partial_5pct,A2780Naive,20k,1.47,IC75,0.75,baranyi_theta_logistic_growth,densities=20k/30k;doses=0.67/1.0/1.47
1.0,470.381366,127.75098119192347,false,joint_ic_effect_hill_ramp,partial_5pct,A2780Naive,20k,1.47,IC75,0.75,baranyi_theta_logistic_growth,densities=20k/30k;doses=0.67/1.0/1.47
2.0,658.348264,294.95953583341776,false,joint_ic_effect_hill_ramp,partial_5pct,A2780Naive,20k,1.47,IC75,0.75,baranyi_theta_logistic_growth,densities=20k/30k;doses=0.67/1.0/1.47
3.0,910.885918,542.0019630464599,false,joint_ic_effect_hill_ramp,partial_5pct,A2780Naive,20k,1.47,IC75,0.75,baranyi_theta_logistic_growth,densities=20k/30k;doses=0.67/1.0/1.47
4.0,928.761304,754.3929447582202,false,joint_ic_effect_hill_ramp,partial_5pct,A2780Naive,20k,1.47,IC75,0.75,baranyi_theta_logistic_growth,densities=20k/30k;doses=0.67/1.0/1.47
5.0,914.7665896666667,854.7480336240075,false,joint_ic_effect_hill_ramp,partial_5pct,A2780Naive,20k,1.47,IC75,0.75,baranyi_theta_logistic_growth,densities=20k/30k;doses=0.67/1.0/1.47
6.0,867.7298226666667,847.330887501797,false,joint_ic_effect_hill_ramp,partial_5pct,A2780Naive,20k,1.47,IC75,0.75,baranyi_theta_logistic_growth,densities=20k/30k;doses=0.67/1.0/1.47
7.0,681.9129633333333,774.090638119939,false,joint_ic_effect_hill_ramp,partial_5pct,A2780Naive,20k,1.47,IC75,0.75,baranyi_theta_logistic_growth,densities=20k/30k;doses=0.67/1.0/1.47
8.0,481.738503,673.9208661591558,false,joint_ic_effect_hill_ramp,partial_5pct,A2780Naive,20k,1.47,IC75,0.75,baranyi_theta_logistic_growth,densities=20k/30k;doses=0.67/1.0/1.47
9.0,333.6756173333333,570.7953139389646,false,joint_ic_effect_hill_ramp,partial_5pct,A2780Naive,20k,1.47,IC75,0.75,baranyi_theta_logistic_growth,densities=20k/30k;doses=0.67/1.0/1.47
10.0,232.34174399999998,476.279087824941,false,joint_ic_effect_hill_ramp,partial_5pct,A2780Naive,20k,1.47,IC75,0.75,baranyi_theta_logistic_growth,densities=20k/30k;doses=0.67/1.0/1.47
11.0,155.3204476666667,394.52491587696284,false,joint_ic_effect_hill_ramp,partial_5pct,A2780Naive,20k,1.47,IC75,0.75,baranyi_theta_logistic_growth,densities=20k/30k;doses=0.67/1.0/1.47
12.0,103.907562,325.9600194481422,false,joint_ic_effect_hill_ramp,partial_5pct,A2780Naive,20k,1.47,IC75,0.75,baranyi_theta_logistic_growth,densities=20k/30k;doses=0.67/1.0/1.47
13.0,71.52523133333334,269.4071006695242,false,joint_ic_effect_hill_ramp,partial_5pct,A2780Naive,20k,1.47,IC75,0.75,baranyi_theta_logistic_growth,densities=20k/30k;doses=0.67/1.0/1.47
14.0,36.60995366666666,223.1616046862654,false,joint_ic_effect_hill_ramp,partial_5pct,A2780Naive,20k,1.47,IC75,0.75,baranyi_theta_logistic_growth,densities=20k/30k;doses=0.67/1.0/1.47
0.0,100.0,100.0,true,joint_ic_effect_hill_ramp,partial_5pct,A2780Naive,30k,0.67,IC25,0.25,baranyi_theta_logistic_growth,densities=20k/30k;doses=0.67/1.0/1.47
1.0,507.5015816666667,183.41046415095488,false,joint_ic_effect_hill_ramp,partial_5pct,A2780Naive,30k,0.67,IC25,0.25,baranyi_theta_logistic_growth,densities=20k/30k;doses=0.67/1.0/1.47
2.0,801.887693,441.1813565521293,false,joint_ic_effect_hill_ramp,partial_5pct,A2780Naive,30k,0.67,IC25,0.25,baranyi_theta_logistic_growth,densities=20k/30k;doses=0.67/1.0/1.47
3.0,1336.278318,937.4396187692412,false,joint_ic_effect_hill_ramp,partial_5pct,A2780Naive,30k,0.67,IC25,0.25,baranyi_theta_logistic_growth,densities=20k/30k;doses=0.67/1.0/1.47
4.0,1623.1049383333336,1588.6175191422776,false,joint_ic_effect_hill_ramp,partial_5pct,A2780Naive,30k,0.67,IC25,0.25,baranyi_theta_logistic_growth,densities=20k/30k;doses=0.67/1.0/1.47
5.0,2076.8491126666668,2222.5689302721453,false,joint_ic_effect_hill_ramp,partial_5pct,A2780Naive,30k,0.67,IC25,0.25,baranyi_theta_logistic_growth,densities=20k/30k;doses=0.67/1.0/1.47
6.0,2482.367592666667,2716.6740186188017,false,joint_ic_effect_hill_ramp,partial_5pct,A2780Naive,30k,0.67,IC25,0.25,baranyi_theta_logistic_growth,densities=20k/30k;doses=0.67/1.0/1.47
7.0,2895.899845666667,3044.7757673121696,false,joint_ic_effect_hill_ramp,partial_5pct,A2780Naive,30k,0.67,IC25,0.25,baranyi_theta_logistic_growth,densities=20k/30k;doses=0.67/1.0/1.47
8.0,2949.133024666667,3237.6958601549313,false,joint_ic_effect_hill_ramp,partial_5pct,A2780Naive,30k,0.67,IC25,0.25,baranyi_theta_logistic_growth,densities=20k/30k;doses=0.67/1.0/1.47
9.0,3220.295872,3338.72573036751,false,joint_ic_effect_hill_ramp,partial_5pct,A2780Naive,30k,0.67,IC25,0.25,baranyi_theta_logistic_growth,densities=20k/30k;doses=0.67/1.0/1.47
10.0,2758.7708333333335,3383.3686855334035,false,joint_ic_effect_hill_ramp,partial_5pct,A2780Naive,30k,0.67,IC25,0.25,baranyi_theta_logistic_growth,densities=20k/30k;doses=0.67/1.0/1.47
11.0,3434.9652003333335,3395.655526288473,false,joint_ic_effect_hill_ramp,partial_5pct,A2780Naive,30k,0.67,IC25,0.25,baranyi_theta_logistic_growth,densities=20k/30k;doses=0.67/1.0/1.47
12.0,3115.501775,3390.402534716087,false,joint_ic_effect_hill_ramp,partial_5pct,A2780Naive,30k,0.67,IC25,0.25,baranyi_theta_logistic_growth,densities=20k/30k;doses=0.67/1.0/1.47
13.0,3633.6489583333337,3376.284689096997,false,joint_ic_effect_hill_ramp,partial_5pct,A2780Naive,30k,0.67,IC25,0.25,baranyi_theta_logistic_growth,densities=20k/30k;doses=0.67/1.0/1.47
14.0,3423.783179,3358.214736230484,false,joint_ic_effect_hill_ramp,partial_5pct,A2780Naive,30k,0.67,IC25,0.25,baranyi_theta_logistic_growth,densities=20k/30k;doses=0.67/1.0/1.47
0.0,100.0,100.0,true,joint_ic_effect_hill_ramp,partial_5pct,A2780Naive,30k,1.0,IC50,0.5,baranyi_theta_logistic_growth,densities=20k/30k;doses=0.67/1.0/1.47
1.0,277.1990353333333,177.21621099483696,false,joint_ic_effect_hill_ramp,partial_5pct,A2780Naive,30k,1.0,IC50,0.5,baranyi_theta_logistic_growth,densities=20k/30k;doses=0.67/1.0/1.47
2.0,512.5472606666666,391.22271295976606,false,joint_ic_effect_hill_ramp,partial_5pct,A2780Naive,30k,1.0,IC50,0.5,baranyi_theta_logistic_growth,densities=20k/30k;doses=0.67/1.0/1.47
3.0,810.4685956666666,746.3070990303979,false,joint_ic_effect_hill_ramp,partial_5pct,A2780Naive,30k,1.0,IC50,0.5,baranyi_theta_logistic_growth,densities=20k/30k;doses=0.67/1.0/1.47
4.0,1072.5972223333333,1135.0479584735751,false,joint_ic_effect_hill_ramp,partial_5pct,A2780Naive,30k,1.0,IC50,0.5,baranyi_theta_logistic_growth,densities=20k/30k;doses=0.67/1.0/1.47
5.0,1220.3375386666667,1438.769345090481,false,joint_ic_effect_hill_ramp,partial_5pct,A2780Naive,30k,1.0,IC50,0.5,baranyi_theta_logistic_growth,densities=20k/30k;doses=0.67/1.0/1.47
6.0,1524.2378856666667,1610.3295507585392,false,joint_ic_effect_hill_ramp,partial_5pct,A2780Naive,30k,1.0,IC50,0.5,baranyi_theta_logistic_growth,densities=20k/30k;doses=0.67/1.0/1.47
7.0,1784.3173613333336,1666.1517517339912,false,joint_ic_effect_hill_ramp,partial_5pct,A2780Naive,30k,1.0,IC50,0.5,baranyi_theta_logistic_growth,densities=20k/30k;doses=0.67/1.0/1.47
8.0,1754.768094,1644.6722491943906,false,joint_ic_effect_hill_ramp,partial_5pct,A2780Naive,30k,1.0,IC50,0.5,baranyi_theta_logistic_growth,densities=20k/30k;doses=0.67/1.0/1.47
9.0,1630.9435183333335,1580.421945573467,false,joint_ic_effect_hill_ramp,partial_5pct,A2780Naive,30k,1.0,IC50,0.5,baranyi_theta_logistic_growth,densities=20k/30k;doses=0.67/1.0/1.47
10.0,1765.6959490000002,1496.9425810021016,false,joint_ic_effect_hill_ramp,partial_5pct,A2780Naive,30k,1.0,IC50,0.5,baranyi_theta_logistic_growth,densities=20k/30k;doses=0.67/1.0/1.47
11.0,1797.057716,1408.1586582868401,false,joint_ic_effect_hill_ramp,partial_5pct,A2780Naive,30k,1.0,IC50,0.5,baranyi_theta_logistic_growth,densities=20k/30k;doses=0.67/1.0/1.47
12.0,1664.883989,1321.5206390501264,false,joint_ic_effect_hill_ramp,partial_5pct,A2780Naive,30k,1.0,IC50,0.5,baranyi_theta_logistic_growth,densities=20k/30k;doses=0.67/1.0/1.47
13.0,1869.5183256666667,1240.6071128714525,false,joint_ic_effect_hill_ramp,partial_5pct,A2780Naive,30k,1.0,IC50,0.5,baranyi_theta_logistic_growth,densities=20k/30k;doses=0.67/1.0/1.47
14.0,2521.7536263333336,1166.834721794528,false,joint_ic_effect_hill_ramp,partial_5pct,A2780Naive,30k,1.0,IC50,0.5,baranyi_theta_logistic_growth,densities=20k/30k;doses=0.67/1.0/1.47
0.0,100.0,100.0,true,joint_ic_effect_hill_ramp,partial_5pct,A2780Naive,30k,1.47,IC75,0.75,baranyi_theta_logistic_growth,densities=20k/30k;doses=0.67/1.0/1.47
1.0,683.0949846666667,168.97031903256425,false,joint_ic_effect_hill_ramp,partial_5pct,A2780Naive,30k,1.47,IC75,0.75,baranyi_theta_logistic_growth,densities=20k/30k;doses=0.67/1.0/1.47
2.0,962.59946,330.9487563173422,false,joint_ic_effect_hill_ramp,partial_5pct,A2780Naive,30k,1.47,IC75,0.75,baranyi_theta_logistic_growth,densities=20k/30k;doses=0.67/1.0/1.47
3.0,1293.4153163333333,541.3491396427241,false,joint_ic_effect_hill_ramp,partial_5pct,A2780Naive,30k,1.47,IC75,0.75,baranyi_theta_logistic_growth,densities=20k/30k;doses=0.67/1.0/1.47
4.0,1242.3761956666667,700.3081604184213,false,joint_ic_effect_hill_ramp,partial_5pct,A2780Naive,30k,1.47,IC75,0.75,baranyi_theta_logistic_growth,densities=20k/30k;doses=0.67/1.0/1.47
5.0,1196.6721066666667,757.5649970627371,false,joint_ic_effect_hill_ramp,partial_5pct,A2780Naive,30k,1.47,IC75,0.75,baranyi_theta_logistic_growth,densities=20k/30k;doses=0.67/1.0/1.47
6.0,1151.6981093333334,727.256867146334,false,joint_ic_effect_hill_ramp,partial_5pct,A2780Naive,30k,1.47,IC75,0.75,baranyi_theta_logistic_growth,densities=20k/30k;doses=0.67/1.0/1.47
7.0,908.6366510000001,647.2934407938558,false,joint_ic_effect_hill_ramp,partial_5pct,A2780Naive,30k,1.47,IC75,0.75,baranyi_theta_logistic_growth,densities=20k/30k;doses=0.67/1.0/1.47
8.0,684.2957563333333,549.8643385154542,false,joint_ic_effect_hill_ramp,partial_5pct,A2780Naive,30k,1.47,IC75,0.75,baranyi_theta_logistic_growth,densities=20k/30k;doses=0.67/1.0/1.47
9.0,451.471335,454.1143007990927,false,joint_ic_effect_hill_ramp,partial_5pct,A2780Naive,30k,1.47,IC75,0.75,baranyi_theta_logistic_growth,densities=20k/30k;doses=0.67/1.0/1.47
10.0,351.6421293333333,368.86537575218773,false,joint_ic_effect_hill_ramp,partial_5pct,A2780Naive,30k,1.47,IC75,0.75,baranyi_theta_logistic_growth,densities=20k/30k;doses=0.67/1.0/1.47
11.0,239.04888100000002,296.8519256640905,false,joint_ic_effect_hill_ramp,partial_5pct,A2780Naive,30k,1.47,IC75,0.75,baranyi_theta_logistic_growth,densities=20k/30k;doses=0.67/1.0/1.47
12.0,153.48256166666667,237.79682593486487,false,joint_ic_effect_hill_ramp,partial_5pct,A2780Naive,30k,1.47,IC75,0.75,baranyi_theta_logistic_growth,densities=20k/30k;doses=0.67/1.0/1.47
13.0,115.12735333333332,190.18552806851264,false,joint_ic_effect_hill_ramp,partial_5pct,A2780Naive,30k,1.47,IC75,0.75,baranyi_theta_logistic_growth,densities=20k/30k;doses=0.67/1.0/1.47
14.0,60.396604999999994,152.16597071087793,false,joint_ic_effect_hill_ramp,partial_5pct,A2780Naive,30k,1.47,IC75,0.75,baranyi_theta_logistic_growth,densities=20k/30k;doses=0.67/1.0/1.47
0.0,67.0,67.0,true,joint_ic_effect_hill_ramp_onset,partial_5pct,A2780Naive,20k,0.67,IC25,0.25,baranyi_theta_logistic_growth,densities=20k/30k;doses=0.67/1.0/1.47
1.0,305.18962200000004,139.44549381419242,false,joint_ic_effect_hill_ramp_onset,partial_5pct,A2780Naive,20k,0.67,IC25,0.25,baranyi_theta_logistic_growth,densities=20k/30k;doses=0.67/1.0/1.47
2.0,465.63738433333333,400.21088873088377,false,joint_ic_effect_hill_ramp_onset,partial_5pct,A2780Naive,20k,0.67,IC25,0.25,baranyi_theta_logistic_growth,densities=20k/30k;doses=0.67/1.0/1.47
3.0,790.214892,955.9520061066252,false,joint_ic_effect_hill_ramp_onset,partial_5pct,A2780Naive,20k,0.67,IC25,0.25,baranyi_theta_logistic_growth,densities=20k/30k;doses=0.67/1.0/1.47
4.0,880.948534,1674.523765337853,false,joint_ic_effect_hill_ramp_onset,partial_5pct,A2780Naive,20k,0.67,IC25,0.25,baranyi_theta_logistic_growth,densities=20k/30k;doses=0.67/1.0/1.47
5.0,1277.0010803333332,2321.4991823650203,false,joint_ic_effect_hill_ramp_onset,partial_5pct,A2780Naive,20k,0.67,IC25,0.25,baranyi_theta_logistic_growth,densities=20k/30k;doses=0.67/1.0/1.47
6.0,1612.01223,2778.124497362396,false,joint_ic_effect_hill_ramp_onset,partial_5pct,A2780Naive,20k,0.67,IC25,0.25,baranyi_theta_logistic_growth,densities=20k/30k;doses=0.67/1.0/1.47
7.0,2016.4244216666668,3054.5165324037443,false,joint_ic_effect_hill_ramp_onset,partial_5pct,A2780Naive,20k,0.67,IC25,0.25,baranyi_theta_logistic_growth,densities=20k/30k;doses=0.67/1.0/1.47
8.0,2081.411111,3206.7720738965354,false,joint_ic_effect_hill_ramp_onset,partial_5pct,A2780Naive,20k,0.67,IC25,0.25,baranyi_theta_logistic_growth,densities=20k/30k;doses=0.67/1.0/1.47
9.0,2395.0547066666663,3285.70016332938,false,joint_ic_effect_hill_ramp_onset,partial_5pct,A2780Naive,20k,0.67,IC25,0.25,baranyi_theta_logistic_growth,densities=20k/30k;doses=0.67/1.0/1.47
10.0,2537.1984183333334,3324.7856655019045,false,joint_ic_effect_hill_ramp_onset,partial_5pct,A2780Naive,20k,0.67,IC25,0.25,baranyi_theta_logistic_growth,densities=20k/30k;doses=0.67/1.0/1.47
11.0,3073.8874999999994,3343.3067545416798,false,joint_ic_effect_hill_ramp_onset,partial_5pct,A2780Naive,20k,0.67,IC25,0.25,baranyi_theta_logistic_growth,densities=20k/30k;doses=0.67/1.0/1.47
12.0,3042.368325666667,3351.614404247508,false,joint_ic_effect_hill_ramp_onset,partial_5pct,A2780Naive,20k,0.67,IC25,0.25,baranyi_theta_logistic_growth,densities=20k/30k;doses=0.67/1.0/1.47
13.0,3537.7463733333334,3355.0356025620035,false,joint_ic_effect_hill_ramp_onset,partial_5pct,A2780Naive,20k,0.67,IC25,0.25,baranyi_theta_logistic_growth,densities=20k/30k;doses=0.67/1.0/1.47
14.0,3458.3808643333336,3356.2248006830973,false,joint_ic_effect_hill_ramp_onset,partial_5pct,A2780Naive,20k,0.67,IC25,0.25,baranyi_theta_logistic_growth,densities=20k/30k;doses=0.67/1.0/1.47
0.0,67.0,67.0,true,joint_ic_effect_hill_ramp_onset,partial_5pct,A2780Naive,20k,1.0,IC50,0.5,baranyi_theta_logistic_growth,densities=20k/30k;doses=0.67/1.0/1.47
1.0,164.83707566666666,139.44549381419242,false,joint_ic_effect_hill_ramp_onset,partial_5pct,A2780Naive,20k,1.0,IC50,0.5,baranyi_theta_logistic_growth,densities=20k/30k;doses=0.67/1.0/1.47
2.0,310.328588,400.21088873088377,false,joint_ic_effect_hill_ramp_onset,partial_5pct,A2780Naive,20k,1.0,IC50,0.5,baranyi_theta_logistic_growth,densities=20k/30k;doses=0.67/1.0/1.47
3.0,498.45925933333325,926.9854311347617,false,joint_ic_effect_hill_ramp_onset,partial_5pct,A2780Naive,20k,1.0,IC50,0.5,baranyi_theta_logistic_growth,densities=20k/30k;doses=0.67/1.0/1.47
4.0,690.7097223333334,1407.1652997799754,false,joint_ic_effect_hill_ramp_onset,partial_5pct,A2780Naive,20k,1.0,IC50,0.5,baranyi_theta_logistic_growth,densities=20k/30k;doses=0.67/1.0/1.47
5.0,804.9089893333334,1652.4643999823807,false,joint_ic_effect_hill_ramp_onset,partial_5pct,A2780Naive,20k,1.0,IC50,0.5,baranyi_theta_logistic_growth,densities=20k/30k;doses=0.67/1.0/1.47
6.0,1188.2886573333333,1714.794994607953,false,joint_ic_effect_hill_ramp_onset,partial_5pct,A2780Naive,20k,1.0,IC50,0.5,baranyi_theta_logistic_growth,densities=20k/30k;doses=0.67/1.0/1.47
7.0,1563.5381556666664,1689.859305574346,false,joint_ic_effect_hill_ramp_onset,partial_5pct,A2780Naive,20k,1.0,IC50,0.5,baranyi_theta_logistic_growth,densities=20k/30k;doses=0.67/1.0/1.47
8.0,1634.130247,1637.4919038003572,false,joint_ic_effect_hill_ramp_onset,partial_5pct,A2780Naive,20k,1.0,IC50,0.5,baranyi_theta_logistic_growth,densities=20k/30k;doses=0.67/1.0/1.47
9.0,1556.192554,1584.3950697932548,false,joint_ic_effect_hill_ramp_onset,partial_5pct,A2780Naive,20k,1.0,IC50,0.5,baranyi_theta_logistic_growth,densities=20k/30k;doses=0.67/1.0/1.47
10.0,1522.992284,1539.7365170566266,false,joint_ic_effect_hill_ramp_onset,partial_5pct,A2780Naive,20k,1.0,IC50,0.5,baranyi_theta_logistic_growth,densities=20k/30k;doses=0.67/1.0/1.47
11.0,1608.247685333333,1505.1612868256586,false,joint_ic_effect_hill_ramp_onset,partial_5pct,A2780Naive,20k,1.0,IC50,0.5,baranyi_theta_logistic_growth,densities=20k/30k;doses=0.67/1.0/1.47
12.0,1500.9281636666667,1479.5775544987157,false,joint_ic_effect_hill_ramp_onset,partial_5pct,A2780Naive,20k,1.0,IC50,0.5,baranyi_theta_logistic_growth,densities=20k/30k;doses=0.67/1.0/1.47
13.0,2011.2254243333334,1461.1749597983428,false,joint_ic_effect_hill_ramp_onset,partial_5pct,A2780Naive,20k,1.0,IC50,0.5,baranyi_theta_logistic_growth,densities=20k/30k;doses=0.67/1.0/1.47
14.0,2445.406712666667,1448.193832394385,false,joint_ic_effect_hill_ramp_onset,partial_5pct,A2780Naive,20k,1.0,IC50,0.5,baranyi_theta_logistic_growth,densities=20k/30k;doses=0.67/1.0/1.47
0.0,67.0,67.0,true,joint_ic_effect_hill_ramp_onset,partial_5pct,A2780Naive,20k,1.47,IC75,0.75,baranyi_theta_logistic_growth,densities=20k/30k;doses=0.67/1.0/1.47
1.0,470.381366,139.44549381419242,false,joint_ic_effect_hill_ramp_onset,partial_5pct,A2780Naive,20k,1.47,IC75,0.75,baranyi_theta_logistic_growth,densities=20k/30k;doses=0.67/1.0/1.47
2.0,658.348264,400.21088873088377,false,joint_ic_effect_hill_ramp_onset,partial_5pct,A2780Naive,20k,1.47,IC75,0.75,baranyi_theta_logistic_growth,densities=20k/30k;doses=0.67/1.0/1.47
3.0,910.885918,884.1130880534846,false,joint_ic_effect_hill_ramp_onset,partial_5pct,A2780Naive,20k,1.47,IC75,0.75,baranyi_theta_logistic_growth,densities=20k/30k;doses=0.67/1.0/1.47
4.0,928.761304,1073.9801792856426,false,joint_ic_effect_hill_ramp_onset,partial_5pct,A2780Naive,20k,1.47,IC75,0.75,baranyi_theta_logistic_growth,densities=20k/30k;doses=0.67/1.0/1.47
5.0,914.7665896666667,961.9411309782283,false,joint_ic_effect_hill_ramp_onset,partial_5pct,A2780Naive,20k,1.47,IC75,0.75,baranyi_theta_logistic_growth,densities=20k/30k;doses=0.67/1.0/1.47
6.0,867.7298226666667,773.5985580776045,false,joint_ic_effect_hill_ramp_onset,partial_5pct,A2780Naive,20k,1.47,IC75,0.75,baranyi_theta_logistic_growth,densities=20k/30k;doses=0.67/1.0/1.47
7.0,681.9129633333333,610.6133219370432,false,joint_ic_effect_hill_ramp_onset,partial_5pct,A2780Naive,20k,1.47,IC75,0.75,baranyi_theta_logistic_growth,densities=20k/30k;doses=0.67/1.0/1.47
8.0,481.738503,490.43513669762314,false,joint_ic_effect_hill_ramp_onset,partial_5pct,A2780Naive,20k,1.47,IC75,0.75,baranyi_theta_logistic_growth,densities=20k/30k;doses=0.67/1.0/1.47
9.0,333.6756173333333,405.7508366380371,false,joint_ic_effect_hill_ramp_onset,partial_5pct,A2780Naive,20k,1.47,IC75,0.75,baranyi_theta_logistic_growth,densities=20k/30k;doses=0.67/1.0/1.47
10.0,232.34174399999998,346.4022150568562,false,joint_ic_effect_hill_ramp_onset,partial_5pct,A2780Naive,20k,1.47,IC75,0.75,baranyi_theta_logistic_growth,densities=20k/30k;doses=0.67/1.0/1.47
11.0,155.3204476666667,304.42352334858634,false,joint_ic_effect_hill_ramp_onset,partial_5pct,A2780Naive,20k,1.47,IC75,0.75,baranyi_theta_logistic_growth,densities=20k/30k;doses=0.67/1.0/1.47
12.0,103.907562,274.3155004456498,false,joint_ic_effect_hill_ramp_onset,partial_5pct,A2780Naive,20k,1.47,IC75,0.75,baranyi_theta_logistic_growth,densities=20k/30k;doses=0.67/1.0/1.47
13.0,71.52523133333334,252.40867260293348,false,joint_ic_effect_hill_ramp_onset,partial_5pct,A2780Naive,20k,1.47,IC75,0.75,baranyi_theta_logistic_growth,densities=20k/30k;doses=0.67/1.0/1.47
14.0,36.60995366666666,236.2577061414097,false,joint_ic_effect_hill_ramp_onset,partial_5pct,A2780Naive,20k,1.47,IC75,0.75,baranyi_theta_logistic_growth,densities=20k/30k;doses=0.67/1.0/1.47
0.0,100.0,100.0,true,joint_ic_effect_hill_ramp_onset,partial_5pct,A2780Naive,30k,0.67,IC25,0.25,baranyi_theta_logistic_growth,densities=20k/30k;doses=0.67/1.0/1.47
1.0,507.5015816666667,184.66525304081003,false,joint_ic_effect_hill_ramp_onset,partial_5pct,A2780Naive,30k,0.67,IC25,0.25,baranyi_theta_logistic_growth,densities=20k/30k;doses=0.67/1.0/1.47
2.0,801.887693,451.80884854196853,false,joint_ic_effect_hill_ramp_onset,partial_5pct,A2780Naive,30k,0.67,IC25,0.25,baranyi_theta_logistic_growth,densities=20k/30k;doses=0.67/1.0/1.47
3.0,1336.278318,972.9601897038705,false,joint_ic_effect_hill_ramp_onset,partial_5pct,A2780Naive,30k,0.67,IC25,0.25,baranyi_theta_logistic_growth,densities=20k/30k;doses=0.67/1.0/1.47
4.0,1623.1049383333336,1623.256839409366,false,joint_ic_effect_hill_ramp_onset,partial_5pct,A2780Naive,30k,0.67,IC25,0.25,baranyi_theta_logistic_growth,densities=20k/30k;doses=0.67/1.0/1.47
5.0,2076.8491126666668,2216.946213734438,false,joint_ic_effect_hill_ramp_onset,partial_5pct,A2780Naive,30k,0.67,IC25,0.25,baranyi_theta_logistic_growth,densities=20k/30k;doses=0.67/1.0/1.47
6.0,2482.367592666667,2655.791909079256,false,joint_ic_effect_hill_ramp_onset,partial_5pct,A2780Naive,30k,0.67,IC25,0.25,baranyi_theta_logistic_growth,densities=20k/30k;doses=0.67/1.0/1.47
7.0,2895.899845666667,2938.9111162935596,false,joint_ic_effect_hill_ramp_onset,partial_5pct,A2780Naive,30k,0.67,IC25,0.25,baranyi_theta_logistic_growth,densities=20k/30k;doses=0.67/1.0/1.47
8.0,2949.133024666667,3106.778816169059,false,joint_ic_effect_hill_ramp_onset,partial_5pct,A2780Naive,30k,0.67,IC25,0.25,baranyi_theta_logistic_growth,densities=20k/30k;doses=0.67/1.0/1.47
9.0,3220.295872,3201.220477993064,false,joint_ic_effect_hill_ramp_onset,partial_5pct,A2780Naive,30k,0.67,IC25,0.25,baranyi_theta_logistic_growth,densities=20k/30k;doses=0.67/1.0/1.47
10.0,2758.7708333333335,3252.5462729540254,false,joint_ic_effect_hill_ramp_onset,partial_5pct,A2780Naive,30k,0.67,IC25,0.25,baranyi_theta_logistic_growth,densities=20k/30k;doses=0.67/1.0/1.47
11.0,3434.9652003333335,3279.7291598433267,false,joint_ic_effect_hill_ramp_onset,partial_5pct,A2780Naive,30k,0.67,IC25,0.25,baranyi_theta_logistic_growth,densities=20k/30k;doses=0.67/1.0/1.47
12.0,3115.501775,3293.7981184648156,false,joint_ic_effect_hill_ramp_onset,partial_5pct,A2780Naive,30k,0.67,IC25,0.25,baranyi_theta_logistic_growth,densities=20k/30k;doses=0.67/1.0/1.47
13.0,3633.6489583333337,3300.9026807712767,false,joint_ic_effect_hill_ramp_onset,partial_5pct,A2780Naive,30k,0.67,IC25,0.25,baranyi_theta_logistic_growth,densities=20k/30k;doses=0.67/1.0/1.47
14.0,3423.783179,3304.3823814370144,false,joint_ic_effect_hill_ramp_onset,partial_5pct,A2780Naive,30k,0.67,IC25,0.25,baranyi_theta_logistic_growth,densities=20k/30k;doses=0.67/1.0/1.47
0.0,100.0,100.0,true,joint_ic_effect_hill_ramp_onset,partial_5pct,A2780Naive,30k,1.0,IC50,0.5,baranyi_theta_logistic_growth,densities=20k/30k;doses=0.67/1.0/1.47
1.0,277.1990353333333,184.66525304081003,false,joint_ic_effect_hill_ramp_onset,partial_5pct,A2780Naive,30k,1.0,IC50,0.5,baranyi_theta_logistic_growth,densities=20k/30k;doses=0.67/1.0/1.47
2.0,512.5472606666666,451.80884854196853,false,joint_ic_effect_hill_ramp_onset,partial_5pct,A2780Naive,30k,1.0,IC50,0.5,baranyi_theta_logistic_growth,densities=20k/30k;doses=0.67/1.0/1.47
3.0,810.4685956666666,946.0430918845944,false,joint_ic_effect_hill_ramp_onset,partial_5pct,A2780Naive,30k,1.0,IC50,0.5,baranyi_theta_logistic_growth,densities=20k/30k;doses=0.67/1.0/1.47
4.0,1072.5972223333333,1382.3473736622507,false,joint_ic_effect_hill_ramp_onset,partial_5pct,A2780Naive,30k,1.0,IC50,0.5,baranyi_theta_logistic_growth,densities=20k/30k;doses=0.67/1.0/1.47
5.0,1220.3375386666667,1612.4560961099692,false,joint_ic_effect_hill_ramp_onset,partial_5pct,A2780Naive,30k,1.0,IC50,0.5,baranyi_theta_logistic_growth,densities=20k/30k;doses=0.67/1.0/1.47
6.0,1524.2378856666667,1680.797873651337,false,joint_ic_effect_hill_ramp_onset,partial_5pct,A2780Naive,30k,1.0,IC50,0.5,baranyi_theta_logistic_growth,densities=20k/30k;doses=0.67/1.0/1.47
7.0,1784.3173613333336,1667.3578348970732,false,joint_ic_effect_hill_ramp_onset,partial_5pct,A2780Naive,30k,1.0,IC50,0.5,baranyi_theta_logistic_growth,densities=20k/30k;doses=0.67/1.0/1.47
8.0,1754.768094,1624.7249659488248,false,joint_ic_effect_hill_ramp_onset,partial_5pct,A2780Naive,30k,1.0,IC50,0.5,baranyi_theta_logistic_growth,densities=20k/30k;doses=0.67/1.0/1.47
9.0,1630.9435183333335,1578.1141114452575,false,joint_ic_effect_hill_ramp_onset,partial_5pct,A2780Naive,30k,1.0,IC50,0.5,baranyi_theta_logistic_growth,densities=20k/30k;doses=0.67/1.0/1.47
10.0,1765.6959490000002,1537.2104038889622,false,joint_ic_effect_hill_ramp_onset,partial_5pct,A2780Naive,30k,1.0,IC50,0.5,baranyi_theta_logistic_growth,densities=20k/30k;doses=0.67/1.0/1.47
11.0,1797.057716,1504.5220469633437,false,joint_ic_effect_hill_ramp_onset,partial_5pct,A2780Naive,30k,1.0,IC50,0.5,baranyi_theta_logistic_growth,densities=20k/30k;doses=0.67/1.0/1.47
12.0,1664.883989,1479.6754635256243,false,joint_ic_effect_hill_ramp_onset,partial_5pct,A2780Naive,30k,1.0,IC50,0.5,baranyi_theta_logistic_growth,densities=20k/30k;doses=0.67/1.0/1.47
13.0,1869.5183256666667,1461.3601258112674,false,joint_ic_effect_hill_ramp_onset,partial_5pct,A2780Naive,30k,1.0,IC50,0.5,baranyi_theta_logistic_growth,densities=20k/30k;doses=0.67/1.0/1.47
14.0,2521.7536263333336,1448.135996289838,false,joint_ic_effect_hill_ramp_onset,partial_5pct,A2780Naive,30k,1.0,IC50,0.5,baranyi_theta_logistic_growth,densities=20k/30k;doses=0.67/1.0/1.47
0.0,100.0,100.0,true,joint_ic_effect_hill_ramp_onset,partial_5pct,A2780Naive,30k,1.47,IC75,0.75,baranyi_theta_logistic_growth,densities=20k/30k;doses=0.67/1.0/1.47
1.0,683.0949846666667,184.66525304081003,false,joint_ic_effect_hill_ramp_onset,partial_5pct,A2780Naive,30k,1.47,IC75,0.75,baranyi_theta_logistic_growth,densities=20k/30k;doses=0.67/1.0/1.47
2.0,962.59946,451.80884854196853,false,joint_ic_effect_hill_ramp_onset,partial_5pct,A2780Naive,30k,1.47,IC75,0.75,baranyi_theta_logistic_growth,densities=20k/30k;doses=0.67/1.0/1.47
3.0,1293.4153163333333,906.070168717774,false,joint_ic_effect_hill_ramp_onset,partial_5pct,A2780Naive,30k,1.47,IC75,0.75,baranyi_theta_logistic_growth,densities=20k/30k;doses=0.67/1.0/1.47
4.0,1242.3761956666667,1077.456792049234,false,joint_ic_effect_hill_ramp_onset,partial_5pct,A2780Naive,30k,1.47,IC75,0.75,baranyi_theta_logistic_growth,densities=20k/30k;doses=0.67/1.0/1.47
5.0,1196.6721066666667,973.7570721269472,false,joint_ic_effect_hill_ramp_onset,partial_5pct,A2780Naive,30k,1.47,IC75,0.75,baranyi_theta_logistic_growth,densities=20k/30k;doses=0.67/1.0/1.47
6.0,1151.6981093333334,795.3775321901333,false,joint_ic_effect_hill_ramp_onset,partial_5pct,A2780Naive,30k,1.47,IC75,0.75,baranyi_theta_logistic_growth,densities=20k/30k;doses=0.67/1.0/1.47
7.0,908.6366510000001,636.6990551964404,false,joint_ic_effect_hill_ramp_onset,partial_5pct,A2780Naive,30k,1.47,IC75,0.75,baranyi_theta_logistic_growth,densities=20k/30k;doses=0.67/1.0/1.47
8.0,684.2957563333333,516.8406524745221,false,joint_ic_effect_hill_ramp_onset,partial_5pct,A2780Naive,30k,1.47,IC75,0.75,baranyi_theta_logistic_growth,densities=20k/30k;doses=0.67/1.0/1.47
9.0,451.471335,430.6819246845436,false,joint_ic_effect_hill_ramp_onset,partial_5pct,A2780Naive,30k,1.47,IC75,0.75,baranyi_theta_logistic_growth,densities=20k/30k;doses=0.67/1.0/1.47
10.0,351.6421293333333,369.29724221447896,false,joint_ic_effect_hill_ramp_onset,partial_5pct,A2780Naive,30k,1.47,IC75,0.75,baranyi_theta_logistic_growth,densities=20k/30k;doses=0.67/1.0/1.47
11.0,239.04888100000002,325.26724771939683,false,joint_ic_effect_hill_ramp_onset,partial_5pct,A2780Naive,30k,1.47,IC75,0.75,baranyi_theta_logistic_growth,densities=20k/30k;doses=0.67/1.0/1.47
12.0,153.48256166666667,293.296053785307,false,joint_ic_effect_hill_ramp_onset,partial_5pct,A2780Naive,30k,1.47,IC75,0.75,baranyi_theta_logistic_growth,densities=20k/30k;doses=0.67/1.0/1.47
13.0,115.12735333333332,269.76781324838834,false,joint_ic_effect_hill_ramp_onset,partial_5pct,A2780Naive,30k,1.47,IC75,0.75,baranyi_theta_logistic_growth,densities=20k/30k;doses=0.67/1.0/1.47
14.0,60.396604999999994,252.2317097693263,false,joint_ic_effect_hill_ramp_onset,partial_5pct,A2780Naive,30k,1.47,IC75,0.75,baranyi_theta_logistic_growth,densities=20k/30k;doses=0.67/1.0/1.47
0.0,67.0,67.0,true,joint_ic_effect_logistic_hill,partial_5pct,A2780Naive,20k,0.67,IC25,0.25,baranyi_theta_logistic_growth,densities=20k/30k;doses=0.67/1.0/1.47
1.0,305.18962200000004,126.21496473867425,false,joint_ic_effect_logistic_hill,partial_5pct,A2780Naive,20k,0.67,IC25,0.25,baranyi_theta_logistic_growth,densities=20k/30k;doses=0.67/1.0/1.47
2.0,465.63738433333333,336.65069091244123,false,joint_ic_effect_logistic_hill,partial_5pct,A2780Naive,20k,0.67,IC25,0.25,baranyi_theta_logistic_growth,densities=20k/30k;doses=0.67/1.0/1.47
3.0,790.214892,779.9637911313308,false,joint_ic_effect_logistic_hill,partial_5pct,A2780Naive,20k,0.67,IC25,0.25,baranyi_theta_logistic_growth,densities=20k/30k;doses=0.67/1.0/1.47
4.0,880.948534,1405.1638482344945,false,joint_ic_effect_logistic_hill,partial_5pct,A2780Naive,20k,0.67,IC25,0.25,baranyi_theta_logistic_growth,densities=20k/30k;doses=0.67/1.0/1.47
5.0,1277.0010803333332,2046.3324206755842,false,joint_ic_effect_logistic_hill,partial_5pct,A2780Naive,20k,0.67,IC25,0.25,baranyi_theta_logistic_growth,densities=20k/30k;doses=0.67/1.0/1.47
6.0,1612.01223,2565.933290612676,false,joint_ic_effect_logistic_hill,partial_5pct,A2780Naive,20k,0.67,IC25,0.25,baranyi_theta_logistic_growth,densities=20k/30k;doses=0.67/1.0/1.47
7.0,2016.4244216666668,2925.346416854996,false,joint_ic_effect_logistic_hill,partial_5pct,A2780Naive,20k,0.67,IC25,0.25,baranyi_theta_logistic_growth,densities=20k/30k;doses=0.67/1.0/1.47
8.0,2081.411111,3150.5965136043615,false,joint_ic_effect_logistic_hill,partial_5pct,A2780Naive,20k,0.67,IC25,0.25,baranyi_theta_logistic_growth,densities=20k/30k;doses=0.67/1.0/1.47
9.0,2395.0547066666663,3283.761134013117,false,joint_ic_effect_logistic_hill,partial_5pct,A2780Naive,20k,0.67,IC25,0.25,baranyi_theta_logistic_growth,densities=20k/30k;doses=0.67/1.0/1.47
10.0,2537.1984183333334,3359.898460136696,false,joint_ic_effect_logistic_hill,partial_5pct,A2780Naive,20k,0.67,IC25,0.25,baranyi_theta_logistic_growth,densities=20k/30k;doses=0.67/1.0/1.47
11.0,3073.8874999999994,3402.6204341372127,false,joint_ic_effect_logistic_hill,partial_5pct,A2780Naive,20k,0.67,IC25,0.25,baranyi_theta_logistic_growth,densities=20k/30k;doses=0.67/1.0/1.47
12.0,3042.368325666667,3426.3435850065944,false,joint_ic_effect_logistic_hill,partial_5pct,A2780Naive,20k,0.67,IC25,0.25,baranyi_theta_logistic_growth,densities=20k/30k;doses=0.67/1.0/1.47
13.0,3537.7463733333334,3439.4411272875655,false,joint_ic_effect_logistic_hill,partial_5pct,A2780Naive,20k,0.67,IC25,0.25,baranyi_theta_logistic_growth,densities=20k/30k;doses=0.67/1.0/1.47
14.0,3458.3808643333336,3446.649359731501,false,joint_ic_effect_logistic_hill,partial_5pct,A2780Naive,20k,0.67,IC25,0.25,baranyi_theta_logistic_growth,densities=20k/30k;doses=0.67/1.0/1.47
0.0,67.0,67.0,true,joint_ic_effect_logistic_hill,partial_5pct,A2780Naive,20k,1.0,IC50,0.5,baranyi_theta_logistic_growth,densities=20k/30k;doses=0.67/1.0/1.47
1.0,164.83707566666666,90.1100034643771,false,joint_ic_effect_logistic_hill,partial_5pct,A2780Naive,20k,1.0,IC50,0.5,baranyi_theta_logistic_growth,densities=20k/30k;doses=0.67/1.0/1.47
2.0,310.328588,186.03848842419413,false,joint_ic_effect_logistic_hill,partial_5pct,A2780Naive,20k,1.0,IC50,0.5,baranyi_theta_logistic_growth,densities=20k/30k;doses=0.67/1.0/1.47
3.0,498.45925933333325,369.72696220206916,false,joint_ic_effect_logistic_hill,partial_5pct,A2780Naive,20k,1.0,IC50,0.5,baranyi_theta_logistic_growth,densities=20k/30k;doses=0.67/1.0/1.47
4.0,690.7097223333334,624.1668366925055,false,joint_ic_effect_logistic_hill,partial_5pct,A2780Naive,20k,1.0,IC50,0.5,baranyi_theta_logistic_growth,densities=20k/30k;doses=0.67/1.0/1.47
5.0,804.9089893333334,903.3045285947929,false,joint_ic_effect_logistic_hill,partial_5pct,A2780Naive,20k,1.0,IC50,0.5,baranyi_theta_logistic_growth,densities=20k/30k;doses=0.67/1.0/1.47
6.0,1188.2886573333333,1158.774042705333,false,joint_ic_effect_logistic_hill,partial_5pct,A2780Naive,20k,1.0,IC50,0.5,baranyi_theta_logistic_growth,densities=20k/30k;doses=0.67/1.0/1.47
7.0,1563.5381556666664,1363.127752136752,false,joint_ic_effect_logistic_hill,partial_5pct,A2780Naive,20k,1.0,IC50,0.5,baranyi_theta_logistic_growth,densities=20k/30k;doses=0.67/1.0/1.47
8.0,1634.130247,1511.8543607794882,false,joint_ic_effect_logistic_hill,partial_5pct,A2780Naive,20k,1.0,IC50,0.5,baranyi_theta_logistic_growth,densities=20k/30k;doses=0.67/1.0/1.47
9.0,1556.192554,1613.4515873868547,false,joint_ic_effect_logistic_hill,partial_5pct,A2780Naive,20k,1.0,IC50,0.5,baranyi_theta_logistic_growth,densities=20k/30k;doses=0.67/1.0/1.47
10.0,1522.992284,1680.0580663742203,false,joint_ic_effect_logistic_hill,partial_5pct,A2780Naive,20k,1.0,IC50,0.5,baranyi_theta_logistic_growth,densities=20k/30k;doses=0.67/1.0/1.47
11.0,1608.247685333333,1722.599051615513,false,joint_ic_effect_logistic_hill,partial_5pct,A2780Naive,20k,1.0,IC50,0.5,baranyi_theta_logistic_growth,densities=20k/30k;doses=0.67/1.0/1.47
12.0,1500.9281636666667,1749.3286913070413,false,joint_ic_effect_logistic_hill,partial_5pct,A2780Naive,20k,1.0,IC50,0.5,baranyi_theta_logistic_growth,densities=20k/30k;doses=0.67/1.0/1.47
13.0,2011.2254243333334,1765.9539038111375,false,joint_ic_effect_logistic_hill,partial_5pct,A2780Naive,20k,1.0,IC50,0.5,baranyi_theta_logistic_growth,densities=20k/30k;doses=0.67/1.0/1.47
14.0,2445.406712666667,1776.2297466862658,false,joint_ic_effect_logistic_hill,partial_5pct,A2780Naive,20k,1.0,IC50,0.5,baranyi_theta_logistic_growth,densities=20k/30k;doses=0.67/1.0/1.47
0.0,67.0,67.0,true,joint_ic_effect_logistic_hill,partial_5pct,A2780Naive,20k,1.47,IC75,0.75,baranyi_theta_logistic_growth,densities=20k/30k;doses=0.67/1.0/1.47
1.0,470.381366,57.01064667362549,false,joint_ic_effect_logistic_hill,partial_5pct,A2780Naive,20k,1.47,IC75,0.75,baranyi_theta_logistic_growth,densities=20k/30k;doses=0.67/1.0/1.47
2.0,658.348264,81.55769127520884,false,joint_ic_effect_logistic_hill,partial_5pct,A2780Naive,20k,1.47,IC75,0.75,baranyi_theta_logistic_growth,densities=20k/30k;doses=0.67/1.0/1.47
3.0,910.885918,125.21032537923423,false,joint_ic_effect_logistic_hill,partial_5pct,A2780Naive,20k,1.47,IC75,0.75,baranyi_theta_logistic_growth,densities=20k/30k;doses=0.67/1.0/1.47
4.0,928.761304,180.17557877126703,false,joint_ic_effect_logistic_hill,partial_5pct,A2780Naive,20k,1.47,IC75,0.75,baranyi_theta_logistic_growth,densities=20k/30k;doses=0.67/1.0/1.47
5.0,914.7665896666667,240.34121975699654,false,joint_ic_effect_logistic_hill,partial_5pct,A2780Naive,20k,1.47,IC75,0.75,baranyi_theta_logistic_growth,densities=20k/30k;doses=0.67/1.0/1.47
6.0,867.7298226666667,299.95933168612726,false,joint_ic_effect_logistic_hill,partial_5pct,A2780Naive,20k,1.47,IC75,0.75,baranyi_theta_logistic_growth,densities=20k/30k;doses=0.67/1.0/1.47
7.0,681.9129633333333,354.5072741175913,false,joint_ic_effect_logistic_hill,partial_5pct,A2780Naive,20k,1.47,IC75,0.75,baranyi_theta_logistic_growth,densities=20k/30k;doses=0.67/1.0/1.47
8.0,481.738503,401.3408500162367,false,joint_ic_effect_logistic_hill,partial_5pct,A2780Naive,20k,1.47,IC75,0.75,baranyi_theta_logistic_growth,densities=20k/30k;doses=0.67/1.0/1.47
9.0,333.6756173333333,439.60806352991096,false,joint_ic_effect_logistic_hill,partial_5pct,A2780Naive,20k,1.47,IC75,0.75,baranyi_theta_logistic_growth,densities=20k/30k;doses=0.67/1.0/1.47
10.0,232.34174399999998,469.71889052055803,false,joint_ic_effect_logistic_hill,partial_5pct,A2780Naive,20k,1.47,IC75,0.75,baranyi_theta_logistic_growth,densities=20k/30k;doses=0.67/1.0/1.47
11.0,155.3204476666667,492.7534339866779,false,joint_ic_effect_logistic_hill,partial_5pct,A2780Naive,20k,1.47,IC75,0.75,baranyi_theta_logistic_growth,densities=20k/30k;doses=0.67/1.0/1.47
12.0,103.907562,510.0123872550831,false,joint_ic_effect_logistic_hill,partial_5pct,A2780Naive,20k,1.47,IC75,0.75,baranyi_theta_logistic_growth,densities=20k/30k;doses=0.67/1.0/1.47
13.0,71.52523133333334,522.7493846091163,false,joint_ic_effect_logistic_hill,partial_5pct,A2780Naive,20k,1.47,IC75,0.75,baranyi_theta_logistic_growth,densities=20k/30k;doses=0.67/1.0/1.47
14.0,36.60995366666666,532.0466198711383,false,joint_ic_effect_logistic_hill,partial_5pct,A2780Naive,20k,1.47,IC75,0.75,baranyi_theta_logistic_growth,densities=20k/30k;doses=0.67/1.0/1.47
0.0,100.0,100.0,true,joint_ic_effect_logistic_hill,partial_5pct,A2780Naive,30k,0.67,IC25,0.25,baranyi_theta_logistic_growth,densities=20k/30k;doses=0.67/1.0/1.47
1.0,507.5015816666667,168.67967365230254,false,joint_ic_effect_logistic_hill,partial_5pct,A2780Naive,30k,0.67,IC25,0.25,baranyi_theta_logistic_growth,densities=20k/30k;doses=0.67/1.0/1.47
2.0,801.887693,385.67901537117797,false,joint_ic_effect_logistic_hill,partial_5pct,A2780Naive,30k,0.67,IC25,0.25,baranyi_theta_logistic_growth,densities=20k/30k;doses=0.67/1.0/1.47
3.0,1336.278318,805.4542498678431,false,joint_ic_effect_logistic_hill,partial_5pct,A2780Naive,30k,0.67,IC25,0.25,baranyi_theta_logistic_growth,densities=20k/30k;doses=0.67/1.0/1.47
4.0,1623.1049383333336,1373.6187100338668,false,joint_ic_effect_logistic_hill,partial_5pct,A2780Naive,30k,0.67,IC25,0.25,baranyi_theta_logistic_growth,densities=20k/30k;doses=0.67/1.0/1.47
5.0,2076.8491126666668,1957.9689378563571,false,joint_ic_effect_logistic_hill,partial_5pct,A2780Naive,30k,0.67,IC25,0.25,baranyi_theta_logistic_growth,densities=20k/30k;doses=0.67/1.0/1.47
6.0,2482.367592666667,2447.823023870543,false,joint_ic_effect_logistic_hill,partial_5pct,A2780Naive,30k,0.67,IC25,0.25,baranyi_theta_logistic_growth,densities=20k/30k;doses=0.67/1.0/1.47
7.0,2895.899845666667,2804.1032772136873,false,joint_ic_effect_logistic_hill,partial_5pct,A2780Naive,30k,0.67,IC25,0.25,baranyi_theta_logistic_growth,densities=20k/30k;doses=0.67/1.0/1.47
8.0,2949.133024666667,3040.3352136717162,false,joint_ic_effect_logistic_hill,partial_5pct,A2780Naive,30k,0.67,IC25,0.25,baranyi_theta_logistic_growth,densities=20k/30k;doses=0.67/1.0/1.47
9.0,3220.295872,3188.211238433512,false,joint_ic_effect_logistic_hill,partial_5pct,A2780Naive,30k,0.67,IC25,0.25,baranyi_theta_logistic_growth,densities=20k/30k;doses=0.67/1.0/1.47
10.0,2758.7708333333335,3277.620958892549,false,joint_ic_effect_logistic_hill,partial_5pct,A2780Naive,30k,0.67,IC25,0.25,baranyi_theta_logistic_growth,densities=20k/30k;doses=0.67/1.0/1.47
11.0,3434.9652003333335,3330.5814516978166,false,joint_ic_effect_logistic_hill,partial_5pct,A2780Naive,30k,0.67,IC25,0.25,baranyi_theta_logistic_growth,densities=20k/30k;doses=0.67/1.0/1.47
12.0,3115.501775,3361.577083910689,false,joint_ic_effect_logistic_hill,partial_5pct,A2780Naive,30k,0.67,IC25,0.25,baranyi_theta_logistic_growth,densities=20k/30k;doses=0.67/1.0/1.47
13.0,3633.6489583333337,3379.5913417292545,false,joint_ic_effect_logistic_hill,partial_5pct,A2780Naive,30k,0.67,IC25,0.25,baranyi_theta_logistic_growth,densities=20k/30k;doses=0.67/1.0/1.47
14.0,3423.783179,3390.018760277011,false,joint_ic_effect_logistic_hill,partial_5pct,A2780Naive,30k,0.67,IC25,0.25,baranyi_theta_logistic_growth,densities=20k/30k;doses=0.67/1.0/1.47
0.0,100.0,100.0,true,joint_ic_effect_logistic_hill,partial_5pct,A2780Naive,30k,1.0,IC50,0.5,baranyi_theta_logistic_growth,densities=20k/30k;doses=0.67/1.0/1.47
1.0,277.1990353333333,124.22017737149966,false,joint_ic_effect_logistic_hill,partial_5pct,A2780Naive,30k,1.0,IC50,0.5,baranyi_theta_logistic_growth,densities=20k/30k;doses=0.67/1.0/1.47
2.0,512.5472606666666,224.41237281205085,false,joint_ic_effect_logistic_hill,partial_5pct,A2780Naive,30k,1.0,IC50,0.5,baranyi_theta_logistic_growth,densities=20k/30k;doses=0.67/1.0/1.47
3.0,810.4685956666666,404.51257662889293,false,joint_ic_effect_logistic_hill,partial_5pct,A2780Naive,30k,1.0,IC50,0.5,baranyi_theta_logistic_growth,densities=20k/30k;doses=0.67/1.0/1.47
4.0,1072.5972223333333,642.1916191614824,false,joint_ic_effect_logistic_hill,partial_5pct,A2780Naive,30k,1.0,IC50,0.5,baranyi_theta_logistic_growth,densities=20k/30k;doses=0.67/1.0/1.47
5.0,1220.3375386666667,897.9444906518885,false,joint_ic_effect_logistic_hill,partial_5pct,A2780Naive,30k,1.0,IC50,0.5,baranyi_theta_logistic_growth,densities=20k/30k;doses=0.67/1.0/1.47
6.0,1524.2378856666667,1133.6572212636634,false,joint_ic_effect_logistic_hill,partial_5pct,A2780Naive,30k,1.0,IC50,0.5,baranyi_theta_logistic_growth,densities=20k/30k;doses=0.67/1.0/1.47
7.0,1784.3173613333336,1327.046030493372,false,joint_ic_effect_logistic_hill,partial_5pct,A2780Naive,30k,1.0,IC50,0.5,baranyi_theta_logistic_growth,densities=20k/30k;doses=0.67/1.0/1.47
8.0,1754.768094,1472.9498354262184,false,joint_ic_effect_logistic_hill,partial_5pct,A2780Naive,30k,1.0,IC50,0.5,baranyi_theta_logistic_growth,densities=20k/30k;doses=0.67/1.0/1.47
9.0,1630.9435183333335,1576.8049344644073,false,joint_ic_effect_logistic_hill,partial_5pct,A2780Naive,30k,1.0,IC50,0.5,baranyi_theta_logistic_growth,densities=20k/30k;doses=0.67/1.0/1.47
10.0,1765.6959490000002,1647.8838353499318,false,joint_ic_effect_logistic_hill,partial_5pct,A2780Naive,30k,1.0,IC50,0.5,baranyi_theta_logistic_growth,densities=20k/30k;doses=0.67/1.0/1.47
11.0,1797.057716,1695.284267162745,false,joint_ic_effect_logistic_hill,partial_5pct,A2780Naive,30k,1.0,IC50,0.5,baranyi_theta_logistic_growth,densities=20k/30k;doses=0.67/1.0/1.47
12.0,1664.883989,1726.3636210333077,false,joint_ic_effect_logistic_hill,partial_5pct,A2780Naive,30k,1.0,IC50,0.5,baranyi_theta_logistic_growth,densities=20k/30k;doses=0.67/1.0/1.47
13.0,1869.5183256666667,1746.5198361970063,false,joint_ic_effect_logistic_hill,partial_5pct,A2780Naive,30k,1.0,IC50,0.5,baranyi_theta_logistic_growth,densities=20k/30k;doses=0.67/1.0/1.47
14.0,2521.7536263333336,1759.5003340917576,false,joint_ic_effect_logistic_hill,partial_5pct,A2780Naive,30k,1.0,IC50,0.5,baranyi_theta_logistic_growth,densities=20k/30k;doses=0.67/1.0/1.47
0.0,100.0,100.0,true,joint_ic_effect_logistic_hill,partial_5pct,A2780Naive,30k,1.47,IC75,0.75,baranyi_theta_logistic_growth,densities=20k/30k;doses=0.67/1.0/1.47
1.0,683.0949846666667,81.991354852335,false,joint_ic_effect_logistic_hill,partial_5pct,A2780Naive,30k,1.47,IC75,0.75,baranyi_theta_logistic_growth,densities=20k/30k;doses=0.67/1.0/1.47
2.0,962.59946,105.95624136340491,false,joint_ic_effect_logistic_hill,partial_5pct,A2780Naive,30k,1.47,IC75,0.75,baranyi_theta_logistic_growth,densities=20k/30k;doses=0.67/1.0/1.47
3.0,1293.4153163333333,150.23955393148483,false,joint_ic_effect_logistic_hill,partial_5pct,A2780Naive,30k,1.47,IC75,0.75,baranyi_theta_logistic_growth,densities=20k/30k;doses=0.67/1.0/1.47
4.0,1242.3761956666667,204.09026945421914,false,joint_ic_effect_logistic_hill,partial_5pct,A2780Naive,30k,1.47,IC75,0.75,baranyi_theta_logistic_growth,densities=20k/30k;doses=0.67/1.0/1.47
5.0,1196.6721066666667,261.12000690997144,false,joint_ic_effect_logistic_hill,partial_5pct,A2780Naive,30k,1.47,IC75,0.75,baranyi_theta_logistic_growth,densities=20k/30k;doses=0.67/1.0/1.47
6.0,1151.6981093333334,316.52292011194356,false,joint_ic_effect_logistic_hill,partial_5pct,A2780Naive,30k,1.47,IC75,0.75,baranyi_theta_logistic_growth,densities=20k/30k;doses=0.67/1.0/1.47
7.0,908.6366510000001,366.8866928356716,false,joint_ic_effect_logistic_hill,partial_5pct,A2780Naive,30k,1.47,IC75,0.75,baranyi_theta_logistic_growth,densities=20k/30k;doses=0.67/1.0/1.47
8.0,684.2957563333333,410.3131943681672,false,joint_ic_effect_logistic_hill,partial_5pct,A2780Naive,30k,1.47,IC75,0.75,baranyi_theta_logistic_growth,densities=20k/30k;doses=0.67/1.0/1.47
9.0,451.471335,446.23184943584846,false,joint_ic_effect_logistic_hill,partial_5pct,A2780Naive,30k,1.47,IC75,0.75,baranyi_theta_logistic_growth,densities=20k/30k;doses=0.67/1.0/1.47
10.0,351.6421293333333,474.9984992057973,false,joint_ic_effect_logistic_hill,partial_5pct,A2780Naive,30k,1.47,IC75,0.75,baranyi_theta_logistic_growth,densities=20k/30k;doses=0.67/1.0/1.47
11.0,239.04888100000002,497.47760396102115,false,joint_ic_effect_logistic_hill,partial_5pct,A2780Naive,30k,1.47,IC75,0.75,baranyi_theta_logistic_growth,densities=20k/30k;doses=0.67/1.0/1.47
12.0,153.48256166666667,514.7207324415376,false,joint_ic_effect_logistic_hill,partial_5pct,A2780Naive,30k,1.47,IC75,0.75,baranyi_theta_logistic_growth,densities=20k/30k;doses=0.67/1.0/1.47
13.0,115.12735333333332,527.7654980983085,false,joint_ic_effect_logistic_hill,partial_5pct,A2780Naive,30k,1.47,IC75,0.75,baranyi_theta_logistic_growth,densities=20k/30k;doses=0.67/1.0/1.47
14.0,60.396604999999994,537.5331819601037,false,joint_ic_effect_logistic_hill,partial_5pct,A2780Naive,30k,1.47,IC75,0.75,baranyi_theta_logistic_growth,densities=20k/30k;doses=0.67/1.0/1.47
0.0,67.0,67.0,true,joint_ic_effect_transit_death,partial_5pct,A2780Naive,20k,0.67,IC25,0.25,baranyi_theta_logistic_growth,densities=20k/30k;doses=0.67/1.0/1.47
1.0,305.18962200000004,139.44549702083023,false,joint_ic_effect_transit_death,partial_5pct,A2780Naive,20k,0.67,IC25,0.25,baranyi_theta_logistic_growth,densities=20k/30k;doses=0.67/1.0/1.47
2.0,465.63738433333333,400.2108876085715,false,joint_ic_effect_transit_death,partial_5pct,A2780Naive,20k,0.67,IC25,0.25,baranyi_theta_logistic_growth,densities=20k/30k;doses=0.67/1.0/1.47
3.0,790.214892,964.018581549148,false,joint_ic_effect_transit_death,partial_5pct,A2780Naive,20k,0.67,IC25,0.25,baranyi_theta_logistic_growth,densities=20k/30k;doses=0.67/1.0/1.47
4.0,880.948534,1684.1422555395702,false,joint_ic_effect_transit_death,partial_5pct,A2780Naive,20k,0.67,IC25,0.25,baranyi_theta_logistic_growth,densities=20k/30k;doses=0.67/1.0/1.47
5.0,1277.0010803333332,2361.1422131094555,false,joint_ic_effect_transit_death,partial_5pct,A2780Naive,20k,0.67,IC25,0.25,baranyi_theta_logistic_growth,densities=20k/30k;doses=0.67/1.0/1.47
6.0,1612.01223,2891.7457558718374,false,joint_ic_effect_transit_death,partial_5pct,A2780Naive,20k,0.67,IC25,0.25,baranyi_theta_logistic_growth,densities=20k/30k;doses=0.67/1.0/1.47
7.0,2016.4244216666668,3259.567549329545,false,joint_ic_effect_transit_death,partial_5pct,A2780Naive,20k,0.67,IC25,0.25,baranyi_theta_logistic_growth,densities=20k/30k;doses=0.67/1.0/1.47
8.0,2081.411111,3497.1286488774053,false,joint_ic_effect_transit_death,partial_5pct,A2780Naive,20k,0.67,IC25,0.25,baranyi_theta_logistic_growth,densities=20k/30k;doses=0.67/1.0/1.47
9.0,2395.0547066666663,3644.986563791964,false,joint_ic_effect_transit_death,partial_5pct,A2780Naive,20k,0.67,IC25,0.25,baranyi_theta_logistic_growth,densities=20k/30k;doses=0.67/1.0/1.47
10.0,2537.1984183333334,3735.4658198539046,false,joint_ic_effect_transit_death,partial_5pct,A2780Naive,20k,0.67,IC25,0.25,baranyi_theta_logistic_growth,densities=20k/30k;doses=0.67/1.0/1.47
11.0,3073.8874999999994,3790.5163038684614,false,joint_ic_effect_transit_death,partial_5pct,A2780Naive,20k,0.67,IC25,0.25,baranyi_theta_logistic_growth,densities=20k/30k;doses=0.67/1.0/1.47
12.0,3042.368325666667,3824.019232996251,false,joint_ic_effect_transit_death,partial_5pct,A2780Naive,20k,0.67,IC25,0.25,baranyi_theta_logistic_growth,densities=20k/30k;doses=0.67/1.0/1.47
13.0,3537.7463733333334,3844.475783612882,false,joint_ic_effect_transit_death,partial_5pct,A2780Naive,20k,0.67,IC25,0.25,baranyi_theta_logistic_growth,densities=20k/30k;doses=0.67/1.0/1.47
14.0,3458.3808643333336,3857.025093943512,false,joint_ic_effect_transit_death,partial_5pct,A2780Naive,20k,0.67,IC25,0.25,baranyi_theta_logistic_growth,densities=20k/30k;doses=0.67/1.0/1.47
0.0,67.0,67.0,true,joint_ic_effect_transit_death,partial_5pct,A2780Naive,20k,1.0,IC50,0.5,baranyi_theta_logistic_growth,densities=20k/30k;doses=0.67/1.0/1.47
1.0,164.83707566666666,139.44549702083023,false,joint_ic_effect_transit_death,partial_5pct,A2780Naive,20k,1.0,IC50,0.5,baranyi_theta_logistic_growth,densities=20k/30k;doses=0.67/1.0/1.47
2.0,310.328588,400.2108876085715,false,joint_ic_effect_transit_death,partial_5pct,A2780Naive,20k,1.0,IC50,0.5,baranyi_theta_logistic_growth,densities=20k/30k;doses=0.67/1.0/1.47
3.0,498.45925933333325,963.696930179749,false,joint_ic_effect_transit_death,partial_5pct,A2780Naive,20k,1.0,IC50,0.5,baranyi_theta_logistic_growth,densities=20k/30k;doses=0.67/1.0/1.47
4.0,690.7097223333334,1256.8667020629714,false,joint_ic_effect_transit_death,partial_5pct,A2780Naive,20k,1.0,IC50,0.5,baranyi_theta_logistic_growth,densities=20k/30k;doses=0.67/1.0/1.47
5.0,804.9089893333334,1358.7551397574662,false,joint_ic_effect_transit_death,partial_5pct,A2780Naive,20k,1.0,IC50,0.5,baranyi_theta_logistic_growth,densities=20k/30k;doses=0.67/1.0/1.47
6.0,1188.2886573333333,1397.114103134048,false,joint_ic_effect_transit_death,partial_5pct,A2780Naive,20k,1.0,IC50,0.5,baranyi_theta_logistic_growth,densities=20k/30k;doses=0.67/1.0/1.47
7.0,1563.5381556666664,1402.868089463046,false,joint_ic_effect_transit_death,partial_5pct,A2780Naive,20k,1.0,IC50,0.5,baranyi_theta_logistic_growth,densities=20k/30k;doses=0.67/1.0/1.47
8.0,1634.130247,1393.378870362923,false,joint_ic_effect_transit_death,partial_5pct,A2780Naive,20k,1.0,IC50,0.5,baranyi_theta_logistic_growth,densities=20k/30k;doses=0.67/1.0/1.47
9.0,1556.192554,1378.0813893711234,false,joint_ic_effect_transit_death,partial_5pct,A2780Naive,20k,1.0,IC50,0.5,baranyi_theta_logistic_growth,densities=20k/30k;doses=0.67/1.0/1.47
10.0,1522.992284,1361.8230636569351,false,joint_ic_effect_transit_death,partial_5pct,A2780Naive,20k,1.0,IC50,0.5,baranyi_theta_logistic_growth,densities=20k/30k;doses=0.67/1.0/1.47
11.0,1608.247685333333,1346.8763269282654,false,joint_ic_effect_transit_death,partial_5pct,A2780Naive,20k,1.0,IC50,0.5,baranyi_theta_logistic_growth,densities=20k/30k;doses=0.67/1.0/1.47
12.0,1500.9281636666667,1334.1183349611488,false,joint_ic_effect_transit_death,partial_5pct,A2780Naive,20k,1.0,IC50,0.5,baranyi_theta_logistic_growth,densities=20k/30k;doses=0.67/1.0/1.47
13.0,2011.2254243333334,1323.7080286212786,false,joint_ic_effect_transit_death,partial_5pct,A2780Naive,20k,1.0,IC50,0.5,baranyi_theta_logistic_growth,densities=20k/30k;doses=0.67/1.0/1.47
14.0,2445.406712666667,1315.4656560500132,false,joint_ic_effect_transit_death,partial_5pct,A2780Naive,20k,1.0,IC50,0.5,baranyi_theta_logistic_growth,densities=20k/30k;doses=0.67/1.0/1.47
0.0,67.0,67.0,true,joint_ic_effect_transit_death,partial_5pct,A2780Naive,20k,1.47,IC75,0.75,baranyi_theta_logistic_growth,densities=20k/30k;doses=0.67/1.0/1.47
1.0,470.381366,139.44549702083023,false,joint_ic_effect_transit_death,partial_5pct,A2780Naive,20k,1.47,IC75,0.75,baranyi_theta_logistic_growth,densities=20k/30k;doses=0.67/1.0/1.47
2.0,658.348264,400.2108876085715,false,joint_ic_effect_transit_death,partial_5pct,A2780Naive,20k,1.47,IC75,0.75,baranyi_theta_logistic_growth,densities=20k/30k;doses=0.67/1.0/1.47
3.0,910.885918,963.452794109833,false,joint_ic_effect_transit_death,partial_5pct,A2780Naive,20k,1.47,IC75,0.75,baranyi_theta_logistic_growth,densities=20k/30k;doses=0.67/1.0/1.47
4.0,928.761304,1034.616916414648,false,joint_ic_effect_transit_death,partial_5pct,A2780Naive,20k,1.47,IC75,0.75,baranyi_theta_logistic_growth,densities=20k/30k;doses=0.67/1.0/1.47
5.0,914.7665896666667,930.9478951896442,false,joint_ic_effect_transit_death,partial_5pct,A2780Naive,20k,1.47,IC75,0.75,baranyi_theta_logistic_growth,densities=20k/30k;doses=0.67/1.0/1.47
6.0,867.7298226666667,805.2178194925029,false,joint_ic_effect_transit_death,partial_5pct,A2780Naive,20k,1.47,IC75,0.75,baranyi_theta_logistic_growth,densities=20k/30k;doses=0.67/1.0/1.47
7.0,681.9129633333333,683.6109733827545,false,joint_ic_effect_transit_death,partial_5pct,A2780Naive,20k,1.47,IC75,0.75,baranyi_theta_logistic_growth,densities=20k/30k;doses=0.67/1.0/1.47
8.0,481.738503,577.6470075712286,false,joint_ic_effect_transit_death,partial_5pct,A2780Naive,20k,1.47,IC75,0.75,baranyi_theta_logistic_growth,densities=20k/30k;doses=0.67/1.0/1.47
9.0,333.6756173333333,490.13571407824554,false,joint_ic_effect_transit_death,partial_5pct,A2780Naive,20k,1.47,IC75,0.75,baranyi_theta_logistic_growth,densities=20k/30k;doses=0.67/1.0/1.47
10.0,232.34174399999998,419.956875246457,false,joint_ic_effect_transit_death,partial_5pct,A2780Naive,20k,1.47,IC75,0.75,baranyi_theta_logistic_growth,densities=20k/30k;doses=0.67/1.0/1.47
11.0,155.3204476666667,364.5868380485348,false,joint_ic_effect_transit_death,partial_5pct,A2780Naive,20k,1.47,IC75,0.75,baranyi_theta_logistic_growth,densities=20k/30k;doses=0.67/1.0/1.47
12.0,103.907562,321.2702782543223,false,joint_ic_effect_transit_death,partial_5pct,A2780Naive,20k,1.47,IC75,0.75,baranyi_theta_logistic_growth,densities=20k/30k;doses=0.67/1.0/1.47
13.0,71.52523133333334,287.50250713461367,false,joint_ic_effect_transit_death,partial_5pct,A2780Naive,20k,1.47,IC75,0.75,baranyi_theta_logistic_growth,densities=20k/30k;doses=0.67/1.0/1.47
14.0,36.60995366666666,261.1838762292563,false,joint_ic_effect_transit_death,partial_5pct,A2780Naive,20k,1.47,IC75,0.75,baranyi_theta_logistic_growth,densities=20k/30k;doses=0.67/1.0/1.47
0.0,100.0,100.0,true,joint_ic_effect_transit_death,partial_5pct,A2780Naive,30k,0.67,IC25,0.25,baranyi_theta_logistic_growth,densities=20k/30k;doses=0.67/1.0/1.47
1.0,507.5015816666667,184.66525573323528,false,joint_ic_effect_transit_death,partial_5pct,A2780Naive,30k,0.67,IC25,0.25,baranyi_theta_logistic_growth,densities=20k/30k;doses=0.67/1.0/1.47
2.0,801.887693,451.80884782136195,false,joint_ic_effect_transit_death,partial_5pct,A2780Naive,30k,0.67,IC25,0.25,baranyi_theta_logistic_growth,densities=20k/30k;doses=0.67/1.0/1.47
3.0,1336.278318,980.4436588028811,false,joint_ic_effect_transit_death,partial_5pct,A2780Naive,30k,0.67,IC25,0.25,baranyi_theta_logistic_growth,densities=20k/30k;doses=0.67/1.0/1.47
4.0,1623.1049383333336,1632.019602485112,false,joint_ic_effect_transit_death,partial_5pct,A2780Naive,30k,0.67,IC25,0.25,baranyi_theta_logistic_growth,densities=20k/30k;doses=0.67/1.0/1.47
5.0,2076.8491126666668,2250.0397822712657,false,joint_ic_effect_transit_death,partial_5pct,A2780Naive,30k,0.67,IC25,0.25,baranyi_theta_logistic_growth,densities=20k/30k;doses=0.67/1.0/1.47
6.0,2482.367592666667,2750.4872944620142,false,joint_ic_effect_transit_death,partial_5pct,A2780Naive,30k,0.67,IC25,0.25,baranyi_theta_logistic_growth,densities=20k/30k;doses=0.67/1.0/1.47
7.0,2895.899845666667,3112.399529955984,false,joint_ic_effect_transit_death,partial_5pct,A2780Naive,30k,0.67,IC25,0.25,baranyi_theta_logistic_growth,densities=20k/30k;doses=0.67/1.0/1.47
8.0,2949.133024666667,3356.444084383253,false,joint_ic_effect_transit_death,partial_5pct,A2780Naive,30k,0.67,IC25,0.25,baranyi_theta_logistic_growth,densities=20k/30k;doses=0.67/1.0/1.47
9.0,3220.295872,3514.4744415311325,false,joint_ic_effect_transit_death,partial_5pct,A2780Naive,30k,0.67,IC25,0.25,baranyi_theta_logistic_growth,densities=20k/30k;doses=0.67/1.0/1.47
10.0,2758.7708333333335,3614.5796351971294,false,joint_ic_effect_transit_death,partial_5pct,A2780Naive,30k,0.67,IC25,0.25,baranyi_theta_logistic_growth,densities=20k/30k;doses=0.67/1.0/1.47
11.0,3434.9652003333335,3677.3005060339856,false,joint_ic_effect_transit_death,partial_5pct,A2780Naive,30k,0.67,IC25,0.25,baranyi_theta_logistic_growth,densities=20k/30k;doses=0.67/1.0/1.47
12.0,3115.501775,3716.4171798922075,false,joint_ic_effect_transit_death,partial_5pct,A2780Naive,30k,0.67,IC25,0.25,baranyi_theta_logistic_growth,densities=20k/30k;doses=0.67/1.0/1.47
13.0,3633.6489583333337,3740.7864829960668,false,joint_ic_effect_transit_death,partial_5pct,A2780Naive,30k,0.67,IC25,0.25,baranyi_theta_logistic_growth,densities=20k/30k;doses=0.67/1.0/1.47
14.0,3423.783179,3755.980975049686,false,joint_ic_effect_transit_death,partial_5pct,A2780Naive,30k,0.67,IC25,0.25,baranyi_theta_logistic_growth,densities=20k/30k;doses=0.67/1.0/1.47
0.0,100.0,100.0,true,joint_ic_effect_transit_death,partial_5pct,A2780Naive,30k,1.0,IC50,0.5,baranyi_theta_logistic_growth,densities=20k/30k;doses=0.67/1.0/1.47
1.0,277.1990353333333,184.66525573323528,false,joint_ic_effect_transit_death,partial_5pct,A2780Naive,30k,1.0,IC50,0.5,baranyi_theta_logistic_growth,densities=20k/30k;doses=0.67/1.0/1.47
2.0,512.5472606666666,451.80884782136195,false,joint_ic_effect_transit_death,partial_5pct,A2780Naive,30k,1.0,IC50,0.5,baranyi_theta_logistic_growth,densities=20k/30k;doses=0.67/1.0/1.47
3.0,810.4685956666666,980.1469555053523,false,joint_ic_effect_transit_death,partial_5pct,A2780Naive,30k,1.0,IC50,0.5,baranyi_theta_logistic_growth,densities=20k/30k;doses=0.67/1.0/1.47
4.0,1072.5972223333333,1245.3572188722096,false,joint_ic_effect_transit_death,partial_5pct,A2780Naive,30k,1.0,IC50,0.5,baranyi_theta_logistic_growth,densities=20k/30k;doses=0.67/1.0/1.47
5.0,1220.3375386666667,1336.1548677943713,false,joint_ic_effect_transit_death,partial_5pct,A2780Naive,30k,1.0,IC50,0.5,baranyi_theta_logistic_growth,densities=20k/30k;doses=0.67/1.0/1.47
6.0,1524.2378856666667,1368.7476674520499,false,joint_ic_effect_transit_death,partial_5pct,A2780Naive,30k,1.0,IC50,0.5,baranyi_theta_logistic_growth,densities=20k/30k;doses=0.67/1.0/1.47
7.0,1784.3173613333336,1371.2968953039892,false,joint_ic_effect_transit_death,partial_5pct,A2780Naive,30k,1.0,IC50,0.5,baranyi_theta_logistic_growth,densities=20k/30k;doses=0.67/1.0/1.47
8.0,1754.768094,1359.7833372614223,false,joint_ic_effect_transit_death,partial_5pct,A2780Naive,30k,1.0,IC50,0.5,baranyi_theta_logistic_growth,densities=20k/30k;doses=0.67/1.0/1.47
9.0,1630.9435183333335,1342.9847968435101,false,joint_ic_effect_transit_death,partial_5pct,A2780Naive,30k,1.0,IC50,0.5,baranyi_theta_logistic_growth,densities=20k/30k;doses=0.67/1.0/1.47
10.0,1765.6959490000002,1325.460891268037,false,joint_ic_effect_transit_death,partial_5pct,A2780Naive,30k,1.0,IC50,0.5,baranyi_theta_logistic_growth,densities=20k/30k;doses=0.67/1.0/1.47
11.0,1797.057716,1309.37437591517,false,joint_ic_effect_transit_death,partial_5pct,A2780Naive,30k,1.0,IC50,0.5,baranyi_theta_logistic_growth,densities=20k/30k;doses=0.67/1.0/1.47
12.0,1664.883989,1295.571627776967,false,joint_ic_effect_transit_death,partial_5pct,A2780Naive,30k,1.0,IC50,0.5,baranyi_theta_logistic_growth,densities=20k/30k;doses=0.67/1.0/1.47
13.0,1869.5183256666667,1284.2105838325365,false,joint_ic_effect_transit_death,partial_5pct,A2780Naive,30k,1.0,IC50,0.5,baranyi_theta_logistic_growth,densities=20k/30k;doses=0.67/1.0/1.47
14.0,2521.7536263333336,1275.1176214409963,false,joint_ic_effect_transit_death,partial_5pct,A2780Naive,30k,1.0,IC50,0.5,baranyi_theta_logistic_growth,densities=20k/30k;doses=0.67/1.0/1.47
0.0,100.0,100.0,true,joint_ic_effect_transit_death,partial_5pct,A2780Naive,30k,1.47,IC75,0.75,baranyi_theta_logistic_growth,densities=20k/30k;doses=0.67/1.0/1.47
1.0,683.0949846666667,184.66525573323528,false,joint_ic_effect_transit_death,partial_5pct,A2780Naive,30k,1.47,IC75,0.75,baranyi_theta_logistic_growth,densities=20k/30k;doses=0.67/1.0/1.47
2.0,962.59946,451.80884782136195,false,joint_ic_effect_transit_death,partial_5pct,A2780Naive,30k,1.47,IC75,0.75,baranyi_theta_logistic_growth,densities=20k/30k;doses=0.67/1.0/1.47
3.0,1293.4153163333333,979.9217431028899,false,joint_ic_effect_transit_death,partial_5pct,A2780Naive,30k,1.47,IC75,0.75,baranyi_theta_logistic_growth,densities=20k/30k;doses=0.67/1.0/1.47
4.0,1242.3761956666667,1039.1322553511943,false,joint_ic_effect_transit_death,partial_5pct,A2780Naive,30k,1.47,IC75,0.75,baranyi_theta_logistic_growth,densities=20k/30k;doses=0.67/1.0/1.47
5.0,1196.6721066666667,936.7300943566947,false,joint_ic_effect_transit_death,partial_5pct,A2780Naive,30k,1.47,IC75,0.75,baranyi_theta_logistic_growth,densities=20k/30k;doses=0.67/1.0/1.47
6.0,1151.6981093333334,814.3476118440701,false,joint_ic_effect_transit_death,partial_5pct,A2780Naive,30k,1.47,IC75,0.75,baranyi_theta_logistic_growth,densities=20k/30k;doses=0.67/1.0/1.47
7.0,908.6366510000001,695.7116425768211,false,joint_ic_effect_transit_death,partial_5pct,A2780Naive,30k,1.47,IC75,0.75,baranyi_theta_logistic_growth,densities=20k/30k;doses=0.67/1.0/1.47
8.0,684.2957563333333,591.6373285316237,false,joint_ic_effect_transit_death,partial_5pct,A2780Naive,30k,1.47,IC75,0.75,baranyi_theta_logistic_growth,densities=20k/30k;doses=0.67/1.0/1.47
9.0,451.471335,505.00067529795297,false,joint_ic_effect_transit_death,partial_5pct,A2780Naive,30k,1.47,IC75,0.75,baranyi_theta_logistic_growth,densities=20k/30k;doses=0.67/1.0/1.47
10.0,351.6421293333333,434.9490819465158,false,joint_ic_effect_transit_death,partial_5pct,A2780Naive,30k,1.47,IC75,0.75,baranyi_theta_logistic_growth,densities=20k/30k;doses=0.67/1.0/1.47
11.0,239.04888100000002,379.22213488568934,false,joint_ic_effect_transit_death,partial_5pct,A2780Naive,30k,1.47,IC75,0.75,baranyi_theta_logistic_growth,densities=20k/30k;doses=0.67/1.0/1.47
12.0,153.48256166666667,335.26817296489736,false,joint_ic_effect_transit_death,partial_5pct,A2780Naive,30k,1.47,IC75,0.75,baranyi_theta_logistic_growth,densities=20k/30k;doses=0.67/1.0/1.47
13.0,115.12735333333332,300.7240784539722,false,joint_ic_effect_transit_death,partial_5pct,A2780Naive,30k,1.47,IC75,0.75,baranyi_theta_logistic_growth,densities=20k/30k;doses=0.67/1.0/1.47
14.0,60.396604999999994,273.58206305284557,false,joint_ic_effect_transit_death,partial_5pct,A2780Naive,30k,1.47,IC75,0.75,baranyi_theta_logistic_growth,densities=20k/30k;doses=0.67/1.0/1.47
0.0,67.0,67.0,true,joint_ic_effect_two_population,partial_5pct,A2780Naive,20k,0.67,IC25,0.25,baranyi_theta_logistic_growth,densities=20k/30k;doses=0.67/1.0/1.47
1.0,305.18962200000004,139.4454970208387,false,joint_ic_effect_two_population,partial_5pct,A2780Naive,20k,0.67,IC25,0.25,baranyi_theta_logistic_growth,densities=20k/30k;doses=0.67/1.0/1.47
2.0,465.63738433333333,400.2108876085809,false,joint_ic_effect_two_population,partial_5pct,A2780Naive,20k,0.67,IC25,0.25,baranyi_theta_logistic_growth,densities=20k/30k;doses=0.67/1.0/1.47
3.0,790.214892,957.0636242251325,false,joint_ic_effect_two_population,partial_5pct,A2780Naive,20k,0.67,IC25,0.25,baranyi_theta_logistic_growth,densities=20k/30k;doses=0.67/1.0/1.47
4.0,880.948534,1696.0889761066865,false,joint_ic_effect_two_population,partial_5pct,A2780Naive,20k,0.67,IC25,0.25,baranyi_theta_logistic_growth,densities=20k/30k;doses=0.67/1.0/1.47
5.0,1277.0010803333332,2385.7710391885994,false,joint_ic_effect_two_population,partial_5pct,A2780Naive,20k,0.67,IC25,0.25,baranyi_theta_logistic_growth,densities=20k/30k;doses=0.67/1.0/1.47
6.0,1612.01223,2890.6542631040666,false,joint_ic_effect_two_population,partial_5pct,A2780Naive,20k,0.67,IC25,0.25,baranyi_theta_logistic_growth,densities=20k/30k;doses=0.67/1.0/1.47
7.0,2016.4244216666668,3207.5016043120886,false,joint_ic_effect_two_population,partial_5pct,A2780Naive,20k,0.67,IC25,0.25,baranyi_theta_logistic_growth,densities=20k/30k;doses=0.67/1.0/1.47
8.0,2081.411111,3388.788542761292,false,joint_ic_effect_two_population,partial_5pct,A2780Naive,20k,0.67,IC25,0.25,baranyi_theta_logistic_growth,densities=20k/30k;doses=0.67/1.0/1.47
9.0,2395.0547066666663,3486.9569020495974,false,joint_ic_effect_two_population,partial_5pct,A2780Naive,20k,0.67,IC25,0.25,baranyi_theta_logistic_growth,densities=20k/30k;doses=0.67/1.0/1.47
10.0,2537.1984183333334,3538.3068888354333,false,joint_ic_effect_two_population,partial_5pct,A2780Naive,20k,0.67,IC25,0.25,baranyi_theta_logistic_growth,densities=20k/30k;doses=0.67/1.0/1.47
11.0,3073.8874999999994,3564.5090207930803,false,joint_ic_effect_two_population,partial_5pct,A2780Naive,20k,0.67,IC25,0.25,baranyi_theta_logistic_growth,densities=20k/30k;doses=0.67/1.0/1.47
12.0,3042.368325666667,3577.593834444109,false,joint_ic_effect_two_population,partial_5pct,A2780Naive,20k,0.67,IC25,0.25,baranyi_theta_logistic_growth,densities=20k/30k;doses=0.67/1.0/1.47
13.0,3537.7463733333334,3583.9804240828,false,joint_ic_effect_two_population,partial_5pct,A2780Naive,20k,0.67,IC25,0.25,baranyi_theta_logistic_growth,densities=20k/30k;doses=0.67/1.0/1.47
14.0,3458.3808643333336,3587.010614729529,false,joint_ic_effect_two_population,partial_5pct,A2780Naive,20k,0.67,IC25,0.25,baranyi_theta_logistic_growth,densities=20k/30k;doses=0.67/1.0/1.47
0.0,67.0,67.0,true,joint_ic_effect_two_population,partial_5pct,A2780Naive,20k,1.0,IC50,0.5,baranyi_theta_logistic_growth,densities=20k/30k;doses=0.67/1.0/1.47
1.0,164.83707566666666,139.4454970208387,false,joint_ic_effect_two_population,partial_5pct,A2780Naive,20k,1.0,IC50,0.5,baranyi_theta_logistic_growth,densities=20k/30k;doses=0.67/1.0/1.47
2.0,310.328588,400.2108876085809,false,joint_ic_effect_two_population,partial_5pct,A2780Naive,20k,1.0,IC50,0.5,baranyi_theta_logistic_growth,densities=20k/30k;doses=0.67/1.0/1.47
3.0,498.45925933333325,906.1494248451788,false,joint_ic_effect_two_population,partial_5pct,A2780Naive,20k,1.0,IC50,0.5,baranyi_theta_logistic_growth,densities=20k/30k;doses=0.67/1.0/1.47
4.0,690.7097223333334,1304.715819474398,false,joint_ic_effect_two_population,partial_5pct,A2780Naive,20k,1.0,IC50,0.5,baranyi_theta_logistic_growth,densities=20k/30k;doses=0.67/1.0/1.47
5.0,804.9089893333334,1455.0660809055632,false,joint_ic_effect_two_population,partial_5pct,A2780Naive,20k,1.0,IC50,0.5,baranyi_theta_logistic_growth,densities=20k/30k;doses=0.67/1.0/1.47
6.0,1188.2886573333333,1446.873965534368,false,joint_ic_effect_two_population,partial_5pct,A2780Naive,20k,1.0,IC50,0.5,baranyi_theta_logistic_growth,densities=20k/30k;doses=0.67/1.0/1.47
7.0,1563.5381556666664,1379.122324938873,false,joint_ic_effect_two_population,partial_5pct,A2780Naive,20k,1.0,IC50,0.5,baranyi_theta_logistic_growth,densities=20k/30k;doses=0.67/1.0/1.47
8.0,1634.130247,1302.7869092434562,false,joint_ic_effect_two_population,partial_5pct,A2780Naive,20k,1.0,IC50,0.5,baranyi_theta_logistic_growth,densities=20k/30k;doses=0.67/1.0/1.47
9.0,1556.192554,1236.4711768049851,false,joint_ic_effect_two_population,partial_5pct,A2780Naive,20k,1.0,IC50,0.5,baranyi_theta_logistic_growth,densities=20k/30k;doses=0.67/1.0/1.47
10.0,1522.992284,1184.3134181085493,false,joint_ic_effect_two_population,partial_5pct,A2780Naive,20k,1.0,IC50,0.5,baranyi_theta_logistic_growth,densities=20k/30k;doses=0.67/1.0/1.47
11.0,1608.247685333333,1145.2290865302466,false,joint_ic_effect_two_population,partial_5pct,A2780Naive,20k,1.0,IC50,0.5,baranyi_theta_logistic_growth,densities=20k/30k;doses=0.67/1.0/1.47
12.0,1500.9281636666667,1116.7286902078722,false,joint_ic_effect_two_population,partial_5pct,A2780Naive,20k,1.0,IC50,0.5,baranyi_theta_logistic_growth,densities=20k/30k;doses=0.67/1.0/1.47
13.0,2011.2254243333334,1096.3029401431115,false,joint_ic_effect_two_population,partial_5pct,A2780Naive,20k,1.0,IC50,0.5,baranyi_theta_logistic_growth,densities=20k/30k;doses=0.67/1.0/1.47
14.0,2445.406712666667,1081.841992829189,false,joint_ic_effect_two_population,partial_5pct,A2780Naive,20k,1.0,IC50,0.5,baranyi_theta_logistic_growth,densities=20k/30k;doses=0.67/1.0/1.47
0.0,67.0,67.0,true,joint_ic_effect_two_population,partial_5pct,A2780Naive,20k,1.47,IC75,0.75,baranyi_theta_logistic_growth,densities=20k/30k;doses=0.67/1.0/1.47
1.0,470.381366,139.4454970208387,false,joint_ic_effect_two_population,partial_5pct,A2780Naive,20k,1.47,IC75,0.75,baranyi_theta_logistic_growth,densities=20k/30k;doses=0.67/1.0/1.47
2.0,658.348264,400.2108876085809,false,joint_ic_effect_two_population,partial_5pct,A2780Naive,20k,1.47,IC75,0.75,baranyi_theta_logistic_growth,densities=20k/30k;doses=0.67/1.0/1.47
3.0,910.885918,869.2729614848464,false,joint_ic_effect_two_population,partial_5pct,A2780Naive,20k,1.47,IC75,0.75,baranyi_theta_logistic_growth,densities=20k/30k;doses=0.67/1.0/1.47
4.0,928.761304,1066.7281871090825,false,joint_ic_effect_two_population,partial_5pct,A2780Naive,20k,1.47,IC75,0.75,baranyi_theta_logistic_growth,densities=20k/30k;doses=0.67/1.0/1.47
5.0,914.7665896666667,986.145795929662,false,joint_ic_effect_two_population,partial_5pct,A2780Naive,20k,1.47,IC75,0.75,baranyi_theta_logistic_growth,densities=20k/30k;doses=0.67/1.0/1.47
6.0,867.7298226666667,823.2356671681559,false,joint_ic_effect_two_population,partial_5pct,A2780Naive,20k,1.47,IC75,0.75,baranyi_theta_logistic_growth,densities=20k/30k;doses=0.67/1.0/1.47
7.0,681.9129633333333,674.173092157119,false,joint_ic_effect_two_population,partial_5pct,A2780Naive,20k,1.47,IC75,0.75,baranyi_theta_logistic_growth,densities=20k/30k;doses=0.67/1.0/1.47
8.0,481.738503,560.2467507506757,false,joint_ic_effect_two_population,partial_5pct,A2780Naive,20k,1.47,IC75,0.75,baranyi_theta_logistic_growth,densities=20k/30k;doses=0.67/1.0/1.47
9.0,333.6756173333333,477.88702457169745,false,joint_ic_effect_two_population,partial_5pct,A2780Naive,20k,1.47,IC75,0.75,baranyi_theta_logistic_growth,densities=20k/30k;doses=0.67/1.0/1.47
10.0,232.34174399999998,419.11905372599006,false,joint_ic_effect_two_population,partial_5pct,A2780Naive,20k,1.47,IC75,0.75,baranyi_theta_logistic_growth,densities=20k/30k;doses=0.67/1.0/1.47
11.0,155.3204476666667,377.0611846044079,false,joint_ic_effect_two_population,partial_5pct,A2780Naive,20k,1.47,IC75,0.75,baranyi_theta_logistic_growth,densities=20k/30k;doses=0.67/1.0/1.47
12.0,103.907562,346.70580214238026,false,joint_ic_effect_two_population,partial_5pct,A2780Naive,20k,1.47,IC75,0.75,baranyi_theta_logistic_growth,densities=20k/30k;doses=0.67/1.0/1.47
13.0,71.52523133333334,324.58444691082883,false,joint_ic_effect_two_population,partial_5pct,A2780Naive,20k,1.47,IC75,0.75,baranyi_theta_logistic_growth,densities=20k/30k;doses=0.67/1.0/1.47
14.0,36.60995366666666,308.3174511004994,false,joint_ic_effect_two_population,partial_5pct,A2780Naive,20k,1.47,IC75,0.75,baranyi_theta_logistic_growth,densities=20k/30k;doses=0.67/1.0/1.47
0.0,100.0,100.0,true,joint_ic_effect_two_population,partial_5pct,A2780Naive,30k,0.67,IC25,0.25,baranyi_theta_logistic_growth,densities=20k/30k;doses=0.67/1.0/1.47
1.0,507.5015816666667,184.66525573324108,false,joint_ic_effect_two_population,partial_5pct,A2780Naive,30k,0.67,IC25,0.25,baranyi_theta_logistic_growth,densities=20k/30k;doses=0.67/1.0/1.47
2.0,801.887693,451.8088478213664,false,joint_ic_effect_two_population,partial_5pct,A2780Naive,30k,0.67,IC25,0.25,baranyi_theta_logistic_growth,densities=20k/30k;doses=0.67/1.0/1.47
3.0,1336.278318,973.9869611705326,false,joint_ic_effect_two_population,partial_5pct,A2780Naive,30k,0.67,IC25,0.25,baranyi_theta_logistic_growth,densities=20k/30k;doses=0.67/1.0/1.47
4.0,1623.1049383333336,1642.5209227651637,false,joint_ic_effect_two_population,partial_5pct,A2780Naive,30k,0.67,IC25,0.25,baranyi_theta_logistic_growth,densities=20k/30k;doses=0.67/1.0/1.47
5.0,2076.8491126666668,2274.374822341602,false,joint_ic_effect_two_population,partial_5pct,A2780Naive,30k,0.67,IC25,0.25,baranyi_theta_logistic_growth,densities=20k/30k;doses=0.67/1.0/1.47
6.0,2482.367592666667,2757.8796860496664,false,joint_ic_effect_two_population,partial_5pct,A2780Naive,30k,0.67,IC25,0.25,baranyi_theta_logistic_growth,densities=20k/30k;doses=0.67/1.0/1.47
7.0,2895.899845666667,3080.2101816299564,false,joint_ic_effect_two_population,partial_5pct,A2780Naive,30k,0.67,IC25,0.25,baranyi_theta_logistic_growth,densities=20k/30k;doses=0.67/1.0/1.47
8.0,2949.133024666667,3277.509322430845,false,joint_ic_effect_two_population,partial_5pct,A2780Naive,30k,0.67,IC25,0.25,baranyi_theta_logistic_growth,densities=20k/30k;doses=0.67/1.0/1.47
9.0,3220.295872,3392.216869960455,false,joint_ic_effect_two_population,partial_5pct,A2780Naive,30k,0.67,IC25,0.25,baranyi_theta_logistic_growth,densities=20k/30k;doses=0.67/1.0/1.47
10.0,2758.7708333333335,3456.859991032338,false,joint_ic_effect_two_population,partial_5pct,A2780Naive,30k,0.67,IC25,0.25,baranyi_theta_logistic_growth,densities=20k/30k;doses=0.67/1.0/1.47
11.0,3434.9652003333335,3492.5802116000255,false,joint_ic_effect_two_population,partial_5pct,A2780Naive,30k,0.67,IC25,0.25,baranyi_theta_logistic_growth,densities=20k/30k;doses=0.67/1.0/1.47
12.0,3115.501775,3512.0533548655267,false,joint_ic_effect_two_population,partial_5pct,A2780Naive,30k,0.67,IC25,0.25,baranyi_theta_logistic_growth,densities=20k/30k;doses=0.67/1.0/1.47
13.0,3633.6489583333337,3522.557746846676,false,joint_ic_effect_two_population,partial_5pct,A2780Naive,30k,0.67,IC25,0.25,baranyi_theta_logistic_growth,densities=20k/30k;doses=0.67/1.0/1.47
14.0,3423.783179,3528.1702906419237,false,joint_ic_effect_two_population,partial_5pct,A2780Naive,30k,0.67,IC25,0.25,baranyi_theta_logistic_growth,densities=20k/30k;doses=0.67/1.0/1.47
0.0,100.0,100.0,true,joint_ic_effect_two_population,partial_5pct,A2780Naive,30k,1.0,IC50,0.5,baranyi_theta_logistic_growth,densities=20k/30k;doses=0.67/1.0/1.47
1.0,277.1990353333333,184.66525573324108,false,joint_ic_effect_two_population,partial_5pct,A2780Naive,30k,1.0,IC50,0.5,baranyi_theta_logistic_growth,densities=20k/30k;doses=0.67/1.0/1.47
2.0,512.5472606666666,451.8088478213664,false,joint_ic_effect_two_population,partial_5pct,A2780Naive,30k,1.0,IC50,0.5,baranyi_theta_logistic_growth,densities=20k/30k;doses=0.67/1.0/1.47
3.0,810.4685956666666,926.5982918686633,false,joint_ic_effect_two_population,partial_5pct,A2780Naive,30k,1.0,IC50,0.5,baranyi_theta_logistic_growth,densities=20k/30k;doses=0.67/1.0/1.47
4.0,1072.5972223333333,1288.9181627836244,false,joint_ic_effect_two_population,partial_5pct,A2780Naive,30k,1.0,IC50,0.5,baranyi_theta_logistic_growth,densities=20k/30k;doses=0.67/1.0/1.47
5.0,1220.3375386666667,1431.146685399363,false,joint_ic_effect_two_population,partial_5pct,A2780Naive,30k,1.0,IC50,0.5,baranyi_theta_logistic_growth,densities=20k/30k;doses=0.67/1.0/1.47
6.0,1524.2378856666667,1430.9131169366165,false,joint_ic_effect_two_population,partial_5pct,A2780Naive,30k,1.0,IC50,0.5,baranyi_theta_logistic_growth,densities=20k/30k;doses=0.67/1.0/1.47
7.0,1784.3173613333336,1373.2842424614214,false,joint_ic_effect_two_population,partial_5pct,A2780Naive,30k,1.0,IC50,0.5,baranyi_theta_logistic_growth,densities=20k/30k;doses=0.67/1.0/1.47
8.0,1754.768094,1304.3486852492658,false,joint_ic_effect_two_population,partial_5pct,A2780Naive,30k,1.0,IC50,0.5,baranyi_theta_logistic_growth,densities=20k/30k;doses=0.67/1.0/1.47
9.0,1630.9435183333335,1242.3613266704615,false,joint_ic_effect_two_population,partial_5pct,A2780Naive,30k,1.0,IC50,0.5,baranyi_theta_logistic_growth,densities=20k/30k;doses=0.67/1.0/1.47
10.0,1765.6959490000002,1192.2912682341548,false,joint_ic_effect_two_population,partial_5pct,A2780Naive,30k,1.0,IC50,0.5,baranyi_theta_logistic_growth,densities=20k/30k;doses=0.67/1.0/1.47
11.0,1797.057716,1153.896445100191,false,joint_ic_effect_two_population,partial_5pct,A2780Naive,30k,1.0,IC50,0.5,baranyi_theta_logistic_growth,densities=20k/30k;doses=0.67/1.0/1.47
12.0,1664.883989,1125.2962262639219,false,joint_ic_effect_two_population,partial_5pct,A2780Naive,30k,1.0,IC50,0.5,baranyi_theta_logistic_growth,densities=20k/30k;doses=0.67/1.0/1.47
13.0,1869.5183256666667,1104.3733300316967,false,joint_ic_effect_two_population,partial_5pct,A2780Naive,30k,1.0,IC50,0.5,baranyi_theta_logistic_growth,densities=20k/30k;doses=0.67/1.0/1.47
14.0,2521.7536263333336,1089.255044938663,false,joint_ic_effect_two_population,partial_5pct,A2780Naive,30k,1.0,IC50,0.5,baranyi_theta_logistic_growth,densities=20k/30k;doses=0.67/1.0/1.47
0.0,100.0,100.0,true,joint_ic_effect_two_population,partial_5pct,A2780Naive,30k,1.47,IC75,0.75,baranyi_theta_logistic_growth,densities=20k/30k;doses=0.67/1.0/1.47
1.0,683.0949846666667,184.66525573324108,false,joint_ic_effect_two_population,partial_5pct,A2780Naive,30k,1.47,IC75,0.75,baranyi_theta_logistic_growth,densities=20k/30k;doses=0.67/1.0/1.47
2.0,962.59946,451.8088478213664,false,joint_ic_effect_two_population,partial_5pct,A2780Naive,30k,1.47,IC75,0.75,baranyi_theta_logistic_growth,densities=20k/30k;doses=0.67/1.0/1.47
3.0,1293.4153163333333,892.1339877987444,false,joint_ic_effect_two_population,partial_5pct,A2780Naive,30k,1.47,IC75,0.75,baranyi_theta_logistic_growth,densities=20k/30k;doses=0.67/1.0/1.47
4.0,1242.3761956666667,1070.3601464104042,false,joint_ic_effect_two_population,partial_5pct,A2780Naive,30k,1.47,IC75,0.75,baranyi_theta_logistic_growth,densities=20k/30k;doses=0.67/1.0/1.47
5.0,1196.6721066666667,995.8103849420177,false,joint_ic_effect_two_population,partial_5pct,A2780Naive,30k,1.47,IC75,0.75,baranyi_theta_logistic_growth,densities=20k/30k;doses=0.67/1.0/1.47
6.0,1151.6981093333334,842.2066882054056,false,joint_ic_effect_two_population,partial_5pct,A2780Naive,30k,1.47,IC75,0.75,baranyi_theta_logistic_growth,densities=20k/30k;doses=0.67/1.0/1.47
7.0,908.6366510000001,697.9823506591721,false,joint_ic_effect_two_population,partial_5pct,A2780Naive,30k,1.47,IC75,0.75,baranyi_theta_logistic_growth,densities=20k/30k;doses=0.67/1.0/1.47
8.0,684.2957563333333,585.1793331155168,false,joint_ic_effect_two_population,partial_5pct,A2780Naive,30k,1.47,IC75,0.75,baranyi_theta_logistic_growth,densities=20k/30k;doses=0.67/1.0/1.47
9.0,451.471335,502.0297135104511,false,joint_ic_effect_two_population,partial_5pct,A2780Naive,30k,1.47,IC75,0.75,baranyi_theta_logistic_growth,densities=20k/30k;doses=0.67/1.0/1.47
10.0,351.6421293333333,441.7130371744959,false,joint_ic_effect_two_population,partial_5pct,A2780Naive,30k,1.47,IC75,0.75,baranyi_theta_logistic_growth,densities=20k/30k;doses=0.67/1.0/1.47
11.0,239.04888100000002,397.921385325211,false,joint_ic_effect_two_population,partial_5pct,A2780Naive,30k,1.47,IC75,0.75,baranyi_theta_logistic_growth,densities=20k/30k;doses=0.67/1.0/1.47
12.0,153.48256166666667,365.8974857383811,false,joint_ic_effect_two_population,partial_5pct,A2780Naive,30k,1.47,IC75,0.75,baranyi_theta_logistic_growth,densities=20k/30k;doses=0.67/1.0/1.47
13.0,115.12735333333332,342.2673912963739,false,joint_ic_effect_two_population,partial_5pct,A2780Naive,30k,1.47,IC75,0.75,baranyi_theta_logistic_growth,densities=20k/30k;doses=0.67/1.0/1.47
14.0,60.396604999999994,324.67617635033207,false,joint_ic_effect_two_population,partial_5pct,A2780Naive,30k,1.47,IC75,0.75,baranyi_theta_logistic_growth,densities=20k/30k;doses=0.67/1.0/1.47
0.0,67.0,67.0,true,joint_intracellular_platinum_pkpd,partial_5pct,A2780Naive,20k,0.67,IC25,0.25,baranyi_theta_logistic_growth,densities=20k/30k;doses=0.67/1.0/1.47
1.0,305.18962200000004,139.43273921000696,false,joint_intracellular_platinum_pkpd,partial_5pct,A2780Naive,20k,0.67,IC25,0.25,baranyi_theta_logistic_growth,densities=20k/30k;doses=0.67/1.0/1.47
2.0,465.63738433333333,398.7264200475349,false,joint_intracellular_platinum_pkpd,partial_5pct,A2780Naive,20k,0.67,IC25,0.25,baranyi_theta_logistic_growth,densities=20k/30k;doses=0.67/1.0/1.47
3.0,790.214892,943.5868276711411,false,joint_intracellular_platinum_pkpd,partial_5pct,A2780Naive,20k,0.67,IC25,0.25,baranyi_theta_logistic_growth,densities=20k/30k;doses=0.67/1.0/1.47
4.0,880.948534,1658.3102339975512,false,joint_intracellular_platinum_pkpd,partial_5pct,A2780Naive,20k,0.67,IC25,0.25,baranyi_theta_logistic_growth,densities=20k/30k;doses=0.67/1.0/1.47
5.0,1277.0010803333332,2295.981685054034,false,joint_intracellular_platinum_pkpd,partial_5pct,A2780Naive,20k,0.67,IC25,0.25,baranyi_theta_logistic_growth,densities=20k/30k;doses=0.67/1.0/1.47
6.0,1612.01223,2724.1995942916037,false,joint_intracellular_platinum_pkpd,partial_5pct,A2780Naive,20k,0.67,IC25,0.25,baranyi_theta_logistic_growth,densities=20k/30k;doses=0.67/1.0/1.47
7.0,2016.4244216666668,2960.197013991782,false,joint_intracellular_platinum_pkpd,partial_5pct,A2780Naive,20k,0.67,IC25,0.25,baranyi_theta_logistic_growth,densities=20k/30k;doses=0.67/1.0/1.47
8.0,2081.411111,3072.371341052587,false,joint_intracellular_platinum_pkpd,partial_5pct,A2780Naive,20k,0.67,IC25,0.25,baranyi_theta_logistic_growth,densities=20k/30k;doses=0.67/1.0/1.47
9.0,2395.0547066666663,3118.384201389259,false,joint_intracellular_platinum_pkpd,partial_5pct,A2780Naive,20k,0.67,IC25,0.25,baranyi_theta_logistic_growth,densities=20k/30k;doses=0.67/1.0/1.47
10.0,2537.1984183333334,3133.211468947054,false,joint_intracellular_platinum_pkpd,partial_5pct,A2780Naive,20k,0.67,IC25,0.25,baranyi_theta_logistic_growth,densities=20k/30k;doses=0.67/1.0/1.47
11.0,3073.8874999999994,3135.0076521725614,false,joint_intracellular_platinum_pkpd,partial_5pct,A2780Naive,20k,0.67,IC25,0.25,baranyi_theta_logistic_growth,densities=20k/30k;doses=0.67/1.0/1.47
12.0,3042.368325666667,3132.284601608451,false,joint_intracellular_platinum_pkpd,partial_5pct,A2780Naive,20k,0.67,IC25,0.25,baranyi_theta_logistic_growth,densities=20k/30k;doses=0.67/1.0/1.47
13.0,3537.7463733333334,3128.6589745454676,false,joint_intracellular_platinum_pkpd,partial_5pct,A2780Naive,20k,0.67,IC25,0.25,baranyi_theta_logistic_growth,densities=20k/30k;doses=0.67/1.0/1.47
14.0,3458.3808643333336,3125.4559858588495,false,joint_intracellular_platinum_pkpd,partial_5pct,A2780Naive,20k,0.67,IC25,0.25,baranyi_theta_logistic_growth,densities=20k/30k;doses=0.67/1.0/1.47
0.0,67.0,67.0,true,joint_intracellular_platinum_pkpd,partial_5pct,A2780Naive,20k,1.0,IC50,0.5,baranyi_theta_logistic_growth,densities=20k/30k;doses=0.67/1.0/1.47
1.0,164.83707566666666,139.40388274804698,false,joint_intracellular_platinum_pkpd,partial_5pct,A2780Naive,20k,1.0,IC50,0.5,baranyi_theta_logistic_growth,densities=20k/30k;doses=0.67/1.0/1.47
2.0,310.328588,395.4005584458692,false,joint_intracellular_platinum_pkpd,partial_5pct,A2780Naive,20k,1.0,IC50,0.5,baranyi_theta_logistic_growth,densities=20k/30k;doses=0.67/1.0/1.47
3.0,498.45925933333325,899.4707288567688,false,joint_intracellular_platinum_pkpd,partial_5pct,A2780Naive,20k,1.0,IC50,0.5,baranyi_theta_logistic_growth,densities=20k/30k;doses=0.67/1.0/1.47
4.0,690.7097223333334,1461.8763276991697,false,joint_intracellular_platinum_pkpd,partial_5pct,A2780Naive,20k,1.0,IC50,0.5,baranyi_theta_logistic_growth,densities=20k/30k;doses=0.67/1.0/1.47
5.0,804.9089893333334,1834.854462021392,false,joint_intracellular_platinum_pkpd,partial_5pct,A2780Naive,20k,1.0,IC50,0.5,baranyi_theta_logistic_growth,densities=20k/30k;doses=0.67/1.0/1.47
6.0,1188.2886573333333,1977.1156146225499,false,joint_intracellular_platinum_pkpd,partial_5pct,A2780Naive,20k,1.0,IC50,0.5,baranyi_theta_logistic_growth,densities=20k/30k;doses=0.67/1.0/1.47
7.0,1563.5381556666664,1977.8809906804577,false,joint_intracellular_platinum_pkpd,partial_5pct,A2780Naive,20k,1.0,IC50,0.5,baranyi_theta_logistic_growth,densities=20k/30k;doses=0.67/1.0/1.47
8.0,1634.130247,1922.262134287409,false,joint_intracellular_platinum_pkpd,partial_5pct,A2780Naive,20k,1.0,IC50,0.5,baranyi_theta_logistic_growth,densities=20k/30k;doses=0.67/1.0/1.47
9.0,1556.192554,1856.3014243830962,false,joint_intracellular_platinum_pkpd,partial_5pct,A2780Naive,20k,1.0,IC50,0.5,baranyi_theta_logistic_growth,densities=20k/30k;doses=0.67/1.0/1.47
10.0,1522.992284,1798.295381510791,false,joint_intracellular_platinum_pkpd,partial_5pct,A2780Naive,20k,1.0,IC50,0.5,baranyi_theta_logistic_growth,densities=20k/30k;doses=0.67/1.0/1.47
11.0,1608.247685333333,1752.977174900881,false,joint_intracellular_platinum_pkpd,partial_5pct,A2780Naive,20k,1.0,IC50,0.5,baranyi_theta_logistic_growth,densities=20k/30k;doses=0.67/1.0/1.47
12.0,1500.9281636666667,1719.6926579394365,false,joint_intracellular_platinum_pkpd,partial_5pct,A2780Naive,20k,1.0,IC50,0.5,baranyi_theta_logistic_growth,densities=20k/30k;doses=0.67/1.0/1.47
13.0,2011.2254243333334,1696.1480982617302,false,joint_intracellular_platinum_pkpd,partial_5pct,A2780Naive,20k,1.0,IC50,0.5,baranyi_theta_logistic_growth,densities=20k/30k;doses=0.67/1.0/1.47
14.0,2445.406712666667,1679.91180385902,false,joint_intracellular_platinum_pkpd,partial_5pct,A2780Naive,20k,1.0,IC50,0.5,baranyi_theta_logistic_growth,densities=20k/30k;doses=0.67/1.0/1.47
0.0,67.0,67.0,true,joint_intracellular_platinum_pkpd,partial_5pct,A2780Naive,20k,1.47,IC75,0.75,baranyi_theta_logistic_growth,densities=20k/30k;doses=0.67/1.0/1.47
1.0,470.381366,139.31577903928473,false,joint_intracellular_platinum_pkpd,partial_5pct,A2780Naive,20k,1.47,IC75,0.75,baranyi_theta_logistic_growth,densities=20k/30k;doses=0.67/1.0/1.47
2.0,658.348264,385.5153976715053,false,joint_intracellular_platinum_pkpd,partial_5pct,A2780Naive,20k,1.47,IC75,0.75,baranyi_theta_logistic_growth,densities=20k/30k;doses=0.67/1.0/1.47
3.0,910.885918,781.4464070032258,false,joint_intracellular_platinum_pkpd,partial_5pct,A2780Naive,20k,1.47,IC75,0.75,baranyi_theta_logistic_growth,densities=20k/30k;doses=0.67/1.0/1.47
4.0,928.761304,1021.8417983881354,false,joint_intracellular_platinum_pkpd,partial_5pct,A2780Naive,20k,1.47,IC75,0.75,baranyi_theta_logistic_growth,densities=20k/30k;doses=0.67/1.0/1.47
5.0,914.7665896666667,984.7849932652668,false,joint_intracellular_platinum_pkpd,partial_5pct,A2780Naive,20k,1.47,IC75,0.75,baranyi_theta_logistic_growth,densities=20k/30k;doses=0.67/1.0/1.47
6.0,867.7298226666667,817.2600034376087,false,joint_intracellular_platinum_pkpd,partial_5pct,A2780Naive,20k,1.47,IC75,0.75,baranyi_theta_logistic_growth,densities=20k/30k;doses=0.67/1.0/1.47
7.0,681.9129633333333,646.0458766856199,false,joint_intracellular_platinum_pkpd,partial_5pct,A2780Naive,20k,1.47,IC75,0.75,baranyi_theta_logistic_growth,densities=20k/30k;doses=0.67/1.0/1.47
8.0,481.738503,512.1599554779515,false,joint_intracellular_platinum_pkpd,partial_5pct,A2780Naive,20k,1.47,IC75,0.75,baranyi_theta_logistic_growth,densities=20k/30k;doses=0.67/1.0/1.47
9.0,333.6756173333333,416.2047461734257,false,joint_intracellular_platinum_pkpd,partial_5pct,A2780Naive,20k,1.47,IC75,0.75,baranyi_theta_logistic_growth,densities=20k/30k;doses=0.67/1.0/1.47
10.0,232.34174399999998,349.04644572240903,false,joint_intracellular_platinum_pkpd,partial_5pct,A2780Naive,20k,1.47,IC75,0.75,baranyi_theta_logistic_growth,densities=20k/30k;doses=0.67/1.0/1.47
11.0,155.3204476666667,301.96457062138415,false,joint_intracellular_platinum_pkpd,partial_5pct,A2780Naive,20k,1.47,IC75,0.75,baranyi_theta_logistic_growth,densities=20k/30k;doses=0.67/1.0/1.47
12.0,103.907562,268.5769541261692,false,joint_intracellular_platinum_pkpd,partial_5pct,A2780Naive,20k,1.47,IC75,0.75,baranyi_theta_logistic_growth,densities=20k/30k;doses=0.67/1.0/1.47
13.0,71.52523133333334,244.5569079933806,false,joint_intracellular_platinum_pkpd,partial_5pct,A2780Naive,20k,1.47,IC75,0.75,baranyi_theta_logistic_growth,densities=20k/30k;doses=0.67/1.0/1.47
14.0,36.60995366666666,227.02658478911104,false,joint_intracellular_platinum_pkpd,partial_5pct,A2780Naive,20k,1.47,IC75,0.75,baranyi_theta_logistic_growth,densities=20k/30k;doses=0.67/1.0/1.47
0.0,100.0,100.0,true,joint_intracellular_platinum_pkpd,partial_5pct,A2780Naive,30k,0.67,IC25,0.25,baranyi_theta_logistic_growth,densities=20k/30k;doses=0.67/1.0/1.47
1.0,507.5015816666667,184.64811043229838,false,joint_intracellular_platinum_pkpd,partial_5pct,A2780Naive,30k,0.67,IC25,0.25,baranyi_theta_logistic_growth,densities=20k/30k;doses=0.67/1.0/1.47
2.0,801.887693,450.10201167851835,false,joint_intracellular_platinum_pkpd,partial_5pct,A2780Naive,30k,0.67,IC25,0.25,baranyi_theta_logistic_growth,densities=20k/30k;doses=0.67/1.0/1.47
3.0,1336.278318,959.1138490959587,false,joint_intracellular_platinum_pkpd,partial_5pct,A2780Naive,30k,0.67,IC25,0.25,baranyi_theta_logistic_growth,densities=20k/30k;doses=0.67/1.0/1.47
4.0,1623.1049383333336,1598.2034922390064,false,joint_intracellular_platinum_pkpd,partial_5pct,A2780Naive,30k,0.67,IC25,0.25,baranyi_theta_logistic_growth,densities=20k/30k;doses=0.67/1.0/1.47
5.0,2076.8491126666668,2168.5037051891627,false,joint_intracellular_platinum_pkpd,partial_5pct,A2780Naive,30k,0.67,IC25,0.25,baranyi_theta_logistic_growth,densities=20k/30k;doses=0.67/1.0/1.47
6.0,2482.367592666667,2563.436572326691,false,joint_intracellular_platinum_pkpd,partial_5pct,A2780Naive,30k,0.67,IC25,0.25,baranyi_theta_logistic_growth,densities=20k/30k;doses=0.67/1.0/1.47
7.0,2895.899845666667,2792.2588479538476,false,joint_intracellular_platinum_pkpd,partial_5pct,A2780Naive,30k,0.67,IC25,0.25,baranyi_theta_logistic_growth,densities=20k/30k;doses=0.67/1.0/1.47
8.0,2949.133024666667,2908.5661229814914,false,joint_intracellular_platinum_pkpd,partial_5pct,A2780Naive,30k,0.67,IC25,0.25,baranyi_theta_logistic_growth,densities=20k/30k;doses=0.67/1.0/1.47
9.0,3220.295872,2961.1041312797574,false,joint_intracellular_platinum_pkpd,partial_5pct,A2780Naive,30k,0.67,IC25,0.25,baranyi_theta_logistic_growth,densities=20k/30k;doses=0.67/1.0/1.47
10.0,2758.7708333333335,2981.42967675052,false,joint_intracellular_platinum_pkpd,partial_5pct,A2780Naive,30k,0.67,IC25,0.25,baranyi_theta_logistic_growth,densities=20k/30k;doses=0.67/1.0/1.47
11.0,3434.9652003333335,2986.998298297837,false,joint_intracellular_platinum_pkpd,partial_5pct,A2780Naive,30k,0.67,IC25,0.25,baranyi_theta_logistic_growth,densities=20k/30k;doses=0.67/1.0/1.47
12.0,3115.501775,2986.580029754449,false,joint_intracellular_platinum_pkpd,partial_5pct,A2780Naive,30k,0.67,IC25,0.25,baranyi_theta_logistic_growth,densities=20k/30k;doses=0.67/1.0/1.47
13.0,3633.6489583333337,2984.2412864895864,false,joint_intracellular_platinum_pkpd,partial_5pct,A2780Naive,30k,0.67,IC25,0.25,baranyi_theta_logistic_growth,densities=20k/30k;doses=0.67/1.0/1.47
14.0,3423.783179,2981.6928547108173,false,joint_intracellular_platinum_pkpd,partial_5pct,A2780Naive,30k,0.67,IC25,0.25,baranyi_theta_logistic_growth,densities=20k/30k;doses=0.67/1.0/1.47
0.0,100.0,100.0,true,joint_intracellular_platinum_pkpd,partial_5pct,A2780Naive,30k,1.0,IC50,0.5,baranyi_theta_logistic_growth,densities=20k/30k;doses=0.67/1.0/1.47
1.0,277.1990353333333,184.60932789326873,false,joint_intracellular_platinum_pkpd,partial_5pct,A2780Naive,30k,1.0,IC50,0.5,baranyi_theta_logistic_growth,densities=20k/30k;doses=0.67/1.0/1.47
2.0,512.5472606666666,446.27836236852346,false,joint_intracellular_platinum_pkpd,partial_5pct,A2780Naive,30k,1.0,IC50,0.5,baranyi_theta_logistic_growth,densities=20k/30k;doses=0.67/1.0/1.47
3.0,810.4685956666666,913.1119394448426,false,joint_intracellular_platinum_pkpd,partial_5pct,A2780Naive,30k,1.0,IC50,0.5,baranyi_theta_logistic_growth,densities=20k/30k;doses=0.67/1.0/1.47
4.0,1072.5972223333333,1402.0115745864855,false,joint_intracellular_platinum_pkpd,partial_5pct,A2780Naive,30k,1.0,IC50,0.5,baranyi_theta_logistic_growth,densities=20k/30k;doses=0.67/1.0/1.47
5.0,1220.3375386666667,1712.5584478779788,false,joint_intracellular_platinum_pkpd,partial_5pct,A2780Naive,30k,1.0,IC50,0.5,baranyi_theta_logistic_growth,densities=20k/30k;doses=0.67/1.0/1.47
6.0,1524.2378856666667,1821.3398251561737,false,joint_intracellular_platinum_pkpd,partial_5pct,A2780Naive,30k,1.0,IC50,0.5,baranyi_theta_logistic_growth,densities=20k/30k;doses=0.67/1.0/1.47
7.0,1784.3173613333336,1807.9702539571833,false,joint_intracellular_platinum_pkpd,partial_5pct,A2780Naive,30k,1.0,IC50,0.5,baranyi_theta_logistic_growth,densities=20k/30k;doses=0.67/1.0/1.47
8.0,1754.768094,1746.4765632177139,false,joint_intracellular_platinum_pkpd,partial_5pct,A2780Naive,30k,1.0,IC50,0.5,baranyi_theta_logistic_growth,densities=20k/30k;doses=0.67/1.0/1.47
9.0,1630.9435183333335,1677.251222320585,false,joint_intracellular_platinum_pkpd,partial_5pct,A2780Naive,30k,1.0,IC50,0.5,baranyi_theta_logistic_growth,densities=20k/30k;doses=0.67/1.0/1.47
10.0,1765.6959490000002,1616.5419468558687,false,joint_intracellular_platinum_pkpd,partial_5pct,A2780Naive,30k,1.0,IC50,0.5,baranyi_theta_logistic_growth,densities=20k/30k;doses=0.67/1.0/1.47
11.0,1797.057716,1568.571280305501,false,joint_intracellular_platinum_pkpd,partial_5pct,A2780Naive,30k,1.0,IC50,0.5,baranyi_theta_logistic_growth,densities=20k/30k;doses=0.67/1.0/1.47
12.0,1664.883989,1532.6893301135485,false,joint_intracellular_platinum_pkpd,partial_5pct,A2780Naive,30k,1.0,IC50,0.5,baranyi_theta_logistic_growth,densities=20k/30k;doses=0.67/1.0/1.47
13.0,1869.5183256666667,1506.7208403030193,false,joint_intracellular_platinum_pkpd,partial_5pct,A2780Naive,30k,1.0,IC50,0.5,baranyi_theta_logistic_growth,densities=20k/30k;doses=0.67/1.0/1.47
14.0,2521.7536263333336,1488.3339619750989,false,joint_intracellular_platinum_pkpd,partial_5pct,A2780Naive,30k,1.0,IC50,0.5,baranyi_theta_logistic_growth,densities=20k/30k;doses=0.67/1.0/1.47
0.0,100.0,100.0,true,joint_intracellular_platinum_pkpd,partial_5pct,A2780Naive,30k,1.47,IC75,0.75,baranyi_theta_logistic_growth,densities=20k/30k;doses=0.67/1.0/1.47
1.0,683.0949846666667,184.49091890317803,false,joint_intracellular_platinum_pkpd,partial_5pct,A2780Naive,30k,1.47,IC75,0.75,baranyi_theta_logistic_growth,densities=20k/30k;doses=0.67/1.0/1.47
2.0,962.59946,434.91713214935567,false,joint_intracellular_platinum_pkpd,partial_5pct,A2780Naive,30k,1.47,IC75,0.75,baranyi_theta_logistic_growth,densities=20k/30k;doses=0.67/1.0/1.47
3.0,1293.4153163333333,790.344337834923,false,joint_intracellular_platinum_pkpd,partial_5pct,A2780Naive,30k,1.47,IC75,0.75,baranyi_theta_logistic_growth,densities=20k/30k;doses=0.67/1.0/1.47
4.0,1242.3761956666667,966.512501799709,false,joint_intracellular_platinum_pkpd,partial_5pct,A2780Naive,30k,1.47,IC75,0.75,baranyi_theta_logistic_growth,densities=20k/30k;doses=0.67/1.0/1.47
5.0,1196.6721066666667,889.5676598669128,false,joint_intracellular_platinum_pkpd,partial_5pct,A2780Naive,30k,1.47,IC75,0.75,baranyi_theta_logistic_growth,densities=20k/30k;doses=0.67/1.0/1.47
6.0,1151.6981093333334,710.1297712004852,false,joint_intracellular_platinum_pkpd,partial_5pct,A2780Naive,30k,1.47,IC75,0.75,baranyi_theta_logistic_growth,densities=20k/30k;doses=0.67/1.0/1.47
7.0,908.6366510000001,540.7286145291437,false,joint_intracellular_platinum_pkpd,partial_5pct,A2780Naive,30k,1.47,IC75,0.75,baranyi_theta_logistic_growth,densities=20k/30k;doses=0.67/1.0/1.47
8.0,684.2957563333333,412.8717510982624,false,joint_intracellular_platinum_pkpd,partial_5pct,A2780Naive,30k,1.47,IC75,0.75,baranyi_theta_logistic_growth,densities=20k/30k;doses=0.67/1.0/1.47
9.0,451.471335,323.185808770852,false,joint_intracellular_platinum_pkpd,partial_5pct,A2780Naive,30k,1.47,IC75,0.75,baranyi_theta_logistic_growth,densities=20k/30k;doses=0.67/1.0/1.47
10.0,351.6421293333333,261.27089756128544,false,joint_intracellular_platinum_pkpd,partial_5pct,A2780Naive,30k,1.47,IC75,0.75,baranyi_theta_logistic_growth,densities=20k/30k;doses=0.67/1.0/1.47
11.0,239.04888100000002,218.19063030412815,false,joint_intracellular_platinum_pkpd,partial_5pct,A2780Naive,30k,1.47,IC75,0.75,baranyi_theta_logistic_growth,densities=20k/30k;doses=0.67/1.0/1.47
12.0,153.48256166666667,187.69428303157903,false,joint_intracellular_platinum_pkpd,partial_5pct,A2780Naive,30k,1.47,IC75,0.75,baranyi_theta_logistic_growth,densities=20k/30k;doses=0.67/1.0/1.47
13.0,115.12735333333332,165.66947496363503,false,joint_intracellular_platinum_pkpd,partial_5pct,A2780Naive,30k,1.47,IC75,0.75,baranyi_theta_logistic_growth,densities=20k/30k;doses=0.67/1.0/1.47
14.0,60.396604999999994,149.4451245552202,false,joint_intracellular_platinum_pkpd,partial_5pct,A2780Naive,30k,1.47,IC75,0.75,baranyi_theta_logistic_growth,densities=20k/30k;doses=0.67/1.0/1.47
0.0,67.0,67.0,true,joint_time_decay_dose_scaled,partial_5pct,A2780Naive,20k,0.67,IC25,0.25,baranyi_theta_logistic_growth,densities=20k/30k;doses=0.67/1.0/1.47
1.0,305.18962200000004,97.3815925076939,false,joint_time_decay_dose_scaled,partial_5pct,A2780Naive,20k,0.67,IC25,0.25,baranyi_theta_logistic_growth,densities=20k/30k;doses=0.67/1.0/1.47
2.0,465.63738433333333,213.50636121339073,false,joint_time_decay_dose_scaled,partial_5pct,A2780Naive,20k,0.67,IC25,0.25,baranyi_theta_logistic_growth,densities=20k/30k;doses=0.67/1.0/1.47
3.0,790.214892,440.8465387936549,false,joint_time_decay_dose_scaled,partial_5pct,A2780Naive,20k,0.67,IC25,0.25,baranyi_theta_logistic_growth,densities=20k/30k;doses=0.67/1.0/1.47
4.0,880.948534,758.4158543624843,false,joint_time_decay_dose_scaled,partial_5pct,A2780Naive,20k,0.67,IC25,0.25,baranyi_theta_logistic_growth,densities=20k/30k;doses=0.67/1.0/1.47
5.0,1277.0010803333332,1103.1195629718757,false,joint_time_decay_dose_scaled,partial_5pct,A2780Naive,20k,0.67,IC25,0.25,baranyi_theta_logistic_growth,densities=20k/30k;doses=0.67/1.0/1.47
6.0,1612.01223,1411.0781395939773,false,joint_time_decay_dose_scaled,partial_5pct,A2780Naive,20k,0.67,IC25,0.25,baranyi_theta_logistic_growth,densities=20k/30k;doses=0.67/1.0/1.47
7.0,2016.4244216666668,1649.8628418323422,false,joint_time_decay_dose_scaled,partial_5pct,A2780Naive,20k,0.67,IC25,0.25,baranyi_theta_logistic_growth,densities=20k/30k;doses=0.67/1.0/1.47
8.0,2081.411111,1817.918413647535,false,joint_time_decay_dose_scaled,partial_5pct,A2780Naive,20k,0.67,IC25,0.25,baranyi_theta_logistic_growth,densities=20k/30k;doses=0.67/1.0/1.47
9.0,2395.0547066666663,1928.9587080012554,false,joint_time_decay_dose_scaled,partial_5pct,A2780Naive,20k,0.67,IC25,0.25,baranyi_theta_logistic_growth,densities=20k/30k;doses=0.67/1.0/1.47
10.0,2537.1984183333334,1999.462792033289,false,joint_time_decay_dose_scaled,partial_5pct,A2780Naive,20k,0.67,IC25,0.25,baranyi_theta_logistic_growth,densities=20k/30k;doses=0.67/1.0/1.47
11.0,3073.8874999999994,2043.1415280151493,false,joint_time_decay_dose_scaled,partial_5pct,A2780Naive,20k,0.67,IC25,0.25,baranyi_theta_logistic_growth,densities=20k/30k;doses=0.67/1.0/1.47
12.0,3042.368325666667,2069.7991093759183,false,joint_time_decay_dose_scaled,partial_5pct,A2780Naive,20k,0.67,IC25,0.25,baranyi_theta_logistic_growth,densities=20k/30k;doses=0.67/1.0/1.47
13.0,3537.7463733333334,2085.9219230980552,false,joint_time_decay_dose_scaled,partial_5pct,A2780Naive,20k,0.67,IC25,0.25,baranyi_theta_logistic_growth,densities=20k/30k;doses=0.67/1.0/1.47
14.0,3458.3808643333336,2095.620279761316,false,joint_time_decay_dose_scaled,partial_5pct,A2780Naive,20k,0.67,IC25,0.25,baranyi_theta_logistic_growth,densities=20k/30k;doses=0.67/1.0/1.47
0.0,67.0,67.0,true,joint_time_decay_dose_scaled,partial_5pct,A2780Naive,20k,1.0,IC50,0.5,baranyi_theta_logistic_growth,densities=20k/30k;doses=0.67/1.0/1.47
1.0,164.83707566666666,81.54714986551139,false,joint_time_decay_dose_scaled,partial_5pct,A2780Naive,20k,1.0,IC50,0.5,baranyi_theta_logistic_growth,densities=20k/30k;doses=0.67/1.0/1.47
2.0,310.328588,155.6857545910325,false,joint_time_decay_dose_scaled,partial_5pct,A2780Naive,20k,1.0,IC50,0.5,baranyi_theta_logistic_growth,densities=20k/30k;doses=0.67/1.0/1.47
3.0,498.45925933333325,293.8374567849765,false,joint_time_decay_dose_scaled,partial_5pct,A2780Naive,20k,1.0,IC50,0.5,baranyi_theta_logistic_growth,densities=20k/30k;doses=0.67/1.0/1.47
4.0,690.7097223333334,482.4533476318041,false,joint_time_decay_dose_scaled,partial_5pct,A2780Naive,20k,1.0,IC50,0.5,baranyi_theta_logistic_growth,densities=20k/30k;doses=0.67/1.0/1.47
5.0,804.9089893333334,691.2746117457441,false,joint_time_decay_dose_scaled,partial_5pct,A2780Naive,20k,1.0,IC50,0.5,baranyi_theta_logistic_growth,densities=20k/30k;doses=0.67/1.0/1.47
6.0,1188.2886573333333,887.611685127692,false,joint_time_decay_dose_scaled,partial_5pct,A2780Naive,20k,1.0,IC50,0.5,baranyi_theta_logistic_growth,densities=20k/30k;doses=0.67/1.0/1.47
7.0,1563.5381556666664,1050.6210170897548,false,joint_time_decay_dose_scaled,partial_5pct,A2780Naive,20k,1.0,IC50,0.5,baranyi_theta_logistic_growth,densities=20k/30k;doses=0.67/1.0/1.47
8.0,1634.130247,1174.2945857782313,false,joint_time_decay_dose_scaled,partial_5pct,A2780Naive,20k,1.0,IC50,0.5,baranyi_theta_logistic_growth,densities=20k/30k;doses=0.67/1.0/1.47
9.0,1556.192554,1262.4297826622178,false,joint_time_decay_dose_scaled,partial_5pct,A2780Naive,20k,1.0,IC50,0.5,baranyi_theta_logistic_growth,densities=20k/30k;doses=0.67/1.0/1.47
10.0,1522.992284,1322.64626123736,false,joint_time_decay_dose_scaled,partial_5pct,A2780Naive,20k,1.0,IC50,0.5,baranyi_theta_logistic_growth,densities=20k/30k;doses=0.67/1.0/1.47
11.0,1608.247685333333,1362.661148727205,false,joint_time_decay_dose_scaled,partial_5pct,A2780Naive,20k,1.0,IC50,0.5,baranyi_theta_logistic_growth,densities=20k/30k;doses=0.67/1.0/1.47
12.0,1500.9281636666667,1388.7766397343958,false,joint_time_decay_dose_scaled,partial_5pct,A2780Naive,20k,1.0,IC50,0.5,baranyi_theta_logistic_growth,densities=20k/30k;doses=0.67/1.0/1.47
13.0,2011.2254243333334,1405.6243066140062,false,joint_time_decay_dose_scaled,partial_5pct,A2780Naive,20k,1.0,IC50,0.5,baranyi_theta_logistic_growth,densities=20k/30k;doses=0.67/1.0/1.47
14.0,2445.406712666667,1416.4128694899787,false,joint_time_decay_dose_scaled,partial_5pct,A2780Naive,20k,1.0,IC50,0.5,baranyi_theta_logistic_growth,densities=20k/30k;doses=0.67/1.0/1.47
0.0,67.0,67.0,true,joint_time_decay_dose_scaled,partial_5pct,A2780Naive,20k,1.47,IC75,0.75,baranyi_theta_logistic_growth,densities=20k/30k;doses=0.67/1.0/1.47
1.0,470.381366,63.29322889215688,false,joint_time_decay_dose_scaled,partial_5pct,A2780Naive,20k,1.47,IC75,0.75,baranyi_theta_logistic_growth,densities=20k/30k;doses=0.67/1.0/1.47
2.0,658.348264,98.6297110445483,false,joint_time_decay_dose_scaled,partial_5pct,A2780Naive,20k,1.47,IC75,0.75,baranyi_theta_logistic_growth,densities=20k/30k;doses=0.67/1.0/1.47
3.0,910.885918,161.3694463916799,false,joint_time_decay_dose_scaled,partial_5pct,A2780Naive,20k,1.47,IC75,0.75,baranyi_theta_logistic_growth,densities=20k/30k;doses=0.67/1.0/1.47
4.0,928.761304,242.57888482850126,false,joint_time_decay_dose_scaled,partial_5pct,A2780Naive,20k,1.47,IC75,0.75,baranyi_theta_logistic_growth,densities=20k/30k;doses=0.67/1.0/1.47
5.0,914.7665896666667,332.41186466971453,false,joint_time_decay_dose_scaled,partial_5pct,A2780Naive,20k,1.47,IC75,0.75,baranyi_theta_logistic_growth,densities=20k/30k;doses=0.67/1.0/1.47
6.0,867.7298226666667,420.7537164258578,false,joint_time_decay_dose_scaled,partial_5pct,A2780Naive,20k,1.47,IC75,0.75,baranyi_theta_logistic_growth,densities=20k/30k;doses=0.67/1.0/1.47
7.0,681.9129633333333,499.8666601354119,false,joint_time_decay_dose_scaled,partial_5pct,A2780Naive,20k,1.47,IC75,0.75,baranyi_theta_logistic_growth,densities=20k/30k;doses=0.67/1.0/1.47
8.0,481.738503,565.735158185788,false,joint_time_decay_dose_scaled,partial_5pct,A2780Naive,20k,1.47,IC75,0.75,baranyi_theta_logistic_growth,densities=20k/30k;doses=0.67/1.0/1.47
9.0,333.6756173333333,617.6397965661657,false,joint_time_decay_dose_scaled,partial_5pct,A2780Naive,20k,1.47,IC75,0.75,baranyi_theta_logistic_growth,densities=20k/30k;doses=0.67/1.0/1.47
10.0,232.34174399999998,656.9177073726269,false,joint_time_decay_dose_scaled,partial_5pct,A2780Naive,20k,1.47,IC75,0.75,baranyi_theta_logistic_growth,densities=20k/30k;doses=0.67/1.0/1.47
11.0,155.3204476666667,685.7850259437581,false,joint_time_decay_dose_scaled,partial_5pct,A2780Naive,20k,1.47,IC75,0.75,baranyi_theta_logistic_growth,densities=20k/30k;doses=0.67/1.0/1.47
12.0,103.907562,706.5651875360863,false,joint_time_decay_dose_scaled,partial_5pct,A2780Naive,20k,1.47,IC75,0.75,baranyi_theta_logistic_growth,densities=20k/30k;doses=0.67/1.0/1.47
13.0,71.52523133333334,721.3069807432337,false,joint_time_decay_dose_scaled,partial_5pct,A2780Naive,20k,1.47,IC75,0.75,baranyi_theta_logistic_growth,densities=20k/30k;doses=0.67/1.0/1.47
14.0,36.60995366666666,731.6589944716303,false,joint_time_decay_dose_scaled,partial_5pct,A2780Naive,20k,1.47,IC75,0.75,baranyi_theta_logistic_growth,densities=20k/30k;doses=0.67/1.0/1.47
0.0,100.0,100.0,true,joint_time_decay_dose_scaled,partial_5pct,A2780Naive,30k,0.67,IC25,0.25,baranyi_theta_logistic_growth,densities=20k/30k;doses=0.67/1.0/1.47
1.0,507.5015816666667,133.2872378203403,false,joint_time_decay_dose_scaled,partial_5pct,A2780Naive,30k,0.67,IC25,0.25,baranyi_theta_logistic_growth,densities=20k/30k;doses=0.67/1.0/1.47
2.0,801.887693,254.4419949662094,false,joint_time_decay_dose_scaled,partial_5pct,A2780Naive,30k,0.67,IC25,0.25,baranyi_theta_logistic_growth,densities=20k/30k;doses=0.67/1.0/1.47
3.0,1336.278318,475.56196193791277,false,joint_time_decay_dose_scaled,partial_5pct,A2780Naive,30k,0.67,IC25,0.25,baranyi_theta_logistic_growth,densities=20k/30k;doses=0.67/1.0/1.47
4.0,1623.1049383333336,770.0325353957165,false,joint_time_decay_dose_scaled,partial_5pct,A2780Naive,30k,0.67,IC25,0.25,baranyi_theta_logistic_growth,densities=20k/30k;doses=0.67/1.0/1.47
5.0,2076.8491126666668,1084.9199762572548,false,joint_time_decay_dose_scaled,partial_5pct,A2780Naive,30k,0.67,IC25,0.25,baranyi_theta_logistic_growth,densities=20k/30k;doses=0.67/1.0/1.47
6.0,2482.367592666667,1369.9004355801726,false,joint_time_decay_dose_scaled,partial_5pct,A2780Naive,30k,0.67,IC25,0.25,baranyi_theta_logistic_growth,densities=20k/30k;doses=0.67/1.0/1.47
7.0,2895.899845666667,1597.8814846563807,false,joint_time_decay_dose_scaled,partial_5pct,A2780Naive,30k,0.67,IC25,0.25,baranyi_theta_logistic_growth,densities=20k/30k;doses=0.67/1.0/1.47
8.0,2949.133024666667,1765.0666856772914,false,joint_time_decay_dose_scaled,partial_5pct,A2780Naive,30k,0.67,IC25,0.25,baranyi_theta_logistic_growth,densities=20k/30k;doses=0.67/1.0/1.47
9.0,3220.295872,1880.6527677522192,false,joint_time_decay_dose_scaled,partial_5pct,A2780Naive,30k,0.67,IC25,0.25,baranyi_theta_logistic_growth,densities=20k/30k;doses=0.67/1.0/1.47
10.0,2758.7708333333335,1957.5275317446176,false,joint_time_decay_dose_scaled,partial_5pct,A2780Naive,30k,0.67,IC25,0.25,baranyi_theta_logistic_growth,densities=20k/30k;doses=0.67/1.0/1.47
11.0,3434.9652003333335,2007.3947202085749,false,joint_time_decay_dose_scaled,partial_5pct,A2780Naive,30k,0.67,IC25,0.25,baranyi_theta_logistic_growth,densities=20k/30k;doses=0.67/1.0/1.47
12.0,3115.501775,2039.2327688827086,false,joint_time_decay_dose_scaled,partial_5pct,A2780Naive,30k,0.67,IC25,0.25,baranyi_theta_logistic_growth,densities=20k/30k;doses=0.67/1.0/1.47
13.0,3633.6489583333337,2059.357334818194,false,joint_time_decay_dose_scaled,partial_5pct,A2780Naive,30k,0.67,IC25,0.25,baranyi_theta_logistic_growth,densities=20k/30k;doses=0.67/1.0/1.47
14.0,3423.783179,2071.9982103109664,false,joint_time_decay_dose_scaled,partial_5pct,A2780Naive,30k,0.67,IC25,0.25,baranyi_theta_logistic_growth,densities=20k/30k;doses=0.67/1.0/1.47
0.0,100.0,100.0,true,joint_time_decay_dose_scaled,partial_5pct,A2780Naive,30k,1.0,IC50,0.5,baranyi_theta_logistic_growth,densities=20k/30k;doses=0.67/1.0/1.47
1.0,277.1990353333333,113.4568646535197,false,joint_time_decay_dose_scaled,partial_5pct,A2780Naive,30k,1.0,IC50,0.5,baranyi_theta_logistic_growth,densities=20k/30k;doses=0.67/1.0/1.47
2.0,512.5472606666666,190.79044334277552,false,joint_time_decay_dose_scaled,partial_5pct,A2780Naive,30k,1.0,IC50,0.5,baranyi_theta_logistic_growth,densities=20k/30k;doses=0.67/1.0/1.47
3.0,810.4685956666666,327.60002030184216,false,joint_time_decay_dose_scaled,partial_5pct,A2780Naive,30k,1.0,IC50,0.5,baranyi_theta_logistic_growth,densities=20k/30k;doses=0.67/1.0/1.47
4.0,1072.5972223333333,505.5948873358531,false,joint_time_decay_dose_scaled,partial_5pct,A2780Naive,30k,1.0,IC50,0.5,baranyi_theta_logistic_growth,densities=20k/30k;doses=0.67/1.0/1.47
5.0,1220.3375386666667,697.9390947894635,false,joint_time_decay_dose_scaled,partial_5pct,A2780Naive,30k,1.0,IC50,0.5,baranyi_theta_logistic_growth,densities=20k/30k;doses=0.67/1.0/1.47
6.0,1524.2378856666667,878.7498640247239,false,joint_time_decay_dose_scaled,partial_5pct,A2780Naive,30k,1.0,IC50,0.5,baranyi_theta_logistic_growth,densities=20k/30k;doses=0.67/1.0/1.47
7.0,1784.3173613333336,1031.5592066006457,false,joint_time_decay_dose_scaled,partial_5pct,A2780Naive,30k,1.0,IC50,0.5,baranyi_theta_logistic_growth,densities=20k/30k;doses=0.67/1.0/1.47
8.0,1754.768094,1150.9204296840205,false,joint_time_decay_dose_scaled,partial_5pct,A2780Naive,30k,1.0,IC50,0.5,baranyi_theta_logistic_growth,densities=20k/30k;doses=0.67/1.0/1.47
9.0,1630.9435183333335,1239.0443749630372,false,joint_time_decay_dose_scaled,partial_5pct,A2780Naive,30k,1.0,IC50,0.5,baranyi_theta_logistic_growth,densities=20k/30k;doses=0.67/1.0/1.47
10.0,1765.6959490000002,1301.6006929875934,false,joint_time_decay_dose_scaled,partial_5pct,A2780Naive,30k,1.0,IC50,0.5,baranyi_theta_logistic_growth,densities=20k/30k;doses=0.67/1.0/1.47
11.0,1797.057716,1344.8322801140382,false,joint_time_decay_dose_scaled,partial_5pct,A2780Naive,30k,1.0,IC50,0.5,baranyi_theta_logistic_growth,densities=20k/30k;doses=0.67/1.0/1.47
12.0,1664.883989,1374.173950127175,false,joint_time_decay_dose_scaled,partial_5pct,A2780Naive,30k,1.0,IC50,0.5,baranyi_theta_logistic_growth,densities=20k/30k;doses=0.67/1.0/1.47
13.0,1869.5183256666667,1393.8497283305367,false,joint_time_decay_dose_scaled,partial_5pct,A2780Naive,30k,1.0,IC50,0.5,baranyi_theta_logistic_growth,densities=20k/30k;doses=0.67/1.0/1.47
14.0,2521.7536263333336,1406.9387216329583,false,joint_time_decay_dose_scaled,partial_5pct,A2780Naive,30k,1.0,IC50,0.5,baranyi_theta_logistic_growth,densities=20k/30k;doses=0.67/1.0/1.47
0.0,100.0,100.0,true,joint_time_decay_dose_scaled,partial_5pct,A2780Naive,30k,1.47,IC75,0.75,baranyi_theta_logistic_growth,densities=20k/30k;doses=0.67/1.0/1.47
1.0,683.0949846666667,90.14888575877961,false,joint_time_decay_dose_scaled,partial_5pct,A2780Naive,30k,1.47,IC75,0.75,baranyi_theta_logistic_growth,densities=20k/30k;doses=0.67/1.0/1.47
2.0,962.59946,125.93622432160659,false,joint_time_decay_dose_scaled,partial_5pct,A2780Naive,30k,1.47,IC75,0.75,baranyi_theta_logistic_growth,densities=20k/30k;doses=0.67/1.0/1.47
3.0,1293.4153163333333,189.34478490273608,false,joint_time_decay_dose_scaled,partial_5pct,A2780Naive,30k,1.47,IC75,0.75,baranyi_theta_logistic_growth,densities=20k/30k;doses=0.67/1.0/1.47
4.0,1242.3761956666667,268.1012335297701,false,joint_time_decay_dose_scaled,partial_5pct,A2780Naive,30k,1.47,IC75,0.75,baranyi_theta_logistic_growth,densities=20k/30k;doses=0.67/1.0/1.47
5.0,1196.6721066666667,352.4725881120814,false,joint_time_decay_dose_scaled,partial_5pct,A2780Naive,30k,1.47,IC75,0.75,baranyi_theta_logistic_growth,densities=20k/30k;doses=0.67/1.0/1.47
6.0,1151.6981093333334,434.1833793508169,false,joint_time_decay_dose_scaled,partial_5pct,A2780Naive,30k,1.47,IC75,0.75,baranyi_theta_logistic_growth,densities=20k/30k;doses=0.67/1.0/1.47
7.0,908.6366510000001,507.3450076223287,false,joint_time_decay_dose_scaled,partial_5pct,A2780Naive,30k,1.47,IC75,0.75,baranyi_theta_logistic_growth,densities=20k/30k;doses=0.67/1.0/1.47
8.0,684.2957563333333,568.9487226833578,false,joint_time_decay_dose_scaled,partial_5pct,A2780Naive,30k,1.47,IC75,0.75,baranyi_theta_logistic_growth,densities=20k/30k;doses=0.67/1.0/1.47
9.0,451.471335,618.4300948731716,false,joint_time_decay_dose_scaled,partial_5pct,A2780Naive,30k,1.47,IC75,0.75,baranyi_theta_logistic_growth,densities=20k/30k;doses=0.67/1.0/1.47
10.0,351.6421293333333,656.7886493729368,false,joint_time_decay_dose_scaled,partial_5pct,A2780Naive,30k,1.47,IC75,0.75,baranyi_theta_logistic_growth,densities=20k/30k;doses=0.67/1.0/1.47
11.0,239.04888100000002,685.7540876793165,false,joint_time_decay_dose_scaled,partial_5pct,A2780Naive,30k,1.47,IC75,0.75,baranyi_theta_logistic_growth,densities=20k/30k;doses=0.67/1.0/1.47
12.0,153.48256166666667,707.2111922911521,false,joint_time_decay_dose_scaled,partial_5pct,A2780Naive,30k,1.47,IC75,0.75,baranyi_theta_logistic_growth,densities=20k/30k;doses=0.67/1.0/1.47
13.0,115.12735333333332,722.8873363556484,false,joint_time_decay_dose_scaled,partial_5pct,A2780Naive,30k,1.47,IC75,0.75,baranyi_theta_logistic_growth,densities=20k/30k;doses=0.67/1.0/1.47
14.0,60.396604999999994,734.2265061581888,false,joint_time_decay_dose_scaled,partial_5pct,A2780Naive,30k,1.47,IC75,0.75,baranyi_theta_logistic_growth,densities=20k/30k;doses=0.67/1.0/1.47
0.0,67.0,67.0,true,joint_anchored_hill_kill,independent_diagnostic,A2780Naive,20k,0.67,IC25,0.25,baranyi_theta_logistic_growth,densities=20k/30k;doses=0.67/1.0/1.47
1.0,305.18962200000004,119.23634527599437,false,joint_anchored_hill_kill,independent_diagnostic,A2780Naive,20k,0.67,IC25,0.25,baranyi_theta_logistic_growth,densities=20k/30k;doses=0.67/1.0/1.47
2.0,465.63738433333333,304.8545812489827,false,joint_anchored_hill_kill,independent_diagnostic,A2780Naive,20k,0.67,IC25,0.25,baranyi_theta_logistic_growth,densities=20k/30k;doses=0.67/1.0/1.47
3.0,790.214892,689.8455967295803,false,joint_anchored_hill_kill,independent_diagnostic,A2780Naive,20k,0.67,IC25,0.25,baranyi_theta_logistic_growth,densities=20k/30k;doses=0.67/1.0/1.47
4.0,880.948534,1233.007487983921,false,joint_anchored_hill_kill,independent_diagnostic,A2780Naive,20k,0.67,IC25,0.25,baranyi_theta_logistic_growth,densities=20k/30k;doses=0.67/1.0/1.47
5.0,1277.0010803333332,1798.5180384144587,false,joint_anchored_hill_kill,independent_diagnostic,A2780Naive,20k,0.67,IC25,0.25,baranyi_theta_logistic_growth,densities=20k/30k;doses=0.67/1.0/1.47
6.0,1612.01223,2267.6286489565705,false,joint_anchored_hill_kill,independent_diagnostic,A2780Naive,20k,0.67,IC25,0.25,baranyi_theta_logistic_growth,densities=20k/30k;doses=0.67/1.0/1.47
7.0,2016.4244216666668,2600.6833672949206,false,joint_anchored_hill_kill,independent_diagnostic,A2780Naive,20k,0.67,IC25,0.25,baranyi_theta_logistic_growth,densities=20k/30k;doses=0.67/1.0/1.47
8.0,2081.411111,2814.84748670417,false,joint_anchored_hill_kill,independent_diagnostic,A2780Naive,20k,0.67,IC25,0.25,baranyi_theta_logistic_growth,densities=20k/30k;doses=0.67/1.0/1.47
9.0,2395.0547066666663,2944.560855871179,false,joint_anchored_hill_kill,independent_diagnostic,A2780Naive,20k,0.67,IC25,0.25,baranyi_theta_logistic_growth,densities=20k/30k;doses=0.67/1.0/1.47
10.0,2537.1984183333334,3020.4218680219924,false,joint_anchored_hill_kill,independent_diagnostic,A2780Naive,20k,0.67,IC25,0.25,baranyi_theta_logistic_growth,densities=20k/30k;doses=0.67/1.0/1.47
11.0,3073.8874999999994,3063.9061764099392,false,joint_anchored_hill_kill,independent_diagnostic,A2780Naive,20k,0.67,IC25,0.25,baranyi_theta_logistic_growth,densities=20k/30k;doses=0.67/1.0/1.47
12.0,3042.368325666667,3088.5496940460366,false,joint_anchored_hill_kill,independent_diagnostic,A2780Naive,20k,0.67,IC25,0.25,baranyi_theta_logistic_growth,densities=20k/30k;doses=0.67/1.0/1.47
13.0,3537.7463733333334,3102.426455046336,false,joint_anchored_hill_kill,independent_diagnostic,A2780Naive,20k,0.67,IC25,0.25,baranyi_theta_logistic_growth,densities=20k/30k;doses=0.67/1.0/1.47
14.0,3458.3808643333336,3110.2123772451146,false,joint_anchored_hill_kill,independent_diagnostic,A2780Naive,20k,0.67,IC25,0.25,baranyi_theta_logistic_growth,densities=20k/30k;doses=0.67/1.0/1.47
0.0,67.0,67.0,true,joint_anchored_hill_kill,independent_diagnostic,A2780Naive,20k,1.0,IC50,0.5,baranyi_theta_logistic_growth,densities=20k/30k;doses=0.67/1.0/1.47
1.0,164.83707566666666,87.45477870694089,false,joint_anchored_hill_kill,independent_diagnostic,A2780Naive,20k,1.0,IC50,0.5,baranyi_theta_logistic_growth,densities=20k/30k;doses=0.67/1.0/1.47
2.0,310.328588,176.39202134911267,false,joint_anchored_hill_kill,independent_diagnostic,A2780Naive,20k,1.0,IC50,0.5,baranyi_theta_logistic_growth,densities=20k/30k;doses=0.67/1.0/1.47
3.0,498.45925933333325,345.27556862117314,false,joint_anchored_hill_kill,independent_diagnostic,A2780Naive,20k,1.0,IC50,0.5,baranyi_theta_logistic_growth,densities=20k/30k;doses=0.67/1.0/1.47
4.0,690.7097223333334,578.2949164735143,false,joint_anchored_hill_kill,independent_diagnostic,A2780Naive,20k,1.0,IC50,0.5,baranyi_theta_logistic_growth,densities=20k/30k;doses=0.67/1.0/1.47
5.0,804.9089893333334,834.7729220415644,false,joint_anchored_hill_kill,independent_diagnostic,A2780Naive,20k,1.0,IC50,0.5,baranyi_theta_logistic_growth,densities=20k/30k;doses=0.67/1.0/1.47
6.0,1188.2886573333333,1071.525251208463,false,joint_anchored_hill_kill,independent_diagnostic,A2780Naive,20k,1.0,IC50,0.5,baranyi_theta_logistic_growth,densities=20k/30k;doses=0.67/1.0/1.47
7.0,1563.5381556666664,1263.0997053424924,false,joint_anchored_hill_kill,independent_diagnostic,A2780Naive,20k,1.0,IC50,0.5,baranyi_theta_logistic_growth,densities=20k/30k;doses=0.67/1.0/1.47
8.0,1634.130247,1404.3025876303652,false,joint_anchored_hill_kill,independent_diagnostic,A2780Naive,20k,1.0,IC50,0.5,baranyi_theta_logistic_growth,densities=20k/30k;doses=0.67/1.0/1.47
9.0,1556.192554,1501.9989411650918,false,joint_anchored_hill_kill,independent_diagnostic,A2780Naive,20k,1.0,IC50,0.5,baranyi_theta_logistic_growth,densities=20k/30k;doses=0.67/1.0/1.47
10.0,1522.992284,1566.845176151221,false,joint_anchored_hill_kill,independent_diagnostic,A2780Naive,20k,1.0,IC50,0.5,baranyi_theta_logistic_growth,densities=20k/30k;doses=0.67/1.0/1.47
11.0,1608.247685333333,1608.7547877433196,false,joint_anchored_hill_kill,independent_diagnostic,A2780Naive,20k,1.0,IC50,0.5,baranyi_theta_logistic_growth,densities=20k/30k;doses=0.67/1.0/1.47
12.0,1500.9281636666667,1635.3873242956424,false,joint_anchored_hill_kill,independent_diagnostic,A2780Naive,20k,1.0,IC50,0.5,baranyi_theta_logistic_growth,densities=20k/30k;doses=0.67/1.0/1.47
13.0,2011.2254243333334,1652.1333792327164,false,joint_anchored_hill_kill,independent_diagnostic,A2780Naive,20k,1.0,IC50,0.5,baranyi_theta_logistic_growth,densities=20k/30k;doses=0.67/1.0/1.47
14.0,2445.406712666667,1662.5936585916866,false,joint_anchored_hill_kill,independent_diagnostic,A2780Naive,20k,1.0,IC50,0.5,baranyi_theta_logistic_growth,densities=20k/30k;doses=0.67/1.0/1.47
0.0,67.0,67.0,true,joint_anchored_hill_kill,independent_diagnostic,A2780Naive,20k,1.47,IC75,0.75,baranyi_theta_logistic_growth,densities=20k/30k;doses=0.67/1.0/1.47
1.0,470.381366,55.0080725508165,false,joint_anchored_hill_kill,independent_diagnostic,A2780Naive,20k,1.47,IC75,0.75,baranyi_theta_logistic_growth,densities=20k/30k;doses=0.67/1.0/1.47
2.0,658.348264,76.40724756765842,false,joint_anchored_hill_kill,independent_diagnostic,A2780Naive,20k,1.47,IC75,0.75,baranyi_theta_logistic_growth,densities=20k/30k;doses=0.67/1.0/1.47
3.0,910.885918,114.7084571591721,false,joint_anchored_hill_kill,independent_diagnostic,A2780Naive,20k,1.47,IC75,0.75,baranyi_theta_logistic_growth,densities=20k/30k;doses=0.67/1.0/1.47
4.0,928.761304,162.45934577884086,false,joint_anchored_hill_kill,independent_diagnostic,A2780Naive,20k,1.47,IC75,0.75,baranyi_theta_logistic_growth,densities=20k/30k;doses=0.67/1.0/1.47
5.0,914.7665896666667,214.47027510101438,false,joint_anchored_hill_kill,independent_diagnostic,A2780Naive,20k,1.47,IC75,0.75,baranyi_theta_logistic_growth,densities=20k/30k;doses=0.67/1.0/1.47
6.0,867.7298226666667,266.0611301730989,false,joint_anchored_hill_kill,independent_diagnostic,A2780Naive,20k,1.47,IC75,0.75,baranyi_theta_logistic_growth,densities=20k/30k;doses=0.67/1.0/1.47
7.0,681.9129633333333,313.540169610191,false,joint_anchored_hill_kill,independent_diagnostic,A2780Naive,20k,1.47,IC75,0.75,baranyi_theta_logistic_growth,densities=20k/30k;doses=0.67/1.0/1.47
8.0,481.738503,354.6816838823512,false,joint_anchored_hill_kill,independent_diagnostic,A2780Naive,20k,1.47,IC75,0.75,baranyi_theta_logistic_growth,densities=20k/30k;doses=0.67/1.0/1.47
9.0,333.6756173333333,388.6827433534864,false,joint_anchored_hill_kill,independent_diagnostic,A2780Naive,20k,1.47,IC75,0.75,baranyi_theta_logistic_growth,densities=20k/30k;doses=0.67/1.0/1.47
10.0,232.34174399999998,415.7767729447138,false,joint_anchored_hill_kill,independent_diagnostic,A2780Naive,20k,1.47,IC75,0.75,baranyi_theta_logistic_growth,densities=20k/30k;doses=0.67/1.0/1.47
11.0,155.3204476666667,436.7797177021878,false,joint_anchored_hill_kill,independent_diagnostic,A2780Naive,20k,1.47,IC75,0.75,baranyi_theta_logistic_growth,densities=20k/30k;doses=0.67/1.0/1.47
12.0,103.907562,452.72936414155856,false,joint_anchored_hill_kill,independent_diagnostic,A2780Naive,20k,1.47,IC75,0.75,baranyi_theta_logistic_growth,densities=20k/30k;doses=0.67/1.0/1.47
13.0,71.52523133333334,464.65884463507007,false,joint_anchored_hill_kill,independent_diagnostic,A2780Naive,20k,1.47,IC75,0.75,baranyi_theta_logistic_growth,densities=20k/30k;doses=0.67/1.0/1.47
14.0,36.60995366666666,473.48259809116456,false,joint_anchored_hill_kill,independent_diagnostic,A2780Naive,20k,1.47,IC75,0.75,baranyi_theta_logistic_growth,densities=20k/30k;doses=0.67/1.0/1.47
0.0,100.0,100.0,true,joint_anchored_hill_kill,independent_diagnostic,A2780Naive,30k,0.67,IC25,0.25,baranyi_theta_logistic_growth,densities=20k/30k;doses=0.67/1.0/1.47
1.0,507.5015816666667,167.90806780260692,false,joint_anchored_hill_kill,independent_diagnostic,A2780Naive,30k,0.67,IC25,0.25,baranyi_theta_logistic_growth,densities=20k/30k;doses=0.67/1.0/1.47
2.0,801.887693,382.5910271772111,false,joint_anchored_hill_kill,independent_diagnostic,A2780Naive,30k,0.67,IC25,0.25,baranyi_theta_logistic_growth,densities=20k/30k;doses=0.67/1.0/1.47
3.0,1336.278318,797.4023857465174,false,joint_anchored_hill_kill,independent_diagnostic,A2780Naive,30k,0.67,IC25,0.25,baranyi_theta_logistic_growth,densities=20k/30k;doses=0.67/1.0/1.47
4.0,1623.1049383333336,1358.7926147111575,false,joint_anchored_hill_kill,independent_diagnostic,A2780Naive,30k,0.67,IC25,0.25,baranyi_theta_logistic_growth,densities=20k/30k;doses=0.67/1.0/1.47
5.0,2076.8491126666668,1936.7604289503452,false,joint_anchored_hill_kill,independent_diagnostic,A2780Naive,30k,0.67,IC25,0.25,baranyi_theta_logistic_growth,densities=20k/30k;doses=0.67/1.0/1.47
6.0,2482.367592666667,2422.0871231611554,false,joint_anchored_hill_kill,independent_diagnostic,A2780Naive,30k,0.67,IC25,0.25,baranyi_theta_logistic_growth,densities=20k/30k;doses=0.67/1.0/1.47
7.0,2895.899845666667,2775.7741942663283,false,joint_anchored_hill_kill,independent_diagnostic,A2780Naive,30k,0.67,IC25,0.25,baranyi_theta_logistic_growth,densities=20k/30k;doses=0.67/1.0/1.47
8.0,2949.133024666667,3010.75983943764,false,joint_anchored_hill_kill,independent_diagnostic,A2780Naive,30k,0.67,IC25,0.25,baranyi_theta_logistic_growth,densities=20k/30k;doses=0.67/1.0/1.47
9.0,3220.295872,3158.1413210473693,false,joint_anchored_hill_kill,independent_diagnostic,A2780Naive,30k,0.67,IC25,0.25,baranyi_theta_logistic_growth,densities=20k/30k;doses=0.67/1.0/1.47
10.0,2758.7708333333335,3247.4156999652128,false,joint_anchored_hill_kill,independent_diagnostic,A2780Naive,30k,0.67,IC25,0.25,baranyi_theta_logistic_growth,densities=20k/30k;doses=0.67/1.0/1.47
11.0,3434.9652003333335,3300.3880362217774,false,joint_anchored_hill_kill,independent_diagnostic,A2780Naive,30k,0.67,IC25,0.25,baranyi_theta_logistic_growth,densities=20k/30k;doses=0.67/1.0/1.47
12.0,3115.501775,3331.442216858104,false,joint_anchored_hill_kill,independent_diagnostic,A2780Naive,30k,0.67,IC25,0.25,baranyi_theta_logistic_growth,densities=20k/30k;doses=0.67/1.0/1.47
13.0,3633.6489583333337,3349.519559816576,false,joint_anchored_hill_kill,independent_diagnostic,A2780Naive,30k,0.67,IC25,0.25,baranyi_theta_logistic_growth,densities=20k/30k;doses=0.67/1.0/1.47
14.0,3423.783179,3359.999932799079,false,joint_anchored_hill_kill,independent_diagnostic,A2780Naive,30k,0.67,IC25,0.25,baranyi_theta_logistic_growth,densities=20k/30k;doses=0.67/1.0/1.47
0.0,100.0,100.0,true,joint_anchored_hill_kill,independent_diagnostic,A2780Naive,30k,1.0,IC50,0.5,baranyi_theta_logistic_growth,densities=20k/30k;doses=0.67/1.0/1.47
1.0,277.1990353333333,133.36019421187729,false,joint_anchored_hill_kill,independent_diagnostic,A2780Naive,30k,1.0,IC50,0.5,baranyi_theta_logistic_growth,densities=20k/30k;doses=0.67/1.0/1.47
2.0,512.5472606666666,254.68980127573755,false,joint_anchored_hill_kill,independent_diagnostic,A2780Naive,30k,1.0,IC50,0.5,baranyi_theta_logistic_growth,densities=20k/30k;doses=0.67/1.0/1.47
3.0,810.4685956666666,476.156535477531,false,joint_anchored_hill_kill,independent_diagnostic,A2780Naive,30k,1.0,IC50,0.5,baranyi_theta_logistic_growth,densities=20k/30k;doses=0.67/1.0/1.47
4.0,1072.5972223333333,771.1075498112376,false,joint_anchored_hill_kill,independent_diagnostic,A2780Naive,30k,1.0,IC50,0.5,baranyi_theta_logistic_growth,densities=20k/30k;doses=0.67/1.0/1.47
5.0,1220.3375386666667,1086.4902738924932,false,joint_anchored_hill_kill,independent_diagnostic,A2780Naive,30k,1.0,IC50,0.5,baranyi_theta_logistic_growth,densities=20k/30k;doses=0.67/1.0/1.47
6.0,1524.2378856666667,1371.8759851678724,false,joint_anchored_hill_kill,independent_diagnostic,A2780Naive,30k,1.0,IC50,0.5,baranyi_theta_logistic_growth,densities=20k/30k;doses=0.67/1.0/1.47
7.0,1784.3173613333336,1600.1349150902286,false,joint_anchored_hill_kill,independent_diagnostic,A2780Naive,30k,1.0,IC50,0.5,baranyi_theta_logistic_growth,densities=20k/30k;doses=0.67/1.0/1.47
8.0,1754.768094,1767.4862982562063,false,joint_anchored_hill_kill,independent_diagnostic,A2780Naive,30k,1.0,IC50,0.5,baranyi_theta_logistic_growth,densities=20k/30k;doses=0.67/1.0/1.47
9.0,1630.9435183333335,1883.160867001258,false,joint_anchored_hill_kill,independent_diagnostic,A2780Naive,30k,1.0,IC50,0.5,baranyi_theta_logistic_growth,densities=20k/30k;doses=0.67/1.0/1.47
10.0,1765.6959490000002,1960.0773508130653,false,joint_anchored_hill_kill,independent_diagnostic,A2780Naive,30k,1.0,IC50,0.5,baranyi_theta_logistic_growth,densities=20k/30k;doses=0.67/1.0/1.47
11.0,1797.057716,2009.9609086856826,false,joint_anchored_hill_kill,independent_diagnostic,A2780Naive,30k,1.0,IC50,0.5,baranyi_theta_logistic_growth,densities=20k/30k;doses=0.67/1.0/1.47
12.0,1664.883989,2041.8028592400935,false,joint_anchored_hill_kill,independent_diagnostic,A2780Naive,30k,1.0,IC50,0.5,baranyi_theta_logistic_growth,densities=20k/30k;doses=0.67/1.0/1.47
13.0,1869.5183256666667,2061.9259045742374,false,joint_anchored_hill_kill,independent_diagnostic,A2780Naive,30k,1.0,IC50,0.5,baranyi_theta_logistic_growth,densities=20k/30k;doses=0.67/1.0/1.47
14.0,2521.7536263333336,2074.5633831593,false,joint_anchored_hill_kill,independent_diagnostic,A2780Naive,30k,1.0,IC50,0.5,baranyi_theta_logistic_growth,densities=20k/30k;doses=0.67/1.0/1.47
0.0,100.0,100.0,true,joint_anchored_hill_kill,independent_diagnostic,A2780Naive,30k,1.47,IC75,0.75,baranyi_theta_logistic_growth,densities=20k/30k;doses=0.67/1.0/1.47
1.0,683.0949846666667,86.37301337545036,false,joint_anchored_hill_kill,independent_diagnostic,A2780Naive,30k,1.47,IC75,0.75,baranyi_theta_logistic_growth,densities=20k/30k;doses=0.67/1.0/1.47
2.0,962.59946,116.50626578484035,false,joint_anchored_hill_kill,independent_diagnostic,A2780Naive,30k,1.47,IC75,0.75,baranyi_theta_logistic_growth,densities=20k/30k;doses=0.67/1.0/1.47
3.0,1293.4153163333333,170.64316454599484,false,joint_anchored_hill_kill,independent_diagnostic,A2780Naive,30k,1.47,IC75,0.75,baranyi_theta_logistic_growth,densities=20k/30k;doses=0.67/1.0/1.47
4.0,1242.3761956666667,237.24345954788308,false,joint_anchored_hill_kill,independent_diagnostic,A2780Naive,30k,1.47,IC75,0.75,baranyi_theta_logistic_growth,densities=20k/30k;doses=0.67/1.0/1.47
5.0,1196.6721066666667,308.2616402861528,false,joint_anchored_hill_kill,independent_diagnostic,A2780Naive,30k,1.47,IC75,0.75,baranyi_theta_logistic_growth,densities=20k/30k;doses=0.67/1.0/1.47
6.0,1151.6981093333334,377.1841012821422,false,joint_anchored_hill_kill,independent_diagnostic,A2780Naive,30k,1.47,IC75,0.75,baranyi_theta_logistic_growth,densities=20k/30k;doses=0.67/1.0/1.47
7.0,908.6366510000001,439.3613868070778,false,joint_anchored_hill_kill,independent_diagnostic,A2780Naive,30k,1.47,IC75,0.75,baranyi_theta_logistic_growth,densities=20k/30k;doses=0.67/1.0/1.47
8.0,684.2957563333333,492.3121119265971,false,joint_anchored_hill_kill,independent_diagnostic,A2780Naive,30k,1.47,IC75,0.75,baranyi_theta_logistic_growth,densities=20k/30k;doses=0.67/1.0/1.47
9.0,451.471335,535.4306668099606,false,joint_anchored_hill_kill,independent_diagnostic,A2780Naive,30k,1.47,IC75,0.75,baranyi_theta_logistic_growth,densities=20k/30k;doses=0.67/1.0/1.47
10.0,351.6421293333333,569.3641759369901,false,joint_anchored_hill_kill,independent_diagnostic,A2780Naive,30k,1.47,IC75,0.75,baranyi_theta_logistic_growth,densities=20k/30k;doses=0.67/1.0/1.47
11.0,239.04888100000002,595.3938095123609,false,joint_anchored_hill_kill,independent_diagnostic,A2780Naive,30k,1.47,IC75,0.75,baranyi_theta_logistic_growth,densities=20k/30k;doses=0.67/1.0/1.47
12.0,153.48256166666667,614.9851298083908,false,joint_anchored_hill_kill,independent_diagnostic,A2780Naive,30k,1.47,IC75,0.75,baranyi_theta_logistic_growth,densities=20k/30k;doses=0.67/1.0/1.47
13.0,115.12735333333332,629.5265942503962,false,joint_anchored_hill_kill,independent_diagnostic,A2780Naive,30k,1.47,IC75,0.75,baranyi_theta_logistic_growth,densities=20k/30k;doses=0.67/1.0/1.47
14.0,60.396604999999994,640.210780979997,false,joint_anchored_hill_kill,independent_diagnostic,A2780Naive,30k,1.47,IC75,0.75,baranyi_theta_logistic_growth,densities=20k/30k;doses=0.67/1.0/1.47
0.0,67.0,67.0,true,joint_anchored_linear_kill,independent_diagnostic,A2780Naive,20k,0.67,IC25,0.25,baranyi_theta_logistic_growth,densities=20k/30k;doses=0.67/1.0/1.47
1.0,305.18962200000004,95.09746433980902,false,joint_anchored_linear_kill,independent_diagnostic,A2780Naive,20k,0.67,IC25,0.25,baranyi_theta_logistic_growth,densities=20k/30k;doses=0.67/1.0/1.47
2.0,465.63738433333333,204.7146478506899,false,joint_anchored_linear_kill,independent_diagnostic,A2780Naive,20k,0.67,IC25,0.25,baranyi_theta_logistic_growth,densities=20k/30k;doses=0.67/1.0/1.47
3.0,790.214892,417.85638642605744,false,joint_anchored_linear_kill,independent_diagnostic,A2780Naive,20k,0.67,IC25,0.25,baranyi_theta_logistic_growth,densities=20k/30k;doses=0.67/1.0/1.47
4.0,880.948534,714.9050467117212,false,joint_anchored_linear_kill,independent_diagnostic,A2780Naive,20k,0.67,IC25,0.25,baranyi_theta_logistic_growth,densities=20k/30k;doses=0.67/1.0/1.47
5.0,1277.0010803333332,1038.4916742605644,false,joint_anchored_linear_kill,independent_diagnostic,A2780Naive,20k,0.67,IC25,0.25,baranyi_theta_logistic_growth,densities=20k/30k;doses=0.67/1.0/1.47
6.0,1612.01223,1329.8054825496383,false,joint_anchored_linear_kill,independent_diagnostic,A2780Naive,20k,0.67,IC25,0.25,baranyi_theta_logistic_growth,densities=20k/30k;doses=0.67/1.0/1.47
7.0,2016.4244216666668,1557.888607935851,false,joint_anchored_linear_kill,independent_diagnostic,A2780Naive,20k,0.67,IC25,0.25,baranyi_theta_logistic_growth,densities=20k/30k;doses=0.67/1.0/1.47
8.0,2081.411111,1720.081525792043,false,joint_anchored_linear_kill,independent_diagnostic,A2780Naive,20k,0.67,IC25,0.25,baranyi_theta_logistic_growth,densities=20k/30k;doses=0.67/1.0/1.47
9.0,2395.0547066666663,1828.3477874771343,false,joint_anchored_linear_kill,independent_diagnostic,A2780Naive,20k,0.67,IC25,0.25,baranyi_theta_logistic_growth,densities=20k/30k;doses=0.67/1.0/1.47
10.0,2537.1984183333334,1897.765481578986,false,joint_anchored_linear_kill,independent_diagnostic,A2780Naive,20k,0.67,IC25,0.25,baranyi_theta_logistic_growth,densities=20k/30k;doses=0.67/1.0/1.47
11.0,3073.8874999999994,1941.1722885618947,false,joint_anchored_linear_kill,independent_diagnostic,A2780Naive,20k,0.67,IC25,0.25,baranyi_theta_logistic_growth,densities=20k/30k;doses=0.67/1.0/1.47
12.0,3042.368325666667,1967.8995824995227,false,joint_anchored_linear_kill,independent_diagnostic,A2780Naive,20k,0.67,IC25,0.25,baranyi_theta_logistic_growth,densities=20k/30k;doses=0.67/1.0/1.47
13.0,3537.7463733333334,1984.2028966417013,false,joint_anchored_linear_kill,independent_diagnostic,A2780Naive,20k,0.67,IC25,0.25,baranyi_theta_logistic_growth,densities=20k/30k;doses=0.67/1.0/1.47
14.0,3458.3808643333336,1994.0913081097342,false,joint_anchored_linear_kill,independent_diagnostic,A2780Naive,20k,0.67,IC25,0.25,baranyi_theta_logistic_growth,densities=20k/30k;doses=0.67/1.0/1.47
0.0,67.0,67.0,true,joint_anchored_linear_kill,independent_diagnostic,A2780Naive,20k,1.0,IC50,0.5,baranyi_theta_logistic_growth,densities=20k/30k;doses=0.67/1.0/1.47
1.0,164.83707566666666,78.70251777143476,false,joint_anchored_linear_kill,independent_diagnostic,A2780Naive,20k,1.0,IC50,0.5,baranyi_theta_logistic_growth,densities=20k/30k;doses=0.67/1.0/1.47
2.0,310.328588,146.09508111573805,false,joint_anchored_linear_kill,independent_diagnostic,A2780Naive,20k,1.0,IC50,0.5,baranyi_theta_logistic_growth,densities=20k/30k;doses=0.67/1.0/1.47
3.0,498.45925933333325,270.54446082725525,false,joint_anchored_linear_kill,independent_diagnostic,A2780Naive,20k,1.0,IC50,0.5,baranyi_theta_logistic_growth,densities=20k/30k;doses=0.67/1.0/1.47
4.0,690.7097223333334,439.42098774400466,false,joint_anchored_linear_kill,independent_diagnostic,A2780Naive,20k,1.0,IC50,0.5,baranyi_theta_logistic_growth,densities=20k/30k;doses=0.67/1.0/1.47
5.0,804.9089893333334,626.7578564531079,false,joint_anchored_linear_kill,independent_diagnostic,A2780Naive,20k,1.0,IC50,0.5,baranyi_theta_logistic_growth,densities=20k/30k;doses=0.67/1.0/1.47
6.0,1188.2886573333333,804.3806030660661,false,joint_anchored_linear_kill,independent_diagnostic,A2780Naive,20k,1.0,IC50,0.5,baranyi_theta_logistic_growth,densities=20k/30k;doses=0.67/1.0/1.47
7.0,1563.5381556666664,953.6845751059024,false,joint_anchored_linear_kill,independent_diagnostic,A2780Naive,20k,1.0,IC50,0.5,baranyi_theta_logistic_growth,densities=20k/30k;doses=0.67/1.0/1.47
8.0,1634.130247,1068.585336718533,false,joint_anchored_linear_kill,independent_diagnostic,A2780Naive,20k,1.0,IC50,0.5,baranyi_theta_logistic_growth,densities=20k/30k;doses=0.67/1.0/1.47
9.0,1556.192554,1151.6899711760373,false,joint_anchored_linear_kill,independent_diagnostic,A2780Naive,20k,1.0,IC50,0.5,baranyi_theta_logistic_growth,densities=20k/30k;doses=0.67/1.0/1.47
10.0,1522.992284,1209.306904416499,false,joint_anchored_linear_kill,independent_diagnostic,A2780Naive,20k,1.0,IC50,0.5,baranyi_theta_logistic_growth,densities=20k/30k;doses=0.67/1.0/1.47
11.0,1608.247685333333,1248.140838757272,false,joint_anchored_linear_kill,independent_diagnostic,A2780Naive,20k,1.0,IC50,0.5,baranyi_theta_logistic_growth,densities=20k/30k;doses=0.67/1.0/1.47
12.0,1500.9281636666667,1273.8334559029913,false,joint_anchored_linear_kill,independent_diagnostic,A2780Naive,20k,1.0,IC50,0.5,baranyi_theta_logistic_growth,densities=20k/30k;doses=0.67/1.0/1.47
13.0,2011.2254243333334,1290.627448103809,false,joint_anchored_linear_kill,independent_diagnostic,A2780Naive,20k,1.0,IC50,0.5,baranyi_theta_logistic_growth,densities=20k/30k;doses=0.67/1.0/1.47
14.0,2445.406712666667,1301.5193064914752,false,joint_anchored_linear_kill,independent_diagnostic,A2780Naive,20k,1.0,IC50,0.5,baranyi_theta_logistic_growth,densities=20k/30k;doses=0.67/1.0/1.47
0.0,67.0,67.0,true,joint_anchored_linear_kill,independent_diagnostic,A2780Naive,20k,1.47,IC75,0.75,baranyi_theta_logistic_growth,densities=20k/30k;doses=0.67/1.0/1.47
1.0,470.381366,60.06472657688428,false,joint_anchored_linear_kill,independent_diagnostic,A2780Naive,20k,1.47,IC75,0.75,baranyi_theta_logistic_growth,densities=20k/30k;doses=0.67/1.0/1.47
2.0,658.348264,89.68546907345335,false,joint_anchored_linear_kill,independent_diagnostic,A2780Naive,20k,1.47,IC75,0.75,baranyi_theta_logistic_growth,densities=20k/30k;doses=0.67/1.0/1.47
3.0,910.885918,142.17965355456323,false,joint_anchored_linear_kill,independent_diagnostic,A2780Naive,20k,1.47,IC75,0.75,baranyi_theta_logistic_growth,densities=20k/30k;doses=0.67/1.0/1.47
4.0,928.761304,209.2153334114025,false,joint_anchored_linear_kill,independent_diagnostic,A2780Naive,20k,1.47,IC75,0.75,baranyi_theta_logistic_growth,densities=20k/30k;doses=0.67/1.0/1.47
5.0,914.7665896666667,283.03424913265553,false,joint_anchored_linear_kill,independent_diagnostic,A2780Naive,20k,1.47,IC75,0.75,baranyi_theta_logistic_growth,densities=20k/30k;doses=0.67/1.0/1.47
6.0,867.7298226666667,355.9659926277518,false,joint_anchored_linear_kill,independent_diagnostic,A2780Naive,20k,1.47,IC75,0.75,baranyi_theta_logistic_growth,densities=20k/30k;doses=0.67/1.0/1.47
7.0,681.9129633333333,422.03735765211735,false,joint_anchored_linear_kill,independent_diagnostic,A2780Naive,20k,1.47,IC75,0.75,baranyi_theta_logistic_growth,densities=20k/30k;doses=0.67/1.0/1.47
8.0,481.738503,477.93869350468475,false,joint_anchored_linear_kill,independent_diagnostic,A2780Naive,20k,1.47,IC75,0.75,baranyi_theta_logistic_growth,densities=20k/30k;doses=0.67/1.0/1.47
9.0,333.6756173333333,522.8190784538592,false,joint_anchored_linear_kill,independent_diagnostic,A2780Naive,20k,1.47,IC75,0.75,baranyi_theta_logistic_growth,densities=20k/30k;doses=0.67/1.0/1.47
10.0,232.34174399999998,557.4641917260633,false,joint_anchored_linear_kill,independent_diagnostic,A2780Naive,20k,1.47,IC75,0.75,baranyi_theta_logistic_growth,densities=20k/30k;doses=0.67/1.0/1.47
11.0,155.3204476666667,583.4482279195086,false,joint_anchored_linear_kill,independent_diagnostic,A2780Naive,20k,1.47,IC75,0.75,baranyi_theta_logistic_growth,densities=20k/30k;doses=0.67/1.0/1.47
12.0,103.907562,602.5338700890039,false,joint_anchored_linear_kill,independent_diagnostic,A2780Naive,20k,1.47,IC75,0.75,baranyi_theta_logistic_growth,densities=20k/30k;doses=0.67/1.0/1.47
13.0,71.52523133333334,616.3444881283735,false,joint_anchored_linear_kill,independent_diagnostic,A2780Naive,20k,1.47,IC75,0.75,baranyi_theta_logistic_growth,densities=20k/30k;doses=0.67/1.0/1.47
14.0,36.60995366666666,626.2323480897921,false,joint_anchored_linear_kill,independent_diagnostic,A2780Naive,20k,1.47,IC75,0.75,baranyi_theta_logistic_growth,densities=20k/30k;doses=0.67/1.0/1.47
0.0,100.0,100.0,true,joint_anchored_linear_kill,independent_diagnostic,A2780Naive,30k,0.67,IC25,0.25,baranyi_theta_logistic_growth,densities=20k/30k;doses=0.67/1.0/1.47
1.0,507.5015816666667,137.70965983277412,false,joint_anchored_linear_kill,independent_diagnostic,A2780Naive,30k,0.67,IC25,0.25,baranyi_theta_logistic_growth,densities=20k/30k;doses=0.67/1.0/1.47
2.0,801.887693,269.63891490573485,false,joint_anchored_linear_kill,independent_diagnostic,A2780Naive,30k,0.67,IC25,0.25,baranyi_theta_logistic_growth,densities=20k/30k;doses=0.67/1.0/1.47
3.0,1336.278318,512.2580272283698,false,joint_anchored_linear_kill,independent_diagnostic,A2780Naive,30k,0.67,IC25,0.25,baranyi_theta_logistic_growth,densities=20k/30k;doses=0.67/1.0/1.47
4.0,1623.1049383333336,836.5144289951061,false,joint_anchored_linear_kill,independent_diagnostic,A2780Naive,30k,0.67,IC25,0.25,baranyi_theta_logistic_growth,densities=20k/30k;doses=0.67/1.0/1.47
5.0,2076.8491126666668,1181.9512550346292,false,joint_anchored_linear_kill,independent_diagnostic,A2780Naive,30k,0.67,IC25,0.25,baranyi_theta_logistic_growth,densities=20k/30k;doses=0.67/1.0/1.47
6.0,2482.367592666667,1491.7097065736443,false,joint_anchored_linear_kill,independent_diagnostic,A2780Naive,30k,0.67,IC25,0.25,baranyi_theta_logistic_growth,densities=20k/30k;doses=0.67/1.0/1.47
7.0,2895.899845666667,1736.4892617307157,false,joint_anchored_linear_kill,independent_diagnostic,A2780Naive,30k,0.67,IC25,0.25,baranyi_theta_logistic_growth,densities=20k/30k;doses=0.67/1.0/1.47
8.0,2949.133024666667,1913.5857481811106,false,joint_anchored_linear_kill,independent_diagnostic,A2780Naive,30k,0.67,IC25,0.25,baranyi_theta_logistic_growth,densities=20k/30k;doses=0.67/1.0/1.47
9.0,3220.295872,2034.364495853188,false,joint_anchored_linear_kill,independent_diagnostic,A2780Naive,30k,0.67,IC25,0.25,baranyi_theta_logistic_growth,densities=20k/30k;doses=0.67/1.0/1.47
10.0,2758.7708333333335,2113.6327364845347,false,joint_anchored_linear_kill,independent_diagnostic,A2780Naive,30k,0.67,IC25,0.25,baranyi_theta_logistic_growth,densities=20k/30k;doses=0.67/1.0/1.47
11.0,3434.9652003333335,2164.4005686739174,false,joint_anchored_linear_kill,independent_diagnostic,A2780Naive,30k,0.67,IC25,0.25,baranyi_theta_logistic_growth,densities=20k/30k;doses=0.67/1.0/1.47
12.0,3115.501775,2196.4191108721748,false,joint_anchored_linear_kill,independent_diagnostic,A2780Naive,30k,0.67,IC25,0.25,baranyi_theta_logistic_growth,densities=20k/30k;doses=0.67/1.0/1.47
13.0,3633.6489583333337,2216.4201014283367,false,joint_anchored_linear_kill,independent_diagnostic,A2780Naive,30k,0.67,IC25,0.25,baranyi_theta_logistic_growth,densities=20k/30k;doses=0.67/1.0/1.47
14.0,3423.783179,2228.8400411997545,false,joint_anchored_linear_kill,independent_diagnostic,A2780Naive,30k,0.67,IC25,0.25,baranyi_theta_logistic_growth,densities=20k/30k;doses=0.67/1.0/1.47
0.0,100.0,100.0,true,joint_anchored_linear_kill,independent_diagnostic,A2780Naive,30k,1.0,IC50,0.5,baranyi_theta_logistic_growth,densities=20k/30k;doses=0.67/1.0/1.47
1.0,277.1990353333333,119.1320845061486,false,joint_anchored_linear_kill,independent_diagnostic,A2780Naive,30k,1.0,IC50,0.5,baranyi_theta_logistic_growth,densities=20k/30k;doses=0.67/1.0/1.47
2.0,512.5472606666666,208.23969309464687,false,joint_anchored_linear_kill,independent_diagnostic,A2780Naive,30k,1.0,IC50,0.5,baranyi_theta_logistic_growth,densities=20k/30k;doses=0.67/1.0/1.47
3.0,810.4685956666666,367.1399370004382,false,joint_anchored_linear_kill,independent_diagnostic,A2780Naive,30k,1.0,IC50,0.5,baranyi_theta_logistic_growth,densities=20k/30k;doses=0.67/1.0/1.47
4.0,1072.5972223333333,575.5395165458792,false,joint_anchored_linear_kill,independent_diagnostic,A2780Naive,30k,1.0,IC50,0.5,baranyi_theta_logistic_growth,densities=20k/30k;doses=0.67/1.0/1.47
5.0,1220.3375386666667,800.3461732197525,false,joint_anchored_linear_kill,independent_diagnostic,A2780Naive,30k,1.0,IC50,0.5,baranyi_theta_logistic_growth,densities=20k/30k;doses=0.67/1.0/1.47
6.0,1524.2378856666667,1009.5458256676978,false,joint_anchored_linear_kill,independent_diagnostic,A2780Naive,30k,1.0,IC50,0.5,baranyi_theta_logistic_growth,densities=20k/30k;doses=0.67/1.0/1.47
7.0,1784.3173613333336,1183.620035426793,false,joint_anchored_linear_kill,independent_diagnostic,A2780Naive,30k,1.0,IC50,0.5,baranyi_theta_logistic_growth,densities=20k/30k;doses=0.67/1.0/1.47
8.0,1754.768094,1317.1106199671049,false,joint_anchored_linear_kill,independent_diagnostic,A2780Naive,30k,1.0,IC50,0.5,baranyi_theta_logistic_growth,densities=20k/30k;doses=0.67/1.0/1.47
9.0,1630.9435183333335,1413.7609287905061,false,joint_anchored_linear_kill,independent_diagnostic,A2780Naive,30k,1.0,IC50,0.5,baranyi_theta_logistic_growth,densities=20k/30k;doses=0.67/1.0/1.47
10.0,1765.6959490000002,1481.0375340906303,false,joint_anchored_linear_kill,independent_diagnostic,A2780Naive,30k,1.0,IC50,0.5,baranyi_theta_logistic_growth,densities=20k/30k;doses=0.67/1.0/1.47
11.0,1797.057716,1526.6468428441503,false,joint_anchored_linear_kill,independent_diagnostic,A2780Naive,30k,1.0,IC50,0.5,baranyi_theta_logistic_growth,densities=20k/30k;doses=0.67/1.0/1.47
12.0,1664.883989,1557.0310675854805,false,joint_anchored_linear_kill,independent_diagnostic,A2780Naive,30k,1.0,IC50,0.5,baranyi_theta_logistic_growth,densities=20k/30k;doses=0.67/1.0/1.47
13.0,1869.5183256666667,1577.04168278292,false,joint_anchored_linear_kill,independent_diagnostic,A2780Naive,30k,1.0,IC50,0.5,baranyi_theta_logistic_growth,densities=20k/30k;doses=0.67/1.0/1.47
14.0,2521.7536263333336,1590.12217285784,false,joint_anchored_linear_kill,independent_diagnostic,A2780Naive,30k,1.0,IC50,0.5,baranyi_theta_logistic_growth,densities=20k/30k;doses=0.67/1.0/1.47
0.0,100.0,100.0,true,joint_anchored_linear_kill,independent_diagnostic,A2780Naive,30k,1.47,IC75,0.75,baranyi_theta_logistic_growth,densities=20k/30k;doses=0.67/1.0/1.47
1.0,683.0949846666667,96.87277210692272,false,joint_anchored_linear_kill,independent_diagnostic,A2780Naive,30k,1.47,IC75,0.75,baranyi_theta_logistic_growth,densities=20k/30k;doses=0.67/1.0/1.47
2.0,962.59946,143.48841316944055,false,joint_anchored_linear_kill,independent_diagnostic,A2780Naive,30k,1.47,IC75,0.75,baranyi_theta_logistic_growth,densities=20k/30k;doses=0.67/1.0/1.47
3.0,1293.4153163333333,225.20948988019265,false,joint_anchored_linear_kill,independent_diagnostic,A2780Naive,30k,1.47,IC75,0.75,baranyi_theta_logistic_growth,densities=20k/30k;doses=0.67/1.0/1.47
4.0,1242.3761956666667,328.318108336158,false,joint_anchored_linear_kill,independent_diagnostic,A2780Naive,30k,1.47,IC75,0.75,baranyi_theta_logistic_growth,densities=20k/30k;doses=0.67/1.0/1.47
5.0,1196.6721066666667,439.4083101394335,false,joint_anchored_linear_kill,independent_diagnostic,A2780Naive,30k,1.47,IC75,0.75,baranyi_theta_logistic_growth,densities=20k/30k;doses=0.67/1.0/1.47
6.0,1151.6981093333334,546.3501074314692,false,joint_anchored_linear_kill,independent_diagnostic,A2780Naive,30k,1.47,IC75,0.75,baranyi_theta_logistic_growth,densities=20k/30k;doses=0.67/1.0/1.47
7.0,908.6366510000001,640.6717023487951,false,joint_anchored_linear_kill,independent_diagnostic,A2780Naive,30k,1.47,IC75,0.75,baranyi_theta_logistic_growth,densities=20k/30k;doses=0.67/1.0/1.47
8.0,684.2957563333333,718.4349145070081,false,joint_anchored_linear_kill,independent_diagnostic,A2780Naive,30k,1.47,IC75,0.75,baranyi_theta_logistic_growth,densities=20k/30k;doses=0.67/1.0/1.47
9.0,451.471335,779.3744864092956,false,joint_anchored_linear_kill,independent_diagnostic,A2780Naive,30k,1.47,IC75,0.75,baranyi_theta_logistic_growth,densities=20k/30k;doses=0.67/1.0/1.47
10.0,351.6421293333333,825.3816512477256,false,joint_anchored_linear_kill,independent_diagnostic,A2780Naive,30k,1.47,IC75,0.75,baranyi_theta_logistic_growth,densities=20k/30k;doses=0.67/1.0/1.47
11.0,239.04888100000002,859.1925914660184,false,joint_anchored_linear_kill,independent_diagnostic,A2780Naive,30k,1.47,IC75,0.75,baranyi_theta_logistic_growth,densities=20k/30k;doses=0.67/1.0/1.47
12.0,153.48256166666667,883.5684077232202,false,joint_anchored_linear_kill,independent_diagnostic,A2780Naive,30k,1.47,IC75,0.75,baranyi_theta_logistic_growth,densities=20k/30k;doses=0.67/1.0/1.47
13.0,115.12735333333332,900.9058429968592,false,joint_anchored_linear_kill,independent_diagnostic,A2780Naive,30k,1.47,IC75,0.75,baranyi_theta_logistic_growth,densities=20k/30k;doses=0.67/1.0/1.47
14.0,60.396604999999994,913.1208486375828,false,joint_anchored_linear_kill,independent_diagnostic,A2780Naive,30k,1.47,IC75,0.75,baranyi_theta_logistic_growth,densities=20k/30k;doses=0.67/1.0/1.47
0.0,67.0,67.0,true,joint_ic_effect_hill_ramp,independent_diagnostic,A2780Naive,20k,0.67,IC25,0.25,baranyi_theta_logistic_growth,densities=20k/30k;doses=0.67/1.0/1.47
1.0,305.18962200000004,137.8158640840408,false,joint_ic_effect_hill_ramp,independent_diagnostic,A2780Naive,20k,0.67,IC25,0.25,baranyi_theta_logistic_growth,densities=20k/30k;doses=0.67/1.0/1.47
2.0,465.63738433333333,384.2142324708216,false,joint_ic_effect_hill_ramp,independent_diagnostic,A2780Naive,20k,0.67,IC25,0.25,baranyi_theta_logistic_growth,densities=20k/30k;doses=0.67/1.0/1.47
3.0,790.214892,893.4225014156966,false,joint_ic_effect_hill_ramp,independent_diagnostic,A2780Naive,20k,0.67,IC25,0.25,baranyi_theta_logistic_growth,densities=20k/30k;doses=0.67/1.0/1.47
4.0,880.948534,1574.0374186291872,false,joint_ic_effect_hill_ramp,independent_diagnostic,A2780Naive,20k,0.67,IC25,0.25,baranyi_theta_logistic_growth,densities=20k/30k;doses=0.67/1.0/1.47
5.0,1277.0010803333332,2217.3227045903022,false,joint_ic_effect_hill_ramp,independent_diagnostic,A2780Naive,20k,0.67,IC25,0.25,baranyi_theta_logistic_growth,densities=20k/30k;doses=0.67/1.0/1.47
6.0,1612.01223,2686.5197892734996,false,joint_ic_effect_hill_ramp,independent_diagnostic,A2780Naive,20k,0.67,IC25,0.25,baranyi_theta_logistic_growth,densities=20k/30k;doses=0.67/1.0/1.47
7.0,2016.4244216666668,2968.7778058385657,false,joint_ic_effect_hill_ramp,independent_diagnostic,A2780Naive,20k,0.67,IC25,0.25,baranyi_theta_logistic_growth,densities=20k/30k;doses=0.67/1.0/1.47
8.0,2081.411111,3111.775873000153,false,joint_ic_effect_hill_ramp,independent_diagnostic,A2780Naive,20k,0.67,IC25,0.25,baranyi_theta_logistic_growth,densities=20k/30k;doses=0.67/1.0/1.47
9.0,2395.0547066666663,3168.0471773584827,false,joint_ic_effect_hill_ramp,independent_diagnostic,A2780Naive,20k,0.67,IC25,0.25,baranyi_theta_logistic_growth,densities=20k/30k;doses=0.67/1.0/1.47
10.0,2537.1984183333334,3175.7693039350834,false,joint_ic_effect_hill_ramp,independent_diagnostic,A2780Naive,20k,0.67,IC25,0.25,baranyi_theta_logistic_growth,densities=20k/30k;doses=0.67/1.0/1.47
11.0,3073.8874999999994,3158.500705015607,false,joint_ic_effect_hill_ramp,independent_diagnostic,A2780Naive,20k,0.67,IC25,0.25,baranyi_theta_logistic_growth,densities=20k/30k;doses=0.67/1.0/1.47
12.0,3042.368325666667,3129.6381011673916,false,joint_ic_effect_hill_ramp,independent_diagnostic,A2780Naive,20k,0.67,IC25,0.25,baranyi_theta_logistic_growth,densities=20k/30k;doses=0.67/1.0/1.47
13.0,3537.7463733333334,3096.43570767686,false,joint_ic_effect_hill_ramp,independent_diagnostic,A2780Naive,20k,0.67,IC25,0.25,baranyi_theta_logistic_growth,densities=20k/30k;doses=0.67/1.0/1.47
14.0,3458.3808643333336,3062.6678555516223,false,joint_ic_effect_hill_ramp,independent_diagnostic,A2780Naive,20k,0.67,IC25,0.25,baranyi_theta_logistic_growth,densities=20k/30k;doses=0.67/1.0/1.47
0.0,67.0,67.0,true,joint_ic_effect_hill_ramp,independent_diagnostic,A2780Naive,20k,1.0,IC50,0.5,baranyi_theta_logistic_growth,densities=20k/30k;doses=0.67/1.0/1.47
1.0,164.83707566666666,131.7558228015836,false,joint_ic_effect_hill_ramp,independent_diagnostic,A2780Naive,20k,1.0,IC50,0.5,baranyi_theta_logistic_growth,densities=20k/30k;doses=0.67/1.0/1.47
2.0,310.328588,328.5591030463915,false,joint_ic_effect_hill_ramp,independent_diagnostic,A2780Naive,20k,1.0,IC50,0.5,baranyi_theta_logistic_growth,densities=20k/30k;doses=0.67/1.0/1.47
3.0,498.45925933333325,665.5569168996902,false,joint_ic_effect_hill_ramp,independent_diagnostic,A2780Naive,20k,1.0,IC50,0.5,baranyi_theta_logistic_growth,densities=20k/30k;doses=0.67/1.0/1.47
4.0,690.7097223333334,1024.1626185374344,false,joint_ic_effect_hill_ramp,independent_diagnostic,A2780Naive,20k,1.0,IC50,0.5,baranyi_theta_logistic_growth,densities=20k/30k;doses=0.67/1.0/1.47
5.0,804.9089893333334,1277.8751065497156,false,joint_ic_effect_hill_ramp,independent_diagnostic,A2780Naive,20k,1.0,IC50,0.5,baranyi_theta_logistic_growth,densities=20k/30k;doses=0.67/1.0/1.47
6.0,1188.2886573333333,1389.616568623056,false,joint_ic_effect_hill_ramp,independent_diagnostic,A2780Naive,20k,1.0,IC50,0.5,baranyi_theta_logistic_growth,densities=20k/30k;doses=0.67/1.0/1.47
7.0,1563.5381556666664,1390.2944704812653,false,joint_ic_effect_hill_ramp,independent_diagnostic,A2780Naive,20k,1.0,IC50,0.5,baranyi_theta_logistic_growth,densities=20k/30k;doses=0.67/1.0/1.47
8.0,1634.130247,1325.9777002992614,false,joint_ic_effect_hill_ramp,independent_diagnostic,A2780Naive,20k,1.0,IC50,0.5,baranyi_theta_logistic_growth,densities=20k/30k;doses=0.67/1.0/1.47
9.0,1556.192554,1232.1141950550734,false,joint_ic_effect_hill_ramp,independent_diagnostic,A2780Naive,20k,1.0,IC50,0.5,baranyi_theta_logistic_growth,densities=20k/30k;doses=0.67/1.0/1.47
10.0,1522.992284,1130.037912969808,false,joint_ic_effect_hill_ramp,independent_diagnostic,A2780Naive,20k,1.0,IC50,0.5,baranyi_theta_logistic_growth,densities=20k/30k;doses=0.67/1.0/1.47
11.0,1608.247685333333,1030.8183467056685,false,joint_ic_effect_hill_ramp,independent_diagnostic,A2780Naive,20k,1.0,IC50,0.5,baranyi_theta_logistic_growth,densities=20k/30k;doses=0.67/1.0/1.47
12.0,1500.9281636666667,939.4232156605754,false,joint_ic_effect_hill_ramp,independent_diagnostic,A2780Naive,20k,1.0,IC50,0.5,baranyi_theta_logistic_growth,densities=20k/30k;doses=0.67/1.0/1.47
13.0,2011.2254243333334,857.5535728282805,false,joint_ic_effect_hill_ramp,independent_diagnostic,A2780Naive,20k,1.0,IC50,0.5,baranyi_theta_logistic_growth,densities=20k/30k;doses=0.67/1.0/1.47
14.0,2445.406712666667,785.2924943287394,false,joint_ic_effect_hill_ramp,independent_diagnostic,A2780Naive,20k,1.0,IC50,0.5,baranyi_theta_logistic_growth,densities=20k/30k;doses=0.67/1.0/1.47
0.0,67.0,67.0,true,joint_ic_effect_hill_ramp,independent_diagnostic,A2780Naive,20k,1.47,IC75,0.75,baranyi_theta_logistic_growth,densities=20k/30k;doses=0.67/1.0/1.47
1.0,470.381366,127.10386267580583,false,joint_ic_effect_hill_ramp,independent_diagnostic,A2780Naive,20k,1.47,IC75,0.75,baranyi_theta_logistic_growth,densities=20k/30k;doses=0.67/1.0/1.47
2.0,658.348264,289.7836975844757,false,joint_ic_effect_hill_ramp,independent_diagnostic,A2780Naive,20k,1.47,IC75,0.75,baranyi_theta_logistic_growth,densities=20k/30k;doses=0.67/1.0/1.47
3.0,910.885918,524.0298514455744,false,joint_ic_effect_hill_ramp,independent_diagnostic,A2780Naive,20k,1.47,IC75,0.75,baranyi_theta_logistic_growth,densities=20k/30k;doses=0.67/1.0/1.47
4.0,928.761304,717.3089584984642,false,joint_ic_effect_hill_ramp,independent_diagnostic,A2780Naive,20k,1.47,IC75,0.75,baranyi_theta_logistic_growth,densities=20k/30k;doses=0.67/1.0/1.47
5.0,914.7665896666667,799.5601306719783,false,joint_ic_effect_hill_ramp,independent_diagnostic,A2780Naive,20k,1.47,IC75,0.75,baranyi_theta_logistic_growth,densities=20k/30k;doses=0.67/1.0/1.47
6.0,867.7298226666667,780.0327609093565,false,joint_ic_effect_hill_ramp,independent_diagnostic,A2780Naive,20k,1.47,IC75,0.75,baranyi_theta_logistic_growth,densities=20k/30k;doses=0.67/1.0/1.47
7.0,681.9129633333333,701.2800228889056,false,joint_ic_effect_hill_ramp,independent_diagnostic,A2780Naive,20k,1.47,IC75,0.75,baranyi_theta_logistic_growth,densities=20k/30k;doses=0.67/1.0/1.47
8.0,481.738503,600.6277688621568,false,joint_ic_effect_hill_ramp,independent_diagnostic,A2780Naive,20k,1.47,IC75,0.75,baranyi_theta_logistic_growth,densities=20k/30k;doses=0.67/1.0/1.47
9.0,333.6756173333333,500.2023170331639,false,joint_ic_effect_hill_ramp,independent_diagnostic,A2780Naive,20k,1.47,IC75,0.75,baranyi_theta_logistic_growth,densities=20k/30k;doses=0.67/1.0/1.47
10.0,232.34174399999998,410.13438634359846,false,joint_ic_effect_hill_ramp,independent_diagnostic,A2780Naive,20k,1.47,IC75,0.75,baranyi_theta_logistic_growth,densities=20k/30k;doses=0.67/1.0/1.47
11.0,155.3204476666667,333.622968863804,false,joint_ic_effect_hill_ramp,independent_diagnostic,A2780Naive,20k,1.47,IC75,0.75,baranyi_theta_logistic_growth,densities=20k/30k;doses=0.67/1.0/1.47
12.0,103.907562,270.5098758991782,false,joint_ic_effect_hill_ramp,independent_diagnostic,A2780Naive,20k,1.47,IC75,0.75,baranyi_theta_logistic_growth,densities=20k/30k;doses=0.67/1.0/1.47
13.0,71.52523133333334,219.27891956015267,false,joint_ic_effect_hill_ramp,independent_diagnostic,A2780Naive,20k,1.47,IC75,0.75,baranyi_theta_logistic_growth,densities=20k/30k;doses=0.67/1.0/1.47
14.0,36.60995366666666,178.04240850259546,false,joint_ic_effect_hill_ramp,independent_diagnostic,A2780Naive,20k,1.47,IC75,0.75,baranyi_theta_logistic_growth,densities=20k/30k;doses=0.67/1.0/1.47
0.0,100.0,100.0,true,joint_ic_effect_hill_ramp,independent_diagnostic,A2780Naive,30k,0.67,IC25,0.25,baranyi_theta_logistic_growth,densities=20k/30k;doses=0.67/1.0/1.47
1.0,507.5015816666667,184.4242946170343,false,joint_ic_effect_hill_ramp,independent_diagnostic,A2780Naive,30k,0.67,IC25,0.25,baranyi_theta_logistic_growth,densities=20k/30k;doses=0.67/1.0/1.47
2.0,801.887693,449.72930986669417,false,joint_ic_effect_hill_ramp,independent_diagnostic,A2780Naive,30k,0.67,IC25,0.25,baranyi_theta_logistic_growth,densities=20k/30k;doses=0.67/1.0/1.47
3.0,1336.278318,971.8878564706725,false,joint_ic_effect_hill_ramp,independent_diagnostic,A2780Naive,30k,0.67,IC25,0.25,baranyi_theta_logistic_growth,densities=20k/30k;doses=0.67/1.0/1.47
4.0,1623.1049383333336,1674.2409617249814,false,joint_ic_effect_hill_ramp,independent_diagnostic,A2780Naive,30k,0.67,IC25,0.25,baranyi_theta_logistic_growth,densities=20k/30k;doses=0.67/1.0/1.47
5.0,2076.8491126666668,2376.0107162209256,false,joint_ic_effect_hill_ramp,independent_diagnostic,A2780Naive,30k,0.67,IC25,0.25,baranyi_theta_logistic_growth,densities=20k/30k;doses=0.67/1.0/1.47
6.0,2482.367592666667,2939.3930084269323,false,joint_ic_effect_hill_ramp,independent_diagnostic,A2780Naive,30k,0.67,IC25,0.25,baranyi_theta_logistic_growth,densities=20k/30k;doses=0.67/1.0/1.47
7.0,2895.899845666667,3328.656867454674,false,joint_ic_effect_hill_ramp,independent_diagnostic,A2780Naive,30k,0.67,IC25,0.25,baranyi_theta_logistic_growth,densities=20k/30k;doses=0.67/1.0/1.47
8.0,2949.133024666667,3572.258517671869,false,joint_ic_effect_hill_ramp,independent_diagnostic,A2780Naive,30k,0.67,IC25,0.25,baranyi_theta_logistic_growth,densities=20k/30k;doses=0.67/1.0/1.47
9.0,3220.295872,3714.740052801092,false,joint_ic_effect_hill_ramp,independent_diagnostic,A2780Naive,30k,0.67,IC25,0.25,baranyi_theta_logistic_growth,densities=20k/30k;doses=0.67/1.0/1.47
10.0,2758.7708333333335,3793.6664789918736,false,joint_ic_effect_hill_ramp,independent_diagnostic,A2780Naive,30k,0.67,IC25,0.25,baranyi_theta_logistic_growth,densities=20k/30k;doses=0.67/1.0/1.47
11.0,3434.9652003333335,3834.833281667417,false,joint_ic_effect_hill_ramp,independent_diagnostic,A2780Naive,30k,0.67,IC25,0.25,baranyi_theta_logistic_growth,densities=20k/30k;doses=0.67/1.0/1.47
12.0,3115.501775,3854.322917703263,false,joint_ic_effect_hill_ramp,independent_diagnostic,A2780Naive,30k,0.67,IC25,0.25,baranyi_theta_logistic_growth,densities=20k/30k;doses=0.67/1.0/1.47
13.0,3633.6489583333337,3861.670073148253,false,joint_ic_effect_hill_ramp,independent_diagnostic,A2780Naive,30k,0.67,IC25,0.25,baranyi_theta_logistic_growth,densities=20k/30k;doses=0.67/1.0/1.47
14.0,3423.783179,3862.37325621995,false,joint_ic_effect_hill_ramp,independent_diagnostic,A2780Naive,30k,0.67,IC25,0.25,baranyi_theta_logistic_growth,densities=20k/30k;doses=0.67/1.0/1.47
0.0,100.0,100.0,true,joint_ic_effect_hill_ramp,independent_diagnostic,A2780Naive,30k,1.0,IC50,0.5,baranyi_theta_logistic_growth,densities=20k/30k;doses=0.67/1.0/1.47
1.0,277.1990353333333,178.28106036404347,false,joint_ic_effect_hill_ramp,independent_diagnostic,A2780Naive,30k,1.0,IC50,0.5,baranyi_theta_logistic_growth,densities=20k/30k;doses=0.67/1.0/1.47
2.0,512.5472606666666,398.91386752403133,false,joint_ic_effect_hill_ramp,independent_diagnostic,A2780Naive,30k,1.0,IC50,0.5,baranyi_theta_logistic_growth,densities=20k/30k;doses=0.67/1.0/1.47
3.0,810.4685956666666,772.1667685098441,false,joint_ic_effect_hill_ramp,independent_diagnostic,A2780Naive,30k,1.0,IC50,0.5,baranyi_theta_logistic_growth,densities=20k/30k;doses=0.67/1.0/1.47
4.0,1072.5972223333333,1188.3135272576046,false,joint_ic_effect_hill_ramp,independent_diagnostic,A2780Naive,30k,1.0,IC50,0.5,baranyi_theta_logistic_growth,densities=20k/30k;doses=0.67/1.0/1.47
5.0,1220.3375386666667,1517.7508244110425,false,joint_ic_effect_hill_ramp,independent_diagnostic,A2780Naive,30k,1.0,IC50,0.5,baranyi_theta_logistic_growth,densities=20k/30k;doses=0.67/1.0/1.47
6.0,1524.2378856666667,1704.555535177731,false,joint_ic_effect_hill_ramp,independent_diagnostic,A2780Naive,30k,1.0,IC50,0.5,baranyi_theta_logistic_growth,densities=20k/30k;doses=0.67/1.0/1.47
7.0,1784.3173613333336,1763.3021505018723,false,joint_ic_effect_hill_ramp,independent_diagnostic,A2780Naive,30k,1.0,IC50,0.5,baranyi_theta_logistic_growth,densities=20k/30k;doses=0.67/1.0/1.47
8.0,1754.768094,1734.836990643196,false,joint_ic_effect_hill_ramp,independent_diagnostic,A2780Naive,30k,1.0,IC50,0.5,baranyi_theta_logistic_growth,densities=20k/30k;doses=0.67/1.0/1.47
9.0,1630.9435183333335,1657.0246447094719,false,joint_ic_effect_hill_ramp,independent_diagnostic,A2780Naive,30k,1.0,IC50,0.5,baranyi_theta_logistic_growth,densities=20k/30k;doses=0.67/1.0/1.47
10.0,1765.6959490000002,1556.1595285352198,false,joint_ic_effect_hill_ramp,independent_diagnostic,A2780Naive,30k,1.0,IC50,0.5,baranyi_theta_logistic_growth,densities=20k/30k;doses=0.67/1.0/1.47
11.0,1797.057716,1448.0702908975961,false,joint_ic_effect_hill_ramp,independent_diagnostic,A2780Naive,30k,1.0,IC50,0.5,baranyi_theta_logistic_growth,densities=20k/30k;doses=0.67/1.0/1.47
12.0,1664.883989,1341.4248124829392,false,joint_ic_effect_hill_ramp,independent_diagnostic,A2780Naive,30k,1.0,IC50,0.5,baranyi_theta_logistic_growth,densities=20k/30k;doses=0.67/1.0/1.47
13.0,1869.5183256666667,1240.5496042265324,false,joint_ic_effect_hill_ramp,independent_diagnostic,A2780Naive,30k,1.0,IC50,0.5,baranyi_theta_logistic_growth,densities=20k/30k;doses=0.67/1.0/1.47
14.0,2521.7536263333336,1147.308042190553,false,joint_ic_effect_hill_ramp,independent_diagnostic,A2780Naive,30k,1.0,IC50,0.5,baranyi_theta_logistic_growth,densities=20k/30k;doses=0.67/1.0/1.47
0.0,100.0,100.0,true,joint_ic_effect_hill_ramp,independent_diagnostic,A2780Naive,30k,1.47,IC75,0.75,baranyi_theta_logistic_growth,densities=20k/30k;doses=0.67/1.0/1.47
1.0,683.0949846666667,172.814121329952,false,joint_ic_effect_hill_ramp,independent_diagnostic,A2780Naive,30k,1.47,IC75,0.75,baranyi_theta_logistic_growth,densities=20k/30k;doses=0.67/1.0/1.47
2.0,962.59946,357.1576467483593,false,joint_ic_effect_hill_ramp,independent_diagnostic,A2780Naive,30k,1.47,IC75,0.75,baranyi_theta_logistic_growth,densities=20k/30k;doses=0.67/1.0/1.47
3.0,1293.4153163333333,623.334368630123,false,joint_ic_effect_hill_ramp,independent_diagnostic,A2780Naive,30k,1.47,IC75,0.75,baranyi_theta_logistic_growth,densities=20k/30k;doses=0.67/1.0/1.47
4.0,1242.3761956666667,859.095776093553,false,joint_ic_effect_hill_ramp,independent_diagnostic,A2780Naive,30k,1.47,IC75,0.75,baranyi_theta_logistic_growth,densities=20k/30k;doses=0.67/1.0/1.47
5.0,1196.6721066666667,983.7161917168311,false,joint_ic_effect_hill_ramp,independent_diagnostic,A2780Naive,30k,1.47,IC75,0.75,baranyi_theta_logistic_growth,densities=20k/30k;doses=0.67/1.0/1.47
6.0,1151.6981093333334,992.5529261527482,false,joint_ic_effect_hill_ramp,independent_diagnostic,A2780Naive,30k,1.47,IC75,0.75,baranyi_theta_logistic_growth,densities=20k/30k;doses=0.67/1.0/1.47
7.0,908.6366510000001,922.7910320771342,false,joint_ic_effect_hill_ramp,independent_diagnostic,A2780Naive,30k,1.47,IC75,0.75,baranyi_theta_logistic_growth,densities=20k/30k;doses=0.67/1.0/1.47
8.0,684.2957563333333,814.6124089360064,false,joint_ic_effect_hill_ramp,independent_diagnostic,A2780Naive,30k,1.47,IC75,0.75,baranyi_theta_logistic_growth,densities=20k/30k;doses=0.67/1.0/1.47
9.0,451.471335,695.9754802687867,false,joint_ic_effect_hill_ramp,independent_diagnostic,A2780Naive,30k,1.47,IC75,0.75,baranyi_theta_logistic_growth,densities=20k/30k;doses=0.67/1.0/1.47
10.0,351.6421293333333,582.3751485330217,false,joint_ic_effect_hill_ramp,independent_diagnostic,A2780Naive,30k,1.47,IC75,0.75,baranyi_theta_logistic_growth,densities=20k/30k;doses=0.67/1.0/1.47
11.0,239.04888100000002,480.82445529291067,false,joint_ic_effect_hill_ramp,independent_diagnostic,A2780Naive,30k,1.47,IC75,0.75,baranyi_theta_logistic_growth,densities=20k/30k;doses=0.67/1.0/1.47
12.0,153.48256166666667,393.50241186177084,false,joint_ic_effect_hill_ramp,independent_diagnostic,A2780Naive,30k,1.47,IC75,0.75,baranyi_theta_logistic_growth,densities=20k/30k;doses=0.67/1.0/1.47
13.0,115.12735333333332,320.1462545055635,false,joint_ic_effect_hill_ramp,independent_diagnostic,A2780Naive,30k,1.47,IC75,0.75,baranyi_theta_logistic_growth,densities=20k/30k;doses=0.67/1.0/1.47
14.0,60.396604999999994,259.41628172482274,false,joint_ic_effect_hill_ramp,independent_diagnostic,A2780Naive,30k,1.47,IC75,0.75,baranyi_theta_logistic_growth,densities=20k/30k;doses=0.67/1.0/1.47
0.0,67.0,67.0,true,joint_ic_effect_hill_ramp_onset,independent_diagnostic,A2780Naive,20k,0.67,IC25,0.25,baranyi_theta_logistic_growth,densities=20k/30k;doses=0.67/1.0/1.47
1.0,305.18962200000004,139.44549381419242,false,joint_ic_effect_hill_ramp_onset,independent_diagnostic,A2780Naive,20k,0.67,IC25,0.25,baranyi_theta_logistic_growth,densities=20k/30k;doses=0.67/1.0/1.47
2.0,465.63738433333333,400.21088873088377,false,joint_ic_effect_hill_ramp_onset,independent_diagnostic,A2780Naive,20k,0.67,IC25,0.25,baranyi_theta_logistic_growth,densities=20k/30k;doses=0.67/1.0/1.47
3.0,790.214892,936.3803696621015,false,joint_ic_effect_hill_ramp_onset,independent_diagnostic,A2780Naive,20k,0.67,IC25,0.25,baranyi_theta_logistic_growth,densities=20k/30k;doses=0.67/1.0/1.47
4.0,880.948534,1597.4223963183344,false,joint_ic_effect_hill_ramp_onset,independent_diagnostic,A2780Naive,20k,0.67,IC25,0.25,baranyi_theta_logistic_growth,densities=20k/30k;doses=0.67/1.0/1.47
5.0,1277.0010803333332,2170.84091910798,false,joint_ic_effect_hill_ramp_onset,independent_diagnostic,A2780Naive,20k,0.67,IC25,0.25,baranyi_theta_logistic_growth,densities=20k/30k;doses=0.67/1.0/1.47
6.0,1612.01223,2563.4987657269085,false,joint_ic_effect_hill_ramp_onset,independent_diagnostic,A2780Naive,20k,0.67,IC25,0.25,baranyi_theta_logistic_growth,densities=20k/30k;doses=0.67/1.0/1.47
7.0,2016.4244216666668,2794.9612824040532,false,joint_ic_effect_hill_ramp_onset,independent_diagnostic,A2780Naive,20k,0.67,IC25,0.25,baranyi_theta_logistic_growth,densities=20k/30k;doses=0.67/1.0/1.47
8.0,2081.411111,2918.9810346122467,false,joint_ic_effect_hill_ramp_onset,independent_diagnostic,A2780Naive,20k,0.67,IC25,0.25,baranyi_theta_logistic_growth,densities=20k/30k;doses=0.67/1.0/1.47
9.0,2395.0547066666663,2981.059944232411,false,joint_ic_effect_hill_ramp_onset,independent_diagnostic,A2780Naive,20k,0.67,IC25,0.25,baranyi_theta_logistic_growth,densities=20k/30k;doses=0.67/1.0/1.47
10.0,2537.1984183333334,3010.275002151084,false,joint_ic_effect_hill_ramp_onset,independent_diagnostic,A2780Naive,20k,0.67,IC25,0.25,baranyi_theta_logistic_growth,densities=20k/30k;doses=0.67/1.0/1.47
11.0,3073.8874999999994,3023.016604437381,false,joint_ic_effect_hill_ramp_onset,independent_diagnostic,A2780Naive,20k,0.67,IC25,0.25,baranyi_theta_logistic_growth,densities=20k/30k;doses=0.67/1.0/1.47
12.0,3042.368325666667,3027.9109981633715,false,joint_ic_effect_hill_ramp_onset,independent_diagnostic,A2780Naive,20k,0.67,IC25,0.25,baranyi_theta_logistic_growth,densities=20k/30k;doses=0.67/1.0/1.47
13.0,3537.7463733333334,3029.2912552453254,false,joint_ic_effect_hill_ramp_onset,independent_diagnostic,A2780Naive,20k,0.67,IC25,0.25,baranyi_theta_logistic_growth,densities=20k/30k;doses=0.67/1.0/1.47
14.0,3458.3808643333336,3029.2439837525258,false,joint_ic_effect_hill_ramp_onset,independent_diagnostic,A2780Naive,20k,0.67,IC25,0.25,baranyi_theta_logistic_growth,densities=20k/30k;doses=0.67/1.0/1.47
0.0,67.0,67.0,true,joint_ic_effect_hill_ramp_onset,independent_diagnostic,A2780Naive,20k,1.0,IC50,0.5,baranyi_theta_logistic_growth,densities=20k/30k;doses=0.67/1.0/1.47
1.0,164.83707566666666,139.44549381419242,false,joint_ic_effect_hill_ramp_onset,independent_diagnostic,A2780Naive,20k,1.0,IC50,0.5,baranyi_theta_logistic_growth,densities=20k/30k;doses=0.67/1.0/1.47
2.0,310.328588,400.21088873088377,false,joint_ic_effect_hill_ramp_onset,independent_diagnostic,A2780Naive,20k,1.0,IC50,0.5,baranyi_theta_logistic_growth,densities=20k/30k;doses=0.67/1.0/1.47
3.0,498.45925933333325,851.5601178713259,false,joint_ic_effect_hill_ramp_onset,independent_diagnostic,A2780Naive,20k,1.0,IC50,0.5,baranyi_theta_logistic_growth,densities=20k/30k;doses=0.67/1.0/1.47
4.0,690.7097223333334,1169.7893781103776,false,joint_ic_effect_hill_ramp_onset,independent_diagnostic,A2780Naive,20k,1.0,IC50,0.5,baranyi_theta_logistic_growth,densities=20k/30k;doses=0.67/1.0/1.47
5.0,804.9089893333334,1273.2214378591864,false,joint_ic_effect_hill_ramp_onset,independent_diagnostic,A2780Naive,20k,1.0,IC50,0.5,baranyi_theta_logistic_growth,densities=20k/30k;doses=0.67/1.0/1.47
6.0,1188.2886573333333,1249.0563627335785,false,joint_ic_effect_hill_ramp_onset,independent_diagnostic,A2780Naive,20k,1.0,IC50,0.5,baranyi_theta_logistic_growth,densities=20k/30k;doses=0.67/1.0/1.47
7.0,1563.5381556666664,1180.1978502892064,false,joint_ic_effect_hill_ramp_onset,independent_diagnostic,A2780Naive,20k,1.0,IC50,0.5,baranyi_theta_logistic_growth,densities=20k/30k;doses=0.67/1.0/1.47
8.0,1634.130247,1107.5501710387075,false,joint_ic_effect_hill_ramp_onset,independent_diagnostic,A2780Naive,20k,1.0,IC50,0.5,baranyi_theta_logistic_growth,densities=20k/30k;doses=0.67/1.0/1.47
9.0,1556.192554,1045.476524976008,false,joint_ic_effect_hill_ramp_onset,independent_diagnostic,A2780Naive,20k,1.0,IC50,0.5,baranyi_theta_logistic_growth,densities=20k/30k;doses=0.67/1.0/1.47
10.0,1522.992284,996.755139435262,false,joint_ic_effect_hill_ramp_onset,independent_diagnostic,A2780Naive,20k,1.0,IC50,0.5,baranyi_theta_logistic_growth,densities=20k/30k;doses=0.67/1.0/1.47
11.0,1608.247685333333,960.0774182456526,false,joint_ic_effect_hill_ramp_onset,independent_diagnostic,A2780Naive,20k,1.0,IC50,0.5,baranyi_theta_logistic_growth,densities=20k/30k;doses=0.67/1.0/1.47
12.0,1500.9281636666667,933.1042516779823,false,joint_ic_effect_hill_ramp_onset,independent_diagnostic,A2780Naive,20k,1.0,IC50,0.5,baranyi_theta_logistic_growth,densities=20k/30k;doses=0.67/1.0/1.47
13.0,2011.2254243333334,913.557248440518,false,joint_ic_effect_hill_ramp_onset,independent_diagnostic,A2780Naive,20k,1.0,IC50,0.5,baranyi_theta_logistic_growth,densities=20k/30k;doses=0.67/1.0/1.47
14.0,2445.406712666667,899.536683988119,false,joint_ic_effect_hill_ramp_onset,independent_diagnostic,A2780Naive,20k,1.0,IC50,0.5,baranyi_theta_logistic_growth,densities=20k/30k;doses=0.67/1.0/1.47
0.0,67.0,67.0,true,joint_ic_effect_hill_ramp_onset,independent_diagnostic,A2780Naive,20k,1.47,IC75,0.75,baranyi_theta_logistic_growth,densities=20k/30k;doses=0.67/1.0/1.47
1.0,470.381366,139.44549381419242,false,joint_ic_effect_hill_ramp_onset,independent_diagnostic,A2780Naive,20k,1.47,IC75,0.75,baranyi_theta_logistic_growth,densities=20k/30k;doses=0.67/1.0/1.47
2.0,658.348264,400.21088873088377,false,joint_ic_effect_hill_ramp_onset,independent_diagnostic,A2780Naive,20k,1.47,IC75,0.75,baranyi_theta_logistic_growth,densities=20k/30k;doses=0.67/1.0/1.47
3.0,910.885918,798.7291732333056,false,joint_ic_effect_hill_ramp_onset,independent_diagnostic,A2780Naive,20k,1.47,IC75,0.75,baranyi_theta_logistic_growth,densities=20k/30k;doses=0.67/1.0/1.47
4.0,928.761304,945.6511086293791,false,joint_ic_effect_hill_ramp_onset,independent_diagnostic,A2780Naive,20k,1.47,IC75,0.75,baranyi_theta_logistic_growth,densities=20k/30k;doses=0.67/1.0/1.47
5.0,914.7665896666667,876.4583057998399,false,joint_ic_effect_hill_ramp_onset,independent_diagnostic,A2780Naive,20k,1.47,IC75,0.75,baranyi_theta_logistic_growth,densities=20k/30k;doses=0.67/1.0/1.47
6.0,867.7298226666667,742.3950679881658,false,joint_ic_effect_hill_ramp_onset,independent_diagnostic,A2780Naive,20k,1.47,IC75,0.75,baranyi_theta_logistic_growth,densities=20k/30k;doses=0.67/1.0/1.47
7.0,681.9129633333333,617.8016764020481,false,joint_ic_effect_hill_ramp_onset,independent_diagnostic,A2780Naive,20k,1.47,IC75,0.75,baranyi_theta_logistic_growth,densities=20k/30k;doses=0.67/1.0/1.47
8.0,481.738503,520.6635984545794,false,joint_ic_effect_hill_ramp_onset,independent_diagnostic,A2780Naive,20k,1.47,IC75,0.75,baranyi_theta_logistic_growth,densities=20k/30k;doses=0.67/1.0/1.47
9.0,333.6756173333333,449.1562541617484,false,joint_ic_effect_hill_ramp_onset,independent_diagnostic,A2780Naive,20k,1.47,IC75,0.75,baranyi_theta_logistic_growth,densities=20k/30k;doses=0.67/1.0/1.47
10.0,232.34174399999998,397.3475246261924,false,joint_ic_effect_hill_ramp_onset,independent_diagnostic,A2780Naive,20k,1.47,IC75,0.75,baranyi_theta_logistic_growth,densities=20k/30k;doses=0.67/1.0/1.47
11.0,155.3204476666667,359.80228915033564,false,joint_ic_effect_hill_ramp_onset,independent_diagnostic,A2780Naive,20k,1.47,IC75,0.75,baranyi_theta_logistic_growth,densities=20k/30k;doses=0.67/1.0/1.47
12.0,103.907562,332.4242207586831,false,joint_ic_effect_hill_ramp_onset,independent_diagnostic,A2780Naive,20k,1.47,IC75,0.75,baranyi_theta_logistic_growth,densities=20k/30k;doses=0.67/1.0/1.47
13.0,71.52523133333334,312.30288538341296,false,joint_ic_effect_hill_ramp_onset,independent_diagnostic,A2780Naive,20k,1.47,IC75,0.75,baranyi_theta_logistic_growth,densities=20k/30k;doses=0.67/1.0/1.47
14.0,36.60995366666666,297.4015425849759,false,joint_ic_effect_hill_ramp_onset,independent_diagnostic,A2780Naive,20k,1.47,IC75,0.75,baranyi_theta_logistic_growth,densities=20k/30k;doses=0.67/1.0/1.47
0.0,100.0,100.0,true,joint_ic_effect_hill_ramp_onset,independent_diagnostic,A2780Naive,30k,0.67,IC25,0.25,baranyi_theta_logistic_growth,densities=20k/30k;doses=0.67/1.0/1.47
1.0,507.5015816666667,184.66525304081003,false,joint_ic_effect_hill_ramp_onset,independent_diagnostic,A2780Naive,30k,0.67,IC25,0.25,baranyi_theta_logistic_growth,densities=20k/30k;doses=0.67/1.0/1.47
2.0,801.887693,451.80884854196853,false,joint_ic_effect_hill_ramp_onset,independent_diagnostic,A2780Naive,30k,0.67,IC25,0.25,baranyi_theta_logistic_growth,densities=20k/30k;doses=0.67/1.0/1.47
3.0,1336.278318,980.1124275531173,false,joint_ic_effect_hill_ramp_onset,independent_diagnostic,A2780Naive,30k,0.67,IC25,0.25,baranyi_theta_logistic_growth,densities=20k/30k;doses=0.67/1.0/1.47
4.0,1623.1049383333336,1689.7840681894613,false,joint_ic_effect_hill_ramp_onset,independent_diagnostic,A2780Naive,30k,0.67,IC25,0.25,baranyi_theta_logistic_growth,densities=20k/30k;doses=0.67/1.0/1.47
5.0,2076.8491126666668,2396.189188452861,false,joint_ic_effect_hill_ramp_onset,independent_diagnostic,A2780Naive,30k,0.67,IC25,0.25,baranyi_theta_logistic_growth,densities=20k/30k;doses=0.67/1.0/1.47
6.0,2482.367592666667,2961.8605324402265,false,joint_ic_effect_hill_ramp_onset,independent_diagnostic,A2780Naive,30k,0.67,IC25,0.25,baranyi_theta_logistic_growth,densities=20k/30k;doses=0.67/1.0/1.47
7.0,2895.899845666667,3353.1674421045495,false,joint_ic_effect_hill_ramp_onset,independent_diagnostic,A2780Naive,30k,0.67,IC25,0.25,baranyi_theta_logistic_growth,densities=20k/30k;doses=0.67/1.0/1.47
8.0,2949.133024666667,3599.9847453615034,false,joint_ic_effect_hill_ramp_onset,independent_diagnostic,A2780Naive,30k,0.67,IC25,0.25,baranyi_theta_logistic_growth,densities=20k/30k;doses=0.67/1.0/1.47
9.0,3220.295872,3747.1901720324386,false,joint_ic_effect_hill_ramp_onset,independent_diagnostic,A2780Naive,30k,0.67,IC25,0.25,baranyi_theta_logistic_growth,densities=20k/30k;doses=0.67/1.0/1.47
10.0,2758.7708333333335,3832.0966439098497,false,joint_ic_effect_hill_ramp_onset,independent_diagnostic,A2780Naive,30k,0.67,IC25,0.25,baranyi_theta_logistic_growth,densities=20k/30k;doses=0.67/1.0/1.47
11.0,3434.9652003333335,3880.086257174961,false,joint_ic_effect_hill_ramp_onset,independent_diagnostic,A2780Naive,30k,0.67,IC25,0.25,baranyi_theta_logistic_growth,densities=20k/30k;doses=0.67/1.0/1.47
12.0,3115.501775,3906.8612380288537,false,joint_ic_effect_hill_ramp_onset,independent_diagnostic,A2780Naive,30k,0.67,IC25,0.25,baranyi_theta_logistic_growth,densities=20k/30k;doses=0.67/1.0/1.47
13.0,3633.6489583333337,3921.6641388892112,false,joint_ic_effect_hill_ramp_onset,independent_diagnostic,A2780Naive,30k,0.67,IC25,0.25,baranyi_theta_logistic_growth,densities=20k/30k;doses=0.67/1.0/1.47
14.0,3423.783179,3929.7875957080837,false,joint_ic_effect_hill_ramp_onset,independent_diagnostic,A2780Naive,30k,0.67,IC25,0.25,baranyi_theta_logistic_growth,densities=20k/30k;doses=0.67/1.0/1.47
0.0,100.0,100.0,true,joint_ic_effect_hill_ramp_onset,independent_diagnostic,A2780Naive,30k,1.0,IC50,0.5,baranyi_theta_logistic_growth,densities=20k/30k;doses=0.67/1.0/1.47
1.0,277.1990353333333,184.66525304081003,false,joint_ic_effect_hill_ramp_onset,independent_diagnostic,A2780Naive,30k,1.0,IC50,0.5,baranyi_theta_logistic_growth,densities=20k/30k;doses=0.67/1.0/1.47
2.0,512.5472606666666,451.80884854196853,false,joint_ic_effect_hill_ramp_onset,independent_diagnostic,A2780Naive,30k,1.0,IC50,0.5,baranyi_theta_logistic_growth,densities=20k/30k;doses=0.67/1.0/1.47
3.0,810.4685956666666,967.1543797611297,false,joint_ic_effect_hill_ramp_onset,independent_diagnostic,A2780Naive,30k,1.0,IC50,0.5,baranyi_theta_logistic_growth,densities=20k/30k;doses=0.67/1.0/1.47
4.0,1072.5972223333333,1479.9433063201977,false,joint_ic_effect_hill_ramp_onset,independent_diagnostic,A2780Naive,30k,1.0,IC50,0.5,baranyi_theta_logistic_growth,densities=20k/30k;doses=0.67/1.0/1.47
5.0,1220.3375386666667,1782.0061258911533,false,joint_ic_effect_hill_ramp_onset,independent_diagnostic,A2780Naive,30k,1.0,IC50,0.5,baranyi_theta_logistic_growth,densities=20k/30k;doses=0.67/1.0/1.47
6.0,1524.2378856666667,1886.9842980167705,false,joint_ic_effect_hill_ramp_onset,independent_diagnostic,A2780Naive,30k,1.0,IC50,0.5,baranyi_theta_logistic_growth,densities=20k/30k;doses=0.67/1.0/1.47
7.0,1784.3173613333336,1879.499444787948,false,joint_ic_effect_hill_ramp_onset,independent_diagnostic,A2780Naive,30k,1.0,IC50,0.5,baranyi_theta_logistic_growth,densities=20k/30k;doses=0.67/1.0/1.47
8.0,1754.768094,1825.9983104547077,false,joint_ic_effect_hill_ramp_onset,independent_diagnostic,A2780Naive,30k,1.0,IC50,0.5,baranyi_theta_logistic_growth,densities=20k/30k;doses=0.67/1.0/1.47
9.0,1630.9435183333335,1762.046258464872,false,joint_ic_effect_hill_ramp_onset,independent_diagnostic,A2780Naive,30k,1.0,IC50,0.5,baranyi_theta_logistic_growth,densities=20k/30k;doses=0.67/1.0/1.47
10.0,1765.6959490000002,1702.938060032826,false,joint_ic_effect_hill_ramp_onset,independent_diagnostic,A2780Naive,30k,1.0,IC50,0.5,baranyi_theta_logistic_growth,densities=20k/30k;doses=0.67/1.0/1.47
11.0,1797.057716,1653.6951217279488,false,joint_ic_effect_hill_ramp_onset,independent_diagnostic,A2780Naive,30k,1.0,IC50,0.5,baranyi_theta_logistic_growth,densities=20k/30k;doses=0.67/1.0/1.47
12.0,1664.883989,1614.817750260812,false,joint_ic_effect_hill_ramp_onset,independent_diagnostic,A2780Naive,30k,1.0,IC50,0.5,baranyi_theta_logistic_growth,densities=20k/30k;doses=0.67/1.0/1.47
13.0,1869.5183256666667,1585.0905265665106,false,joint_ic_effect_hill_ramp_onset,independent_diagnostic,A2780Naive,30k,1.0,IC50,0.5,baranyi_theta_logistic_growth,densities=20k/30k;doses=0.67/1.0/1.47
14.0,2521.7536263333336,1562.8349747335094,false,joint_ic_effect_hill_ramp_onset,independent_diagnostic,A2780Naive,30k,1.0,IC50,0.5,baranyi_theta_logistic_growth,densities=20k/30k;doses=0.67/1.0/1.47
0.0,100.0,100.0,true,joint_ic_effect_hill_ramp_onset,independent_diagnostic,A2780Naive,30k,1.47,IC75,0.75,baranyi_theta_logistic_growth,densities=20k/30k;doses=0.67/1.0/1.47
1.0,683.0949846666667,184.66525304081003,false,joint_ic_effect_hill_ramp_onset,independent_diagnostic,A2780Naive,30k,1.47,IC75,0.75,baranyi_theta_logistic_growth,densities=20k/30k;doses=0.67/1.0/1.47
2.0,962.59946,451.80884854196853,false,joint_ic_effect_hill_ramp_onset,independent_diagnostic,A2780Naive,30k,1.47,IC75,0.75,baranyi_theta_logistic_growth,densities=20k/30k;doses=0.67/1.0/1.47
3.0,1293.4153163333333,949.5528094623247,false,joint_ic_effect_hill_ramp_onset,independent_diagnostic,A2780Naive,30k,1.47,IC75,0.75,baranyi_theta_logistic_growth,densities=20k/30k;doses=0.67/1.0/1.47
4.0,1242.3761956666667,1231.1938192185876,false,joint_ic_effect_hill_ramp_onset,independent_diagnostic,A2780Naive,30k,1.47,IC75,0.75,baranyi_theta_logistic_growth,densities=20k/30k;doses=0.67/1.0/1.47
5.0,1196.6721066666667,1172.5441944321872,false,joint_ic_effect_hill_ramp_onset,independent_diagnostic,A2780Naive,30k,1.47,IC75,0.75,baranyi_theta_logistic_growth,densities=20k/30k;doses=0.67/1.0/1.47
6.0,1151.6981093333334,978.583183902952,false,joint_ic_effect_hill_ramp_onset,independent_diagnostic,A2780Naive,30k,1.47,IC75,0.75,baranyi_theta_logistic_growth,densities=20k/30k;doses=0.67/1.0/1.47
7.0,908.6366510000001,783.3991869357458,false,joint_ic_effect_hill_ramp_onset,independent_diagnostic,A2780Naive,30k,1.47,IC75,0.75,baranyi_theta_logistic_growth,densities=20k/30k;doses=0.67/1.0/1.47
8.0,684.2957563333333,627.5404263847707,false,joint_ic_effect_hill_ramp_onset,independent_diagnostic,A2780Naive,30k,1.47,IC75,0.75,baranyi_theta_logistic_growth,densities=20k/30k;doses=0.67/1.0/1.47
9.0,451.471335,512.2152310439797,false,joint_ic_effect_hill_ramp_onset,independent_diagnostic,A2780Naive,30k,1.47,IC75,0.75,baranyi_theta_logistic_growth,densities=20k/30k;doses=0.67/1.0/1.47
10.0,351.6421293333333,428.7548287561346,false,joint_ic_effect_hill_ramp_onset,independent_diagnostic,A2780Naive,30k,1.47,IC75,0.75,baranyi_theta_logistic_growth,densities=20k/30k;doses=0.67/1.0/1.47
11.0,239.04888100000002,368.37000357954963,false,joint_ic_effect_hill_ramp_onset,independent_diagnostic,A2780Naive,30k,1.47,IC75,0.75,baranyi_theta_logistic_growth,densities=20k/30k;doses=0.67/1.0/1.47
12.0,153.48256166666667,324.30095724544583,false,joint_ic_effect_hill_ramp_onset,independent_diagnostic,A2780Naive,30k,1.47,IC75,0.75,baranyi_theta_logistic_growth,densities=20k/30k;doses=0.67/1.0/1.47
13.0,115.12735333333332,291.76014794954904,false,joint_ic_effect_hill_ramp_onset,independent_diagnostic,A2780Naive,30k,1.47,IC75,0.75,baranyi_theta_logistic_growth,densities=20k/30k;doses=0.67/1.0/1.47
14.0,60.396604999999994,267.4397631433525,false,joint_ic_effect_hill_ramp_onset,independent_diagnostic,A2780Naive,30k,1.47,IC75,0.75,baranyi_theta_logistic_growth,densities=20k/30k;doses=0.67/1.0/1.47
0.0,67.0,67.0,true,joint_ic_effect_logistic_hill,independent_diagnostic,A2780Naive,20k,0.67,IC25,0.25,baranyi_theta_logistic_growth,densities=20k/30k;doses=0.67/1.0/1.47
1.0,305.18962200000004,122.82689852719437,false,joint_ic_effect_logistic_hill,independent_diagnostic,A2780Naive,20k,0.67,IC25,0.25,baranyi_theta_logistic_growth,densities=20k/30k;doses=0.67/1.0/1.47
2.0,465.63738433333333,321.061137716524,false,joint_ic_effect_logistic_hill,independent_diagnostic,A2780Naive,20k,0.67,IC25,0.25,baranyi_theta_logistic_growth,densities=20k/30k;doses=0.67/1.0/1.47
3.0,790.214892,735.5940924343734,false,joint_ic_effect_logistic_hill,independent_diagnostic,A2780Naive,20k,0.67,IC25,0.25,baranyi_theta_logistic_growth,densities=20k/30k;doses=0.67/1.0/1.47
4.0,880.948534,1320.4177997643335,false,joint_ic_effect_logistic_hill,independent_diagnostic,A2780Naive,20k,0.67,IC25,0.25,baranyi_theta_logistic_growth,densities=20k/30k;doses=0.67/1.0/1.47
5.0,1277.0010803333332,1924.6340609103074,false,joint_ic_effect_logistic_hill,independent_diagnostic,A2780Naive,20k,0.67,IC25,0.25,baranyi_theta_logistic_growth,densities=20k/30k;doses=0.67/1.0/1.47
6.0,1612.01223,2419.847137502116,false,joint_ic_effect_logistic_hill,independent_diagnostic,A2780Naive,20k,0.67,IC25,0.25,baranyi_theta_logistic_growth,densities=20k/30k;doses=0.67/1.0/1.47
7.0,2016.4244216666668,2766.706533617279,false,joint_ic_effect_logistic_hill,independent_diagnostic,A2780Naive,20k,0.67,IC25,0.25,baranyi_theta_logistic_growth,densities=20k/30k;doses=0.67/1.0/1.47
8.0,2081.411111,2986.7788811479463,false,joint_ic_effect_logistic_hill,independent_diagnostic,A2780Naive,20k,0.67,IC25,0.25,baranyi_theta_logistic_growth,densities=20k/30k;doses=0.67/1.0/1.47
9.0,2395.0547066666663,3118.395442392971,false,joint_ic_effect_logistic_hill,independent_diagnostic,A2780Naive,20k,0.67,IC25,0.25,baranyi_theta_logistic_growth,densities=20k/30k;doses=0.67/1.0/1.47
10.0,2537.1984183333334,3194.4643221361366,false,joint_ic_effect_logistic_hill,independent_diagnostic,A2780Naive,20k,0.67,IC25,0.25,baranyi_theta_logistic_growth,densities=20k/30k;doses=0.67/1.0/1.47
11.0,3073.8874999999994,3237.5843496098823,false,joint_ic_effect_logistic_hill,independent_diagnostic,A2780Naive,20k,0.67,IC25,0.25,baranyi_theta_logistic_growth,densities=20k/30k;doses=0.67/1.0/1.47
12.0,3042.368325666667,3261.762538760499,false,joint_ic_effect_logistic_hill,independent_diagnostic,A2780Naive,20k,0.67,IC25,0.25,baranyi_theta_logistic_growth,densities=20k/30k;doses=0.67/1.0/1.47
13.0,3537.7463733333334,3275.2376593802906,false,joint_ic_effect_logistic_hill,independent_diagnostic,A2780Naive,20k,0.67,IC25,0.25,baranyi_theta_logistic_growth,densities=20k/30k;doses=0.67/1.0/1.47
14.0,3458.3808643333336,3282.722416875676,false,joint_ic_effect_logistic_hill,independent_diagnostic,A2780Naive,20k,0.67,IC25,0.25,baranyi_theta_logistic_growth,densities=20k/30k;doses=0.67/1.0/1.47
0.0,67.0,67.0,true,joint_ic_effect_logistic_hill,independent_diagnostic,A2780Naive,20k,1.0,IC50,0.5,baranyi_theta_logistic_growth,densities=20k/30k;doses=0.67/1.0/1.47
1.0,164.83707566666666,84.920753390671,false,joint_ic_effect_logistic_hill,independent_diagnostic,A2780Naive,20k,1.0,IC50,0.5,baranyi_theta_logistic_growth,densities=20k/30k;doses=0.67/1.0/1.47
2.0,310.328588,167.38128781333344,false,joint_ic_effect_logistic_hill,independent_diagnostic,A2780Naive,20k,1.0,IC50,0.5,baranyi_theta_logistic_growth,densities=20k/30k;doses=0.67/1.0/1.47
3.0,498.45925933333325,322.70807105944937,false,joint_ic_effect_logistic_hill,independent_diagnostic,A2780Naive,20k,1.0,IC50,0.5,baranyi_theta_logistic_growth,densities=20k/30k;doses=0.67/1.0/1.47
4.0,690.7097223333334,536.124365102539,false,joint_ic_effect_logistic_hill,independent_diagnostic,A2780Naive,20k,1.0,IC50,0.5,baranyi_theta_logistic_growth,densities=20k/30k;doses=0.67/1.0/1.47
5.0,804.9089893333334,771.6776245581736,false,joint_ic_effect_logistic_hill,independent_diagnostic,A2780Naive,20k,1.0,IC50,0.5,baranyi_theta_logistic_growth,densities=20k/30k;doses=0.67/1.0/1.47
6.0,1188.2886573333333,990.86497702559,false,joint_ic_effect_logistic_hill,independent_diagnostic,A2780Naive,20k,1.0,IC50,0.5,baranyi_theta_logistic_growth,densities=20k/30k;doses=0.67/1.0/1.47
7.0,1563.5381556666664,1170.1923202977882,false,joint_ic_effect_logistic_hill,independent_diagnostic,A2780Naive,20k,1.0,IC50,0.5,baranyi_theta_logistic_growth,densities=20k/30k;doses=0.67/1.0/1.47
8.0,1634.130247,1304.0019108151532,false,joint_ic_effect_logistic_hill,independent_diagnostic,A2780Naive,20k,1.0,IC50,0.5,baranyi_theta_logistic_growth,densities=20k/30k;doses=0.67/1.0/1.47
9.0,1556.192554,1397.745763615899,false,joint_ic_effect_logistic_hill,independent_diagnostic,A2780Naive,20k,1.0,IC50,0.5,baranyi_theta_logistic_growth,densities=20k/30k;doses=0.67/1.0/1.47
10.0,1522.992284,1460.7299636583139,false,joint_ic_effect_logistic_hill,independent_diagnostic,A2780Naive,20k,1.0,IC50,0.5,baranyi_theta_logistic_growth,densities=20k/30k;doses=0.67/1.0/1.47
11.0,1608.247685333333,1501.913961428244,false,joint_ic_effect_logistic_hill,independent_diagnostic,A2780Naive,20k,1.0,IC50,0.5,baranyi_theta_logistic_growth,densities=20k/30k;doses=0.67/1.0/1.47
12.0,1500.9281636666667,1528.3794663090866,false,joint_ic_effect_logistic_hill,independent_diagnostic,A2780Naive,20k,1.0,IC50,0.5,baranyi_theta_logistic_growth,densities=20k/30k;doses=0.67/1.0/1.47
13.0,2011.2254243333334,1545.2003423410722,false,joint_ic_effect_logistic_hill,independent_diagnostic,A2780Naive,20k,1.0,IC50,0.5,baranyi_theta_logistic_growth,densities=20k/30k;doses=0.67/1.0/1.47
14.0,2445.406712666667,1555.817367689407,false,joint_ic_effect_logistic_hill,independent_diagnostic,A2780Naive,20k,1.0,IC50,0.5,baranyi_theta_logistic_growth,densities=20k/30k;doses=0.67/1.0/1.47
0.0,67.0,67.0,true,joint_ic_effect_logistic_hill,independent_diagnostic,A2780Naive,20k,1.47,IC75,0.75,baranyi_theta_logistic_growth,densities=20k/30k;doses=0.67/1.0/1.47
1.0,470.381366,55.27363493223337,false,joint_ic_effect_logistic_hill,independent_diagnostic,A2780Naive,20k,1.47,IC75,0.75,baranyi_theta_logistic_growth,densities=20k/30k;doses=0.67/1.0/1.47
2.0,658.348264,77.08201325875557,false,joint_ic_effect_logistic_hill,independent_diagnostic,A2780Naive,20k,1.47,IC75,0.75,baranyi_theta_logistic_growth,densities=20k/30k;doses=0.67/1.0/1.47
3.0,910.885918,116.07265357707354,false,joint_ic_effect_logistic_hill,independent_diagnostic,A2780Naive,20k,1.47,IC75,0.75,baranyi_theta_logistic_growth,densities=20k/30k;doses=0.67/1.0/1.47
4.0,928.761304,164.74855300411738,false,joint_ic_effect_logistic_hill,independent_diagnostic,A2780Naive,20k,1.47,IC75,0.75,baranyi_theta_logistic_growth,densities=20k/30k;doses=0.67/1.0/1.47
5.0,914.7665896666667,217.80442375103408,false,joint_ic_effect_logistic_hill,independent_diagnostic,A2780Naive,20k,1.47,IC75,0.75,baranyi_theta_logistic_growth,densities=20k/30k;doses=0.67/1.0/1.47
6.0,867.7298226666667,270.42694997991305,false,joint_ic_effect_logistic_hill,independent_diagnostic,A2780Naive,20k,1.47,IC75,0.75,baranyi_theta_logistic_growth,densities=20k/30k;doses=0.67/1.0/1.47
7.0,681.9129633333333,318.8197399850735,false,joint_ic_effect_logistic_hill,independent_diagnostic,A2780Naive,20k,1.47,IC75,0.75,baranyi_theta_logistic_growth,densities=20k/30k;doses=0.67/1.0/1.47
8.0,481.738503,360.70280271906165,false,joint_ic_effect_logistic_hill,independent_diagnostic,A2780Naive,20k,1.47,IC75,0.75,baranyi_theta_logistic_growth,densities=20k/30k;doses=0.67/1.0/1.47
9.0,333.6756173333333,395.26485868670085,false,joint_ic_effect_logistic_hill,independent_diagnostic,A2780Naive,20k,1.47,IC75,0.75,baranyi_theta_logistic_growth,densities=20k/30k;doses=0.67/1.0/1.47
10.0,232.34174399999998,422.75980081965537,false,joint_ic_effect_logistic_hill,independent_diagnostic,A2780Naive,20k,1.47,IC75,0.75,baranyi_theta_logistic_growth,densities=20k/30k;doses=0.67/1.0/1.47
11.0,155.3204476666667,444.03592380079516,false,joint_ic_effect_logistic_hill,independent_diagnostic,A2780Naive,20k,1.47,IC75,0.75,baranyi_theta_logistic_growth,densities=20k/30k;doses=0.67/1.0/1.47
12.0,103.907562,460.16397830622617,false,joint_ic_effect_logistic_hill,independent_diagnostic,A2780Naive,20k,1.47,IC75,0.75,baranyi_theta_logistic_growth,densities=20k/30k;doses=0.67/1.0/1.47
13.0,71.52523133333334,472.20522181202557,false,joint_ic_effect_logistic_hill,independent_diagnostic,A2780Naive,20k,1.47,IC75,0.75,baranyi_theta_logistic_growth,densities=20k/30k;doses=0.67/1.0/1.47
14.0,36.60995366666666,481.095807560944,false,joint_ic_effect_logistic_hill,independent_diagnostic,A2780Naive,20k,1.47,IC75,0.75,baranyi_theta_logistic_growth,densities=20k/30k;doses=0.67/1.0/1.47
0.0,100.0,100.0,true,joint_ic_effect_logistic_hill,independent_diagnostic,A2780Naive,30k,0.67,IC25,0.25,baranyi_theta_logistic_growth,densities=20k/30k;doses=0.67/1.0/1.47
1.0,507.5015816666667,172.52306388057409,false,joint_ic_effect_logistic_hill,independent_diagnostic,A2780Naive,30k,0.67,IC25,0.25,baranyi_theta_logistic_growth,densities=20k/30k;doses=0.67/1.0/1.47
2.0,801.887693,401.2048248014994,false,joint_ic_effect_logistic_hill,independent_diagnostic,A2780Naive,30k,0.67,IC25,0.25,baranyi_theta_logistic_growth,densities=20k/30k;doses=0.67/1.0/1.47
3.0,1336.278318,846.1112592150439,false,joint_ic_effect_logistic_hill,independent_diagnostic,A2780Naive,30k,0.67,IC25,0.25,baranyi_theta_logistic_growth,densities=20k/30k;doses=0.67/1.0/1.47
4.0,1623.1049383333336,1448.507179297545,false,joint_ic_effect_logistic_hill,independent_diagnostic,A2780Naive,30k,0.67,IC25,0.25,baranyi_theta_logistic_growth,densities=20k/30k;doses=0.67/1.0/1.47
5.0,2076.8491126666668,2064.90296031068,false,joint_ic_effect_logistic_hill,independent_diagnostic,A2780Naive,30k,0.67,IC25,0.25,baranyi_theta_logistic_growth,densities=20k/30k;doses=0.67/1.0/1.47
6.0,2482.367592666667,2577.275513739992,false,joint_ic_effect_logistic_hill,independent_diagnostic,A2780Naive,30k,0.67,IC25,0.25,baranyi_theta_logistic_growth,densities=20k/30k;doses=0.67/1.0/1.47
7.0,2895.899845666667,2946.3042132998867,false,joint_ic_effect_logistic_hill,independent_diagnostic,A2780Naive,30k,0.67,IC25,0.25,baranyi_theta_logistic_growth,densities=20k/30k;doses=0.67/1.0/1.47
8.0,2949.133024666667,3188.573320338891,false,joint_ic_effect_logistic_hill,independent_diagnostic,A2780Naive,30k,0.67,IC25,0.25,baranyi_theta_logistic_growth,densities=20k/30k;doses=0.67/1.0/1.47
9.0,3220.295872,3338.79083255071,false,joint_ic_effect_logistic_hill,independent_diagnostic,A2780Naive,30k,0.67,IC25,0.25,baranyi_theta_logistic_growth,densities=20k/30k;doses=0.67/1.0/1.47
10.0,2758.7708333333335,3428.802441946573,false,joint_ic_effect_logistic_hill,independent_diagnostic,A2780Naive,30k,0.67,IC25,0.25,baranyi_theta_logistic_growth,densities=20k/30k;doses=0.67/1.0/1.47
11.0,3434.9652003333335,3481.6668107604546,false,joint_ic_effect_logistic_hill,independent_diagnostic,A2780Naive,30k,0.67,IC25,0.25,baranyi_theta_logistic_growth,densities=20k/30k;doses=0.67/1.0/1.47
12.0,3115.501775,3512.354894825695,false,joint_ic_effect_logistic_hill,independent_diagnostic,A2780Naive,30k,0.67,IC25,0.25,baranyi_theta_logistic_growth,densities=20k/30k;doses=0.67/1.0/1.47
13.0,3633.6489583333337,3530.0502800399004,false,joint_ic_effect_logistic_hill,independent_diagnostic,A2780Naive,30k,0.67,IC25,0.25,baranyi_theta_logistic_growth,densities=20k/30k;doses=0.67/1.0/1.47
14.0,3423.783179,3540.2145338346736,false,joint_ic_effect_logistic_hill,independent_diagnostic,A2780Naive,30k,0.67,IC25,0.25,baranyi_theta_logistic_growth,densities=20k/30k;doses=0.67/1.0/1.47
0.0,100.0,100.0,true,joint_ic_effect_logistic_hill,independent_diagnostic,A2780Naive,30k,1.0,IC50,0.5,baranyi_theta_logistic_growth,densities=20k/30k;doses=0.67/1.0/1.47
1.0,277.1990353333333,129.99596792985096,false,joint_ic_effect_logistic_hill,independent_diagnostic,A2780Naive,30k,1.0,IC50,0.5,baranyi_theta_logistic_growth,densities=20k/30k;doses=0.67/1.0/1.47
2.0,512.5472606666666,243.36461658479072,false,joint_ic_effect_logistic_hill,independent_diagnostic,A2780Naive,30k,1.0,IC50,0.5,baranyi_theta_logistic_growth,densities=20k/30k;doses=0.67/1.0/1.47
3.0,810.4685956666666,449.11725946218314,false,joint_ic_effect_logistic_hill,independent_diagnostic,A2780Naive,30k,1.0,IC50,0.5,baranyi_theta_logistic_growth,densities=20k/30k;doses=0.67/1.0/1.47
4.0,1072.5972223333333,722.3000640430314,false,joint_ic_effect_logistic_hill,independent_diagnostic,A2780Naive,30k,1.0,IC50,0.5,baranyi_theta_logistic_growth,densities=20k/30k;doses=0.67/1.0/1.47
5.0,1220.3375386666667,1015.1587278034815,false,joint_ic_effect_logistic_hill,independent_diagnostic,A2780Naive,30k,1.0,IC50,0.5,baranyi_theta_logistic_growth,densities=20k/30k;doses=0.67/1.0/1.47
6.0,1524.2378856666667,1281.9924892525,false,joint_ic_effect_logistic_hill,independent_diagnostic,A2780Naive,30k,1.0,IC50,0.5,baranyi_theta_logistic_growth,densities=20k/30k;doses=0.67/1.0/1.47
7.0,1784.3173613333336,1497.421383131797,false,joint_ic_effect_logistic_hill,independent_diagnostic,A2780Naive,30k,1.0,IC50,0.5,baranyi_theta_logistic_growth,densities=20k/30k;doses=0.67/1.0/1.47
8.0,1754.768094,1657.0220132408315,false,joint_ic_effect_logistic_hill,independent_diagnostic,A2780Naive,30k,1.0,IC50,0.5,baranyi_theta_logistic_growth,densities=20k/30k;doses=0.67/1.0/1.47
9.0,1630.9435183333335,1768.517593602468,false,joint_ic_effect_logistic_hill,independent_diagnostic,A2780Naive,30k,1.0,IC50,0.5,baranyi_theta_logistic_growth,densities=20k/30k;doses=0.67/1.0/1.47
10.0,1765.6959490000002,1843.42999057658,false,joint_ic_effect_logistic_hill,independent_diagnostic,A2780Naive,30k,1.0,IC50,0.5,baranyi_theta_logistic_growth,densities=20k/30k;doses=0.67/1.0/1.47
11.0,1797.057716,1892.5027875027388,false,joint_ic_effect_logistic_hill,independent_diagnostic,A2780Naive,30k,1.0,IC50,0.5,baranyi_theta_logistic_growth,densities=20k/30k;doses=0.67/1.0/1.47
12.0,1664.883989,1924.1301273540666,false,joint_ic_effect_logistic_hill,independent_diagnostic,A2780Naive,30k,1.0,IC50,0.5,baranyi_theta_logistic_growth,densities=20k/30k;doses=0.67/1.0/1.47
13.0,1869.5183256666667,1944.3040023003011,false,joint_ic_effect_logistic_hill,independent_diagnostic,A2780Naive,30k,1.0,IC50,0.5,baranyi_theta_logistic_growth,densities=20k/30k;doses=0.67/1.0/1.47
14.0,2521.7536263333336,1957.088157111752,false,joint_ic_effect_logistic_hill,independent_diagnostic,A2780Naive,30k,1.0,IC50,0.5,baranyi_theta_logistic_growth,densities=20k/30k;doses=0.67/1.0/1.47
0.0,100.0,100.0,true,joint_ic_effect_logistic_hill,independent_diagnostic,A2780Naive,30k,1.47,IC75,0.75,baranyi_theta_logistic_growth,densities=20k/30k;doses=0.67/1.0/1.47
1.0,683.0949846666667,85.1847702421292,false,joint_ic_effect_logistic_hill,independent_diagnostic,A2780Naive,30k,1.47,IC75,0.75,baranyi_theta_logistic_growth,densities=20k/30k;doses=0.67/1.0/1.47
2.0,962.59946,113.60324819290726,false,joint_ic_effect_logistic_hill,independent_diagnostic,A2780Naive,30k,1.47,IC75,0.75,baranyi_theta_logistic_growth,densities=20k/30k;doses=0.67/1.0/1.47
3.0,1293.4153163333333,164.9721564977635,false,joint_ic_effect_logistic_hill,independent_diagnostic,A2780Naive,30k,1.47,IC75,0.75,baranyi_theta_logistic_growth,densities=20k/30k;doses=0.67/1.0/1.47
4.0,1242.3761956666667,227.97153615231593,false,joint_ic_effect_logistic_hill,independent_diagnostic,A2780Naive,30k,1.47,IC75,0.75,baranyi_theta_logistic_growth,densities=20k/30k;doses=0.67/1.0/1.47
5.0,1196.6721066666667,295.03591909422556,false,joint_ic_effect_logistic_hill,independent_diagnostic,A2780Naive,30k,1.47,IC75,0.75,baranyi_theta_logistic_growth,densities=20k/30k;doses=0.67/1.0/1.47
6.0,1151.6981093333334,360.1495218959281,false,joint_ic_effect_logistic_hill,independent_diagnostic,A2780Naive,30k,1.47,IC75,0.75,baranyi_theta_logistic_growth,densities=20k/30k;doses=0.67/1.0/1.47
7.0,908.6366510000001,419.01987672721657,false,joint_ic_effect_logistic_hill,independent_diagnostic,A2780Naive,30k,1.47,IC75,0.75,baranyi_theta_logistic_growth,densities=20k/30k;doses=0.67/1.0/1.47
8.0,684.2957563333333,469.3279062278901,false,joint_ic_effect_logistic_hill,independent_diagnostic,A2780Naive,30k,1.47,IC75,0.75,baranyi_theta_logistic_growth,densities=20k/30k;doses=0.67/1.0/1.47
9.0,451.471335,510.46987037120664,false,joint_ic_effect_logistic_hill,independent_diagnostic,A2780Naive,30k,1.47,IC75,0.75,baranyi_theta_logistic_growth,densities=20k/30k;doses=0.67/1.0/1.47
10.0,351.6421293333333,543.0020970293427,false,joint_ic_effect_logistic_hill,independent_diagnostic,A2780Naive,30k,1.47,IC75,0.75,baranyi_theta_logistic_growth,densities=20k/30k;doses=0.67/1.0/1.47
11.0,239.04888100000002,568.0819062130716,false,joint_ic_effect_logistic_hill,independent_diagnostic,A2780Naive,30k,1.47,IC75,0.75,baranyi_theta_logistic_growth,densities=20k/30k;doses=0.67/1.0/1.47
12.0,153.48256166666667,587.0547299789546,false,joint_ic_effect_logistic_hill,independent_diagnostic,A2780Naive,30k,1.47,IC75,0.75,baranyi_theta_logistic_growth,densities=20k/30k;doses=0.67/1.0/1.47
13.0,115.12735333333332,601.2090795035599,false,joint_ic_effect_logistic_hill,independent_diagnostic,A2780Naive,30k,1.47,IC75,0.75,baranyi_theta_logistic_growth,densities=20k/30k;doses=0.67/1.0/1.47
14.0,60.396604999999994,611.6614983949191,false,joint_ic_effect_logistic_hill,independent_diagnostic,A2780Naive,30k,1.47,IC75,0.75,baranyi_theta_logistic_growth,densities=20k/30k;doses=0.67/1.0/1.47
0.0,67.0,67.0,true,joint_ic_effect_transit_death,independent_diagnostic,A2780Naive,20k,0.67,IC25,0.25,baranyi_theta_logistic_growth,densities=20k/30k;doses=0.67/1.0/1.47
1.0,305.18962200000004,139.44549702083023,false,joint_ic_effect_transit_death,independent_diagnostic,A2780Naive,20k,0.67,IC25,0.25,baranyi_theta_logistic_growth,densities=20k/30k;doses=0.67/1.0/1.47
2.0,465.63738433333333,400.2108876085715,false,joint_ic_effect_transit_death,independent_diagnostic,A2780Naive,20k,0.67,IC25,0.25,baranyi_theta_logistic_growth,densities=20k/30k;doses=0.67/1.0/1.47
3.0,790.214892,953.3273787428686,false,joint_ic_effect_transit_death,independent_diagnostic,A2780Naive,20k,0.67,IC25,0.25,baranyi_theta_logistic_growth,densities=20k/30k;doses=0.67/1.0/1.47
4.0,880.948534,1674.0657040227213,false,joint_ic_effect_transit_death,independent_diagnostic,A2780Naive,20k,0.67,IC25,0.25,baranyi_theta_logistic_growth,densities=20k/30k;doses=0.67/1.0/1.47
5.0,1277.0010803333332,2355.935958460921,false,joint_ic_effect_transit_death,independent_diagnostic,A2780Naive,20k,0.67,IC25,0.25,baranyi_theta_logistic_growth,densities=20k/30k;doses=0.67/1.0/1.47
6.0,1612.01223,2882.0048889492377,false,joint_ic_effect_transit_death,independent_diagnostic,A2780Naive,20k,0.67,IC25,0.25,baranyi_theta_logistic_growth,densities=20k/30k;doses=0.67/1.0/1.47
7.0,2016.4244216666668,3240.2999826070195,false,joint_ic_effect_transit_death,independent_diagnostic,A2780Naive,20k,0.67,IC25,0.25,baranyi_theta_logistic_growth,densities=20k/30k;doses=0.67/1.0/1.47
8.0,2081.411111,3467.3729298722615,false,joint_ic_effect_transit_death,independent_diagnostic,A2780Naive,20k,0.67,IC25,0.25,baranyi_theta_logistic_growth,densities=20k/30k;doses=0.67/1.0/1.47
9.0,2395.0547066666663,3605.6858368447756,false,joint_ic_effect_transit_death,independent_diagnostic,A2780Naive,20k,0.67,IC25,0.25,baranyi_theta_logistic_growth,densities=20k/30k;doses=0.67/1.0/1.47
10.0,2537.1984183333334,3688.1841733042525,false,joint_ic_effect_transit_death,independent_diagnostic,A2780Naive,20k,0.67,IC25,0.25,baranyi_theta_logistic_growth,densities=20k/30k;doses=0.67/1.0/1.47
11.0,3073.8874999999994,3736.8701541899463,false,joint_ic_effect_transit_death,independent_diagnostic,A2780Naive,20k,0.67,IC25,0.25,baranyi_theta_logistic_growth,densities=20k/30k;doses=0.67/1.0/1.47
12.0,3042.368325666667,3765.456228826524,false,joint_ic_effect_transit_death,independent_diagnostic,A2780Naive,20k,0.67,IC25,0.25,baranyi_theta_logistic_growth,densities=20k/30k;doses=0.67/1.0/1.47
13.0,3537.7463733333334,3782.2045072839933,false,joint_ic_effect_transit_death,independent_diagnostic,A2780Naive,20k,0.67,IC25,0.25,baranyi_theta_logistic_growth,densities=20k/30k;doses=0.67/1.0/1.47
14.0,3458.3808643333336,3792.0108888569935,false,joint_ic_effect_transit_death,independent_diagnostic,A2780Naive,20k,0.67,IC25,0.25,baranyi_theta_logistic_growth,densities=20k/30k;doses=0.67/1.0/1.47
0.0,67.0,67.0,true,joint_ic_effect_transit_death,independent_diagnostic,A2780Naive,20k,1.0,IC50,0.5,baranyi_theta_logistic_growth,densities=20k/30k;doses=0.67/1.0/1.47
1.0,164.83707566666666,139.44549702083023,false,joint_ic_effect_transit_death,independent_diagnostic,A2780Naive,20k,1.0,IC50,0.5,baranyi_theta_logistic_growth,densities=20k/30k;doses=0.67/1.0/1.47
2.0,310.328588,400.2108876085715,false,joint_ic_effect_transit_death,independent_diagnostic,A2780Naive,20k,1.0,IC50,0.5,baranyi_theta_logistic_growth,densities=20k/30k;doses=0.67/1.0/1.47
3.0,498.45925933333325,878.3065522272227,false,joint_ic_effect_transit_death,independent_diagnostic,A2780Naive,20k,1.0,IC50,0.5,baranyi_theta_logistic_growth,densities=20k/30k;doses=0.67/1.0/1.47
4.0,690.7097223333334,1185.795064598327,false,joint_ic_effect_transit_death,independent_diagnostic,A2780Naive,20k,1.0,IC50,0.5,baranyi_theta_logistic_growth,densities=20k/30k;doses=0.67/1.0/1.47
5.0,804.9089893333334,1313.2944010884369,false,joint_ic_effect_transit_death,independent_diagnostic,A2780Naive,20k,1.0,IC50,0.5,baranyi_theta_logistic_growth,densities=20k/30k;doses=0.67/1.0/1.47
6.0,1188.2886573333333,1347.7400435713598,false,joint_ic_effect_transit_death,independent_diagnostic,A2780Naive,20k,1.0,IC50,0.5,baranyi_theta_logistic_growth,densities=20k/30k;doses=0.67/1.0/1.47
7.0,1563.5381556666664,1339.922862834753,false,joint_ic_effect_transit_death,independent_diagnostic,A2780Naive,20k,1.0,IC50,0.5,baranyi_theta_logistic_growth,densities=20k/30k;doses=0.67/1.0/1.47
8.0,1634.130247,1315.7971194027627,false,joint_ic_effect_transit_death,independent_diagnostic,A2780Naive,20k,1.0,IC50,0.5,baranyi_theta_logistic_growth,densities=20k/30k;doses=0.67/1.0/1.47
9.0,1556.192554,1288.0070674091012,false,joint_ic_effect_transit_death,independent_diagnostic,A2780Naive,20k,1.0,IC50,0.5,baranyi_theta_logistic_growth,densities=20k/30k;doses=0.67/1.0/1.47
10.0,1522.992284,1262.185064811305,false,joint_ic_effect_transit_death,independent_diagnostic,A2780Naive,20k,1.0,IC50,0.5,baranyi_theta_logistic_growth,densities=20k/30k;doses=0.67/1.0/1.47
11.0,1608.247685333333,1240.3865154341825,false,joint_ic_effect_transit_death,independent_diagnostic,A2780Naive,20k,1.0,IC50,0.5,baranyi_theta_logistic_growth,densities=20k/30k;doses=0.67/1.0/1.47
12.0,1500.9281636666667,1222.9474464497414,false,joint_ic_effect_transit_death,independent_diagnostic,A2780Naive,20k,1.0,IC50,0.5,baranyi_theta_logistic_growth,densities=20k/30k;doses=0.67/1.0/1.47
13.0,2011.2254243333334,1209.4606984082761,false,joint_ic_effect_transit_death,independent_diagnostic,A2780Naive,20k,1.0,IC50,0.5,baranyi_theta_logistic_growth,densities=20k/30k;doses=0.67/1.0/1.47
14.0,2445.406712666667,1199.2672887642148,false,joint_ic_effect_transit_death,independent_diagnostic,A2780Naive,20k,1.0,IC50,0.5,baranyi_theta_logistic_growth,densities=20k/30k;doses=0.67/1.0/1.47
0.0,67.0,67.0,true,joint_ic_effect_transit_death,independent_diagnostic,A2780Naive,20k,1.47,IC75,0.75,baranyi_theta_logistic_growth,densities=20k/30k;doses=0.67/1.0/1.47
1.0,470.381366,139.44549702083023,false,joint_ic_effect_transit_death,independent_diagnostic,A2780Naive,20k,1.47,IC75,0.75,baranyi_theta_logistic_growth,densities=20k/30k;doses=0.67/1.0/1.47
2.0,658.348264,400.2108876085715,false,joint_ic_effect_transit_death,independent_diagnostic,A2780Naive,20k,1.47,IC75,0.75,baranyi_theta_logistic_growth,densities=20k/30k;doses=0.67/1.0/1.47
3.0,910.885918,827.3010489801363,false,joint_ic_effect_transit_death,independent_diagnostic,A2780Naive,20k,1.47,IC75,0.75,baranyi_theta_logistic_growth,densities=20k/30k;doses=0.67/1.0/1.47
4.0,928.761304,931.7162605314113,false,joint_ic_effect_transit_death,independent_diagnostic,A2780Naive,20k,1.47,IC75,0.75,baranyi_theta_logistic_growth,densities=20k/30k;doses=0.67/1.0/1.47
5.0,914.7665896666667,858.8455159054383,false,joint_ic_effect_transit_death,independent_diagnostic,A2780Naive,20k,1.47,IC75,0.75,baranyi_theta_logistic_growth,densities=20k/30k;doses=0.67/1.0/1.47
6.0,867.7298226666667,737.8717934561483,false,joint_ic_effect_transit_death,independent_diagnostic,A2780Naive,20k,1.47,IC75,0.75,baranyi_theta_logistic_growth,densities=20k/30k;doses=0.67/1.0/1.47
7.0,681.9129633333333,616.8418898764446,false,joint_ic_effect_transit_death,independent_diagnostic,A2780Naive,20k,1.47,IC75,0.75,baranyi_theta_logistic_growth,densities=20k/30k;doses=0.67/1.0/1.47
8.0,481.738503,512.4699162453974,false,joint_ic_effect_transit_death,independent_diagnostic,A2780Naive,20k,1.47,IC75,0.75,baranyi_theta_logistic_growth,densities=20k/30k;doses=0.67/1.0/1.47
9.0,333.6756173333333,428.2980007194599,false,joint_ic_effect_transit_death,independent_diagnostic,A2780Naive,20k,1.47,IC75,0.75,baranyi_theta_logistic_growth,densities=20k/30k;doses=0.67/1.0/1.47
10.0,232.34174399999998,362.6656218238436,false,joint_ic_effect_transit_death,independent_diagnostic,A2780Naive,20k,1.47,IC75,0.75,baranyi_theta_logistic_growth,densities=20k/30k;doses=0.67/1.0/1.47
11.0,155.3204476666667,312.3292684253944,false,joint_ic_effect_transit_death,independent_diagnostic,A2780Naive,20k,1.47,IC75,0.75,baranyi_theta_logistic_growth,densities=20k/30k;doses=0.67/1.0/1.47
12.0,103.907562,273.9777789643864,false,joint_ic_effect_transit_death,independent_diagnostic,A2780Naive,20k,1.47,IC75,0.75,baranyi_theta_logistic_growth,densities=20k/30k;doses=0.67/1.0/1.47
13.0,71.52523133333334,244.7691199182117,false,joint_ic_effect_transit_death,independent_diagnostic,A2780Naive,20k,1.47,IC75,0.75,baranyi_theta_logistic_growth,densities=20k/30k;doses=0.67/1.0/1.47
14.0,36.60995366666666,222.44384417085607,false,joint_ic_effect_transit_death,independent_diagnostic,A2780Naive,20k,1.47,IC75,0.75,baranyi_theta_logistic_growth,densities=20k/30k;doses=0.67/1.0/1.47
0.0,100.0,100.0,true,joint_ic_effect_transit_death,independent_diagnostic,A2780Naive,30k,0.67,IC25,0.25,baranyi_theta_logistic_growth,densities=20k/30k;doses=0.67/1.0/1.47
1.0,507.5015816666667,184.66525573323528,false,joint_ic_effect_transit_death,independent_diagnostic,A2780Naive,30k,0.67,IC25,0.25,baranyi_theta_logistic_growth,densities=20k/30k;doses=0.67/1.0/1.47
2.0,801.887693,451.80884782136195,false,joint_ic_effect_transit_death,independent_diagnostic,A2780Naive,30k,0.67,IC25,0.25,baranyi_theta_logistic_growth,densities=20k/30k;doses=0.67/1.0/1.47
3.0,1336.278318,980.4832317738268,false,joint_ic_effect_transit_death,independent_diagnostic,A2780Naive,30k,0.67,IC25,0.25,baranyi_theta_logistic_growth,densities=20k/30k;doses=0.67/1.0/1.47
4.0,1623.1049383333336,1653.9175793749205,false,joint_ic_effect_transit_death,independent_diagnostic,A2780Naive,30k,0.67,IC25,0.25,baranyi_theta_logistic_growth,densities=20k/30k;doses=0.67/1.0/1.47
5.0,2076.8491126666668,2280.0447058158375,false,joint_ic_effect_transit_death,independent_diagnostic,A2780Naive,30k,0.67,IC25,0.25,baranyi_theta_logistic_growth,densities=20k/30k;doses=0.67/1.0/1.47
6.0,2482.367592666667,2779.1207916326466,false,joint_ic_effect_transit_death,independent_diagnostic,A2780Naive,30k,0.67,IC25,0.25,baranyi_theta_logistic_growth,densities=20k/30k;doses=0.67/1.0/1.47
7.0,2895.899845666667,3137.3353741303004,false,joint_ic_effect_transit_death,independent_diagnostic,A2780Naive,30k,0.67,IC25,0.25,baranyi_theta_logistic_growth,densities=20k/30k;doses=0.67/1.0/1.47
8.0,2949.133024666667,3378.152574766781,false,joint_ic_effect_transit_death,independent_diagnostic,A2780Naive,30k,0.67,IC25,0.25,baranyi_theta_logistic_growth,densities=20k/30k;doses=0.67/1.0/1.47
9.0,3220.295872,3534.0637391502933,false,joint_ic_effect_transit_death,independent_diagnostic,A2780Naive,30k,0.67,IC25,0.25,baranyi_theta_logistic_growth,densities=20k/30k;doses=0.67/1.0/1.47
10.0,2758.7708333333335,3633.012871931169,false,joint_ic_effect_transit_death,independent_diagnostic,A2780Naive,30k,0.67,IC25,0.25,baranyi_theta_logistic_growth,densities=20k/30k;doses=0.67/1.0/1.47
11.0,3434.9652003333335,3695.2287134988983,false,joint_ic_effect_transit_death,independent_diagnostic,A2780Naive,30k,0.67,IC25,0.25,baranyi_theta_logistic_growth,densities=20k/30k;doses=0.67/1.0/1.47
12.0,3115.501775,3734.221974921799,false,joint_ic_effect_transit_death,independent_diagnostic,A2780Naive,30k,0.67,IC25,0.25,baranyi_theta_logistic_growth,densities=20k/30k;doses=0.67/1.0/1.47
13.0,3633.6489583333337,3758.664439193322,false,joint_ic_effect_transit_death,independent_diagnostic,A2780Naive,30k,0.67,IC25,0.25,baranyi_theta_logistic_growth,densities=20k/30k;doses=0.67/1.0/1.47
14.0,3423.783179,3774.0158818274185,false,joint_ic_effect_transit_death,independent_diagnostic,A2780Naive,30k,0.67,IC25,0.25,baranyi_theta_logistic_growth,densities=20k/30k;doses=0.67/1.0/1.47
0.0,100.0,100.0,true,joint_ic_effect_transit_death,independent_diagnostic,A2780Naive,30k,1.0,IC50,0.5,baranyi_theta_logistic_growth,densities=20k/30k;doses=0.67/1.0/1.47
1.0,277.1990353333333,184.66525573323528,false,joint_ic_effect_transit_death,independent_diagnostic,A2780Naive,30k,1.0,IC50,0.5,baranyi_theta_logistic_growth,densities=20k/30k;doses=0.67/1.0/1.47
2.0,512.5472606666666,451.80884782136195,false,joint_ic_effect_transit_death,independent_diagnostic,A2780Naive,30k,1.0,IC50,0.5,baranyi_theta_logistic_growth,densities=20k/30k;doses=0.67/1.0/1.47
3.0,810.4685956666666,980.4832317738268,false,joint_ic_effect_transit_death,independent_diagnostic,A2780Naive,30k,1.0,IC50,0.5,baranyi_theta_logistic_growth,densities=20k/30k;doses=0.67/1.0/1.47
4.0,1072.5972223333333,1381.9356761805623,false,joint_ic_effect_transit_death,independent_diagnostic,A2780Naive,30k,1.0,IC50,0.5,baranyi_theta_logistic_growth,densities=20k/30k;doses=0.67/1.0/1.47
5.0,1220.3375386666667,1500.843149608936,false,joint_ic_effect_transit_death,independent_diagnostic,A2780Naive,30k,1.0,IC50,0.5,baranyi_theta_logistic_growth,densities=20k/30k;doses=0.67/1.0/1.47
6.0,1524.2378856666667,1531.627675472862,false,joint_ic_effect_transit_death,independent_diagnostic,A2780Naive,30k,1.0,IC50,0.5,baranyi_theta_logistic_growth,densities=20k/30k;doses=0.67/1.0/1.47
7.0,1784.3173613333336,1524.3267891915154,false,joint_ic_effect_transit_death,independent_diagnostic,A2780Naive,30k,1.0,IC50,0.5,baranyi_theta_logistic_growth,densities=20k/30k;doses=0.67/1.0/1.47
8.0,1754.768094,1500.484378103271,false,joint_ic_effect_transit_death,independent_diagnostic,A2780Naive,30k,1.0,IC50,0.5,baranyi_theta_logistic_growth,densities=20k/30k;doses=0.67/1.0/1.47
9.0,1630.9435183333335,1471.3709210833968,false,joint_ic_effect_transit_death,independent_diagnostic,A2780Naive,30k,1.0,IC50,0.5,baranyi_theta_logistic_growth,densities=20k/30k;doses=0.67/1.0/1.47
10.0,1765.6959490000002,1442.7200702985872,false,joint_ic_effect_transit_death,independent_diagnostic,A2780Naive,30k,1.0,IC50,0.5,baranyi_theta_logistic_growth,densities=20k/30k;doses=0.67/1.0/1.47
11.0,1797.057716,1417.1410769659547,false,joint_ic_effect_transit_death,independent_diagnostic,A2780Naive,30k,1.0,IC50,0.5,baranyi_theta_logistic_growth,densities=20k/30k;doses=0.67/1.0/1.47
12.0,1664.883989,1395.5351834857138,false,joint_ic_effect_transit_death,independent_diagnostic,A2780Naive,30k,1.0,IC50,0.5,baranyi_theta_logistic_growth,densities=20k/30k;doses=0.67/1.0/1.47
13.0,1869.5183256666667,1377.9233802042404,false,joint_ic_effect_transit_death,independent_diagnostic,A2780Naive,30k,1.0,IC50,0.5,baranyi_theta_logistic_growth,densities=20k/30k;doses=0.67/1.0/1.47
14.0,2521.7536263333336,1363.9174491839021,false,joint_ic_effect_transit_death,independent_diagnostic,A2780Naive,30k,1.0,IC50,0.5,baranyi_theta_logistic_growth,densities=20k/30k;doses=0.67/1.0/1.47
0.0,100.0,100.0,true,joint_ic_effect_transit_death,independent_diagnostic,A2780Naive,30k,1.47,IC75,0.75,baranyi_theta_logistic_growth,densities=20k/30k;doses=0.67/1.0/1.47
1.0,683.0949846666667,184.66525573323528,false,joint_ic_effect_transit_death,independent_diagnostic,A2780Naive,30k,1.47,IC75,0.75,baranyi_theta_logistic_growth,densities=20k/30k;doses=0.67/1.0/1.47
2.0,962.59946,451.80884782136195,false,joint_ic_effect_transit_death,independent_diagnostic,A2780Naive,30k,1.47,IC75,0.75,baranyi_theta_logistic_growth,densities=20k/30k;doses=0.67/1.0/1.47
3.0,1293.4153163333333,980.4832317738268,false,joint_ic_effect_transit_death,independent_diagnostic,A2780Naive,30k,1.47,IC75,0.75,baranyi_theta_logistic_growth,densities=20k/30k;doses=0.67/1.0/1.47
4.0,1242.3761956666667,1219.895595372956,false,joint_ic_effect_transit_death,independent_diagnostic,A2780Naive,30k,1.47,IC75,0.75,baranyi_theta_logistic_growth,densities=20k/30k;doses=0.67/1.0/1.47
5.0,1196.6721066666667,1128.7165226726001,false,joint_ic_effect_transit_death,independent_diagnostic,A2780Naive,30k,1.47,IC75,0.75,baranyi_theta_logistic_growth,densities=20k/30k;doses=0.67/1.0/1.47
6.0,1151.6981093333334,991.9678180799359,false,joint_ic_effect_transit_death,independent_diagnostic,A2780Naive,30k,1.47,IC75,0.75,baranyi_theta_logistic_growth,densities=20k/30k;doses=0.67/1.0/1.47
7.0,908.6366510000001,852.6405752441699,false,joint_ic_effect_transit_death,independent_diagnostic,A2780Naive,30k,1.47,IC75,0.75,baranyi_theta_logistic_growth,densities=20k/30k;doses=0.67/1.0/1.47
8.0,684.2957563333333,726.9277509505765,false,joint_ic_effect_transit_death,independent_diagnostic,A2780Naive,30k,1.47,IC75,0.75,baranyi_theta_logistic_growth,densities=20k/30k;doses=0.67/1.0/1.47
9.0,451.471335,620.3956588039255,false,joint_ic_effect_transit_death,independent_diagnostic,A2780Naive,30k,1.47,IC75,0.75,baranyi_theta_logistic_growth,densities=20k/30k;doses=0.67/1.0/1.47
10.0,351.6421293333333,533.2470365245009,false,joint_ic_effect_transit_death,independent_diagnostic,A2780Naive,30k,1.47,IC75,0.75,baranyi_theta_logistic_growth,densities=20k/30k;doses=0.67/1.0/1.47
11.0,239.04888100000002,463.3920650344896,false,joint_ic_effect_transit_death,independent_diagnostic,A2780Naive,30k,1.47,IC75,0.75,baranyi_theta_logistic_growth,densities=20k/30k;doses=0.67/1.0/1.47
12.0,153.48256166666667,408.0407257033254,false,joint_ic_effect_transit_death,independent_diagnostic,A2780Naive,30k,1.47,IC75,0.75,baranyi_theta_logistic_growth,densities=20k/30k;doses=0.67/1.0/1.47
13.0,115.12735333333332,364.4410298186915,false,joint_ic_effect_transit_death,independent_diagnostic,A2780Naive,30k,1.47,IC75,0.75,baranyi_theta_logistic_growth,densities=20k/30k;doses=0.67/1.0/1.47
14.0,60.396604999999994,330.1736351311853,false,joint_ic_effect_transit_death,independent_diagnostic,A2780Naive,30k,1.47,IC75,0.75,baranyi_theta_logistic_growth,densities=20k/30k;doses=0.67/1.0/1.47
0.0,67.0,67.0,true,joint_ic_effect_two_population,independent_diagnostic,A2780Naive,20k,0.67,IC25,0.25,baranyi_theta_logistic_growth,densities=20k/30k;doses=0.67/1.0/1.47
1.0,305.18962200000004,139.44549392421897,false,joint_ic_effect_two_population,independent_diagnostic,A2780Naive,20k,0.67,IC25,0.25,baranyi_theta_logistic_growth,densities=20k/30k;doses=0.67/1.0/1.47
2.0,465.63738433333333,400.2108887834663,false,joint_ic_effect_two_population,independent_diagnostic,A2780Naive,20k,0.67,IC25,0.25,baranyi_theta_logistic_growth,densities=20k/30k;doses=0.67/1.0/1.47
3.0,790.214892,950.997965022762,false,joint_ic_effect_two_population,independent_diagnostic,A2780Naive,20k,0.67,IC25,0.25,baranyi_theta_logistic_growth,densities=20k/30k;doses=0.67/1.0/1.47
4.0,880.948534,1682.4444642298247,false,joint_ic_effect_two_population,independent_diagnostic,A2780Naive,20k,0.67,IC25,0.25,baranyi_theta_logistic_growth,densities=20k/30k;doses=0.67/1.0/1.47
5.0,1277.0010803333332,2368.711843761633,false,joint_ic_effect_two_population,independent_diagnostic,A2780Naive,20k,0.67,IC25,0.25,baranyi_theta_logistic_growth,densities=20k/30k;doses=0.67/1.0/1.47
6.0,1612.01223,2873.289770037842,false,joint_ic_effect_two_population,independent_diagnostic,A2780Naive,20k,0.67,IC25,0.25,baranyi_theta_logistic_growth,densities=20k/30k;doses=0.67/1.0/1.47
7.0,2016.4244216666668,3190.37858504146,false,joint_ic_effect_two_population,independent_diagnostic,A2780Naive,20k,0.67,IC25,0.25,baranyi_theta_logistic_growth,densities=20k/30k;doses=0.67/1.0/1.47
8.0,2081.411111,3371.2746021217827,false,joint_ic_effect_two_population,independent_diagnostic,A2780Naive,20k,0.67,IC25,0.25,baranyi_theta_logistic_growth,densities=20k/30k;doses=0.67/1.0/1.47
9.0,2395.0547066666663,3468.385850897358,false,joint_ic_effect_two_population,independent_diagnostic,A2780Naive,20k,0.67,IC25,0.25,baranyi_theta_logistic_growth,densities=20k/30k;doses=0.67/1.0/1.47
10.0,2537.1984183333334,3518.338824537847,false,joint_ic_effect_two_population,independent_diagnostic,A2780Naive,20k,0.67,IC25,0.25,baranyi_theta_logistic_growth,densities=20k/30k;doses=0.67/1.0/1.47
11.0,3073.8874999999994,3543.1017028796205,false,joint_ic_effect_two_population,independent_diagnostic,A2780Naive,20k,0.67,IC25,0.25,baranyi_theta_logistic_growth,densities=20k/30k;doses=0.67/1.0/1.47
12.0,3042.368325666667,3554.8830645746307,false,joint_ic_effect_two_population,independent_diagnostic,A2780Naive,20k,0.67,IC25,0.25,baranyi_theta_logistic_growth,densities=20k/30k;doses=0.67/1.0/1.47
13.0,3537.7463733333334,3560.178101986684,false,joint_ic_effect_two_population,independent_diagnostic,A2780Naive,20k,0.67,IC25,0.25,baranyi_theta_logistic_growth,densities=20k/30k;doses=0.67/1.0/1.47
14.0,3458.3808643333336,3562.3409637291006,false,joint_ic_effect_two_population,independent_diagnostic,A2780Naive,20k,0.67,IC25,0.25,baranyi_theta_logistic_growth,densities=20k/30k;doses=0.67/1.0/1.47
0.0,67.0,67.0,true,joint_ic_effect_two_population,independent_diagnostic,A2780Naive,20k,1.0,IC50,0.5,baranyi_theta_logistic_growth,densities=20k/30k;doses=0.67/1.0/1.47
1.0,164.83707566666666,139.44549392421897,false,joint_ic_effect_two_population,independent_diagnostic,A2780Naive,20k,1.0,IC50,0.5,baranyi_theta_logistic_growth,densities=20k/30k;doses=0.67/1.0/1.47
2.0,310.328588,400.2108887834663,false,joint_ic_effect_two_population,independent_diagnostic,A2780Naive,20k,1.0,IC50,0.5,baranyi_theta_logistic_growth,densities=20k/30k;doses=0.67/1.0/1.47
3.0,498.45925933333325,858.3848947196259,false,joint_ic_effect_two_population,independent_diagnostic,A2780Naive,20k,1.0,IC50,0.5,baranyi_theta_logistic_growth,densities=20k/30k;doses=0.67/1.0/1.47
4.0,690.7097223333334,1216.3844020101603,false,joint_ic_effect_two_population,independent_diagnostic,A2780Naive,20k,1.0,IC50,0.5,baranyi_theta_logistic_growth,densities=20k/30k;doses=0.67/1.0/1.47
5.0,804.9089893333334,1363.2930258580882,false,joint_ic_effect_two_population,independent_diagnostic,A2780Naive,20k,1.0,IC50,0.5,baranyi_theta_logistic_growth,densities=20k/30k;doses=0.67/1.0/1.47
6.0,1188.2886573333333,1365.1160228623896,false,joint_ic_effect_two_population,independent_diagnostic,A2780Naive,20k,1.0,IC50,0.5,baranyi_theta_logistic_growth,densities=20k/30k;doses=0.67/1.0/1.47
7.0,1563.5381556666664,1305.6652572755984,false,joint_ic_effect_two_population,independent_diagnostic,A2780Naive,20k,1.0,IC50,0.5,baranyi_theta_logistic_growth,densities=20k/30k;doses=0.67/1.0/1.47
8.0,1634.130247,1232.830105069629,false,joint_ic_effect_two_population,independent_diagnostic,A2780Naive,20k,1.0,IC50,0.5,baranyi_theta_logistic_growth,densities=20k/30k;doses=0.67/1.0/1.47
9.0,1556.192554,1166.355215870767,false,joint_ic_effect_two_population,independent_diagnostic,A2780Naive,20k,1.0,IC50,0.5,baranyi_theta_logistic_growth,densities=20k/30k;doses=0.67/1.0/1.47
10.0,1522.992284,1111.9915777536285,false,joint_ic_effect_two_population,independent_diagnostic,A2780Naive,20k,1.0,IC50,0.5,baranyi_theta_logistic_growth,densities=20k/30k;doses=0.67/1.0/1.47
11.0,1608.247685333333,1069.823373674332,false,joint_ic_effect_two_population,independent_diagnostic,A2780Naive,20k,1.0,IC50,0.5,baranyi_theta_logistic_growth,densities=20k/30k;doses=0.67/1.0/1.47
12.0,1500.9281636666667,1038.0639252465924,false,joint_ic_effect_two_population,independent_diagnostic,A2780Naive,20k,1.0,IC50,0.5,baranyi_theta_logistic_growth,densities=20k/30k;doses=0.67/1.0/1.47
13.0,2011.2254243333334,1014.5818355889683,false,joint_ic_effect_two_population,independent_diagnostic,A2780Naive,20k,1.0,IC50,0.5,baranyi_theta_logistic_growth,densities=20k/30k;doses=0.67/1.0/1.47
14.0,2445.406712666667,997.4436184395563,false,joint_ic_effect_two_population,independent_diagnostic,A2780Naive,20k,1.0,IC50,0.5,baranyi_theta_logistic_growth,densities=20k/30k;doses=0.67/1.0/1.47
0.0,67.0,67.0,true,joint_ic_effect_two_population,independent_diagnostic,A2780Naive,20k,1.47,IC75,0.75,baranyi_theta_logistic_growth,densities=20k/30k;doses=0.67/1.0/1.47
1.0,470.381366,139.44549392421897,false,joint_ic_effect_two_population,independent_diagnostic,A2780Naive,20k,1.47,IC75,0.75,baranyi_theta_logistic_growth,densities=20k/30k;doses=0.67/1.0/1.47
2.0,658.348264,400.2108887834663,false,joint_ic_effect_two_population,independent_diagnostic,A2780Naive,20k,1.47,IC75,0.75,baranyi_theta_logistic_growth,densities=20k/30k;doses=0.67/1.0/1.47
3.0,910.885918,793.9986200041878,false,joint_ic_effect_two_population,independent_diagnostic,A2780Naive,20k,1.47,IC75,0.75,baranyi_theta_logistic_growth,densities=20k/30k;doses=0.67/1.0/1.47
4.0,928.761304,947.1815932025853,false,joint_ic_effect_two_population,independent_diagnostic,A2780Naive,20k,1.47,IC75,0.75,baranyi_theta_logistic_growth,densities=20k/30k;doses=0.67/1.0/1.47
5.0,914.7665896666667,879.9141080863672,false,joint_ic_effect_two_population,independent_diagnostic,A2780Naive,20k,1.47,IC75,0.75,baranyi_theta_logistic_growth,densities=20k/30k;doses=0.67/1.0/1.47
6.0,867.7298226666667,740.2999306435313,false,joint_ic_effect_two_population,independent_diagnostic,A2780Naive,20k,1.47,IC75,0.75,baranyi_theta_logistic_growth,densities=20k/30k;doses=0.67/1.0/1.47
7.0,681.9129633333333,607.4571668134084,false,joint_ic_effect_two_population,independent_diagnostic,A2780Naive,20k,1.47,IC75,0.75,baranyi_theta_logistic_growth,densities=20k/30k;doses=0.67/1.0/1.47
8.0,481.738503,502.5308214884994,false,joint_ic_effect_two_population,independent_diagnostic,A2780Naive,20k,1.47,IC75,0.75,baranyi_theta_logistic_growth,densities=20k/30k;doses=0.67/1.0/1.47
9.0,333.6756173333333,424.66452396153375,false,joint_ic_effect_two_population,independent_diagnostic,A2780Naive,20k,1.47,IC75,0.75,baranyi_theta_logistic_growth,densities=20k/30k;doses=0.67/1.0/1.47
10.0,232.34174399999998,367.91341790867443,false,joint_ic_effect_two_population,independent_diagnostic,A2780Naive,20k,1.47,IC75,0.75,baranyi_theta_logistic_growth,densities=20k/30k;doses=0.67/1.0/1.47
11.0,155.3204476666667,326.5622195275971,false,joint_ic_effect_two_population,independent_diagnostic,A2780Naive,20k,1.47,IC75,0.75,baranyi_theta_logistic_growth,densities=20k/30k;doses=0.67/1.0/1.47
12.0,103.907562,296.23019880247244,false,joint_ic_effect_two_population,independent_diagnostic,A2780Naive,20k,1.47,IC75,0.75,baranyi_theta_logistic_growth,densities=20k/30k;doses=0.67/1.0/1.47
13.0,71.52523133333334,273.784621251687,false,joint_ic_effect_two_population,independent_diagnostic,A2780Naive,20k,1.47,IC75,0.75,baranyi_theta_logistic_growth,densities=20k/30k;doses=0.67/1.0/1.47
14.0,36.60995366666666,257.02934405802387,false,joint_ic_effect_two_population,independent_diagnostic,A2780Naive,20k,1.47,IC75,0.75,baranyi_theta_logistic_growth,densities=20k/30k;doses=0.67/1.0/1.47
0.0,100.0,100.0,true,joint_ic_effect_two_population,independent_diagnostic,A2780Naive,30k,0.67,IC25,0.25,baranyi_theta_logistic_growth,densities=20k/30k;doses=0.67/1.0/1.47
1.0,507.5015816666667,184.66525318415427,false,joint_ic_effect_two_population,independent_diagnostic,A2780Naive,30k,0.67,IC25,0.25,baranyi_theta_logistic_growth,densities=20k/30k;doses=0.67/1.0/1.47
2.0,801.887693,451.8088486393129,false,joint_ic_effect_two_population,independent_diagnostic,A2780Naive,30k,0.67,IC25,0.25,baranyi_theta_logistic_growth,densities=20k/30k;doses=0.67/1.0/1.47
3.0,1336.278318,979.2143642738081,false,joint_ic_effect_two_population,independent_diagnostic,A2780Naive,30k,0.67,IC25,0.25,baranyi_theta_logistic_growth,densities=20k/30k;doses=0.67/1.0/1.47
4.0,1623.1049383333336,1662.0962353277957,false,joint_ic_effect_two_population,independent_diagnostic,A2780Naive,30k,0.67,IC25,0.25,baranyi_theta_logistic_growth,densities=20k/30k;doses=0.67/1.0/1.47
5.0,2076.8491126666668,2305.28230034216,false,joint_ic_effect_two_population,independent_diagnostic,A2780Naive,30k,0.67,IC25,0.25,baranyi_theta_logistic_growth,densities=20k/30k;doses=0.67/1.0/1.47
6.0,2482.367592666667,2793.286958944948,false,joint_ic_effect_two_population,independent_diagnostic,A2780Naive,30k,0.67,IC25,0.25,baranyi_theta_logistic_growth,densities=20k/30k;doses=0.67/1.0/1.47
7.0,2895.899845666667,3114.825177632838,false,joint_ic_effect_two_population,independent_diagnostic,A2780Naive,30k,0.67,IC25,0.25,baranyi_theta_logistic_growth,densities=20k/30k;doses=0.67/1.0/1.47
8.0,2949.133024666667,3308.8862611254253,false,joint_ic_effect_two_population,independent_diagnostic,A2780Naive,30k,0.67,IC25,0.25,baranyi_theta_logistic_growth,densities=20k/30k;doses=0.67/1.0/1.47
9.0,3220.295872,3419.8718546751816,false,joint_ic_effect_two_population,independent_diagnostic,A2780Naive,30k,0.67,IC25,0.25,baranyi_theta_logistic_growth,densities=20k/30k;doses=0.67/1.0/1.47
10.0,2758.7708333333335,3481.2186885122373,false,joint_ic_effect_two_population,independent_diagnostic,A2780Naive,30k,0.67,IC25,0.25,baranyi_theta_logistic_growth,densities=20k/30k;doses=0.67/1.0/1.47
11.0,3434.9652003333335,3514.337709513591,false,joint_ic_effect_two_population,independent_diagnostic,A2780Naive,30k,0.67,IC25,0.25,baranyi_theta_logistic_growth,densities=20k/30k;doses=0.67/1.0/1.47
12.0,3115.501775,3531.8832355389104,false,joint_ic_effect_two_population,independent_diagnostic,A2780Naive,30k,0.67,IC25,0.25,baranyi_theta_logistic_growth,densities=20k/30k;doses=0.67/1.0/1.47
13.0,3633.6489583333337,3541.0129581625833,false,joint_ic_effect_two_population,independent_diagnostic,A2780Naive,30k,0.67,IC25,0.25,baranyi_theta_logistic_growth,densities=20k/30k;doses=0.67/1.0/1.47
14.0,3423.783179,3545.6699234951,false,joint_ic_effect_two_population,independent_diagnostic,A2780Naive,30k,0.67,IC25,0.25,baranyi_theta_logistic_growth,densities=20k/30k;doses=0.67/1.0/1.47
0.0,100.0,100.0,true,joint_ic_effect_two_population,independent_diagnostic,A2780Naive,30k,1.0,IC50,0.5,baranyi_theta_logistic_growth,densities=20k/30k;doses=0.67/1.0/1.47
1.0,277.1990353333333,184.66525318415427,false,joint_ic_effect_two_population,independent_diagnostic,A2780Naive,30k,1.0,IC50,0.5,baranyi_theta_logistic_growth,densities=20k/30k;doses=0.67/1.0/1.47
2.0,512.5472606666666,451.8088486393129,false,joint_ic_effect_two_population,independent_diagnostic,A2780Naive,30k,1.0,IC50,0.5,baranyi_theta_logistic_growth,densities=20k/30k;doses=0.67/1.0/1.47
3.0,810.4685956666666,969.7497329009134,false,joint_ic_effect_two_population,independent_diagnostic,A2780Naive,30k,1.0,IC50,0.5,baranyi_theta_logistic_growth,densities=20k/30k;doses=0.67/1.0/1.47
4.0,1072.5972223333333,1426.9248871040418,false,joint_ic_effect_two_population,independent_diagnostic,A2780Naive,30k,1.0,IC50,0.5,baranyi_theta_logistic_growth,densities=20k/30k;doses=0.67/1.0/1.47
5.0,1220.3375386666667,1612.4885900747076,false,joint_ic_effect_two_population,independent_diagnostic,A2780Naive,30k,1.0,IC50,0.5,baranyi_theta_logistic_growth,densities=20k/30k;doses=0.67/1.0/1.47
6.0,1524.2378856666667,1610.463616351095,false,joint_ic_effect_two_population,independent_diagnostic,A2780Naive,30k,1.0,IC50,0.5,baranyi_theta_logistic_growth,densities=20k/30k;doses=0.67/1.0/1.47
7.0,1784.3173613333336,1532.5782706690702,false,joint_ic_effect_two_population,independent_diagnostic,A2780Naive,30k,1.0,IC50,0.5,baranyi_theta_logistic_growth,densities=20k/30k;doses=0.67/1.0/1.47
8.0,1754.768094,1440.6739554426915,false,joint_ic_effect_two_population,independent_diagnostic,A2780Naive,30k,1.0,IC50,0.5,baranyi_theta_logistic_growth,densities=20k/30k;doses=0.67/1.0/1.47
9.0,1630.9435183333335,1358.8054452429678,false,joint_ic_effect_two_population,independent_diagnostic,A2780Naive,30k,1.0,IC50,0.5,baranyi_theta_logistic_growth,densities=20k/30k;doses=0.67/1.0/1.47
10.0,1765.6959490000002,1293.1383086124054,false,joint_ic_effect_two_population,independent_diagnostic,A2780Naive,30k,1.0,IC50,0.5,baranyi_theta_logistic_growth,densities=20k/30k;doses=0.67/1.0/1.47
11.0,1797.057716,1243.0349038345753,false,joint_ic_effect_two_population,independent_diagnostic,A2780Naive,30k,1.0,IC50,0.5,baranyi_theta_logistic_growth,densities=20k/30k;doses=0.67/1.0/1.47
12.0,1664.883989,1205.8418771625923,false,joint_ic_effect_two_population,independent_diagnostic,A2780Naive,30k,1.0,IC50,0.5,baranyi_theta_logistic_growth,densities=20k/30k;doses=0.67/1.0/1.47
13.0,1869.5183256666667,1178.6989798958825,false,joint_ic_effect_two_population,independent_diagnostic,A2780Naive,30k,1.0,IC50,0.5,baranyi_theta_logistic_growth,densities=20k/30k;doses=0.67/1.0/1.47
14.0,2521.7536263333336,1159.1247780353324,false,joint_ic_effect_two_population,independent_diagnostic,A2780Naive,30k,1.0,IC50,0.5,baranyi_theta_logistic_growth,densities=20k/30k;doses=0.67/1.0/1.47
0.0,100.0,100.0,true,joint_ic_effect_two_population,independent_diagnostic,A2780Naive,30k,1.47,IC75,0.75,baranyi_theta_logistic_growth,densities=20k/30k;doses=0.67/1.0/1.47
1.0,683.0949846666667,184.66525318415427,false,joint_ic_effect_two_population,independent_diagnostic,A2780Naive,30k,1.47,IC75,0.75,baranyi_theta_logistic_growth,densities=20k/30k;doses=0.67/1.0/1.47
2.0,962.59946,451.8088486393129,false,joint_ic_effect_two_population,independent_diagnostic,A2780Naive,30k,1.47,IC75,0.75,baranyi_theta_logistic_growth,densities=20k/30k;doses=0.67/1.0/1.47
3.0,1293.4153163333333,962.622604371534,false,joint_ic_effect_two_population,independent_diagnostic,A2780Naive,30k,1.47,IC75,0.75,baranyi_theta_logistic_growth,densities=20k/30k;doses=0.67/1.0/1.47
4.0,1242.3761956666667,1270.1473769361833,false,joint_ic_effect_two_population,independent_diagnostic,A2780Naive,30k,1.47,IC75,0.75,baranyi_theta_logistic_growth,densities=20k/30k;doses=0.67/1.0/1.47
5.0,1196.6721066666667,1222.2475809556213,false,joint_ic_effect_two_population,independent_diagnostic,A2780Naive,30k,1.47,IC75,0.75,baranyi_theta_logistic_growth,densities=20k/30k;doses=0.67/1.0/1.47
6.0,1151.6981093333334,1038.7854309076456,false,joint_ic_effect_two_population,independent_diagnostic,A2780Naive,30k,1.47,IC75,0.75,baranyi_theta_logistic_growth,densities=20k/30k;doses=0.67/1.0/1.47
7.0,908.6366510000001,854.9548888200455,false,joint_ic_effect_two_population,independent_diagnostic,A2780Naive,30k,1.47,IC75,0.75,baranyi_theta_logistic_growth,densities=20k/30k;doses=0.67/1.0/1.47
8.0,684.2957563333333,709.0851671940004,false,joint_ic_effect_two_population,independent_diagnostic,A2780Naive,30k,1.47,IC75,0.75,baranyi_theta_logistic_growth,densities=20k/30k;doses=0.67/1.0/1.47
9.0,451.471335,601.5921616670471,false,joint_ic_effect_two_population,independent_diagnostic,A2780Naive,30k,1.47,IC75,0.75,baranyi_theta_logistic_growth,densities=20k/30k;doses=0.67/1.0/1.47
10.0,351.6421293333333,524.0428600223853,false,joint_ic_effect_two_population,independent_diagnostic,A2780Naive,30k,1.47,IC75,0.75,baranyi_theta_logistic_growth,densities=20k/30k;doses=0.67/1.0/1.47
11.0,239.04888100000002,468.1517195843778,false,joint_ic_effect_two_population,independent_diagnostic,A2780Naive,30k,1.47,IC75,0.75,baranyi_theta_logistic_growth,densities=20k/30k;doses=0.67/1.0/1.47
12.0,153.48256166666667,427.60534479189437,false,joint_ic_effect_two_population,independent_diagnostic,A2780Naive,30k,1.47,IC75,0.75,baranyi_theta_logistic_growth,densities=20k/30k;doses=0.67/1.0/1.47
13.0,115.12735333333332,397.9338853481172,false,joint_ic_effect_two_population,independent_diagnostic,A2780Naive,30k,1.47,IC75,0.75,baranyi_theta_logistic_growth,densities=20k/30k;doses=0.67/1.0/1.47
14.0,60.396604999999994,376.03461465617033,false,joint_ic_effect_two_population,independent_diagnostic,A2780Naive,30k,1.47,IC75,0.75,baranyi_theta_logistic_growth,densities=20k/30k;doses=0.67/1.0/1.47
0.0,67.0,67.0,true,joint_intracellular_platinum_pkpd,independent_diagnostic,A2780Naive,20k,0.67,IC25,0.25,baranyi_theta_logistic_growth,densities=20k/30k;doses=0.67/1.0/1.47
1.0,305.18962200000004,139.3092637400218,false,joint_intracellular_platinum_pkpd,independent_diagnostic,A2780Naive,20k,0.67,IC25,0.25,baranyi_theta_logistic_growth,densities=20k/30k;doses=0.67/1.0/1.47
2.0,465.63738433333333,392.9548660612903,false,joint_intracellular_platinum_pkpd,independent_diagnostic,A2780Naive,20k,0.67,IC25,0.25,baranyi_theta_logistic_growth,densities=20k/30k;doses=0.67/1.0/1.47
3.0,790.214892,896.1832986937621,false,joint_intracellular_platinum_pkpd,independent_diagnostic,A2780Naive,20k,0.67,IC25,0.25,baranyi_theta_logistic_growth,densities=20k/30k;doses=0.67/1.0/1.47
4.0,880.948534,1499.0632042375094,false,joint_intracellular_platinum_pkpd,independent_diagnostic,A2780Naive,20k,0.67,IC25,0.25,baranyi_theta_logistic_growth,densities=20k/30k;doses=0.67/1.0/1.47
5.0,1277.0010803333332,1978.2660919550747,false,joint_intracellular_platinum_pkpd,independent_diagnostic,A2780Naive,20k,0.67,IC25,0.25,baranyi_theta_logistic_growth,densities=20k/30k;doses=0.67/1.0/1.47
6.0,1612.01223,2253.120724608178,false,joint_intracellular_platinum_pkpd,independent_diagnostic,A2780Naive,20k,0.67,IC25,0.25,baranyi_theta_logistic_growth,densities=20k/30k;doses=0.67/1.0/1.47
7.0,2016.4244216666668,2366.9705214166543,false,joint_intracellular_platinum_pkpd,independent_diagnostic,A2780Naive,20k,0.67,IC25,0.25,baranyi_theta_logistic_growth,densities=20k/30k;doses=0.67/1.0/1.47
8.0,2081.411111,2388.882766990122,false,joint_intracellular_platinum_pkpd,independent_diagnostic,A2780Naive,20k,0.67,IC25,0.25,baranyi_theta_logistic_growth,densities=20k/30k;doses=0.67/1.0/1.47
9.0,2395.0547066666663,2368.915906864129,false,joint_intracellular_platinum_pkpd,independent_diagnostic,A2780Naive,20k,0.67,IC25,0.25,baranyi_theta_logistic_growth,densities=20k/30k;doses=0.67/1.0/1.47
10.0,2537.1984183333334,2334.8508072751674,false,joint_intracellular_platinum_pkpd,independent_diagnostic,A2780Naive,20k,0.67,IC25,0.25,baranyi_theta_logistic_growth,densities=20k/30k;doses=0.67/1.0/1.47
11.0,3073.8874999999994,2299.836434213961,false,joint_intracellular_platinum_pkpd,independent_diagnostic,A2780Naive,20k,0.67,IC25,0.25,baranyi_theta_logistic_growth,densities=20k/30k;doses=0.67/1.0/1.47
12.0,3042.368325666667,2269.1354232397466,false,joint_intracellular_platinum_pkpd,independent_diagnostic,A2780Naive,20k,0.67,IC25,0.25,baranyi_theta_logistic_growth,densities=20k/30k;doses=0.67/1.0/1.47
13.0,3537.7463733333334,2244.201927841679,false,joint_intracellular_platinum_pkpd,independent_diagnostic,A2780Naive,20k,0.67,IC25,0.25,baranyi_theta_logistic_growth,densities=20k/30k;doses=0.67/1.0/1.47
14.0,3458.3808643333336,2224.8291113519967,false,joint_intracellular_platinum_pkpd,independent_diagnostic,A2780Naive,20k,0.67,IC25,0.25,baranyi_theta_logistic_growth,densities=20k/30k;doses=0.67/1.0/1.47
0.0,67.0,67.0,true,joint_intracellular_platinum_pkpd,independent_diagnostic,A2780Naive,20k,1.0,IC50,0.5,baranyi_theta_logistic_growth,densities=20k/30k;doses=0.67/1.0/1.47
1.0,164.83707566666666,139.11302946545314,false,joint_intracellular_platinum_pkpd,independent_diagnostic,A2780Naive,20k,1.0,IC50,0.5,baranyi_theta_logistic_growth,densities=20k/30k;doses=0.67/1.0/1.47
2.0,310.328588,382.98712732939583,false,joint_intracellular_platinum_pkpd,independent_diagnostic,A2780Naive,20k,1.0,IC50,0.5,baranyi_theta_logistic_growth,densities=20k/30k;doses=0.67/1.0/1.47
3.0,498.45925933333325,812.8887965596139,false,joint_intracellular_platinum_pkpd,independent_diagnostic,A2780Naive,20k,1.0,IC50,0.5,baranyi_theta_logistic_growth,densities=20k/30k;doses=0.67/1.0/1.47
4.0,690.7097223333334,1226.9374899374043,false,joint_intracellular_platinum_pkpd,independent_diagnostic,A2780Naive,20k,1.0,IC50,0.5,baranyi_theta_logistic_growth,densities=20k/30k;doses=0.67/1.0/1.47
5.0,804.9089893333334,1458.7741882722446,false,joint_intracellular_platinum_pkpd,independent_diagnostic,A2780Naive,20k,1.0,IC50,0.5,baranyi_theta_logistic_growth,densities=20k/30k;doses=0.67/1.0/1.47
6.0,1188.2886573333333,1518.0426222202705,false,joint_intracellular_platinum_pkpd,independent_diagnostic,A2780Naive,20k,1.0,IC50,0.5,baranyi_theta_logistic_growth,densities=20k/30k;doses=0.67/1.0/1.47
7.0,1563.5381556666664,1482.3524773843535,false,joint_intracellular_platinum_pkpd,independent_diagnostic,A2780Naive,20k,1.0,IC50,0.5,baranyi_theta_logistic_growth,densities=20k/30k;doses=0.67/1.0/1.47
8.0,1634.130247,1412.0606556361183,false,joint_intracellular_platinum_pkpd,independent_diagnostic,A2780Naive,20k,1.0,IC50,0.5,baranyi_theta_logistic_growth,densities=20k/30k;doses=0.67/1.0/1.47
9.0,1556.192554,1338.114611410669,false,joint_intracellular_platinum_pkpd,independent_diagnostic,A2780Naive,20k,1.0,IC50,0.5,baranyi_theta_logistic_growth,densities=20k/30k;doses=0.67/1.0/1.47
10.0,1522.992284,1272.7787917473995,false,joint_intracellular_platinum_pkpd,independent_diagnostic,A2780Naive,20k,1.0,IC50,0.5,baranyi_theta_logistic_growth,densities=20k/30k;doses=0.67/1.0/1.47
11.0,1608.247685333333,1219.3091927052283,false,joint_intracellular_platinum_pkpd,independent_diagnostic,A2780Naive,20k,1.0,IC50,0.5,baranyi_theta_logistic_growth,densities=20k/30k;doses=0.67/1.0/1.47
12.0,1500.9281636666667,1177.2681537462443,false,joint_intracellular_platinum_pkpd,independent_diagnostic,A2780Naive,20k,1.0,IC50,0.5,baranyi_theta_logistic_growth,densities=20k/30k;doses=0.67/1.0/1.47
13.0,2011.2254243333334,1144.979961587835,false,joint_intracellular_platinum_pkpd,independent_diagnostic,A2780Naive,20k,1.0,IC50,0.5,baranyi_theta_logistic_growth,densities=20k/30k;doses=0.67/1.0/1.47
14.0,2445.406712666667,1120.5567657104204,false,joint_intracellular_platinum_pkpd,independent_diagnostic,A2780Naive,20k,1.0,IC50,0.5,baranyi_theta_logistic_growth,densities=20k/30k;doses=0.67/1.0/1.47
0.0,67.0,67.0,true,joint_intracellular_platinum_pkpd,independent_diagnostic,A2780Naive,20k,1.47,IC75,0.75,baranyi_theta_logistic_growth,densities=20k/30k;doses=0.67/1.0/1.47
1.0,470.381366,138.66396974698532,false,joint_intracellular_platinum_pkpd,independent_diagnostic,A2780Naive,20k,1.47,IC75,0.75,baranyi_theta_logistic_growth,densities=20k/30k;doses=0.67/1.0/1.47
2.0,658.348264,362.1063378653182,false,joint_intracellular_platinum_pkpd,independent_diagnostic,A2780Naive,20k,1.47,IC75,0.75,baranyi_theta_logistic_growth,densities=20k/30k;doses=0.67/1.0/1.47
3.0,910.885918,668.5645762105814,false,joint_intracellular_platinum_pkpd,independent_diagnostic,A2780Naive,20k,1.47,IC75,0.75,baranyi_theta_logistic_growth,densities=20k/30k;doses=0.67/1.0/1.47
4.0,928.761304,848.0660218680708,false,joint_intracellular_platinum_pkpd,independent_diagnostic,A2780Naive,20k,1.47,IC75,0.75,baranyi_theta_logistic_growth,densities=20k/30k;doses=0.67/1.0/1.47
5.0,914.7665896666667,861.4548963036776,false,joint_intracellular_platinum_pkpd,independent_diagnostic,A2780Naive,20k,1.47,IC75,0.75,baranyi_theta_logistic_growth,densities=20k/30k;doses=0.67/1.0/1.47
6.0,867.7298226666667,789.9474773247656,false,joint_intracellular_platinum_pkpd,independent_diagnostic,A2780Naive,20k,1.47,IC75,0.75,baranyi_theta_logistic_growth,densities=20k/30k;doses=0.67/1.0/1.47
7.0,681.9129633333333,698.7265455958606,false,joint_intracellular_platinum_pkpd,independent_diagnostic,A2780Naive,20k,1.47,IC75,0.75,baranyi_theta_logistic_growth,densities=20k/30k;doses=0.67/1.0/1.47
8.0,481.738503,615.5913802648718,false,joint_intracellular_platinum_pkpd,independent_diagnostic,A2780Naive,20k,1.47,IC75,0.75,baranyi_theta_logistic_growth,densities=20k/30k;doses=0.67/1.0/1.47
9.0,333.6756173333333,547.8381117909072,false,joint_intracellular_platinum_pkpd,independent_diagnostic,A2780Naive,20k,1.47,IC75,0.75,baranyi_theta_logistic_growth,densities=20k/30k;doses=0.67/1.0/1.47
10.0,232.34174399999998,495.00916600077,false,joint_intracellular_platinum_pkpd,independent_diagnostic,A2780Naive,20k,1.47,IC75,0.75,baranyi_theta_logistic_growth,densities=20k/30k;doses=0.67/1.0/1.47
11.0,155.3204476666667,454.52659674023306,false,joint_intracellular_platinum_pkpd,independent_diagnostic,A2780Naive,20k,1.47,IC75,0.75,baranyi_theta_logistic_growth,densities=20k/30k;doses=0.67/1.0/1.47
12.0,103.907562,423.6843660004444,false,joint_intracellular_platinum_pkpd,independent_diagnostic,A2780Naive,20k,1.47,IC75,0.75,baranyi_theta_logistic_growth,densities=20k/30k;doses=0.67/1.0/1.47
13.0,71.52523133333334,400.20676301918803,false,joint_intracellular_platinum_pkpd,independent_diagnostic,A2780Naive,20k,1.47,IC75,0.75,baranyi_theta_logistic_growth,densities=20k/30k;doses=0.67/1.0/1.47
14.0,36.60995366666666,382.3167219202678,false,joint_intracellular_platinum_pkpd,independent_diagnostic,A2780Naive,20k,1.47,IC75,0.75,baranyi_theta_logistic_growth,densities=20k/30k;doses=0.67/1.0/1.47
0.0,100.0,100.0,true,joint_intracellular_platinum_pkpd,independent_diagnostic,A2780Naive,30k,0.67,IC25,0.25,baranyi_theta_logistic_growth,densities=20k/30k;doses=0.67/1.0/1.47
1.0,507.5015816666667,184.6409930650284,false,joint_intracellular_platinum_pkpd,independent_diagnostic,A2780Naive,30k,0.67,IC25,0.25,baranyi_theta_logistic_growth,densities=20k/30k;doses=0.67/1.0/1.47
2.0,801.887693,449.71978443031213,false,joint_intracellular_platinum_pkpd,independent_diagnostic,A2780Naive,30k,0.67,IC25,0.25,baranyi_theta_logistic_growth,densities=20k/30k;doses=0.67/1.0/1.47
3.0,1336.278318,955.014494113283,false,joint_intracellular_platinum_pkpd,independent_diagnostic,A2780Naive,30k,0.67,IC25,0.25,baranyi_theta_logistic_growth,densities=20k/30k;doses=0.67/1.0/1.47
4.0,1623.1049383333336,1578.1514625975117,false,joint_intracellular_platinum_pkpd,independent_diagnostic,A2780Naive,30k,0.67,IC25,0.25,baranyi_theta_logistic_growth,densities=20k/30k;doses=0.67/1.0/1.47
5.0,2076.8491126666668,2110.4041263201793,false,joint_intracellular_platinum_pkpd,independent_diagnostic,A2780Naive,30k,0.67,IC25,0.25,baranyi_theta_logistic_growth,densities=20k/30k;doses=0.67/1.0/1.47
6.0,2482.367592666667,2445.175837030882,false,joint_intracellular_platinum_pkpd,independent_diagnostic,A2780Naive,30k,0.67,IC25,0.25,baranyi_theta_logistic_growth,densities=20k/30k;doses=0.67/1.0/1.47
7.0,2895.899845666667,2601.1529658741983,false,joint_intracellular_platinum_pkpd,independent_diagnostic,A2780Naive,30k,0.67,IC25,0.25,baranyi_theta_logistic_growth,densities=20k/30k;doses=0.67/1.0/1.47
8.0,2949.133024666667,2642.6067355844825,false,joint_intracellular_platinum_pkpd,independent_diagnostic,A2780Naive,30k,0.67,IC25,0.25,baranyi_theta_logistic_growth,densities=20k/30k;doses=0.67/1.0/1.47
9.0,3220.295872,2625.4740637134014,false,joint_intracellular_platinum_pkpd,independent_diagnostic,A2780Naive,30k,0.67,IC25,0.25,baranyi_theta_logistic_growth,densities=20k/30k;doses=0.67/1.0/1.47
10.0,2758.7708333333335,2584.769517843878,false,joint_intracellular_platinum_pkpd,independent_diagnostic,A2780Naive,30k,0.67,IC25,0.25,baranyi_theta_logistic_growth,densities=20k/30k;doses=0.67/1.0/1.47
11.0,3434.9652003333335,2538.928020192198,false,joint_intracellular_platinum_pkpd,independent_diagnostic,A2780Naive,30k,0.67,IC25,0.25,baranyi_theta_logistic_growth,densities=20k/30k;doses=0.67/1.0/1.47
12.0,3115.501775,2496.365232636893,false,joint_intracellular_platinum_pkpd,independent_diagnostic,A2780Naive,30k,0.67,IC25,0.25,baranyi_theta_logistic_growth,densities=20k/30k;doses=0.67/1.0/1.47
13.0,3633.6489583333337,2460.1785306773154,false,joint_intracellular_platinum_pkpd,independent_diagnostic,A2780Naive,30k,0.67,IC25,0.25,baranyi_theta_logistic_growth,densities=20k/30k;doses=0.67/1.0/1.47
14.0,3423.783179,2430.8908900416914,false,joint_intracellular_platinum_pkpd,independent_diagnostic,A2780Naive,30k,0.67,IC25,0.25,baranyi_theta_logistic_growth,densities=20k/30k;doses=0.67/1.0/1.47
0.0,100.0,100.0,true,joint_intracellular_platinum_pkpd,independent_diagnostic,A2780Naive,30k,1.0,IC50,0.5,baranyi_theta_logistic_growth,densities=20k/30k;doses=0.67/1.0/1.47
1.0,277.1990353333333,184.59305181353668,false,joint_intracellular_platinum_pkpd,independent_diagnostic,A2780Naive,30k,1.0,IC50,0.5,baranyi_theta_logistic_growth,densities=20k/30k;doses=0.67/1.0/1.47
2.0,512.5472606666666,445.67755413047024,false,joint_intracellular_platinum_pkpd,independent_diagnostic,A2780Naive,30k,1.0,IC50,0.5,baranyi_theta_logistic_growth,densities=20k/30k;doses=0.67/1.0/1.47
3.0,810.4685956666666,909.195988041363,false,joint_intracellular_platinum_pkpd,independent_diagnostic,A2780Naive,30k,1.0,IC50,0.5,baranyi_theta_logistic_growth,densities=20k/30k;doses=0.67/1.0/1.47
4.0,1072.5972223333333,1390.4712017002148,false,joint_intracellular_platinum_pkpd,independent_diagnostic,A2780Naive,30k,1.0,IC50,0.5,baranyi_theta_logistic_growth,densities=20k/30k;doses=0.67/1.0/1.47
5.0,1220.3375386666667,1689.3814354766894,false,joint_intracellular_platinum_pkpd,independent_diagnostic,A2780Naive,30k,1.0,IC50,0.5,baranyi_theta_logistic_growth,densities=20k/30k;doses=0.67/1.0/1.47
6.0,1524.2378856666667,1781.4824376453848,false,joint_intracellular_platinum_pkpd,independent_diagnostic,A2780Naive,30k,1.0,IC50,0.5,baranyi_theta_logistic_growth,densities=20k/30k;doses=0.67/1.0/1.47
7.0,1784.3173613333336,1745.450356918926,false,joint_intracellular_platinum_pkpd,independent_diagnostic,A2780Naive,30k,1.0,IC50,0.5,baranyi_theta_logistic_growth,densities=20k/30k;doses=0.67/1.0/1.47
8.0,1754.768094,1656.608494721205,false,joint_intracellular_platinum_pkpd,independent_diagnostic,A2780Naive,30k,1.0,IC50,0.5,baranyi_theta_logistic_growth,densities=20k/30k;doses=0.67/1.0/1.47
9.0,1630.9435183333335,1557.8806428010091,false,joint_intracellular_platinum_pkpd,independent_diagnostic,A2780Naive,30k,1.0,IC50,0.5,baranyi_theta_logistic_growth,densities=20k/30k;doses=0.67/1.0/1.47
10.0,1765.6959490000002,1467.8582510019066,false,joint_intracellular_platinum_pkpd,independent_diagnostic,A2780Naive,30k,1.0,IC50,0.5,baranyi_theta_logistic_growth,densities=20k/30k;doses=0.67/1.0/1.47
11.0,1797.057716,1392.3838551505144,false,joint_intracellular_platinum_pkpd,independent_diagnostic,A2780Naive,30k,1.0,IC50,0.5,baranyi_theta_logistic_growth,densities=20k/30k;doses=0.67/1.0/1.47
12.0,1664.883989,1331.7292833998172,false,joint_intracellular_platinum_pkpd,independent_diagnostic,A2780Naive,30k,1.0,IC50,0.5,baranyi_theta_logistic_growth,densities=20k/30k;doses=0.67/1.0/1.47
13.0,1869.5183256666667,1284.124084510076,false,joint_intracellular_platinum_pkpd,independent_diagnostic,A2780Naive,30k,1.0,IC50,0.5,baranyi_theta_logistic_growth,densities=20k/30k;doses=0.67/1.0/1.47
14.0,2521.7536263333336,1247.2967377746124,false,joint_intracellular_platinum_pkpd,independent_diagnostic,A2780Naive,30k,1.0,IC50,0.5,baranyi_theta_logistic_growth,densities=20k/30k;doses=0.67/1.0/1.47
0.0,100.0,100.0,true,joint_intracellular_platinum_pkpd,independent_diagnostic,A2780Naive,30k,1.47,IC75,0.75,baranyi_theta_logistic_growth,densities=20k/30k;doses=0.67/1.0/1.47
1.0,683.0949846666667,184.45937036829588,false,joint_intracellular_platinum_pkpd,independent_diagnostic,A2780Naive,30k,1.47,IC75,0.75,baranyi_theta_logistic_growth,densities=20k/30k;doses=0.67/1.0/1.47
2.0,962.59946,434.9726424154666,false,joint_intracellular_platinum_pkpd,independent_diagnostic,A2780Naive,30k,1.47,IC75,0.75,baranyi_theta_logistic_growth,densities=20k/30k;doses=0.67/1.0/1.47
3.0,1293.4153163333333,806.0524660139811,false,joint_intracellular_platinum_pkpd,independent_diagnostic,A2780Naive,30k,1.47,IC75,0.75,baranyi_theta_logistic_growth,densities=20k/30k;doses=0.67/1.0/1.47
4.0,1242.3761956666667,1056.9919992103617,false,joint_intracellular_platinum_pkpd,independent_diagnostic,A2780Naive,30k,1.47,IC75,0.75,baranyi_theta_logistic_growth,densities=20k/30k;doses=0.67/1.0/1.47
5.0,1196.6721066666667,1099.315525177065,false,joint_intracellular_platinum_pkpd,independent_diagnostic,A2780Naive,30k,1.47,IC75,0.75,baranyi_theta_logistic_growth,densities=20k/30k;doses=0.67/1.0/1.47
6.0,1151.6981093333334,1020.344555525301,false,joint_intracellular_platinum_pkpd,independent_diagnostic,A2780Naive,30k,1.47,IC75,0.75,baranyi_theta_logistic_growth,densities=20k/30k;doses=0.67/1.0/1.47
7.0,908.6366510000001,907.3000442214326,false,joint_intracellular_platinum_pkpd,independent_diagnostic,A2780Naive,30k,1.47,IC75,0.75,baranyi_theta_logistic_growth,densities=20k/30k;doses=0.67/1.0/1.47
8.0,684.2957563333333,800.7148084402073,false,joint_intracellular_platinum_pkpd,independent_diagnostic,A2780Naive,30k,1.47,IC75,0.75,baranyi_theta_logistic_growth,densities=20k/30k;doses=0.67/1.0/1.47
9.0,451.471335,712.4473784762961,false,joint_intracellular_platinum_pkpd,independent_diagnostic,A2780Naive,30k,1.47,IC75,0.75,baranyi_theta_logistic_growth,densities=20k/30k;doses=0.67/1.0/1.47
10.0,351.6421293333333,642.9310829609442,false,joint_intracellular_platinum_pkpd,independent_diagnostic,A2780Naive,30k,1.47,IC75,0.75,baranyi_theta_logistic_growth,densities=20k/30k;doses=0.67/1.0/1.47
11.0,239.04888100000002,589.2393983837939,false,joint_intracellular_platinum_pkpd,independent_diagnostic,A2780Naive,30k,1.47,IC75,0.75,baranyi_theta_logistic_growth,densities=20k/30k;doses=0.67/1.0/1.47
12.0,153.48256166666667,548.0334427000338,false,joint_intracellular_platinum_pkpd,independent_diagnostic,A2780Naive,30k,1.47,IC75,0.75,baranyi_theta_logistic_growth,densities=20k/30k;doses=0.67/1.0/1.47
13.0,115.12735333333332,516.4338397474345,false,joint_intracellular_platinum_pkpd,independent_diagnostic,A2780Naive,30k,1.47,IC75,0.75,baranyi_theta_logistic_growth,densities=20k/30k;doses=0.67/1.0/1.47
14.0,60.396604999999994,492.16695984219876,false,joint_intracellular_platinum_pkpd,independent_diagnostic,A2780Naive,30k,1.47,IC75,0.75,baranyi_theta_logistic_growth,densities=20k/30k;doses=0.67/1.0/1.47
0.0,67.0,67.0,true,joint_time_decay_dose_scaled,independent_diagnostic,A2780Naive,20k,0.67,IC25,0.25,baranyi_theta_logistic_growth,densities=20k/30k;doses=0.67/1.0/1.47
1.0,305.18962200000004,95.09735078269868,false,joint_time_decay_dose_scaled,independent_diagnostic,A2780Naive,20k,0.67,IC25,0.25,baranyi_theta_logistic_growth,densities=20k/30k;doses=0.67/1.0/1.47
2.0,465.63738433333333,204.71421448691672,false,joint_time_decay_dose_scaled,independent_diagnostic,A2780Naive,20k,0.67,IC25,0.25,baranyi_theta_logistic_growth,densities=20k/30k;doses=0.67/1.0/1.47
3.0,790.214892,417.8552583310985,false,joint_time_decay_dose_scaled,independent_diagnostic,A2780Naive,20k,0.67,IC25,0.25,baranyi_theta_logistic_growth,densities=20k/30k;doses=0.67/1.0/1.47
4.0,880.948534,714.9029142395513,false,joint_time_decay_dose_scaled,independent_diagnostic,A2780Naive,20k,0.67,IC25,0.25,baranyi_theta_logistic_growth,densities=20k/30k;doses=0.67/1.0/1.47
5.0,1277.0010803333332,1038.4885038633563,false,joint_time_decay_dose_scaled,independent_diagnostic,A2780Naive,20k,0.67,IC25,0.25,baranyi_theta_logistic_growth,densities=20k/30k;doses=0.67/1.0/1.47
6.0,1612.01223,1329.801488364561,false,joint_time_decay_dose_scaled,independent_diagnostic,A2780Naive,20k,0.67,IC25,0.25,baranyi_theta_logistic_growth,densities=20k/30k;doses=0.67/1.0/1.47
7.0,2016.4244216666668,1557.8840795240526,false,joint_time_decay_dose_scaled,independent_diagnostic,A2780Naive,20k,0.67,IC25,0.25,baranyi_theta_logistic_growth,densities=20k/30k;doses=0.67/1.0/1.47
8.0,2081.411111,1720.0767018024944,false,joint_time_decay_dose_scaled,independent_diagnostic,A2780Naive,20k,0.67,IC25,0.25,baranyi_theta_logistic_growth,densities=20k/30k;doses=0.67/1.0/1.47
9.0,2395.0547066666663,1828.3428219693458,false,joint_time_decay_dose_scaled,independent_diagnostic,A2780Naive,20k,0.67,IC25,0.25,baranyi_theta_logistic_growth,densities=20k/30k;doses=0.67/1.0/1.47
10.0,2537.1984183333334,1897.7604597152097,false,joint_time_decay_dose_scaled,independent_diagnostic,A2780Naive,20k,0.67,IC25,0.25,baranyi_theta_logistic_growth,densities=20k/30k;doses=0.67/1.0/1.47
11.0,3073.8874999999994,1941.1672519997228,false,joint_time_decay_dose_scaled,independent_diagnostic,A2780Naive,20k,0.67,IC25,0.25,baranyi_theta_logistic_growth,densities=20k/30k;doses=0.67/1.0/1.47
12.0,3042.368325666667,1967.8945490552744,false,joint_time_decay_dose_scaled,independent_diagnostic,A2780Naive,20k,0.67,IC25,0.25,baranyi_theta_logistic_growth,densities=20k/30k;doses=0.67/1.0/1.47
13.0,3537.7463733333334,1984.1978723397408,false,joint_time_decay_dose_scaled,independent_diagnostic,A2780Naive,20k,0.67,IC25,0.25,baranyi_theta_logistic_growth,densities=20k/30k;doses=0.67/1.0/1.47
14.0,3458.3808643333336,1994.0862937150446,false,joint_time_decay_dose_scaled,independent_diagnostic,A2780Naive,20k,0.67,IC25,0.25,baranyi_theta_logistic_growth,densities=20k/30k;doses=0.67/1.0/1.47
0.0,67.0,67.0,true,joint_time_decay_dose_scaled,independent_diagnostic,A2780Naive,20k,1.0,IC50,0.5,baranyi_theta_logistic_growth,densities=20k/30k;doses=0.67/1.0/1.47
1.0,164.83707566666666,78.70237717339067,false,joint_time_decay_dose_scaled,independent_diagnostic,A2780Naive,20k,1.0,IC50,0.5,baranyi_theta_logistic_growth,densities=20k/30k;doses=0.67/1.0/1.47
2.0,310.328588,146.09461331814788,false,joint_time_decay_dose_scaled,independent_diagnostic,A2780Naive,20k,1.0,IC50,0.5,baranyi_theta_logistic_growth,densities=20k/30k;doses=0.67/1.0/1.47
3.0,498.45925933333325,270.54333360481644,false,joint_time_decay_dose_scaled,independent_diagnostic,A2780Naive,20k,1.0,IC50,0.5,baranyi_theta_logistic_growth,densities=20k/30k;doses=0.67/1.0/1.47
4.0,690.7097223333334,439.41891200468405,false,joint_time_decay_dose_scaled,independent_diagnostic,A2780Naive,20k,1.0,IC50,0.5,baranyi_theta_logistic_growth,densities=20k/30k;doses=0.67/1.0/1.47
5.0,804.9089893333334,626.7547441163745,false,joint_time_decay_dose_scaled,independent_diagnostic,A2780Naive,20k,1.0,IC50,0.5,baranyi_theta_logistic_growth,densities=20k/30k;doses=0.67/1.0/1.47
6.0,1188.2886573333333,804.3765802432193,false,joint_time_decay_dose_scaled,independent_diagnostic,A2780Naive,20k,1.0,IC50,0.5,baranyi_theta_logistic_growth,densities=20k/30k;doses=0.67/1.0/1.47
7.0,1563.5381556666664,953.6798780224857,false,joint_time_decay_dose_scaled,independent_diagnostic,A2780Naive,20k,1.0,IC50,0.5,baranyi_theta_logistic_growth,densities=20k/30k;doses=0.67/1.0/1.47
8.0,1634.130247,1068.5802023716064,false,joint_time_decay_dose_scaled,independent_diagnostic,A2780Naive,20k,1.0,IC50,0.5,baranyi_theta_logistic_growth,densities=20k/30k;doses=0.67/1.0/1.47
9.0,1556.192554,1151.6845823461242,false,joint_time_decay_dose_scaled,independent_diagnostic,A2780Naive,20k,1.0,IC50,0.5,baranyi_theta_logistic_growth,densities=20k/30k;doses=0.67/1.0/1.47
10.0,1522.992284,1209.3013817505796,false,joint_time_decay_dose_scaled,independent_diagnostic,A2780Naive,20k,1.0,IC50,0.5,baranyi_theta_logistic_growth,densities=20k/30k;doses=0.67/1.0/1.47
11.0,1608.247685333333,1248.1352538272995,false,joint_time_decay_dose_scaled,independent_diagnostic,A2780Naive,20k,1.0,IC50,0.5,baranyi_theta_logistic_growth,densities=20k/30k;doses=0.67/1.0/1.47
12.0,1500.9281636666667,1273.8278476720334,false,joint_time_decay_dose_scaled,independent_diagnostic,A2780Naive,20k,1.0,IC50,0.5,baranyi_theta_logistic_growth,densities=20k/30k;doses=0.67/1.0/1.47
13.0,2011.2254243333334,1290.6218360066705,false,joint_time_decay_dose_scaled,independent_diagnostic,A2780Naive,20k,1.0,IC50,0.5,baranyi_theta_logistic_growth,densities=20k/30k;doses=0.67/1.0/1.47
14.0,2445.406712666667,1301.513699115968,false,joint_time_decay_dose_scaled,independent_diagnostic,A2780Naive,20k,1.0,IC50,0.5,baranyi_theta_logistic_growth,densities=20k/30k;doses=0.67/1.0/1.47
0.0,67.0,67.0,true,joint_time_decay_dose_scaled,independent_diagnostic,A2780Naive,20k,1.47,IC75,0.75,baranyi_theta_logistic_growth,densities=20k/30k;doses=0.67/1.0/1.47
1.0,470.381366,60.06456834123719,false,joint_time_decay_dose_scaled,independent_diagnostic,A2780Naive,20k,1.47,IC75,0.75,baranyi_theta_logistic_growth,densities=20k/30k;doses=0.67/1.0/1.47
2.0,658.348264,89.68503954194487,false,joint_time_decay_dose_scaled,independent_diagnostic,A2780Naive,20k,1.47,IC75,0.75,baranyi_theta_logistic_growth,densities=20k/30k;doses=0.67/1.0/1.47
3.0,910.885918,142.17874465212492,false,joint_time_decay_dose_scaled,independent_diagnostic,A2780Naive,20k,1.47,IC75,0.75,baranyi_theta_logistic_growth,densities=20k/30k;doses=0.67/1.0/1.47
4.0,928.761304,209.21376572680924,false,joint_time_decay_dose_scaled,independent_diagnostic,A2780Naive,20k,1.47,IC75,0.75,baranyi_theta_logistic_growth,densities=20k/30k;doses=0.67/1.0/1.47
5.0,914.7665896666667,283.031936535405,false,joint_time_decay_dose_scaled,independent_diagnostic,A2780Naive,20k,1.47,IC75,0.75,baranyi_theta_logistic_growth,densities=20k/30k;doses=0.67/1.0/1.47
6.0,867.7298226666667,355.96295818415126,false,joint_time_decay_dose_scaled,independent_diagnostic,A2780Naive,20k,1.47,IC75,0.75,baranyi_theta_logistic_growth,densities=20k/30k;doses=0.67/1.0/1.47
7.0,681.9129633333333,422.0337051811816,false,joint_time_decay_dose_scaled,independent_diagnostic,A2780Naive,20k,1.47,IC75,0.75,baranyi_theta_logistic_growth,densities=20k/30k;doses=0.67/1.0/1.47
8.0,481.738503,477.9345616450474,false,joint_time_decay_dose_scaled,independent_diagnostic,A2780Naive,20k,1.47,IC75,0.75,baranyi_theta_logistic_growth,densities=20k/30k;doses=0.67/1.0/1.47
9.0,333.6756173333333,522.8146029221215,false,joint_time_decay_dose_scaled,independent_diagnostic,A2780Naive,20k,1.47,IC75,0.75,baranyi_theta_logistic_growth,densities=20k/30k;doses=0.67/1.0/1.47
10.0,232.34174399999998,557.4594851858934,false,joint_time_decay_dose_scaled,independent_diagnostic,A2780Naive,20k,1.47,IC75,0.75,baranyi_theta_logistic_growth,densities=20k/30k;doses=0.67/1.0/1.47
11.0,155.3204476666667,583.4433745501925,false,joint_time_decay_dose_scaled,independent_diagnostic,A2780Naive,20k,1.47,IC75,0.75,baranyi_theta_logistic_growth,densities=20k/30k;doses=0.67/1.0/1.47
12.0,103.907562,602.5289283209368,false,joint_time_decay_dose_scaled,independent_diagnostic,A2780Naive,20k,1.47,IC75,0.75,baranyi_theta_logistic_growth,densities=20k/30k;doses=0.67/1.0/1.47
13.0,71.52523133333334,616.3394963217041,false,joint_time_decay_dose_scaled,independent_diagnostic,A2780Naive,20k,1.47,IC75,0.75,baranyi_theta_logistic_growth,densities=20k/30k;doses=0.67/1.0/1.47
14.0,36.60995366666666,626.2273302846985,false,joint_time_decay_dose_scaled,independent_diagnostic,A2780Naive,20k,1.47,IC75,0.75,baranyi_theta_logistic_growth,densities=20k/30k;doses=0.67/1.0/1.47
0.0,100.0,100.0,true,joint_time_decay_dose_scaled,independent_diagnostic,A2780Naive,30k,0.67,IC25,0.25,baranyi_theta_logistic_growth,densities=20k/30k;doses=0.67/1.0/1.47
1.0,507.5015816666667,137.7098405363214,false,joint_time_decay_dose_scaled,independent_diagnostic,A2780Naive,30k,0.67,IC25,0.25,baranyi_theta_logistic_growth,densities=20k/30k;doses=0.67/1.0/1.47
2.0,801.887693,269.6395431774008,false,joint_time_decay_dose_scaled,independent_diagnostic,A2780Naive,30k,0.67,IC25,0.25,baranyi_theta_logistic_growth,densities=20k/30k;doses=0.67/1.0/1.47
3.0,1336.278318,512.2595540416507,false,joint_time_decay_dose_scaled,independent_diagnostic,A2780Naive,30k,0.67,IC25,0.25,baranyi_theta_logistic_growth,densities=20k/30k;doses=0.67/1.0/1.47
4.0,1623.1049383333336,836.517200772676,false,joint_time_decay_dose_scaled,independent_diagnostic,A2780Naive,30k,0.67,IC25,0.25,baranyi_theta_logistic_growth,densities=20k/30k;doses=0.67/1.0/1.47
5.0,2076.8491126666668,1181.9552974300616,false,joint_time_decay_dose_scaled,independent_diagnostic,A2780Naive,30k,0.67,IC25,0.25,baranyi_theta_logistic_growth,densities=20k/30k;doses=0.67/1.0/1.47
6.0,2482.367592666667,1491.714770846337,false,joint_time_decay_dose_scaled,independent_diagnostic,A2780Naive,30k,0.67,IC25,0.25,baranyi_theta_logistic_growth,densities=20k/30k;doses=0.67/1.0/1.47
7.0,2895.899845666667,1736.49501138914,false,joint_time_decay_dose_scaled,independent_diagnostic,A2780Naive,30k,0.67,IC25,0.25,baranyi_theta_logistic_growth,densities=20k/30k;doses=0.67/1.0/1.47
8.0,2949.133024666667,1913.5918972691904,false,joint_time_decay_dose_scaled,independent_diagnostic,A2780Naive,30k,0.67,IC25,0.25,baranyi_theta_logistic_growth,densities=20k/30k;doses=0.67/1.0/1.47
9.0,3220.295872,2034.3708512906123,false,joint_time_decay_dose_scaled,independent_diagnostic,A2780Naive,30k,0.67,IC25,0.25,baranyi_theta_logistic_growth,densities=20k/30k;doses=0.67/1.0/1.47
10.0,2758.7708333333335,2113.639185415405,false,joint_time_decay_dose_scaled,independent_diagnostic,A2780Naive,30k,0.67,IC25,0.25,baranyi_theta_logistic_growth,densities=20k/30k;doses=0.67/1.0/1.47
11.0,3434.9652003333335,2164.4070518876165,false,joint_time_decay_dose_scaled,independent_diagnostic,A2780Naive,30k,0.67,IC25,0.25,baranyi_theta_logistic_growth,densities=20k/30k;doses=0.67/1.0/1.47
12.0,3115.501775,2196.4256003919145,false,joint_time_decay_dose_scaled,independent_diagnostic,A2780Naive,30k,0.67,IC25,0.25,baranyi_theta_logistic_growth,densities=20k/30k;doses=0.67/1.0/1.47
13.0,3633.6489583333337,2216.4265858288104,false,joint_time_decay_dose_scaled,independent_diagnostic,A2780Naive,30k,0.67,IC25,0.25,baranyi_theta_logistic_growth,densities=20k/30k;doses=0.67/1.0/1.47
14.0,3423.783179,2228.8465171256794,false,joint_time_decay_dose_scaled,independent_diagnostic,A2780Naive,30k,0.67,IC25,0.25,baranyi_theta_logistic_growth,densities=20k/30k;doses=0.67/1.0/1.47
0.0,100.0,100.0,true,joint_time_decay_dose_scaled,independent_diagnostic,A2780Naive,30k,1.0,IC50,0.5,baranyi_theta_logistic_growth,densities=20k/30k;doses=0.67/1.0/1.47
1.0,277.1990353333333,119.13231824837649,false,joint_time_decay_dose_scaled,independent_diagnostic,A2780Naive,30k,1.0,IC50,0.5,baranyi_theta_logistic_growth,densities=20k/30k;doses=0.67/1.0/1.47
2.0,512.5472606666666,208.2404247209087,false,joint_time_decay_dose_scaled,independent_diagnostic,A2780Naive,30k,1.0,IC50,0.5,baranyi_theta_logistic_growth,densities=20k/30k;doses=0.67/1.0/1.47
3.0,810.4685956666666,367.1416125688361,false,joint_time_decay_dose_scaled,independent_diagnostic,A2780Naive,30k,1.0,IC50,0.5,baranyi_theta_logistic_growth,densities=20k/30k;doses=0.67/1.0/1.47
4.0,1072.5972223333333,575.5424941938214,false,joint_time_decay_dose_scaled,independent_diagnostic,A2780Naive,30k,1.0,IC50,0.5,baranyi_theta_logistic_growth,densities=20k/30k;doses=0.67/1.0/1.47
5.0,1220.3375386666667,800.35053432951,false,joint_time_decay_dose_scaled,independent_diagnostic,A2780Naive,30k,1.0,IC50,0.5,baranyi_theta_logistic_growth,densities=20k/30k;doses=0.67/1.0/1.47
6.0,1524.2378856666667,1009.5513842715368,false,joint_time_decay_dose_scaled,independent_diagnostic,A2780Naive,30k,1.0,IC50,0.5,baranyi_theta_logistic_growth,densities=20k/30k;doses=0.67/1.0/1.47
7.0,1784.3173613333336,1183.6264785489839,false,joint_time_decay_dose_scaled,independent_diagnostic,A2780Naive,30k,1.0,IC50,0.5,baranyi_theta_logistic_growth,densities=20k/30k;doses=0.67/1.0/1.47
8.0,1754.768094,1317.1176411450228,false,joint_time_decay_dose_scaled,independent_diagnostic,A2780Naive,30k,1.0,IC50,0.5,baranyi_theta_logistic_growth,densities=20k/30k;doses=0.67/1.0/1.47
9.0,1630.9435183333335,1413.7682923085943,false,joint_time_decay_dose_scaled,independent_diagnostic,A2780Naive,30k,1.0,IC50,0.5,baranyi_theta_logistic_growth,densities=20k/30k;doses=0.67/1.0/1.47
10.0,1765.6959490000002,1481.0450830776558,false,joint_time_decay_dose_scaled,independent_diagnostic,A2780Naive,30k,1.0,IC50,0.5,baranyi_theta_logistic_growth,densities=20k/30k;doses=0.67/1.0/1.47
11.0,1797.057716,1526.6544827786604,false,joint_time_decay_dose_scaled,independent_diagnostic,A2780Naive,30k,1.0,IC50,0.5,baranyi_theta_logistic_growth,densities=20k/30k;doses=0.67/1.0/1.47
12.0,1664.883989,1557.0387458449127,false,joint_time_decay_dose_scaled,independent_diagnostic,A2780Naive,30k,1.0,IC50,0.5,baranyi_theta_logistic_growth,densities=20k/30k;doses=0.67/1.0/1.47
13.0,1869.5183256666667,1577.0493722651352,false,joint_time_decay_dose_scaled,independent_diagnostic,A2780Naive,30k,1.0,IC50,0.5,baranyi_theta_logistic_growth,densities=20k/30k;doses=0.67/1.0/1.47
14.0,2521.7536263333336,1590.1298609481873,false,joint_time_decay_dose_scaled,independent_diagnostic,A2780Naive,30k,1.0,IC50,0.5,baranyi_theta_logistic_growth,densities=20k/30k;doses=0.67/1.0/1.47
0.0,100.0,100.0,true,joint_time_decay_dose_scaled,independent_diagnostic,A2780Naive,30k,1.47,IC75,0.75,baranyi_theta_logistic_growth,densities=20k/30k;doses=0.67/1.0/1.47
1.0,683.0949846666667,96.87305219523995,false,joint_time_decay_dose_scaled,independent_diagnostic,A2780Naive,30k,1.47,IC75,0.75,baranyi_theta_logistic_growth,densities=20k/30k;doses=0.67/1.0/1.47
2.0,962.59946,143.48916436397468,false,joint_time_decay_dose_scaled,independent_diagnostic,A2780Naive,30k,1.47,IC75,0.75,baranyi_theta_logistic_growth,densities=20k/30k;doses=0.67/1.0/1.47
3.0,1293.4153163333333,225.2110523751323,false,joint_time_decay_dose_scaled,independent_diagnostic,A2780Naive,30k,1.47,IC75,0.75,baranyi_theta_logistic_growth,densities=20k/30k;doses=0.67/1.0/1.47
4.0,1242.3761956666667,328.32075814243586,false,joint_time_decay_dose_scaled,independent_diagnostic,A2780Naive,30k,1.47,IC75,0.75,baranyi_theta_logistic_growth,densities=20k/30k;doses=0.67/1.0/1.47
5.0,1196.6721066666667,439.4121511189555,false,joint_time_decay_dose_scaled,independent_diagnostic,A2780Naive,30k,1.47,IC75,0.75,baranyi_theta_logistic_growth,densities=20k/30k;doses=0.67/1.0/1.47
6.0,1151.6981093333334,546.355062921343,false,joint_time_decay_dose_scaled,independent_diagnostic,A2780Naive,30k,1.47,IC75,0.75,baranyi_theta_logistic_growth,densities=20k/30k;doses=0.67/1.0/1.47
7.0,908.6366510000001,640.6775785687129,false,joint_time_decay_dose_scaled,independent_diagnostic,A2780Naive,30k,1.47,IC75,0.75,baranyi_theta_logistic_growth,densities=20k/30k;doses=0.67/1.0/1.47
8.0,684.2957563333333,718.4414804806858,false,joint_time_decay_dose_scaled,independent_diagnostic,A2780Naive,30k,1.47,IC75,0.75,baranyi_theta_logistic_growth,densities=20k/30k;doses=0.67/1.0/1.47
9.0,451.471335,779.3815306653237,false,joint_time_decay_dose_scaled,independent_diagnostic,A2780Naive,30k,1.47,IC75,0.75,baranyi_theta_logistic_growth,densities=20k/30k;doses=0.67/1.0/1.47
10.0,351.6421293333333,825.3890068896275,false,joint_time_decay_dose_scaled,independent_diagnostic,A2780Naive,30k,1.47,IC75,0.75,baranyi_theta_logistic_growth,densities=20k/30k;doses=0.67/1.0/1.47
11.0,239.04888100000002,859.2001389458643,false,joint_time_decay_dose_scaled,independent_diagnostic,A2780Naive,30k,1.47,IC75,0.75,baranyi_theta_logistic_growth,densities=20k/30k;doses=0.67/1.0/1.47
12.0,153.48256166666667,883.5760671167731,false,joint_time_decay_dose_scaled,independent_diagnostic,A2780Naive,30k,1.47,IC75,0.75,baranyi_theta_logistic_growth,densities=20k/30k;doses=0.67/1.0/1.47
13.0,115.12735333333332,900.9135636599212,false,joint_time_decay_dose_scaled,independent_diagnostic,A2780Naive,30k,1.47,IC75,0.75,baranyi_theta_logistic_growth,densities=20k/30k;doses=0.67/1.0/1.47
14.0,60.396604999999994,913.1285999504004,false,joint_time_decay_dose_scaled,independent_diagnostic,A2780Naive,30k,1.47,IC75,0.75,baranyi_theta_logistic_growth,densities=20k/30k;doses=0.67/1.0/1.47
0.0,67.0,67.0,true,joint_anchored_hill_kill,shared,A2780cis,20k,0.67,IC25,0.25,adaptation_theta_logistic_growth,densities=20k/30k;doses=0.67/1.0/1.47
1.0,79.832716,74.7638265600426,false,joint_anchored_hill_kill,shared,A2780cis,20k,0.67,IC25,0.25,adaptation_theta_logistic_growth,densities=20k/30k;doses=0.67/1.0/1.47
2.0,136.68186733333332,103.6858623768105,false,joint_anchored_hill_kill,shared,A2780cis,20k,0.67,IC25,0.25,adaptation_theta_logistic_growth,densities=20k/30k;doses=0.67/1.0/1.47
3.0,256.032137,170.38402154853674,false,joint_anchored_hill_kill,shared,A2780cis,20k,0.67,IC25,0.25,adaptation_theta_logistic_growth,densities=20k/30k;doses=0.67/1.0/1.47
4.0,551.4876543333334,316.27665994290027,false,joint_anchored_hill_kill,shared,A2780cis,20k,0.67,IC25,0.25,adaptation_theta_logistic_growth,densities=20k/30k;doses=0.67/1.0/1.47
5.0,932.248611,625.4009531610723,false,joint_anchored_hill_kill,shared,A2780cis,20k,0.67,IC25,0.25,adaptation_theta_logistic_growth,densities=20k/30k;doses=0.67/1.0/1.47
6.0,1630.1435956666667,1210.745446279508,false,joint_anchored_hill_kill,shared,A2780cis,20k,0.67,IC25,0.25,adaptation_theta_logistic_growth,densities=20k/30k;doses=0.67/1.0/1.47
7.0,2349.2489583333336,2062.310717671766,false,joint_anchored_hill_kill,shared,A2780cis,20k,0.67,IC25,0.25,adaptation_theta_logistic_growth,densities=20k/30k;doses=0.67/1.0/1.47
8.0,2344.200308666667,2883.731542945393,false,joint_anchored_hill_kill,shared,A2780cis,20k,0.67,IC25,0.25,adaptation_theta_logistic_growth,densities=20k/30k;doses=0.67/1.0/1.47
9.0,3261.814429,3397.277196541304,false,joint_anchored_hill_kill,shared,A2780cis,20k,0.67,IC25,0.25,adaptation_theta_logistic_growth,densities=20k/30k;doses=0.67/1.0/1.47
10.0,2744.403163333333,3630.6531508131407,false,joint_anchored_hill_kill,shared,A2780cis,20k,0.67,IC25,0.25,adaptation_theta_logistic_growth,densities=20k/30k;doses=0.67/1.0/1.47
11.0,3624.0109566666665,3719.5318261053385,false,joint_anchored_hill_kill,shared,A2780cis,20k,0.67,IC25,0.25,adaptation_theta_logistic_growth,densities=20k/30k;doses=0.67/1.0/1.47
12.0,2656.8393906666665,3750.8224102416307,false,joint_anchored_hill_kill,shared,A2780cis,20k,0.67,IC25,0.25,adaptation_theta_logistic_growth,densities=20k/30k;doses=0.67/1.0/1.47
13.0,3902.5750386666664,3761.673837069632,false,joint_anchored_hill_kill,shared,A2780cis,20k,0.67,IC25,0.25,adaptation_theta_logistic_growth,densities=20k/30k;doses=0.67/1.0/1.47
14.0,2987.771682,3765.618389662558,false,joint_anchored_hill_kill,shared,A2780cis,20k,0.67,IC25,0.25,adaptation_theta_logistic_growth,densities=20k/30k;doses=0.67/1.0/1.47
0.0,67.0,67.0,true,joint_anchored_hill_kill,shared,A2780cis,20k,1.0,IC50,0.5,adaptation_theta_logistic_growth,densities=20k/30k;doses=0.67/1.0/1.47
1.0,82.57476866666666,71.68280846116839,false,joint_anchored_hill_kill,shared,A2780cis,20k,1.0,IC50,0.5,adaptation_theta_logistic_growth,densities=20k/30k;doses=0.67/1.0/1.47
2.0,153.74926733333334,95.36271287117287,false,joint_anchored_hill_kill,shared,A2780cis,20k,1.0,IC50,0.5,adaptation_theta_logistic_growth,densities=20k/30k;doses=0.67/1.0/1.47
3.0,298.6227236666667,150.54156945272564,false,joint_anchored_hill_kill,shared,A2780cis,20k,1.0,IC50,0.5,adaptation_theta_logistic_growth,densities=20k/30k;doses=0.67/1.0/1.47
4.0,584.2937496666667,269.50733807675675,false,joint_anchored_hill_kill,shared,A2780cis,20k,1.0,IC50,0.5,adaptation_theta_logistic_growth,densities=20k/30k;doses=0.67/1.0/1.47
5.0,1028.8575233333333,519.0973616138418,false,joint_anchored_hill_kill,shared,A2780cis,20k,1.0,IC50,0.5,adaptation_theta_logistic_growth,densities=20k/30k;doses=0.67/1.0/1.47
6.0,1728.4681713333332,999.8670022192497,false,joint_anchored_hill_kill,shared,A2780cis,20k,1.0,IC50,0.5,adaptation_theta_logistic_growth,densities=20k/30k;doses=0.67/1.0/1.47
7.0,2346.5103780000004,1747.7687210360666,false,joint_anchored_hill_kill,shared,A2780cis,20k,1.0,IC50,0.5,adaptation_theta_logistic_growth,densities=20k/30k;doses=0.67/1.0/1.47
8.0,2305.3690973333332,2558.7677423154423,false,joint_anchored_hill_kill,shared,A2780cis,20k,1.0,IC50,0.5,adaptation_theta_logistic_growth,densities=20k/30k;doses=0.67/1.0/1.47
9.0,3049.6326773333335,3137.4232714889713,false,joint_anchored_hill_kill,shared,A2780cis,20k,1.0,IC50,0.5,adaptation_theta_logistic_growth,densities=20k/30k;doses=0.67/1.0/1.47
10.0,3134.858873333333,3431.9859107067987,false,joint_anchored_hill_kill,shared,A2780cis,20k,1.0,IC50,0.5,adaptation_theta_logistic_growth,densities=20k/30k;doses=0.67/1.0/1.47
11.0,3720.5385029999998,3555.1461577270948,false,joint_anchored_hill_kill,shared,A2780cis,20k,1.0,IC50,0.5,adaptation_theta_logistic_growth,densities=20k/30k;doses=0.67/1.0/1.47
12.0,2824.6677086666664,3602.7349942720894,false,joint_anchored_hill_kill,shared,A2780cis,20k,1.0,IC50,0.5,adaptation_theta_logistic_growth,densities=20k/30k;doses=0.67/1.0/1.47
13.0,3906.9917053333334,3621.3071337187152,false,joint_anchored_hill_kill,shared,A2780cis,20k,1.0,IC50,0.5,adaptation_theta_logistic_growth,densities=20k/30k;doses=0.67/1.0/1.47
14.0,4011.9759260000005,3629.2595260343137,false,joint_anchored_hill_kill,shared,A2780cis,20k,1.0,IC50,0.5,adaptation_theta_logistic_growth,densities=20k/30k;doses=0.67/1.0/1.47
0.0,67.0,67.0,true,joint_anchored_hill_kill,shared,A2780cis,20k,1.47,IC75,0.75,adaptation_theta_logistic_growth,densities=20k/30k;doses=0.67/1.0/1.47
1.0,66.07534733333334,62.624676248811674,false,joint_anchored_hill_kill,shared,A2780cis,20k,1.47,IC75,0.75,adaptation_theta_logistic_growth,densities=20k/30k;doses=0.67/1.0/1.47
2.0,136.019406,72.88305802304411,false,joint_anchored_hill_kill,shared,A2780cis,20k,1.47,IC75,0.75,adaptation_theta_logistic_growth,densities=20k/30k;doses=0.67/1.0/1.47
3.0,262.4119983333333,101.02086378334499,false,joint_anchored_hill_kill,shared,A2780cis,20k,1.47,IC75,0.75,adaptation_theta_logistic_growth,densities=20k/30k;doses=0.67/1.0/1.47
4.0,627.1851849999999,160.25224615770176,false,joint_anchored_hill_kill,shared,A2780cis,20k,1.47,IC75,0.75,adaptation_theta_logistic_growth,densities=20k/30k;doses=0.67/1.0/1.47
5.0,1055.7064813333334,279.6283509470834,false,joint_anchored_hill_kill,shared,A2780cis,20k,1.47,IC75,0.75,adaptation_theta_logistic_growth,densities=20k/30k;doses=0.67/1.0/1.47
6.0,1644.4327546666666,512.2193457217985,false,joint_anchored_hill_kill,shared,A2780cis,20k,1.47,IC75,0.75,adaptation_theta_logistic_growth,densities=20k/30k;doses=0.67/1.0/1.47
7.0,1888.7926696666666,925.523430257147,false,joint_anchored_hill_kill,shared,A2780cis,20k,1.47,IC75,0.75,adaptation_theta_logistic_growth,densities=20k/30k;doses=0.67/1.0/1.47
8.0,1640.846373333333,1528.745614548656,false,joint_anchored_hill_kill,shared,A2780cis,20k,1.47,IC75,0.75,adaptation_theta_logistic_growth,densities=20k/30k;doses=0.67/1.0/1.47
9.0,2390.4506556666665,2176.9928944052767,false,joint_anchored_hill_kill,shared,A2780cis,20k,1.47,IC75,0.75,adaptation_theta_logistic_growth,densities=20k/30k;doses=0.67/1.0/1.47
10.0,1885.2126543333334,2670.3338825140922,false,joint_anchored_hill_kill,shared,A2780cis,20k,1.47,IC75,0.75,adaptation_theta_logistic_growth,densities=20k/30k;doses=0.67/1.0/1.47
11.0,2693.7878856666666,2953.695294702885,false,joint_anchored_hill_kill,shared,A2780cis,20k,1.47,IC75,0.75,adaptation_theta_logistic_growth,densities=20k/30k;doses=0.67/1.0/1.47
12.0,2554.914467666667,3091.610411260926,false,joint_anchored_hill_kill,shared,A2780cis,20k,1.47,IC75,0.75,adaptation_theta_logistic_growth,densities=20k/30k;doses=0.67/1.0/1.47
13.0,3229.3090276666667,3155.023498325205,false,joint_anchored_hill_kill,shared,A2780cis,20k,1.47,IC75,0.75,adaptation_theta_logistic_growth,densities=20k/30k;doses=0.67/1.0/1.47
14.0,3171.784760666667,3185.0584123793774,false,joint_anchored_hill_kill,shared,A2780cis,20k,1.47,IC75,0.75,adaptation_theta_logistic_growth,densities=20k/30k;doses=0.67/1.0/1.47
0.0,100.0,100.0,true,joint_anchored_hill_kill,shared,A2780cis,30k,0.67,IC25,0.25,adaptation_theta_logistic_growth,densities=20k/30k;doses=0.67/1.0/1.47
1.0,119.12291633333332,111.44776801925292,false,joint_anchored_hill_kill,shared,A2780cis,30k,0.67,IC25,0.25,adaptation_theta_logistic_growth,densities=20k/30k;doses=0.67/1.0/1.47
2.0,208.10995366666666,153.90577589896125,false,joint_anchored_hill_kill,shared,A2780cis,30k,0.67,IC25,0.25,adaptation_theta_logistic_growth,densities=20k/30k;doses=0.67/1.0/1.47
3.0,381.1926696666667,250.52637806853343,false,joint_anchored_hill_kill,shared,A2780cis,30k,0.67,IC25,0.25,adaptation_theta_logistic_growth,densities=20k/30k;doses=0.67/1.0/1.47
4.0,731.6507716666666,455.8472660498799,false,joint_anchored_hill_kill,shared,A2780cis,30k,0.67,IC25,0.25,adaptation_theta_logistic_growth,densities=20k/30k;doses=0.67/1.0/1.47
5.0,1291.6760416666666,865.843223252569,false,joint_anchored_hill_kill,shared,A2780cis,30k,0.67,IC25,0.25,adaptation_theta_logistic_growth,densities=20k/30k;doses=0.67/1.0/1.47
6.0,1980.2315586666666,1561.778034597114,false,joint_anchored_hill_kill,shared,A2780cis,30k,0.67,IC25,0.25,adaptation_theta_logistic_growth,densities=20k/30k;doses=0.67/1.0/1.47
7.0,2670.8478393333335,2423.1884924526817,false,joint_anchored_hill_kill,shared,A2780cis,30k,0.67,IC25,0.25,adaptation_theta_logistic_growth,densities=20k/30k;doses=0.67/1.0/1.47
8.0,2545.009915,3122.8571635563685,false,joint_anchored_hill_kill,shared,A2780cis,30k,0.67,IC25,0.25,adaptation_theta_logistic_growth,densities=20k/30k;doses=0.67/1.0/1.47
9.0,3548.7987266666664,3508.4684956546903,false,joint_anchored_hill_kill,shared,A2780cis,30k,0.67,IC25,0.25,adaptation_theta_logistic_growth,densities=20k/30k;doses=0.67/1.0/1.47
10.0,2897.7104553333334,3672.725855208607,false,joint_anchored_hill_kill,shared,A2780cis,30k,0.67,IC25,0.25,adaptation_theta_logistic_growth,densities=20k/30k;doses=0.67/1.0/1.47
11.0,3797.833449333333,3733.891881146151,false,joint_anchored_hill_kill,shared,A2780cis,30k,0.67,IC25,0.25,adaptation_theta_logistic_growth,densities=20k/30k;doses=0.67/1.0/1.47
12.0,2884.930285666667,3755.4727648145877,false,joint_anchored_hill_kill,shared,A2780cis,30k,0.67,IC25,0.25,adaptation_theta_logistic_growth,densities=20k/30k;doses=0.67/1.0/1.47
13.0,4146.366087666666,3763.134680651992,false,joint_anchored_hill_kill,shared,A2780cis,30k,0.67,IC25,0.25,adaptation_theta_logistic_growth,densities=20k/30k;doses=0.67/1.0/1.47
14.0,3326.884761,3766.0680624131337,false,joint_anchored_hill_kill,shared,A2780cis,30k,0.67,IC25,0.25,adaptation_theta_logistic_growth,densities=20k/30k;doses=0.67/1.0/1.47
0.0,100.0,100.0,true,joint_anchored_hill_kill,shared,A2780cis,30k,1.0,IC50,0.5,adaptation_theta_logistic_growth,densities=20k/30k;doses=0.67/1.0/1.47
1.0,117.62118066666666,106.85861854242725,false,joint_anchored_hill_kill,shared,A2780cis,30k,1.0,IC50,0.5,adaptation_theta_logistic_growth,densities=20k/30k;doses=0.67/1.0/1.47
2.0,206.52970666666667,141.59323622013918,false,joint_anchored_hill_kill,shared,A2780cis,30k,1.0,IC50,0.5,adaptation_theta_logistic_growth,densities=20k/30k;doses=0.67/1.0/1.47
3.0,392.79753066666666,221.61843635620545,false,joint_anchored_hill_kill,shared,A2780cis,30k,1.0,IC50,0.5,adaptation_theta_logistic_growth,densities=20k/30k;doses=0.67/1.0/1.47
4.0,793.1631946666666,389.8778477391054,false,joint_anchored_hill_kill,shared,A2780cis,30k,1.0,IC50,0.5,adaptation_theta_logistic_growth,densities=20k/30k;doses=0.67/1.0/1.47
5.0,1328.3501159999998,725.3645066554452,false,joint_anchored_hill_kill,shared,A2780cis,30k,1.0,IC50,0.5,adaptation_theta_logistic_growth,densities=20k/30k;doses=0.67/1.0/1.47
6.0,1947.6582176666668,1313.1938259023168,false,joint_anchored_hill_kill,shared,A2780cis,30k,1.0,IC50,0.5,adaptation_theta_logistic_growth,densities=20k/30k;doses=0.67/1.0/1.47
7.0,2594.510609333334,2102.982484519697,false,joint_anchored_hill_kill,shared,A2780cis,30k,1.0,IC50,0.5,adaptation_theta_logistic_growth,densities=20k/30k;doses=0.67/1.0/1.47
8.0,2352.0106483333334,2826.2101278868104,false,joint_anchored_hill_kill,shared,A2780cis,30k,1.0,IC50,0.5,adaptation_theta_logistic_growth,densities=20k/30k;doses=0.67/1.0/1.47
9.0,3220.0850306666666,3276.448771850182,false,joint_anchored_hill_kill,shared,A2780cis,30k,1.0,IC50,0.5,adaptation_theta_logistic_growth,densities=20k/30k;doses=0.67/1.0/1.47
10.0,2953.806751666667,3489.024701203388,false,joint_anchored_hill_kill,shared,A2780cis,30k,1.0,IC50,0.5,adaptation_theta_logistic_growth,densities=20k/30k;doses=0.67/1.0/1.47
11.0,3595.1114196666663,3575.81669485927,false,joint_anchored_hill_kill,shared,A2780cis,30k,1.0,IC50,0.5,adaptation_theta_logistic_growth,densities=20k/30k;doses=0.67/1.0/1.47
12.0,2534.660455333333,3609.768936420737,false,joint_anchored_hill_kill,shared,A2780cis,30k,1.0,IC50,0.5,adaptation_theta_logistic_growth,densities=20k/30k;doses=0.67/1.0/1.47
13.0,3853.449228666667,3623.6185494947517,false,joint_anchored_hill_kill,shared,A2780cis,30k,1.0,IC50,0.5,adaptation_theta_logistic_growth,densities=20k/30k;doses=0.67/1.0/1.47
14.0,4116.669907333334,3630.0023915124125,false,joint_anchored_hill_kill,shared,A2780cis,30k,1.0,IC50,0.5,adaptation_theta_logistic_growth,densities=20k/30k;doses=0.67/1.0/1.47
0.0,100.0,100.0,true,joint_anchored_hill_kill,shared,A2780cis,30k,1.47,IC75,0.75,adaptation_theta_logistic_growth,densities=20k/30k;doses=0.67/1.0/1.47
1.0,73.88472200000001,93.36503453654895,false,joint_anchored_hill_kill,shared,A2780cis,30k,1.47,IC75,0.75,adaptation_theta_logistic_growth,densities=20k/30k;doses=0.67/1.0/1.47
2.0,143.64463766666665,108.30635550621464,false,joint_anchored_hill_kill,shared,A2780cis,30k,1.47,IC75,0.75,adaptation_theta_logistic_growth,densities=20k/30k;doses=0.67/1.0/1.47
3.0,301.875849,149.19654893858947,false,joint_anchored_hill_kill,shared,A2780cis,30k,1.47,IC75,0.75,adaptation_theta_logistic_growth,densities=20k/30k;doses=0.67/1.0/1.47
4.0,670.1066746666667,234.0130305809277,false,joint_anchored_hill_kill,shared,A2780cis,30k,1.47,IC75,0.75,adaptation_theta_logistic_growth,densities=20k/30k;doses=0.67/1.0/1.47
5.0,1170.9108796666667,399.91266488469154,false,joint_anchored_hill_kill,shared,A2780cis,30k,1.47,IC75,0.75,adaptation_theta_logistic_growth,densities=20k/30k;doses=0.67/1.0/1.47
6.0,1348.3380016666667,705.6203714674888,false,joint_anchored_hill_kill,shared,A2780cis,30k,1.47,IC75,0.75,adaptation_theta_logistic_growth,densities=20k/30k;doses=0.67/1.0/1.47
7.0,1881.759761,1199.704431814616,false,joint_anchored_hill_kill,shared,A2780cis,30k,1.47,IC75,0.75,adaptation_theta_logistic_growth,densities=20k/30k;doses=0.67/1.0/1.47
8.0,1606.1887733333333,1829.2241573349067,false,joint_anchored_hill_kill,shared,A2780cis,30k,1.47,IC75,0.75,adaptation_theta_logistic_growth,densities=20k/30k;doses=0.67/1.0/1.47
9.0,2421.258526333333,2411.471935822567,false,joint_anchored_hill_kill,shared,A2780cis,30k,1.47,IC75,0.75,adaptation_theta_logistic_growth,densities=20k/30k;doses=0.67/1.0/1.47
10.0,1957.2380400000002,2804.374337354505,false,joint_anchored_hill_kill,shared,A2780cis,30k,1.47,IC75,0.75,adaptation_theta_logistic_growth,densities=20k/30k;doses=0.67/1.0/1.47
11.0,2537.103395,3015.691028488225,false,joint_anchored_hill_kill,shared,A2780cis,30k,1.47,IC75,0.75,adaptation_theta_logistic_growth,densities=20k/30k;doses=0.67/1.0/1.47
12.0,2244.322531,3117.044187860256,false,joint_anchored_hill_kill,shared,A2780cis,30k,1.47,IC75,0.75,adaptation_theta_logistic_growth,densities=20k/30k;doses=0.67/1.0/1.47
13.0,2827.4429400000004,3164.811418470196,false,joint_anchored_hill_kill,shared,A2780cis,30k,1.47,IC75,0.75,adaptation_theta_logistic_growth,densities=20k/30k;doses=0.67/1.0/1.47
14.0,3433.938387333333,3188.693664734382,false,joint_anchored_hill_kill,shared,A2780cis,30k,1.47,IC75,0.75,adaptation_theta_logistic_growth,densities=20k/30k;doses=0.67/1.0/1.47
0.0,67.0,67.0,true,joint_anchored_linear_kill,shared,A2780cis,20k,0.67,IC25,0.25,adaptation_theta_logistic_growth,densities=20k/30k;doses=0.67/1.0/1.47
1.0,79.832716,70.83428801283253,false,joint_anchored_linear_kill,shared,A2780cis,20k,0.67,IC25,0.25,adaptation_theta_logistic_growth,densities=20k/30k;doses=0.67/1.0/1.47
2.0,136.68186733333332,93.13071926460967,false,joint_anchored_linear_kill,shared,A2780cis,20k,0.67,IC25,0.25,adaptation_theta_logistic_growth,densities=20k/30k;doses=0.67/1.0/1.47
3.0,256.032137,145.3525089775135,false,joint_anchored_linear_kill,shared,A2780cis,20k,0.67,IC25,0.25,adaptation_theta_logistic_growth,densities=20k/30k;doses=0.67/1.0/1.47
4.0,551.4876543333334,257.5285233234237,false,joint_anchored_linear_kill,shared,A2780cis,20k,0.67,IC25,0.25,adaptation_theta_logistic_growth,densities=20k/30k;doses=0.67/1.0/1.47
5.0,932.248611,492.13287552538196,false,joint_anchored_linear_kill,shared,A2780cis,20k,0.67,IC25,0.25,adaptation_theta_logistic_growth,densities=20k/30k;doses=0.67/1.0/1.47
6.0,1630.1435956666667,945.6200304260598,false,joint_anchored_linear_kill,shared,A2780cis,20k,0.67,IC25,0.25,adaptation_theta_logistic_growth,densities=20k/30k;doses=0.67/1.0/1.47
7.0,2349.2489583333336,1662.9508066321043,false,joint_anchored_linear_kill,shared,A2780cis,20k,0.67,IC25,0.25,adaptation_theta_logistic_growth,densities=20k/30k;doses=0.67/1.0/1.47
8.0,2344.200308666667,2465.5901064070154,false,joint_anchored_linear_kill,shared,A2780cis,20k,0.67,IC25,0.25,adaptation_theta_logistic_growth,densities=20k/30k;doses=0.67/1.0/1.47
9.0,3261.814429,3060.1695011839424,false,joint_anchored_linear_kill,shared,A2780cis,20k,0.67,IC25,0.25,adaptation_theta_logistic_growth,densities=20k/30k;doses=0.67/1.0/1.47
10.0,2744.403163333333,3372.9908883969156,false,joint_anchored_linear_kill,shared,A2780cis,20k,0.67,IC25,0.25,adaptation_theta_logistic_growth,densities=20k/30k;doses=0.67/1.0/1.47
11.0,3624.0109566666665,3507.197753615699,false,joint_anchored_linear_kill,shared,A2780cis,20k,0.67,IC25,0.25,adaptation_theta_logistic_growth,densities=20k/30k;doses=0.67/1.0/1.47
12.0,2656.8393906666665,3560.1985618166423,false,joint_anchored_linear_kill,shared,A2780cis,20k,0.67,IC25,0.25,adaptation_theta_logistic_growth,densities=20k/30k;doses=0.67/1.0/1.47
13.0,3902.5750386666664,3581.3301681410594,false,joint_anchored_linear_kill,shared,A2780cis,20k,0.67,IC25,0.25,adaptation_theta_logistic_growth,densities=20k/30k;doses=0.67/1.0/1.47
14.0,2987.771682,3590.576328292998,false,joint_anchored_linear_kill,shared,A2780cis,20k,0.67,IC25,0.25,adaptation_theta_logistic_growth,densities=20k/30k;doses=0.67/1.0/1.47
0.0,67.0,67.0,true,joint_anchored_linear_kill,shared,A2780cis,20k,1.0,IC50,0.5,adaptation_theta_logistic_growth,densities=20k/30k;doses=0.67/1.0/1.47
1.0,82.57476866666666,68.42821623772399,false,joint_anchored_linear_kill,shared,A2780cis,20k,1.0,IC50,0.5,adaptation_theta_logistic_growth,densities=20k/30k;doses=0.67/1.0/1.47
2.0,153.74926733333334,86.94333025430313,false,joint_anchored_linear_kill,shared,A2780cis,20k,1.0,IC50,0.5,adaptation_theta_logistic_growth,densities=20k/30k;doses=0.67/1.0/1.47
3.0,298.6227236666667,131.27090426957247,false,joint_anchored_linear_kill,shared,A2780cis,20k,1.0,IC50,0.5,adaptation_theta_logistic_growth,densities=20k/30k;doses=0.67/1.0/1.47
4.0,584.2937496666667,225.59905388231695,false,joint_anchored_linear_kill,shared,A2780cis,20k,1.0,IC50,0.5,adaptation_theta_logistic_growth,densities=20k/30k;doses=0.67/1.0/1.47
5.0,1028.8575233333333,420.9503934257932,false,joint_anchored_linear_kill,shared,A2780cis,20k,1.0,IC50,0.5,adaptation_theta_logistic_growth,densities=20k/30k;doses=0.67/1.0/1.47
6.0,1728.4681713333332,801.2535134099634,false,joint_anchored_linear_kill,shared,A2780cis,20k,1.0,IC50,0.5,adaptation_theta_logistic_growth,densities=20k/30k;doses=0.67/1.0/1.47
7.0,2346.5103780000004,1429.126556486821,false,joint_anchored_linear_kill,shared,A2780cis,20k,1.0,IC50,0.5,adaptation_theta_logistic_growth,densities=20k/30k;doses=0.67/1.0/1.47
8.0,2305.3690973333332,2194.7277543066084,false,joint_anchored_linear_kill,shared,A2780cis,20k,1.0,IC50,0.5,adaptation_theta_logistic_growth,densities=20k/30k;doses=0.67/1.0/1.47
9.0,3049.6326773333335,2826.7874649291825,false,joint_anchored_linear_kill,shared,A2780cis,20k,1.0,IC50,0.5,adaptation_theta_logistic_growth,densities=20k/30k;doses=0.67/1.0/1.47
10.0,3134.858873333333,3193.76958138263,false,joint_anchored_linear_kill,shared,A2780cis,20k,1.0,IC50,0.5,adaptation_theta_logistic_growth,densities=20k/30k;doses=0.67/1.0/1.47
11.0,3720.5385029999998,3363.5911662597864,false,joint_anchored_linear_kill,shared,A2780cis,20k,1.0,IC50,0.5,adaptation_theta_logistic_growth,densities=20k/30k;doses=0.67/1.0/1.47
12.0,2824.6677086666664,3434.6891946498495,false,joint_anchored_linear_kill,shared,A2780cis,20k,1.0,IC50,0.5,adaptation_theta_logistic_growth,densities=20k/30k;doses=0.67/1.0/1.47
13.0,3906.9917053333334,3464.4372198433057,false,joint_anchored_linear_kill,shared,A2780cis,20k,1.0,IC50,0.5,adaptation_theta_logistic_growth,densities=20k/30k;doses=0.67/1.0/1.47
14.0,4011.9759260000005,3477.963515827017,false,joint_anchored_linear_kill,shared,A2780cis,20k,1.0,IC50,0.5,adaptation_theta_logistic_growth,densities=20k/30k;doses=0.67/1.0/1.47
0.0,67.0,67.0,true,joint_anchored_linear_kill,shared,A2780cis,20k,1.47,IC75,0.75,adaptation_theta_logistic_growth,densities=20k/30k;doses=0.67/1.0/1.47
1.0,66.07534733333334,65.14164110729261,false,joint_anchored_linear_kill,shared,A2780cis,20k,1.47,IC75,0.75,adaptation_theta_logistic_growth,densities=20k/30k;doses=0.67/1.0/1.47
2.0,136.019406,78.83071003720823,false,joint_anchored_linear_kill,shared,A2780cis,20k,1.47,IC75,0.75,adaptation_theta_logistic_growth,densities=20k/30k;doses=0.67/1.0/1.47
3.0,262.4119983333333,113.50988386211905,false,joint_anchored_linear_kill,shared,A2780cis,20k,1.47,IC75,0.75,adaptation_theta_logistic_growth,densities=20k/30k;doses=0.67/1.0/1.47
4.0,627.1851849999999,186.64842587139972,false,joint_anchored_linear_kill,shared,A2780cis,20k,1.47,IC75,0.75,adaptation_theta_logistic_growth,densities=20k/30k;doses=0.67/1.0/1.47
5.0,1055.7064813333334,335.8574605063488,false,joint_anchored_linear_kill,shared,A2780cis,20k,1.47,IC75,0.75,adaptation_theta_logistic_growth,densities=20k/30k;doses=0.67/1.0/1.47
6.0,1644.4327546666666,627.2567045300829,false,joint_anchored_linear_kill,shared,A2780cis,20k,1.47,IC75,0.75,adaptation_theta_logistic_growth,densities=20k/30k;doses=0.67/1.0/1.47
7.0,1888.7926696666666,1131.4877532579098,false,joint_anchored_linear_kill,shared,A2780cis,20k,1.47,IC75,0.75,adaptation_theta_logistic_growth,densities=20k/30k;doses=0.67/1.0/1.47
8.0,1640.846373333333,1816.1723966205013,false,joint_anchored_linear_kill,shared,A2780cis,20k,1.47,IC75,0.75,adaptation_theta_logistic_growth,densities=20k/30k;doses=0.67/1.0/1.47
9.0,2390.4506556666665,2473.1005513185764,false,joint_anchored_linear_kill,shared,A2780cis,20k,1.47,IC75,0.75,adaptation_theta_logistic_growth,densities=20k/30k;doses=0.67/1.0/1.47
10.0,1885.2126543333334,2915.206388962523,false,joint_anchored_linear_kill,shared,A2780cis,20k,1.47,IC75,0.75,adaptation_theta_logistic_growth,densities=20k/30k;doses=0.67/1.0/1.47
11.0,2693.7878856666666,3144.702048150938,false,joint_anchored_linear_kill,shared,A2780cis,20k,1.47,IC75,0.75,adaptation_theta_logistic_growth,densities=20k/30k;doses=0.67/1.0/1.47
12.0,2554.914467666667,3248.860074399186,false,joint_anchored_linear_kill,shared,A2780cis,20k,1.47,IC75,0.75,adaptation_theta_logistic_growth,densities=20k/30k;doses=0.67/1.0/1.47
13.0,3229.3090276666667,3294.8127301872996,false,joint_anchored_linear_kill,shared,A2780cis,20k,1.47,IC75,0.75,adaptation_theta_logistic_growth,densities=20k/30k;doses=0.67/1.0/1.47
14.0,3171.784760666667,3316.262492855494,false,joint_anchored_linear_kill,shared,A2780cis,20k,1.47,IC75,0.75,adaptation_theta_logistic_growth,densities=20k/30k;doses=0.67/1.0/1.47
0.0,100.0,100.0,true,joint_anchored_linear_kill,shared,A2780cis,30k,0.67,IC25,0.25,adaptation_theta_logistic_growth,densities=20k/30k;doses=0.67/1.0/1.47
1.0,119.12291633333332,105.59470746735026,false,joint_anchored_linear_kill,shared,A2780cis,30k,0.67,IC25,0.25,adaptation_theta_logistic_growth,densities=20k/30k;doses=0.67/1.0/1.47
2.0,208.10995366666666,138.29033689866,false,joint_anchored_linear_kill,shared,A2780cis,30k,0.67,IC25,0.25,adaptation_theta_logistic_growth,densities=20k/30k;doses=0.67/1.0/1.47
3.0,381.1926696666667,214.04846539370817,false,joint_anchored_linear_kill,shared,A2780cis,30k,0.67,IC25,0.25,adaptation_theta_logistic_growth,densities=20k/30k;doses=0.67/1.0/1.47
4.0,731.6507716666666,372.9115543121723,false,joint_anchored_linear_kill,shared,A2780cis,30k,0.67,IC25,0.25,adaptation_theta_logistic_growth,densities=20k/30k;doses=0.67/1.0/1.47
5.0,1291.6760416666666,689.3620005395234,false,joint_anchored_linear_kill,shared,A2780cis,30k,0.67,IC25,0.25,adaptation_theta_logistic_growth,densities=20k/30k;doses=0.67/1.0/1.47
6.0,1980.2315586666666,1247.982137612922,false,joint_anchored_linear_kill,shared,A2780cis,30k,0.67,IC25,0.25,adaptation_theta_logistic_growth,densities=20k/30k;doses=0.67/1.0/1.47
7.0,2670.8478393333335,2014.5698634949413,false,joint_anchored_linear_kill,shared,A2780cis,30k,0.67,IC25,0.25,adaptation_theta_logistic_growth,densities=20k/30k;doses=0.67/1.0/1.47
8.0,2545.009915,2740.0072775268336,false,joint_anchored_linear_kill,shared,A2780cis,30k,0.67,IC25,0.25,adaptation_theta_logistic_growth,densities=20k/30k;doses=0.67/1.0/1.47
9.0,3548.7987266666664,3207.642377328368,false,joint_anchored_linear_kill,shared,A2780cis,30k,0.67,IC25,0.25,adaptation_theta_logistic_growth,densities=20k/30k;doses=0.67/1.0/1.47
10.0,2897.7104553333334,3435.0056740670666,false,joint_anchored_linear_kill,shared,A2780cis,30k,0.67,IC25,0.25,adaptation_theta_logistic_growth,densities=20k/30k;doses=0.67/1.0/1.47
11.0,3797.833449333333,3530.0802465122583,false,joint_anchored_linear_kill,shared,A2780cis,30k,0.67,IC25,0.25,adaptation_theta_logistic_growth,densities=20k/30k;doses=0.67/1.0/1.47
12.0,2884.930285666667,3568.099250889939,false,joint_anchored_linear_kill,shared,A2780cis,30k,0.67,IC25,0.25,adaptation_theta_logistic_growth,densities=20k/30k;doses=0.67/1.0/1.47
13.0,4146.366087666666,3583.960327653186,false,joint_anchored_linear_kill,shared,A2780cis,30k,0.67,IC25,0.25,adaptation_theta_logistic_growth,densities=20k/30k;doses=0.67/1.0/1.47
14.0,3326.884761,3591.432106092402,false,joint_anchored_linear_kill,shared,A2780cis,30k,0.67,IC25,0.25,adaptation_theta_logistic_growth,densities=20k/30k;doses=0.67/1.0/1.47
0.0,100.0,100.0,true,joint_anchored_linear_kill,shared,A2780cis,30k,1.0,IC50,0.5,adaptation_theta_logistic_growth,densities=20k/30k;doses=0.67/1.0/1.47
1.0,117.62118066666666,102.01063859051565,false,joint_anchored_linear_kill,shared,A2780cis,30k,1.0,IC50,0.5,adaptation_theta_logistic_growth,densities=20k/30k;doses=0.67/1.0/1.47
2.0,206.52970666666667,129.1318210883776,false,joint_anchored_linear_kill,shared,A2780cis,30k,1.0,IC50,0.5,adaptation_theta_logistic_growth,densities=20k/30k;doses=0.67/1.0/1.47
3.0,392.79753066666666,193.4840139847706,false,joint_anchored_linear_kill,shared,A2780cis,30k,1.0,IC50,0.5,adaptation_theta_logistic_growth,densities=20k/30k;doses=0.67/1.0/1.47
4.0,793.1631946666666,327.54423429414487,false,joint_anchored_linear_kill,shared,A2780cis,30k,1.0,IC50,0.5,adaptation_theta_logistic_growth,densities=20k/30k;doses=0.67/1.0/1.47
5.0,1328.3501159999998,593.566164043387,false,joint_anchored_linear_kill,shared,A2780cis,30k,1.0,IC50,0.5,adaptation_theta_logistic_growth,densities=20k/30k;doses=0.67/1.0/1.47
6.0,1947.6582176666668,1071.7117471119204,false,joint_anchored_linear_kill,shared,A2780cis,30k,1.0,IC50,0.5,adaptation_theta_logistic_growth,densities=20k/30k;doses=0.67/1.0/1.47
7.0,2594.510609333334,1765.7110878171343,false,joint_anchored_linear_kill,shared,A2780cis,30k,1.0,IC50,0.5,adaptation_theta_logistic_growth,densities=20k/30k;doses=0.67/1.0/1.47
8.0,2352.0106483333334,2485.7378145151306,false,joint_anchored_linear_kill,shared,A2780cis,30k,1.0,IC50,0.5,adaptation_theta_logistic_growth,densities=20k/30k;doses=0.67/1.0/1.47
9.0,3220.0850306666666,2999.6627763442402,false,joint_anchored_linear_kill,shared,A2780cis,30k,1.0,IC50,0.5,adaptation_theta_logistic_growth,densities=20k/30k;doses=0.67/1.0/1.47
10.0,2953.806751666667,3272.2353057580285,false,joint_anchored_linear_kill,shared,A2780cis,30k,1.0,IC50,0.5,adaptation_theta_logistic_growth,densities=20k/30k;doses=0.67/1.0/1.47
11.0,3595.1114196666663,3394.196099473398,false,joint_anchored_linear_kill,shared,A2780cis,30k,1.0,IC50,0.5,adaptation_theta_logistic_growth,densities=20k/30k;doses=0.67/1.0/1.47
12.0,2534.660455333333,3445.7298828040666,false,joint_anchored_linear_kill,shared,A2780cis,30k,1.0,IC50,0.5,adaptation_theta_logistic_growth,densities=20k/30k;doses=0.67/1.0/1.47
13.0,3853.449228666667,3468.2566982892204,false,joint_anchored_linear_kill,shared,A2780cis,30k,1.0,IC50,0.5,adaptation_theta_logistic_growth,densities=20k/30k;doses=0.67/1.0/1.47
14.0,4116.669907333334,3479.2519172352395,false,joint_anchored_linear_kill,shared,A2780cis,30k,1.0,IC50,0.5,adaptation_theta_logistic_growth,densities=20k/30k;doses=0.67/1.0/1.47
0.0,100.0,100.0,true,joint_anchored_linear_kill,shared,A2780cis,30k,1.47,IC75,0.75,adaptation_theta_logistic_growth,densities=20k/30k;doses=0.67/1.0/1.47
1.0,73.88472200000001,97.11470809962773,false,joint_anchored_linear_kill,shared,A2780cis,30k,1.47,IC75,0.75,adaptation_theta_logistic_growth,densities=20k/30k;doses=0.67/1.0/1.47
2.0,143.64463766666665,117.11809567600402,false,joint_anchored_linear_kill,shared,A2780cis,30k,1.47,IC75,0.75,adaptation_theta_logistic_growth,densities=20k/30k;doses=0.67/1.0/1.47
3.0,301.875849,167.4998343964314,false,joint_anchored_linear_kill,shared,A2780cis,30k,1.47,IC75,0.75,adaptation_theta_logistic_growth,densities=20k/30k;doses=0.67/1.0/1.47
4.0,670.1066746666667,271.90799579920724,false,joint_anchored_linear_kill,shared,A2780cis,30k,1.47,IC75,0.75,adaptation_theta_logistic_growth,densities=20k/30k;doses=0.67/1.0/1.47
5.0,1170.9108796666667,477.5416513694537,false,joint_anchored_linear_kill,shared,A2780cis,30k,1.47,IC75,0.75,adaptation_theta_logistic_growth,densities=20k/30k;doses=0.67/1.0/1.47
6.0,1348.3380016666667,853.5846690475291,false,joint_anchored_linear_kill,shared,A2780cis,30k,1.47,IC75,0.75,adaptation_theta_logistic_growth,densities=20k/30k;doses=0.67/1.0/1.47
7.0,1881.759761,1436.680415819743,false,joint_anchored_linear_kill,shared,A2780cis,30k,1.47,IC75,0.75,adaptation_theta_logistic_growth,densities=20k/30k;doses=0.67/1.0/1.47
8.0,1606.1887733333333,2118.9633407509896,false,joint_anchored_linear_kill,shared,A2780cis,30k,1.47,IC75,0.75,adaptation_theta_logistic_growth,densities=20k/30k;doses=0.67/1.0/1.47
9.0,2421.258526333333,2682.092998721714,false,joint_anchored_linear_kill,shared,A2780cis,30k,1.47,IC75,0.75,adaptation_theta_logistic_growth,densities=20k/30k;doses=0.67/1.0/1.47
10.0,1957.2380400000002,3022.3626227671894,false,joint_anchored_linear_kill,shared,A2780cis,30k,1.47,IC75,0.75,adaptation_theta_logistic_growth,densities=20k/30k;doses=0.67/1.0/1.47
11.0,2537.103395,3190.3853145016983,false,joint_anchored_linear_kill,shared,A2780cis,30k,1.47,IC75,0.75,adaptation_theta_logistic_growth,densities=20k/30k;doses=0.67/1.0/1.47
12.0,2244.322531,3266.4984767299084,false,joint_anchored_linear_kill,shared,A2780cis,30k,1.47,IC75,0.75,adaptation_theta_logistic_growth,densities=20k/30k;doses=0.67/1.0/1.47
13.0,2827.4429400000004,3301.275023202826,false,joint_anchored_linear_kill,shared,A2780cis,30k,1.47,IC75,0.75,adaptation_theta_logistic_growth,densities=20k/30k;doses=0.67/1.0/1.47
14.0,3433.938387333333,3318.560102531435,false,joint_anchored_linear_kill,shared,A2780cis,30k,1.47,IC75,0.75,adaptation_theta_logistic_growth,densities=20k/30k;doses=0.67/1.0/1.47
0.0,67.0,67.0,true,joint_ic_effect_hill_ramp,shared,A2780cis,20k,0.67,IC25,0.25,adaptation_theta_logistic_growth,densities=20k/30k;doses=0.67/1.0/1.47
1.0,79.832716,75.98223715153144,false,joint_ic_effect_hill_ramp,shared,A2780cis,20k,0.67,IC25,0.25,adaptation_theta_logistic_growth,densities=20k/30k;doses=0.67/1.0/1.47
2.0,136.68186733333332,107.07135843121073,false,joint_ic_effect_hill_ramp,shared,A2780cis,20k,0.67,IC25,0.25,adaptation_theta_logistic_growth,densities=20k/30k;doses=0.67/1.0/1.47
3.0,256.032137,178.66956474507995,false,joint_ic_effect_hill_ramp,shared,A2780cis,20k,0.67,IC25,0.25,adaptation_theta_logistic_growth,densities=20k/30k;doses=0.67/1.0/1.47
4.0,551.4876543333334,336.2223455275376,false,joint_ic_effect_hill_ramp,shared,A2780cis,20k,0.67,IC25,0.25,adaptation_theta_logistic_growth,densities=20k/30k;doses=0.67/1.0/1.47
5.0,932.248611,671.1114661919795,false,joint_ic_effect_hill_ramp,shared,A2780cis,20k,0.67,IC25,0.25,adaptation_theta_logistic_growth,densities=20k/30k;doses=0.67/1.0/1.47
6.0,1630.1435956666667,1299.7605088968612,false,joint_ic_effect_hill_ramp,shared,A2780cis,20k,0.67,IC25,0.25,adaptation_theta_logistic_growth,densities=20k/30k;doses=0.67/1.0/1.47
7.0,2349.2489583333336,2188.1464256109734,false,joint_ic_effect_hill_ramp,shared,A2780cis,20k,0.67,IC25,0.25,adaptation_theta_logistic_growth,densities=20k/30k;doses=0.67/1.0/1.47
8.0,2344.200308666667,3005.6383760195054,false,joint_ic_effect_hill_ramp,shared,A2780cis,20k,0.67,IC25,0.25,adaptation_theta_logistic_growth,densities=20k/30k;doses=0.67/1.0/1.47
9.0,3261.814429,3491.6540450300267,false,joint_ic_effect_hill_ramp,shared,A2780cis,20k,0.67,IC25,0.25,adaptation_theta_logistic_growth,densities=20k/30k;doses=0.67/1.0/1.47
10.0,2744.403163333333,3703.2741326472324,false,joint_ic_effect_hill_ramp,shared,A2780cis,20k,0.67,IC25,0.25,adaptation_theta_logistic_growth,densities=20k/30k;doses=0.67/1.0/1.47
11.0,3624.0109566666665,3780.8183685918907,false,joint_ic_effect_hill_ramp,shared,A2780cis,20k,0.67,IC25,0.25,adaptation_theta_logistic_growth,densities=20k/30k;doses=0.67/1.0/1.47
12.0,2656.8393906666665,3806.8531576602054,false,joint_ic_effect_hill_ramp,shared,A2780cis,20k,0.67,IC25,0.25,adaptation_theta_logistic_growth,densities=20k/30k;doses=0.67/1.0/1.47
13.0,3902.5750386666664,3815.188475136028,false,joint_ic_effect_hill_ramp,shared,A2780cis,20k,0.67,IC25,0.25,adaptation_theta_logistic_growth,densities=20k/30k;doses=0.67/1.0/1.47
14.0,2987.771682,3817.7780223033187,false,joint_ic_effect_hill_ramp,shared,A2780cis,20k,0.67,IC25,0.25,adaptation_theta_logistic_growth,densities=20k/30k;doses=0.67/1.0/1.47
0.0,67.0,67.0,true,joint_ic_effect_hill_ramp,shared,A2780cis,20k,1.0,IC50,0.5,adaptation_theta_logistic_growth,densities=20k/30k;doses=0.67/1.0/1.47
1.0,82.57476866666666,75.57269317375639,false,joint_ic_effect_hill_ramp,shared,A2780cis,20k,1.0,IC50,0.5,adaptation_theta_logistic_growth,densities=20k/30k;doses=0.67/1.0/1.47
2.0,153.74926733333334,104.85101379299005,false,joint_ic_effect_hill_ramp,shared,A2780cis,20k,1.0,IC50,0.5,adaptation_theta_logistic_growth,densities=20k/30k;doses=0.67/1.0/1.47
3.0,298.6227236666667,170.74041612617688,false,joint_ic_effect_hill_ramp,shared,A2780cis,20k,1.0,IC50,0.5,adaptation_theta_logistic_growth,densities=20k/30k;doses=0.67/1.0/1.47
4.0,584.2937496666667,311.48069337225235,false,joint_ic_effect_hill_ramp,shared,A2780cis,20k,1.0,IC50,0.5,adaptation_theta_logistic_growth,densities=20k/30k;doses=0.67/1.0/1.47
5.0,1028.8575233333333,601.8972037238483,false,joint_ic_effect_hill_ramp,shared,A2780cis,20k,1.0,IC50,0.5,adaptation_theta_logistic_growth,densities=20k/30k;doses=0.67/1.0/1.47
6.0,1728.4681713333332,1139.2827735194974,false,joint_ic_effect_hill_ramp,shared,A2780cis,20k,1.0,IC50,0.5,adaptation_theta_logistic_growth,densities=20k/30k;doses=0.67/1.0/1.47
7.0,2346.5103780000004,1916.4353243429944,false,joint_ic_effect_hill_ramp,shared,A2780cis,20k,1.0,IC50,0.5,adaptation_theta_logistic_growth,densities=20k/30k;doses=0.67/1.0/1.47
8.0,2305.3690973333332,2682.5618751394754,false,joint_ic_effect_hill_ramp,shared,A2780cis,20k,1.0,IC50,0.5,adaptation_theta_logistic_growth,densities=20k/30k;doses=0.67/1.0/1.47
9.0,3049.6326773333335,3181.414020769066,false,joint_ic_effect_hill_ramp,shared,A2780cis,20k,1.0,IC50,0.5,adaptation_theta_logistic_growth,densities=20k/30k;doses=0.67/1.0/1.47
10.0,3134.858873333333,3415.7684785167085,false,joint_ic_effect_hill_ramp,shared,A2780cis,20k,1.0,IC50,0.5,adaptation_theta_logistic_growth,densities=20k/30k;doses=0.67/1.0/1.47
11.0,3720.5385029999998,3503.7567135721442,false,joint_ic_effect_hill_ramp,shared,A2780cis,20k,1.0,IC50,0.5,adaptation_theta_logistic_growth,densities=20k/30k;doses=0.67/1.0/1.47
12.0,2824.6677086666664,3529.9530104667037,false,joint_ic_effect_hill_ramp,shared,A2780cis,20k,1.0,IC50,0.5,adaptation_theta_logistic_growth,densities=20k/30k;doses=0.67/1.0/1.47
13.0,3906.9917053333334,3533.2992451694276,false,joint_ic_effect_hill_ramp,shared,A2780cis,20k,1.0,IC50,0.5,adaptation_theta_logistic_growth,densities=20k/30k;doses=0.67/1.0/1.47
14.0,4011.9759260000005,3528.871767709436,false,joint_ic_effect_hill_ramp,shared,A2780cis,20k,1.0,IC50,0.5,adaptation_theta_logistic_growth,densities=20k/30k;doses=0.67/1.0/1.47
0.0,67.0,67.0,true,joint_ic_effect_hill_ramp,shared,A2780cis,20k,1.47,IC75,0.75,adaptation_theta_logistic_growth,densities=20k/30k;doses=0.67/1.0/1.47
1.0,66.07534733333334,74.46199985660303,false,joint_ic_effect_hill_ramp,shared,A2780cis,20k,1.47,IC75,0.75,adaptation_theta_logistic_growth,densities=20k/30k;doses=0.67/1.0/1.47
2.0,136.019406,99.0004559549817,false,joint_ic_effect_hill_ramp,shared,A2780cis,20k,1.47,IC75,0.75,adaptation_theta_logistic_growth,densities=20k/30k;doses=0.67/1.0/1.47
3.0,262.4119983333333,150.75565203358516,false,joint_ic_effect_hill_ramp,shared,A2780cis,20k,1.47,IC75,0.75,adaptation_theta_logistic_growth,densities=20k/30k;doses=0.67/1.0/1.47
4.0,627.1851849999999,252.39399682821045,false,joint_ic_effect_hill_ramp,shared,A2780cis,20k,1.47,IC75,0.75,adaptation_theta_logistic_growth,densities=20k/30k;doses=0.67/1.0/1.47
5.0,1055.7064813333334,444.53385434071794,false,joint_ic_effect_hill_ramp,shared,A2780cis,20k,1.47,IC75,0.75,adaptation_theta_logistic_growth,densities=20k/30k;doses=0.67/1.0/1.47
6.0,1644.4327546666666,780.1727607654623,false,joint_ic_effect_hill_ramp,shared,A2780cis,20k,1.47,IC75,0.75,adaptation_theta_logistic_growth,densities=20k/30k;doses=0.67/1.0/1.47
7.0,1888.7926696666666,1278.0021918012874,false,joint_ic_effect_hill_ramp,shared,A2780cis,20k,1.47,IC75,0.75,adaptation_theta_logistic_growth,densities=20k/30k;doses=0.67/1.0/1.47
8.0,1640.846373333333,1845.2553314409915,false,joint_ic_effect_hill_ramp,shared,A2780cis,20k,1.47,IC75,0.75,adaptation_theta_logistic_growth,densities=20k/30k;doses=0.67/1.0/1.47
9.0,2390.4506556666665,2312.309491123395,false,joint_ic_effect_hill_ramp,shared,A2780cis,20k,1.47,IC75,0.75,adaptation_theta_logistic_growth,densities=20k/30k;doses=0.67/1.0/1.47
10.0,1885.2126543333334,2593.2731882677613,false,joint_ic_effect_hill_ramp,shared,A2780cis,20k,1.47,IC75,0.75,adaptation_theta_logistic_growth,densities=20k/30k;doses=0.67/1.0/1.47
11.0,2693.7878856666666,2721.4604281582665,false,joint_ic_effect_hill_ramp,shared,A2780cis,20k,1.47,IC75,0.75,adaptation_theta_logistic_growth,densities=20k/30k;doses=0.67/1.0/1.47
12.0,2554.914467666667,2762.1945770974253,false,joint_ic_effect_hill_ramp,shared,A2780cis,20k,1.47,IC75,0.75,adaptation_theta_logistic_growth,densities=20k/30k;doses=0.67/1.0/1.47
13.0,3229.3090276666667,2761.494245505979,false,joint_ic_effect_hill_ramp,shared,A2780cis,20k,1.47,IC75,0.75,adaptation_theta_logistic_growth,densities=20k/30k;doses=0.67/1.0/1.47
14.0,3171.784760666667,2743.291705207433,false,joint_ic_effect_hill_ramp,shared,A2780cis,20k,1.47,IC75,0.75,adaptation_theta_logistic_growth,densities=20k/30k;doses=0.67/1.0/1.47
0.0,100.0,100.0,true,joint_ic_effect_hill_ramp,shared,A2780cis,30k,0.67,IC25,0.25,adaptation_theta_logistic_growth,densities=20k/30k;doses=0.67/1.0/1.47
1.0,119.12291633333332,113.26250589328205,false,joint_ic_effect_hill_ramp,shared,A2780cis,30k,0.67,IC25,0.25,adaptation_theta_logistic_growth,densities=20k/30k;doses=0.67/1.0/1.47
2.0,208.10995366666666,158.91217993704853,false,joint_ic_effect_hill_ramp,shared,A2780cis,30k,0.67,IC25,0.25,adaptation_theta_logistic_growth,densities=20k/30k;doses=0.67/1.0/1.47
3.0,381.1926696666667,262.5794290706574,false,joint_ic_effect_hill_ramp,shared,A2780cis,30k,0.67,IC25,0.25,adaptation_theta_logistic_growth,densities=20k/30k;doses=0.67/1.0/1.47
4.0,731.6507716666666,483.8524813211025,false,joint_ic_effect_hill_ramp,shared,A2780cis,30k,0.67,IC25,0.25,adaptation_theta_logistic_growth,densities=20k/30k;doses=0.67/1.0/1.47
5.0,1291.6760416666666,925.5625055223474,false,joint_ic_effect_hill_ramp,shared,A2780cis,30k,0.67,IC25,0.25,adaptation_theta_logistic_growth,densities=20k/30k;doses=0.67/1.0/1.47
6.0,1980.2315586666666,1664.503182908933,false,joint_ic_effect_hill_ramp,shared,A2780cis,30k,0.67,IC25,0.25,adaptation_theta_logistic_growth,densities=20k/30k;doses=0.67/1.0/1.47
7.0,2670.8478393333335,2548.2274767496606,false,joint_ic_effect_hill_ramp,shared,A2780cis,30k,0.67,IC25,0.25,adaptation_theta_logistic_growth,densities=20k/30k;doses=0.67/1.0/1.47
8.0,2545.009915,3232.86747410803,false,joint_ic_effect_hill_ramp,shared,A2780cis,30k,0.67,IC25,0.25,adaptation_theta_logistic_growth,densities=20k/30k;doses=0.67/1.0/1.47
9.0,3548.7987266666664,3593.150936525475,false,joint_ic_effect_hill_ramp,shared,A2780cis,30k,0.67,IC25,0.25,adaptation_theta_logistic_growth,densities=20k/30k;doses=0.67/1.0/1.47
10.0,2897.7104553333334,3740.5918484249014,false,joint_ic_effect_hill_ramp,shared,A2780cis,30k,0.67,IC25,0.25,adaptation_theta_logistic_growth,densities=20k/30k;doses=0.67/1.0/1.47
11.0,3797.833449333333,3793.28263826303,false,joint_ic_effect_hill_ramp,shared,A2780cis,30k,0.67,IC25,0.25,adaptation_theta_logistic_growth,densities=20k/30k;doses=0.67/1.0/1.47
12.0,2884.930285666667,3810.8161052870123,false,joint_ic_effect_hill_ramp,shared,A2780cis,30k,0.67,IC25,0.25,adaptation_theta_logistic_growth,densities=20k/30k;doses=0.67/1.0/1.47
13.0,4146.366087666666,3816.412406833001,false,joint_ic_effect_hill_ramp,shared,A2780cis,30k,0.67,IC25,0.25,adaptation_theta_logistic_growth,densities=20k/30k;doses=0.67/1.0/1.47
14.0,3326.884761,3818.1486336085804,false,joint_ic_effect_hill_ramp,shared,A2780cis,30k,0.67,IC25,0.25,adaptation_theta_logistic_growth,densities=20k/30k;doses=0.67/1.0/1.47
0.0,100.0,100.0,true,joint_ic_effect_hill_ramp,shared,A2780cis,30k,1.0,IC50,0.5,adaptation_theta_logistic_growth,densities=20k/30k;doses=0.67/1.0/1.47
1.0,117.62118066666666,112.65240087232209,false,joint_ic_effect_hill_ramp,shared,A2780cis,30k,1.0,IC50,0.5,adaptation_theta_logistic_growth,densities=20k/30k;doses=0.67/1.0/1.47
2.0,206.52970666666667,155.62614126846614,false,joint_ic_effect_hill_ramp,shared,A2780cis,30k,1.0,IC50,0.5,adaptation_theta_logistic_growth,densities=20k/30k;doses=0.67/1.0/1.47
3.0,392.79753066666666,251.02059249094728,false,joint_ic_effect_hill_ramp,shared,A2780cis,30k,1.0,IC50,0.5,adaptation_theta_logistic_growth,densities=20k/30k;doses=0.67/1.0/1.47
4.0,793.1631946666666,448.94482211749227,false,joint_ic_effect_hill_ramp,shared,A2780cis,30k,1.0,IC50,0.5,adaptation_theta_logistic_growth,densities=20k/30k;doses=0.67/1.0/1.47
5.0,1328.3501159999998,834.1632754486656,false,joint_ic_effect_hill_ramp,shared,A2780cis,30k,1.0,IC50,0.5,adaptation_theta_logistic_growth,densities=20k/30k;doses=0.67/1.0/1.47
6.0,1947.6582176666668,1475.1935736462326,false,joint_ic_effect_hill_ramp,shared,A2780cis,30k,1.0,IC50,0.5,adaptation_theta_logistic_growth,densities=20k/30k;doses=0.67/1.0/1.47
7.0,2594.510609333334,2267.8741119181727,false,joint_ic_effect_hill_ramp,shared,A2780cis,30k,1.0,IC50,0.5,adaptation_theta_logistic_growth,densities=20k/30k;doses=0.67/1.0/1.47
8.0,2352.0106483333334,2926.7696881701695,false,joint_ic_effect_hill_ramp,shared,A2780cis,30k,1.0,IC50,0.5,adaptation_theta_logistic_growth,densities=20k/30k;doses=0.67/1.0/1.47
9.0,3220.0850306666666,3302.1809112752658,false,joint_ic_effect_hill_ramp,shared,A2780cis,30k,1.0,IC50,0.5,adaptation_theta_logistic_growth,densities=20k/30k;doses=0.67/1.0/1.47
10.0,2953.806751666667,3464.4262775283582,false,joint_ic_effect_hill_ramp,shared,A2780cis,30k,1.0,IC50,0.5,adaptation_theta_logistic_growth,densities=20k/30k;doses=0.67/1.0/1.47
11.0,3595.1114196666663,3521.425080494349,false,joint_ic_effect_hill_ramp,shared,A2780cis,30k,1.0,IC50,0.5,adaptation_theta_logistic_growth,densities=20k/30k;doses=0.67/1.0/1.47
12.0,2534.660455333333,3536.0456795704863,false,joint_ic_effect_hill_ramp,shared,A2780cis,30k,1.0,IC50,0.5,adaptation_theta_logistic_growth,densities=20k/30k;doses=0.67/1.0/1.47
13.0,3853.449228666667,3535.3423669310196,false,joint_ic_effect_hill_ramp,shared,A2780cis,30k,1.0,IC50,0.5,adaptation_theta_logistic_growth,densities=20k/30k;doses=0.67/1.0/1.47
14.0,4116.669907333334,3529.5453150120507,false,joint_ic_effect_hill_ramp,shared,A2780cis,30k,1.0,IC50,0.5,adaptation_theta_logistic_growth,densities=20k/30k;doses=0.67/1.0/1.47
0.0,100.0,100.0,true,joint_ic_effect_hill_ramp,shared,A2780cis,30k,1.47,IC75,0.75,adaptation_theta_logistic_growth,densities=20k/30k;doses=0.67/1.0/1.47
1.0,73.88472200000001,110.99776395430082,false,joint_ic_effect_hill_ramp,shared,A2780cis,30k,1.47,IC75,0.75,adaptation_theta_logistic_growth,densities=20k/30k;doses=0.67/1.0/1.47
2.0,143.64463766666665,146.96592243606878,false,joint_ic_effect_hill_ramp,shared,A2780cis,30k,1.47,IC75,0.75,adaptation_theta_logistic_growth,densities=20k/30k;doses=0.67/1.0/1.47
3.0,301.875849,221.8547241414905,false,joint_ic_effect_hill_ramp,shared,A2780cis,30k,1.47,IC75,0.75,adaptation_theta_logistic_growth,densities=20k/30k;doses=0.67/1.0/1.47
4.0,670.1066746666667,365.1995078465684,false,joint_ic_effect_hill_ramp,shared,A2780cis,30k,1.47,IC75,0.75,adaptation_theta_logistic_growth,densities=20k/30k;doses=0.67/1.0/1.47
5.0,1170.9108796666667,623.4514932512388,false,joint_ic_effect_hill_ramp,shared,A2780cis,30k,1.47,IC75,0.75,adaptation_theta_logistic_growth,densities=20k/30k;doses=0.67/1.0/1.47
6.0,1348.3380016666667,1038.3813697232172,false,joint_ic_effect_hill_ramp,shared,A2780cis,30k,1.47,IC75,0.75,adaptation_theta_logistic_growth,densities=20k/30k;doses=0.67/1.0/1.47
7.0,1881.759761,1580.788673029265,false,joint_ic_effect_hill_ramp,shared,A2780cis,30k,1.47,IC75,0.75,adaptation_theta_logistic_growth,densities=20k/30k;doses=0.67/1.0/1.47
8.0,1606.1887733333333,2110.2655392521574,false,joint_ic_effect_hill_ramp,shared,A2780cis,30k,1.47,IC75,0.75,adaptation_theta_logistic_growth,densities=20k/30k;doses=0.67/1.0/1.47
9.0,2421.258526333333,2485.554797797655,false,joint_ic_effect_hill_ramp,shared,A2780cis,30k,1.47,IC75,0.75,adaptation_theta_logistic_growth,densities=20k/30k;doses=0.67/1.0/1.47
10.0,1957.2380400000002,2684.561351130874,false,joint_ic_effect_hill_ramp,shared,A2780cis,30k,1.47,IC75,0.75,adaptation_theta_logistic_growth,densities=20k/30k;doses=0.67/1.0/1.47
11.0,2537.103395,2763.811838514518,false,joint_ic_effect_hill_ramp,shared,A2780cis,30k,1.47,IC75,0.75,adaptation_theta_logistic_growth,densities=20k/30k;doses=0.67/1.0/1.47
12.0,2244.322531,2780.599325700453,false,joint_ic_effect_hill_ramp,shared,A2780cis,30k,1.47,IC75,0.75,adaptation_theta_logistic_growth,densities=20k/30k;doses=0.67/1.0/1.47
13.0,2827.4429400000004,2769.2491856765287,false,joint_ic_effect_hill_ramp,shared,A2780cis,30k,1.47,IC75,0.75,adaptation_theta_logistic_growth,densities=20k/30k;doses=0.67/1.0/1.47
14.0,3433.938387333333,2746.5155850591077,false,joint_ic_effect_hill_ramp,shared,A2780cis,30k,1.47,IC75,0.75,adaptation_theta_logistic_growth,densities=20k/30k;doses=0.67/1.0/1.47
0.0,67.0,67.0,true,joint_ic_effect_hill_ramp_onset,shared,A2780cis,20k,0.67,IC25,0.25,adaptation_theta_logistic_growth,densities=20k/30k;doses=0.67/1.0/1.47
1.0,79.832716,75.9824022820412,false,joint_ic_effect_hill_ramp_onset,shared,A2780cis,20k,0.67,IC25,0.25,adaptation_theta_logistic_growth,densities=20k/30k;doses=0.67/1.0/1.47
2.0,136.68186733333332,107.07226359215719,false,joint_ic_effect_hill_ramp_onset,shared,A2780cis,20k,0.67,IC25,0.25,adaptation_theta_logistic_growth,densities=20k/30k;doses=0.67/1.0/1.47
3.0,256.032137,178.67282499212803,false,joint_ic_effect_hill_ramp_onset,shared,A2780cis,20k,0.67,IC25,0.25,adaptation_theta_logistic_growth,densities=20k/30k;doses=0.67/1.0/1.47
4.0,551.4876543333334,336.2326662663219,false,joint_ic_effect_hill_ramp_onset,shared,A2780cis,20k,0.67,IC25,0.25,adaptation_theta_logistic_growth,densities=20k/30k;doses=0.67/1.0/1.47
5.0,932.248611,671.1407237417254,false,joint_ic_effect_hill_ramp_onset,shared,A2780cis,20k,0.67,IC25,0.25,adaptation_theta_logistic_growth,densities=20k/30k;doses=0.67/1.0/1.47
6.0,1630.1435956666667,1290.8497706398427,false,joint_ic_effect_hill_ramp_onset,shared,A2780cis,20k,0.67,IC25,0.25,adaptation_theta_logistic_growth,densities=20k/30k;doses=0.67/1.0/1.47
7.0,2349.2489583333336,2095.8552652258227,false,joint_ic_effect_hill_ramp_onset,shared,A2780cis,20k,0.67,IC25,0.25,adaptation_theta_logistic_growth,densities=20k/30k;doses=0.67/1.0/1.47
8.0,2344.200308666667,2836.99699422622,false,joint_ic_effect_hill_ramp_onset,shared,A2780cis,20k,0.67,IC25,0.25,adaptation_theta_logistic_growth,densities=20k/30k;doses=0.67/1.0/1.47
9.0,3261.814429,3298.5902579833573,false,joint_ic_effect_hill_ramp_onset,shared,A2780cis,20k,0.67,IC25,0.25,adaptation_theta_logistic_growth,densities=20k/30k;doses=0.67/1.0/1.47
10.0,2744.403163333333,3514.957855820841,false,joint_ic_effect_hill_ramp_onset,shared,A2780cis,20k,0.67,IC25,0.25,adaptation_theta_logistic_growth,densities=20k/30k;doses=0.67/1.0/1.47
11.0,3624.0109566666665,3602.1700404992744,false,joint_ic_effect_hill_ramp_onset,shared,A2780cis,20k,0.67,IC25,0.25,adaptation_theta_logistic_growth,densities=20k/30k;doses=0.67/1.0/1.47
12.0,2656.8393906666665,3635.6546260155787,false,joint_ic_effect_hill_ramp_onset,shared,A2780cis,20k,0.67,IC25,0.25,adaptation_theta_logistic_growth,densities=20k/30k;doses=0.67/1.0/1.47
13.0,3902.5750386666664,3648.9588353176073,false,joint_ic_effect_hill_ramp_onset,shared,A2780cis,20k,0.67,IC25,0.25,adaptation_theta_logistic_growth,densities=20k/30k;doses=0.67/1.0/1.47
14.0,2987.771682,3654.8937121783115,false,joint_ic_effect_hill_ramp_onset,shared,A2780cis,20k,0.67,IC25,0.25,adaptation_theta_logistic_growth,densities=20k/30k;doses=0.67/1.0/1.47
0.0,67.0,67.0,true,joint_ic_effect_hill_ramp_onset,shared,A2780cis,20k,1.0,IC50,0.5,adaptation_theta_logistic_growth,densities=20k/30k;doses=0.67/1.0/1.47
1.0,82.57476866666666,75.9824022820412,false,joint_ic_effect_hill_ramp_onset,shared,A2780cis,20k,1.0,IC50,0.5,adaptation_theta_logistic_growth,densities=20k/30k;doses=0.67/1.0/1.47
2.0,153.74926733333334,107.07226359215719,false,joint_ic_effect_hill_ramp_onset,shared,A2780cis,20k,1.0,IC50,0.5,adaptation_theta_logistic_growth,densities=20k/30k;doses=0.67/1.0/1.47
3.0,298.6227236666667,178.67282499212803,false,joint_ic_effect_hill_ramp_onset,shared,A2780cis,20k,1.0,IC50,0.5,adaptation_theta_logistic_growth,densities=20k/30k;doses=0.67/1.0/1.47
4.0,584.2937496666667,336.2326662663219,false,joint_ic_effect_hill_ramp_onset,shared,A2780cis,20k,1.0,IC50,0.5,adaptation_theta_logistic_growth,densities=20k/30k;doses=0.67/1.0/1.47
5.0,1028.8575233333333,671.1407237417254,false,joint_ic_effect_hill_ramp_onset,shared,A2780cis,20k,1.0,IC50,0.5,adaptation_theta_logistic_growth,densities=20k/30k;doses=0.67/1.0/1.47
6.0,1728.4681713333332,1268.4384726956969,false,joint_ic_effect_hill_ramp_onset,shared,A2780cis,20k,1.0,IC50,0.5,adaptation_theta_logistic_growth,densities=20k/30k;doses=0.67/1.0/1.47
7.0,2346.5103780000004,1876.7396606882987,false,joint_ic_effect_hill_ramp_onset,shared,A2780cis,20k,1.0,IC50,0.5,adaptation_theta_logistic_growth,densities=20k/30k;doses=0.67/1.0/1.47
8.0,2305.3690973333332,2434.7744575338006,false,joint_ic_effect_hill_ramp_onset,shared,A2780cis,20k,1.0,IC50,0.5,adaptation_theta_logistic_growth,densities=20k/30k;doses=0.67/1.0/1.47
9.0,3049.6326773333335,2823.032807490615,false,joint_ic_effect_hill_ramp_onset,shared,A2780cis,20k,1.0,IC50,0.5,adaptation_theta_logistic_growth,densities=20k/30k;doses=0.67/1.0/1.47
10.0,3134.858873333333,3039.9246290575766,false,joint_ic_effect_hill_ramp_onset,shared,A2780cis,20k,1.0,IC50,0.5,adaptation_theta_logistic_growth,densities=20k/30k;doses=0.67/1.0/1.47
11.0,3720.5385029999998,3147.7373023073987,false,joint_ic_effect_hill_ramp_onset,shared,A2780cis,20k,1.0,IC50,0.5,adaptation_theta_logistic_growth,densities=20k/30k;doses=0.67/1.0/1.47
12.0,2824.6677086666664,3200.1275257869556,false,joint_ic_effect_hill_ramp_onset,shared,A2780cis,20k,1.0,IC50,0.5,adaptation_theta_logistic_growth,densities=20k/30k;doses=0.67/1.0/1.47
13.0,3906.9917053333334,3226.9695185451724,false,joint_ic_effect_hill_ramp_onset,shared,A2780cis,20k,1.0,IC50,0.5,adaptation_theta_logistic_growth,densities=20k/30k;doses=0.67/1.0/1.47
14.0,4011.9759260000005,3242.208570097125,false,joint_ic_effect_hill_ramp_onset,shared,A2780cis,20k,1.0,IC50,0.5,adaptation_theta_logistic_growth,densities=20k/30k;doses=0.67/1.0/1.47
0.0,67.0,67.0,true,joint_ic_effect_hill_ramp_onset,shared,A2780cis,20k,1.47,IC75,0.75,adaptation_theta_logistic_growth,densities=20k/30k;doses=0.67/1.0/1.47
1.0,66.07534733333334,75.9824022820412,false,joint_ic_effect_hill_ramp_onset,shared,A2780cis,20k,1.47,IC75,0.75,adaptation_theta_logistic_growth,densities=20k/30k;doses=0.67/1.0/1.47
2.0,136.019406,107.07226359215719,false,joint_ic_effect_hill_ramp_onset,shared,A2780cis,20k,1.47,IC75,0.75,adaptation_theta_logistic_growth,densities=20k/30k;doses=0.67/1.0/1.47
3.0,262.4119983333333,178.67282499212803,false,joint_ic_effect_hill_ramp_onset,shared,A2780cis,20k,1.47,IC75,0.75,adaptation_theta_logistic_growth,densities=20k/30k;doses=0.67/1.0/1.47
4.0,627.1851849999999,336.2326662663219,false,joint_ic_effect_hill_ramp_onset,shared,A2780cis,20k,1.47,IC75,0.75,adaptation_theta_logistic_growth,densities=20k/30k;doses=0.67/1.0/1.47
5.0,1055.7064813333334,671.1407237417254,false,joint_ic_effect_hill_ramp_onset,shared,A2780cis,20k,1.47,IC75,0.75,adaptation_theta_logistic_growth,densities=20k/30k;doses=0.67/1.0/1.47
6.0,1644.4327546666666,1242.8675389535401,false,joint_ic_effect_hill_ramp_onset,shared,A2780cis,20k,1.47,IC75,0.75,adaptation_theta_logistic_growth,densities=20k/30k;doses=0.67/1.0/1.47
7.0,1888.7926696666666,1646.5949197374403,false,joint_ic_effect_hill_ramp_onset,shared,A2780cis,20k,1.47,IC75,0.75,adaptation_theta_logistic_growth,densities=20k/30k;doses=0.67/1.0/1.47
8.0,1640.846373333333,2013.3162365485828,false,joint_ic_effect_hill_ramp_onset,shared,A2780cis,20k,1.47,IC75,0.75,adaptation_theta_logistic_growth,densities=20k/30k;doses=0.67/1.0/1.47
9.0,2390.4506556666665,2301.7895238018623,false,joint_ic_effect_hill_ramp_onset,shared,A2780cis,20k,1.47,IC75,0.75,adaptation_theta_logistic_growth,densities=20k/30k;doses=0.67/1.0/1.47
10.0,1885.2126543333334,2496.6632269581237,false,joint_ic_effect_hill_ramp_onset,shared,A2780cis,20k,1.47,IC75,0.75,adaptation_theta_logistic_growth,densities=20k/30k;doses=0.67/1.0/1.47
11.0,2693.7878856666666,2616.699943925471,false,joint_ic_effect_hill_ramp_onset,shared,A2780cis,20k,1.47,IC75,0.75,adaptation_theta_logistic_growth,densities=20k/30k;doses=0.67/1.0/1.47
12.0,2554.914467666667,2688.328176517049,false,joint_ic_effect_hill_ramp_onset,shared,A2780cis,20k,1.47,IC75,0.75,adaptation_theta_logistic_growth,densities=20k/30k;doses=0.67/1.0/1.47
13.0,3229.3090276666667,2731.7996613265577,false,joint_ic_effect_hill_ramp_onset,shared,A2780cis,20k,1.47,IC75,0.75,adaptation_theta_logistic_growth,densities=20k/30k;doses=0.67/1.0/1.47
14.0,3171.784760666667,2759.4727172951198,false,joint_ic_effect_hill_ramp_onset,shared,A2780cis,20k,1.47,IC75,0.75,adaptation_theta_logistic_growth,densities=20k/30k;doses=0.67/1.0/1.47
0.0,100.0,100.0,true,joint_ic_effect_hill_ramp_onset,shared,A2780cis,30k,0.67,IC25,0.25,adaptation_theta_logistic_growth,densities=20k/30k;doses=0.67/1.0/1.47
1.0,119.12291633333332,113.26275189781683,false,joint_ic_effect_hill_ramp_onset,shared,A2780cis,30k,0.67,IC25,0.25,adaptation_theta_logistic_growth,densities=20k/30k;doses=0.67/1.0/1.47
2.0,208.10995366666666,158.91351845896648,false,joint_ic_effect_hill_ramp_onset,shared,A2780cis,30k,0.67,IC25,0.25,adaptation_theta_logistic_growth,densities=20k/30k;doses=0.67/1.0/1.47
3.0,381.1926696666667,262.58418187456675,false,joint_ic_effect_hill_ramp_onset,shared,A2780cis,30k,0.67,IC25,0.25,adaptation_theta_logistic_growth,densities=20k/30k;doses=0.67/1.0/1.47
4.0,731.6507716666666,483.8670202920933,false,joint_ic_effect_hill_ramp_onset,shared,A2780cis,30k,0.67,IC25,0.25,adaptation_theta_logistic_growth,densities=20k/30k;doses=0.67/1.0/1.47
5.0,1291.6760416666666,925.6009792333555,false,joint_ic_effect_hill_ramp_onset,shared,A2780cis,30k,0.67,IC25,0.25,adaptation_theta_logistic_growth,densities=20k/30k;doses=0.67/1.0/1.47
6.0,1980.2315586666666,1653.1886298369977,false,joint_ic_effect_hill_ramp_onset,shared,A2780cis,30k,0.67,IC25,0.25,adaptation_theta_logistic_growth,densities=20k/30k;doses=0.67/1.0/1.47
7.0,2670.8478393333335,2445.5898212954667,false,joint_ic_effect_hill_ramp_onset,shared,A2780cis,30k,0.67,IC25,0.25,adaptation_theta_logistic_growth,densities=20k/30k;doses=0.67/1.0/1.47
8.0,2545.009915,3062.598488722392,false,joint_ic_effect_hill_ramp_onset,shared,A2780cis,30k,0.67,IC25,0.25,adaptation_theta_logistic_growth,densities=20k/30k;doses=0.67/1.0/1.47
9.0,3548.7987266666664,3404.558770183318,false,joint_ic_effect_hill_ramp_onset,shared,A2780cis,30k,0.67,IC25,0.25,adaptation_theta_logistic_growth,densities=20k/30k;doses=0.67/1.0/1.47
10.0,2897.7104553333334,3556.213729936039,false,joint_ic_effect_hill_ramp_onset,shared,A2780cis,30k,0.67,IC25,0.25,adaptation_theta_logistic_growth,densities=20k/30k;doses=0.67/1.0/1.47
11.0,3797.833449333333,3616.741096298092,false,joint_ic_effect_hill_ramp_onset,shared,A2780cis,30k,0.67,IC25,0.25,adaptation_theta_logistic_growth,densities=20k/30k;doses=0.67/1.0/1.47
12.0,2884.930285666667,3640.5421972145214,false,joint_ic_effect_hill_ramp_onset,shared,A2780cis,30k,0.67,IC25,0.25,adaptation_theta_logistic_growth,densities=20k/30k;doses=0.67/1.0/1.47
13.0,4146.366087666666,3650.548837705227,false,joint_ic_effect_hill_ramp_onset,shared,A2780cis,30k,0.67,IC25,0.25,adaptation_theta_logistic_growth,densities=20k/30k;doses=0.67/1.0/1.47
14.0,3326.884761,3655.4003885335524,false,joint_ic_effect_hill_ramp_onset,shared,A2780cis,30k,0.67,IC25,0.25,adaptation_theta_logistic_growth,densities=20k/30k;doses=0.67/1.0/1.47
0.0,100.0,100.0,true,joint_ic_effect_hill_ramp_onset,shared,A2780cis,30k,1.0,IC50,0.5,adaptation_theta_logistic_growth,densities=20k/30k;doses=0.67/1.0/1.47
1.0,117.62118066666666,113.26275189781683,false,joint_ic_effect_hill_ramp_onset,shared,A2780cis,30k,1.0,IC50,0.5,adaptation_theta_logistic_growth,densities=20k/30k;doses=0.67/1.0/1.47
2.0,206.52970666666667,158.91351845896648,false,joint_ic_effect_hill_ramp_onset,shared,A2780cis,30k,1.0,IC50,0.5,adaptation_theta_logistic_growth,densities=20k/30k;doses=0.67/1.0/1.47
3.0,392.79753066666666,262.58418187456675,false,joint_ic_effect_hill_ramp_onset,shared,A2780cis,30k,1.0,IC50,0.5,adaptation_theta_logistic_growth,densities=20k/30k;doses=0.67/1.0/1.47
4.0,793.1631946666666,483.8670202920933,false,joint_ic_effect_hill_ramp_onset,shared,A2780cis,30k,1.0,IC50,0.5,adaptation_theta_logistic_growth,densities=20k/30k;doses=0.67/1.0/1.47
5.0,1328.3501159999998,925.6009792333555,false,joint_ic_effect_hill_ramp_onset,shared,A2780cis,30k,1.0,IC50,0.5,adaptation_theta_logistic_growth,densities=20k/30k;doses=0.67/1.0/1.47
6.0,1947.6582176666668,1624.7435923466398,false,joint_ic_effect_hill_ramp_onset,shared,A2780cis,30k,1.0,IC50,0.5,adaptation_theta_logistic_growth,densities=20k/30k;doses=0.67/1.0/1.47
7.0,2594.510609333334,2200.6798320756507,false,joint_ic_effect_hill_ramp_onset,shared,A2780cis,30k,1.0,IC50,0.5,adaptation_theta_logistic_growth,densities=20k/30k;doses=0.67/1.0/1.47
8.0,2352.0106483333334,2653.3878809902844,false,joint_ic_effect_hill_ramp_onset,shared,A2780cis,30k,1.0,IC50,0.5,adaptation_theta_logistic_growth,densities=20k/30k;doses=0.67/1.0/1.47
9.0,3220.0850306666666,2938.5844180784325,false,joint_ic_effect_hill_ramp_onset,shared,A2780cis,30k,1.0,IC50,0.5,adaptation_theta_logistic_growth,densities=20k/30k;doses=0.67/1.0/1.47
10.0,2953.806751666667,3091.775420158584,false,joint_ic_effect_hill_ramp_onset,shared,A2780cis,30k,1.0,IC50,0.5,adaptation_theta_logistic_growth,densities=20k/30k;doses=0.67/1.0/1.47
11.0,3595.1114196666663,3168.8521190105052,false,joint_ic_effect_hill_ramp_onset,shared,A2780cis,30k,1.0,IC50,0.5,adaptation_theta_logistic_growth,densities=20k/30k;doses=0.67/1.0/1.47
12.0,2534.660455333333,3208.2531637702455,false,joint_ic_effect_hill_ramp_onset,shared,A2780cis,30k,1.0,IC50,0.5,adaptation_theta_logistic_growth,densities=20k/30k;doses=0.67/1.0/1.47
13.0,3853.449228666667,3229.98924740236,false,joint_ic_effect_hill_ramp_onset,shared,A2780cis,30k,1.0,IC50,0.5,adaptation_theta_logistic_growth,densities=20k/30k;doses=0.67/1.0/1.47
14.0,4116.669907333334,3243.3047700415773,false,joint_ic_effect_hill_ramp_onset,shared,A2780cis,30k,1.0,IC50,0.5,adaptation_theta_logistic_growth,densities=20k/30k;doses=0.67/1.0/1.47
0.0,100.0,100.0,true,joint_ic_effect_hill_ramp_onset,shared,A2780cis,30k,1.47,IC75,0.75,adaptation_theta_logistic_growth,densities=20k/30k;doses=0.67/1.0/1.47
1.0,73.88472200000001,113.26275189781683,false,joint_ic_effect_hill_ramp_onset,shared,A2780cis,30k,1.47,IC75,0.75,adaptation_theta_logistic_growth,densities=20k/30k;doses=0.67/1.0/1.47
2.0,143.64463766666665,158.91351845896648,false,joint_ic_effect_hill_ramp_onset,shared,A2780cis,30k,1.47,IC75,0.75,adaptation_theta_logistic_growth,densities=20k/30k;doses=0.67/1.0/1.47
3.0,301.875849,262.58418187456675,false,joint_ic_effect_hill_ramp_onset,shared,A2780cis,30k,1.47,IC75,0.75,adaptation_theta_logistic_growth,densities=20k/30k;doses=0.67/1.0/1.47
4.0,670.1066746666667,483.8670202920933,false,joint_ic_effect_hill_ramp_onset,shared,A2780cis,30k,1.47,IC75,0.75,adaptation_theta_logistic_growth,densities=20k/30k;doses=0.67/1.0/1.47
5.0,1170.9108796666667,925.6009792333555,false,joint_ic_effect_hill_ramp_onset,shared,A2780cis,30k,1.47,IC75,0.75,adaptation_theta_logistic_growth,densities=20k/30k;doses=0.67/1.0/1.47
6.0,1348.3380016666667,1592.2794764123983,false,joint_ic_effect_hill_ramp_onset,shared,A2780cis,30k,1.47,IC75,0.75,adaptation_theta_logistic_growth,densities=20k/30k;doses=0.67/1.0/1.47
7.0,1881.759761,1941.4276038631608,false,joint_ic_effect_hill_ramp_onset,shared,A2780cis,30k,1.47,IC75,0.75,adaptation_theta_logistic_growth,densities=20k/30k;doses=0.67/1.0/1.47
8.0,1606.1887733333333,2219.0650729729346,false,joint_ic_effect_hill_ramp_onset,shared,A2780cis,30k,1.47,IC75,0.75,adaptation_theta_logistic_growth,densities=20k/30k;doses=0.67/1.0/1.47
9.0,2421.258526333333,2424.0768809807846,false,joint_ic_effect_hill_ramp_onset,shared,A2780cis,30k,1.47,IC75,0.75,adaptation_theta_logistic_growth,densities=20k/30k;doses=0.67/1.0/1.47
10.0,1957.2380400000002,2560.792237497835,false,joint_ic_effect_hill_ramp_onset,shared,A2780cis,30k,1.47,IC75,0.75,adaptation_theta_logistic_growth,densities=20k/30k;doses=0.67/1.0/1.47
11.0,2537.103395,2647.5068338919696,false,joint_ic_effect_hill_ramp_onset,shared,A2780cis,30k,1.47,IC75,0.75,adaptation_theta_logistic_growth,densities=20k/30k;doses=0.67/1.0/1.47
12.0,2244.322531,2702.283882583964,false,joint_ic_effect_hill_ramp_onset,shared,A2780cis,30k,1.47,IC75,0.75,adaptation_theta_logistic_growth,densities=20k/30k;doses=0.67/1.0/1.47
13.0,2827.4429400000004,2737.8771615125174,false,joint_ic_effect_hill_ramp_onset,shared,A2780cis,30k,1.47,IC75,0.75,adaptation_theta_logistic_growth,densities=20k/30k;doses=0.67/1.0/1.47
14.0,3433.938387333333,2762.047872522058,false,joint_ic_effect_hill_ramp_onset,shared,A2780cis,30k,1.47,IC75,0.75,adaptation_theta_logistic_growth,densities=20k/30k;doses=0.67/1.0/1.47
0.0,67.0,67.0,true,joint_ic_effect_logistic_hill,shared,A2780cis,20k,0.67,IC25,0.25,adaptation_theta_logistic_growth,densities=20k/30k;doses=0.67/1.0/1.47
1.0,79.832716,75.72337217351779,false,joint_ic_effect_logistic_hill,shared,A2780cis,20k,0.67,IC25,0.25,adaptation_theta_logistic_growth,densities=20k/30k;doses=0.67/1.0/1.47
2.0,136.68186733333332,106.34794271933944,false,joint_ic_effect_logistic_hill,shared,A2780cis,20k,0.67,IC25,0.25,adaptation_theta_logistic_growth,densities=20k/30k;doses=0.67/1.0/1.47
3.0,256.032137,176.88969035072319,false,joint_ic_effect_logistic_hill,shared,A2780cis,20k,0.67,IC25,0.25,adaptation_theta_logistic_growth,densities=20k/30k;doses=0.67/1.0/1.47
4.0,551.4876543333334,331.919988779256,false,joint_ic_effect_logistic_hill,shared,A2780cis,20k,0.67,IC25,0.25,adaptation_theta_logistic_growth,densities=20k/30k;doses=0.67/1.0/1.47
5.0,932.248611,661.2407590555689,false,joint_ic_effect_logistic_hill,shared,A2780cis,20k,0.67,IC25,0.25,adaptation_theta_logistic_growth,densities=20k/30k;doses=0.67/1.0/1.47
6.0,1630.1435956666667,1280.6374829349907,false,joint_ic_effect_logistic_hill,shared,A2780cis,20k,0.67,IC25,0.25,adaptation_theta_logistic_growth,densities=20k/30k;doses=0.67/1.0/1.47
7.0,2349.2489583333336,2161.460024062826,false,joint_ic_effect_logistic_hill,shared,A2780cis,20k,0.67,IC25,0.25,adaptation_theta_logistic_growth,densities=20k/30k;doses=0.67/1.0/1.47
8.0,2344.200308666667,2980.1536014138005,false,joint_ic_effect_logistic_hill,shared,A2780cis,20k,0.67,IC25,0.25,adaptation_theta_logistic_growth,densities=20k/30k;doses=0.67/1.0/1.47
9.0,3261.814429,3472.0558797908902,false,joint_ic_effect_logistic_hill,shared,A2780cis,20k,0.67,IC25,0.25,adaptation_theta_logistic_growth,densities=20k/30k;doses=0.67/1.0/1.47
10.0,2744.403163333333,3688.1745260110465,false,joint_ic_effect_logistic_hill,shared,A2780cis,20k,0.67,IC25,0.25,adaptation_theta_logistic_growth,densities=20k/30k;doses=0.67/1.0/1.47
11.0,3624.0109566666665,3768.0309985603676,false,joint_ic_effect_logistic_hill,shared,A2780cis,20k,0.67,IC25,0.25,adaptation_theta_logistic_growth,densities=20k/30k;doses=0.67/1.0/1.47
12.0,2656.8393906666665,3795.1352876309675,false,joint_ic_effect_logistic_hill,shared,A2780cis,20k,0.67,IC25,0.25,adaptation_theta_logistic_growth,densities=20k/30k;doses=0.67/1.0/1.47
13.0,3902.5750386666664,3803.9860070967275,false,joint_ic_effect_logistic_hill,shared,A2780cis,20k,0.67,IC25,0.25,adaptation_theta_logistic_growth,densities=20k/30k;doses=0.67/1.0/1.47
14.0,2987.771682,3806.8568340216098,false,joint_ic_effect_logistic_hill,shared,A2780cis,20k,0.67,IC25,0.25,adaptation_theta_logistic_growth,densities=20k/30k;doses=0.67/1.0/1.47
0.0,67.0,67.0,true,joint_ic_effect_logistic_hill,shared,A2780cis,20k,1.0,IC50,0.5,adaptation_theta_logistic_growth,densities=20k/30k;doses=0.67/1.0/1.47
1.0,82.57476866666666,72.34448259167993,false,joint_ic_effect_logistic_hill,shared,A2780cis,20k,1.0,IC50,0.5,adaptation_theta_logistic_growth,densities=20k/30k;doses=0.67/1.0/1.47
2.0,153.74926733333334,97.12127605295521,false,joint_ic_effect_logistic_hill,shared,A2780cis,20k,1.0,IC50,0.5,adaptation_theta_logistic_growth,densities=20k/30k;doses=0.67/1.0/1.47
3.0,298.6227236666667,154.6698706215876,false,joint_ic_effect_logistic_hill,shared,A2780cis,20k,1.0,IC50,0.5,adaptation_theta_logistic_growth,densities=20k/30k;doses=0.67/1.0/1.47
4.0,584.2937496666667,279.1147784201822,false,joint_ic_effect_logistic_hill,shared,A2780cis,20k,1.0,IC50,0.5,adaptation_theta_logistic_growth,densities=20k/30k;doses=0.67/1.0/1.47
5.0,1028.8575233333333,540.8105178502377,false,joint_ic_effect_logistic_hill,shared,A2780cis,20k,1.0,IC50,0.5,adaptation_theta_logistic_growth,densities=20k/30k;doses=0.67/1.0/1.47
6.0,1728.4681713333332,1043.3430708649787,false,joint_ic_effect_logistic_hill,shared,A2780cis,20k,1.0,IC50,0.5,adaptation_theta_logistic_growth,densities=20k/30k;doses=0.67/1.0/1.47
7.0,2346.5103780000004,1814.5698309147244,false,joint_ic_effect_logistic_hill,shared,A2780cis,20k,1.0,IC50,0.5,adaptation_theta_logistic_growth,densities=20k/30k;doses=0.67/1.0/1.47
8.0,2305.3690973333332,2630.40286419166,false,joint_ic_effect_logistic_hill,shared,A2780cis,20k,1.0,IC50,0.5,adaptation_theta_logistic_growth,densities=20k/30k;doses=0.67/1.0/1.47
9.0,3049.6326773333335,3195.9052716297033,false,joint_ic_effect_logistic_hill,shared,A2780cis,20k,1.0,IC50,0.5,adaptation_theta_logistic_growth,densities=20k/30k;doses=0.67/1.0/1.47
10.0,3134.858873333333,3476.621466476206,false,joint_ic_effect_logistic_hill,shared,A2780cis,20k,1.0,IC50,0.5,adaptation_theta_logistic_growth,densities=20k/30k;doses=0.67/1.0/1.47
11.0,3720.5385029999998,3591.675661734356,false,joint_ic_effect_logistic_hill,shared,A2780cis,20k,1.0,IC50,0.5,adaptation_theta_logistic_growth,densities=20k/30k;doses=0.67/1.0/1.47
12.0,2824.6677086666664,3635.3466766842857,false,joint_ic_effect_logistic_hill,shared,A2780cis,20k,1.0,IC50,0.5,adaptation_theta_logistic_growth,densities=20k/30k;doses=0.67/1.0/1.47
13.0,3906.9917053333334,3652.067078038458,false,joint_ic_effect_logistic_hill,shared,A2780cis,20k,1.0,IC50,0.5,adaptation_theta_logistic_growth,densities=20k/30k;doses=0.67/1.0/1.47
14.0,4011.9759260000005,3659.0743229899263,false,joint_ic_effect_logistic_hill,shared,A2780cis,20k,1.0,IC50,0.5,adaptation_theta_logistic_growth,densities=20k/30k;doses=0.67/1.0/1.47
0.0,67.0,67.0,true,joint_ic_effect_logistic_hill,shared,A2780cis,20k,1.47,IC75,0.75,adaptation_theta_logistic_growth,densities=20k/30k;doses=0.67/1.0/1.47
1.0,66.07534733333334,62.55160981870577,false,joint_ic_effect_logistic_hill,shared,A2780cis,20k,1.47,IC75,0.75,adaptation_theta_logistic_growth,densities=20k/30k;doses=0.67/1.0/1.47
2.0,136.019406,72.71384160910962,false,joint_ic_effect_logistic_hill,shared,A2780cis,20k,1.47,IC75,0.75,adaptation_theta_logistic_growth,densities=20k/30k;doses=0.67/1.0/1.47
3.0,262.4119983333333,100.67237410135067,false,joint_ic_effect_logistic_hill,shared,A2780cis,20k,1.47,IC75,0.75,adaptation_theta_logistic_growth,densities=20k/30k;doses=0.67/1.0/1.47
4.0,627.1851849999999,159.52848860797897,false,joint_ic_effect_logistic_hill,shared,A2780cis,20k,1.47,IC75,0.75,adaptation_theta_logistic_growth,densities=20k/30k;doses=0.67/1.0/1.47
5.0,1055.7064813333334,278.10627411202563,false,joint_ic_effect_logistic_hill,shared,A2780cis,20k,1.47,IC75,0.75,adaptation_theta_logistic_growth,densities=20k/30k;doses=0.67/1.0/1.47
6.0,1644.4327546666666,509.1127626747965,false,joint_ic_effect_logistic_hill,shared,A2780cis,20k,1.47,IC75,0.75,adaptation_theta_logistic_growth,densities=20k/30k;doses=0.67/1.0/1.47
7.0,1888.7926696666666,919.8670904725449,false,joint_ic_effect_logistic_hill,shared,A2780cis,20k,1.47,IC75,0.75,adaptation_theta_logistic_growth,densities=20k/30k;doses=0.67/1.0/1.47
8.0,1640.846373333333,1520.5322723646539,false,joint_ic_effect_logistic_hill,shared,A2780cis,20k,1.47,IC75,0.75,adaptation_theta_logistic_growth,densities=20k/30k;doses=0.67/1.0/1.47
9.0,2390.4506556666665,2168.11905523802,false,joint_ic_effect_logistic_hill,shared,A2780cis,20k,1.47,IC75,0.75,adaptation_theta_logistic_growth,densities=20k/30k;doses=0.67/1.0/1.47
10.0,1885.2126543333334,2662.7745697147943,false,joint_ic_effect_logistic_hill,shared,A2780cis,20k,1.47,IC75,0.75,adaptation_theta_logistic_growth,densities=20k/30k;doses=0.67/1.0/1.47
11.0,2693.7878856666666,2947.7841244193146,false,joint_ic_effect_logistic_hill,shared,A2780cis,20k,1.47,IC75,0.75,adaptation_theta_logistic_growth,densities=20k/30k;doses=0.67/1.0/1.47
12.0,2554.914467666667,3086.80606129725,false,joint_ic_effect_logistic_hill,shared,A2780cis,20k,1.47,IC75,0.75,adaptation_theta_logistic_growth,densities=20k/30k;doses=0.67/1.0/1.47
13.0,3229.3090276666667,3150.8103115130098,false,joint_ic_effect_logistic_hill,shared,A2780cis,20k,1.47,IC75,0.75,adaptation_theta_logistic_growth,densities=20k/30k;doses=0.67/1.0/1.47
14.0,3171.784760666667,3181.1387119925944,false,joint_ic_effect_logistic_hill,shared,A2780cis,20k,1.47,IC75,0.75,adaptation_theta_logistic_growth,densities=20k/30k;doses=0.67/1.0/1.47
0.0,100.0,100.0,true,joint_ic_effect_logistic_hill,shared,A2780cis,30k,0.67,IC25,0.25,adaptation_theta_logistic_growth,densities=20k/30k;doses=0.67/1.0/1.47
1.0,119.12291633333332,112.87694811499702,false,joint_ic_effect_logistic_hill,shared,A2780cis,30k,0.67,IC25,0.25,adaptation_theta_logistic_growth,densities=20k/30k;doses=0.67/1.0/1.47
2.0,208.10995366666666,157.84249522740217,false,joint_ic_effect_logistic_hill,shared,A2780cis,30k,0.67,IC25,0.25,adaptation_theta_logistic_growth,densities=20k/30k;doses=0.67/1.0/1.47
3.0,381.1926696666667,259.99111836111166,false,joint_ic_effect_logistic_hill,shared,A2780cis,30k,0.67,IC25,0.25,adaptation_theta_logistic_growth,densities=20k/30k;doses=0.67/1.0/1.47
4.0,731.6507716666666,477.8180912687191,false,joint_ic_effect_logistic_hill,shared,A2780cis,30k,0.67,IC25,0.25,adaptation_theta_logistic_growth,densities=20k/30k;doses=0.67/1.0/1.47
5.0,1291.6760416666666,912.7009315360725,false,joint_ic_effect_logistic_hill,shared,A2780cis,30k,0.67,IC25,0.25,adaptation_theta_logistic_growth,densities=20k/30k;doses=0.67/1.0/1.47
6.0,1980.2315586666666,1642.5410973102682,false,joint_ic_effect_logistic_hill,shared,A2780cis,30k,0.67,IC25,0.25,adaptation_theta_logistic_growth,densities=20k/30k;doses=0.67/1.0/1.47
7.0,2670.8478393333335,2521.8475997038936,false,joint_ic_effect_logistic_hill,shared,A2780cis,30k,0.67,IC25,0.25,adaptation_theta_logistic_growth,densities=20k/30k;doses=0.67/1.0/1.47
8.0,2545.009915,3209.919697957829,false,joint_ic_effect_logistic_hill,shared,A2780cis,30k,0.67,IC25,0.25,adaptation_theta_logistic_growth,densities=20k/30k;doses=0.67/1.0/1.47
9.0,3548.7987266666664,3575.545028720019,false,joint_ic_effect_logistic_hill,shared,A2780cis,30k,0.67,IC25,0.25,adaptation_theta_logistic_growth,densities=20k/30k;doses=0.67/1.0/1.47
10.0,2897.7104553333334,3726.4512309506686,false,joint_ic_effect_logistic_hill,shared,A2780cis,30k,0.67,IC25,0.25,adaptation_theta_logistic_growth,densities=20k/30k;doses=0.67/1.0/1.47
11.0,3797.833449333333,3780.873145315947,false,joint_ic_effect_logistic_hill,shared,A2780cis,30k,0.67,IC25,0.25,adaptation_theta_logistic_growth,densities=20k/30k;doses=0.67/1.0/1.47
12.0,2884.930285666667,3799.2340453402808,false,joint_ic_effect_logistic_hill,shared,A2780cis,30k,0.67,IC25,0.25,adaptation_theta_logistic_growth,densities=20k/30k;doses=0.67/1.0/1.47
13.0,4146.366087666666,3805.2563861853273,false,joint_ic_effect_logistic_hill,shared,A2780cis,30k,0.67,IC25,0.25,adaptation_theta_logistic_growth,densities=20k/30k;doses=0.67/1.0/1.47
14.0,3326.884761,3807.2428337384313,false,joint_ic_effect_logistic_hill,shared,A2780cis,30k,0.67,IC25,0.25,adaptation_theta_logistic_growth,densities=20k/30k;doses=0.67/1.0/1.47
0.0,100.0,100.0,true,joint_ic_effect_logistic_hill,shared,A2780cis,30k,1.0,IC50,0.5,adaptation_theta_logistic_growth,densities=20k/30k;doses=0.67/1.0/1.47
1.0,117.62118066666666,107.84419903433007,false,joint_ic_effect_logistic_hill,shared,A2780cis,30k,1.0,IC50,0.5,adaptation_theta_logistic_growth,densities=20k/30k;doses=0.67/1.0/1.47
2.0,206.52970666666667,144.19522972193508,false,joint_ic_effect_logistic_hill,shared,A2780cis,30k,1.0,IC50,0.5,adaptation_theta_logistic_growth,densities=20k/30k;doses=0.67/1.0/1.47
3.0,392.79753066666666,227.63790106017666,false,joint_ic_effect_logistic_hill,shared,A2780cis,30k,1.0,IC50,0.5,adaptation_theta_logistic_growth,densities=20k/30k;doses=0.67/1.0/1.47
4.0,793.1631946666666,403.46457264084376,false,joint_ic_effect_logistic_hill,shared,A2780cis,30k,1.0,IC50,0.5,adaptation_theta_logistic_growth,densities=20k/30k;doses=0.67/1.0/1.47
5.0,1328.3501159999998,754.2447719626483,false,joint_ic_effect_logistic_hill,shared,A2780cis,30k,1.0,IC50,0.5,adaptation_theta_logistic_growth,densities=20k/30k;doses=0.67/1.0/1.47
6.0,1947.6582176666668,1365.07232580361,false,joint_ic_effect_logistic_hill,shared,A2780cis,30k,1.0,IC50,0.5,adaptation_theta_logistic_growth,densities=20k/30k;doses=0.67/1.0/1.47
7.0,2594.510609333334,2171.9674355291327,false,joint_ic_effect_logistic_hill,shared,A2780cis,30k,1.0,IC50,0.5,adaptation_theta_logistic_growth,densities=20k/30k;doses=0.67/1.0/1.47
8.0,2352.0106483333334,2892.1021640774934,false,joint_ic_effect_logistic_hill,shared,A2780cis,30k,1.0,IC50,0.5,adaptation_theta_logistic_growth,densities=20k/30k;doses=0.67/1.0/1.47
9.0,3220.0850306666666,3328.565934763427,false,joint_ic_effect_logistic_hill,shared,A2780cis,30k,1.0,IC50,0.5,adaptation_theta_logistic_growth,densities=20k/30k;doses=0.67/1.0/1.47
10.0,2953.806751666667,3530.0526702805573,false,joint_ic_effect_logistic_hill,shared,A2780cis,30k,1.0,IC50,0.5,adaptation_theta_logistic_growth,densities=20k/30k;doses=0.67/1.0/1.47
11.0,3595.1114196666663,3610.778005458853,false,joint_ic_effect_logistic_hill,shared,A2780cis,30k,1.0,IC50,0.5,adaptation_theta_logistic_growth,densities=20k/30k;doses=0.67/1.0/1.47
12.0,2534.660455333333,3641.775553761403,false,joint_ic_effect_logistic_hill,shared,A2780cis,30k,1.0,IC50,0.5,adaptation_theta_logistic_growth,densities=20k/30k;doses=0.67/1.0/1.47
13.0,3853.449228666667,3654.1587768155155,false,joint_ic_effect_logistic_hill,shared,A2780cis,30k,1.0,IC50,0.5,adaptation_theta_logistic_growth,densities=20k/30k;doses=0.67/1.0/1.47
14.0,4116.669907333334,3659.740239351554,false,joint_ic_effect_logistic_hill,shared,A2780cis,30k,1.0,IC50,0.5,adaptation_theta_logistic_growth,densities=20k/30k;doses=0.67/1.0/1.47
0.0,100.0,100.0,true,joint_ic_effect_logistic_hill,shared,A2780cis,30k,1.47,IC75,0.75,adaptation_theta_logistic_growth,densities=20k/30k;doses=0.67/1.0/1.47
1.0,73.88472200000001,93.25618031547937,false,joint_ic_effect_logistic_hill,shared,A2780cis,30k,1.47,IC75,0.75,adaptation_theta_logistic_growth,densities=20k/30k;doses=0.67/1.0/1.47
2.0,143.64463766666665,108.05560212531631,false,joint_ic_effect_logistic_hill,shared,A2780cis,30k,1.47,IC75,0.75,adaptation_theta_logistic_growth,densities=20k/30k;doses=0.67/1.0/1.47
3.0,301.875849,148.68543180527166,false,joint_ic_effect_logistic_hill,shared,A2780cis,30k,1.47,IC75,0.75,adaptation_theta_logistic_growth,densities=20k/30k;doses=0.67/1.0/1.47
4.0,670.1066746666667,232.97173684292616,false,joint_ic_effect_logistic_hill,shared,A2780cis,30k,1.47,IC75,0.75,adaptation_theta_logistic_growth,densities=20k/30k;doses=0.67/1.0/1.47
5.0,1170.9108796666667,397.80017020527896,false,joint_ic_effect_logistic_hill,shared,A2780cis,30k,1.47,IC75,0.75,adaptation_theta_logistic_growth,densities=20k/30k;doses=0.67/1.0/1.47
6.0,1348.3380016666667,701.5802022684901,false,joint_ic_effect_logistic_hill,shared,A2780cis,30k,1.47,IC75,0.75,adaptation_theta_logistic_growth,densities=20k/30k;doses=0.67/1.0/1.47
7.0,1881.759761,1193.07758497593,false,joint_ic_effect_logistic_hill,shared,A2780cis,30k,1.47,IC75,0.75,adaptation_theta_logistic_growth,densities=20k/30k;doses=0.67/1.0/1.47
8.0,1606.1887733333333,1820.7780991391462,false,joint_ic_effect_logistic_hill,shared,A2780cis,30k,1.47,IC75,0.75,adaptation_theta_logistic_growth,densities=20k/30k;doses=0.67/1.0/1.47
9.0,2421.258526333333,2403.2680671822786,false,joint_ic_effect_logistic_hill,shared,A2780cis,30k,1.47,IC75,0.75,adaptation_theta_logistic_growth,densities=20k/30k;doses=0.67/1.0/1.47
10.0,1957.2380400000002,2797.651245752195,false,joint_ic_effect_logistic_hill,shared,A2780cis,30k,1.47,IC75,0.75,adaptation_theta_logistic_growth,densities=20k/30k;doses=0.67/1.0/1.47
11.0,2537.103395,3010.3272171515177,false,joint_ic_effect_logistic_hill,shared,A2780cis,30k,1.47,IC75,0.75,adaptation_theta_logistic_growth,densities=20k/30k;doses=0.67/1.0/1.47
12.0,2244.322531,3112.5132412730645,false,joint_ic_effect_logistic_hill,shared,A2780cis,30k,1.47,IC75,0.75,adaptation_theta_logistic_growth,densities=20k/30k;doses=0.67/1.0/1.47
13.0,2827.4429400000004,3160.7184314034325,false,joint_ic_effect_logistic_hill,shared,A2780cis,30k,1.47,IC75,0.75,adaptation_theta_logistic_growth,densities=20k/30k;doses=0.67/1.0/1.47
14.0,3433.938387333333,3184.823469143105,false,joint_ic_effect_logistic_hill,shared,A2780cis,30k,1.47,IC75,0.75,adaptation_theta_logistic_growth,densities=20k/30k;doses=0.67/1.0/1.47
0.0,67.0,67.0,true,joint_ic_effect_transit_death,shared,A2780cis,20k,0.67,IC25,0.25,adaptation_theta_logistic_growth,densities=20k/30k;doses=0.67/1.0/1.47
1.0,79.832716,75.98240186486794,false,joint_ic_effect_transit_death,shared,A2780cis,20k,0.67,IC25,0.25,adaptation_theta_logistic_growth,densities=20k/30k;doses=0.67/1.0/1.47
2.0,136.68186733333332,107.07226125725265,false,joint_ic_effect_transit_death,shared,A2780cis,20k,0.67,IC25,0.25,adaptation_theta_logistic_growth,densities=20k/30k;doses=0.67/1.0/1.47
3.0,256.032137,178.67282815678882,false,joint_ic_effect_transit_death,shared,A2780cis,20k,0.67,IC25,0.25,adaptation_theta_logistic_growth,densities=20k/30k;doses=0.67/1.0/1.47
4.0,551.4876543333334,336.2326704425513,false,joint_ic_effect_transit_death,shared,A2780cis,20k,0.67,IC25,0.25,adaptation_theta_logistic_growth,densities=20k/30k;doses=0.67/1.0/1.47
5.0,932.248611,671.1407115974164,false,joint_ic_effect_transit_death,shared,A2780cis,20k,0.67,IC25,0.25,adaptation_theta_logistic_growth,densities=20k/30k;doses=0.67/1.0/1.47
6.0,1630.1435956666667,1296.740109561453,false,joint_ic_effect_transit_death,shared,A2780cis,20k,0.67,IC25,0.25,adaptation_theta_logistic_growth,densities=20k/30k;doses=0.67/1.0/1.47
7.0,2349.2489583333336,2141.5663162464593,false,joint_ic_effect_transit_death,shared,A2780cis,20k,0.67,IC25,0.25,adaptation_theta_logistic_growth,densities=20k/30k;doses=0.67/1.0/1.47
8.0,2344.200308666667,2925.83399594684,false,joint_ic_effect_transit_death,shared,A2780cis,20k,0.67,IC25,0.25,adaptation_theta_logistic_growth,densities=20k/30k;doses=0.67/1.0/1.47
9.0,3261.814429,3423.350952643386,false,joint_ic_effect_transit_death,shared,A2780cis,20k,0.67,IC25,0.25,adaptation_theta_logistic_growth,densities=20k/30k;doses=0.67/1.0/1.47
10.0,2744.403163333333,3666.746448448889,false,joint_ic_effect_transit_death,shared,A2780cis,20k,0.67,IC25,0.25,adaptation_theta_logistic_growth,densities=20k/30k;doses=0.67/1.0/1.47
11.0,3624.0109566666665,3773.5009586364304,false,joint_ic_effect_transit_death,shared,A2780cis,20k,0.67,IC25,0.25,adaptation_theta_logistic_growth,densities=20k/30k;doses=0.67/1.0/1.47
12.0,2656.8393906666665,3820.686442870731,false,joint_ic_effect_transit_death,shared,A2780cis,20k,0.67,IC25,0.25,adaptation_theta_logistic_growth,densities=20k/30k;doses=0.67/1.0/1.47
13.0,3902.5750386666664,3843.357527158197,false,joint_ic_effect_transit_death,shared,A2780cis,20k,0.67,IC25,0.25,adaptation_theta_logistic_growth,densities=20k/30k;doses=0.67/1.0/1.47
14.0,2987.771682,3855.5853725556462,false,joint_ic_effect_transit_death,shared,A2780cis,20k,0.67,IC25,0.25,adaptation_theta_logistic_growth,densities=20k/30k;doses=0.67/1.0/1.47
0.0,67.0,67.0,true,joint_ic_effect_transit_death,shared,A2780cis,20k,1.0,IC50,0.5,adaptation_theta_logistic_growth,densities=20k/30k;doses=0.67/1.0/1.47
1.0,82.57476866666666,75.98240186486794,false,joint_ic_effect_transit_death,shared,A2780cis,20k,1.0,IC50,0.5,adaptation_theta_logistic_growth,densities=20k/30k;doses=0.67/1.0/1.47
2.0,153.74926733333334,107.07226125725265,false,joint_ic_effect_transit_death,shared,A2780cis,20k,1.0,IC50,0.5,adaptation_theta_logistic_growth,densities=20k/30k;doses=0.67/1.0/1.47
3.0,298.6227236666667,178.67282815678882,false,joint_ic_effect_transit_death,shared,A2780cis,20k,1.0,IC50,0.5,adaptation_theta_logistic_growth,densities=20k/30k;doses=0.67/1.0/1.47
4.0,584.2937496666667,336.2326704425513,false,joint_ic_effect_transit_death,shared,A2780cis,20k,1.0,IC50,0.5,adaptation_theta_logistic_growth,densities=20k/30k;doses=0.67/1.0/1.47
5.0,1028.8575233333333,671.1407115974164,false,joint_ic_effect_transit_death,shared,A2780cis,20k,1.0,IC50,0.5,adaptation_theta_logistic_growth,densities=20k/30k;doses=0.67/1.0/1.47
6.0,1728.4681713333332,1273.9846988235877,false,joint_ic_effect_transit_death,shared,A2780cis,20k,1.0,IC50,0.5,adaptation_theta_logistic_growth,densities=20k/30k;doses=0.67/1.0/1.47
7.0,2346.5103780000004,1820.664183654767,false,joint_ic_effect_transit_death,shared,A2780cis,20k,1.0,IC50,0.5,adaptation_theta_logistic_growth,densities=20k/30k;doses=0.67/1.0/1.47
8.0,2305.3690973333332,2314.9690319447413,false,joint_ic_effect_transit_death,shared,A2780cis,20k,1.0,IC50,0.5,adaptation_theta_logistic_growth,densities=20k/30k;doses=0.67/1.0/1.47
9.0,3049.6326773333335,2730.5426664134643,false,joint_ic_effect_transit_death,shared,A2780cis,20k,1.0,IC50,0.5,adaptation_theta_logistic_growth,densities=20k/30k;doses=0.67/1.0/1.47
10.0,3134.858873333333,3051.119402765881,false,joint_ic_effect_transit_death,shared,A2780cis,20k,1.0,IC50,0.5,adaptation_theta_logistic_growth,densities=20k/30k;doses=0.67/1.0/1.47
11.0,3720.5385029999998,3284.736118032578,false,joint_ic_effect_transit_death,shared,A2780cis,20k,1.0,IC50,0.5,adaptation_theta_logistic_growth,densities=20k/30k;doses=0.67/1.0/1.47
12.0,2824.6677086666664,3450.450418753012,false,joint_ic_effect_transit_death,shared,A2780cis,20k,1.0,IC50,0.5,adaptation_theta_logistic_growth,densities=20k/30k;doses=0.67/1.0/1.47
13.0,3906.9917053333334,3567.3334580087735,false,joint_ic_effect_transit_death,shared,A2780cis,20k,1.0,IC50,0.5,adaptation_theta_logistic_growth,densities=20k/30k;doses=0.67/1.0/1.47
14.0,4011.9759260000005,3650.2928966746986,false,joint_ic_effect_transit_death,shared,A2780cis,20k,1.0,IC50,0.5,adaptation_theta_logistic_growth,densities=20k/30k;doses=0.67/1.0/1.47
0.0,67.0,67.0,true,joint_ic_effect_transit_death,shared,A2780cis,20k,1.47,IC75,0.75,adaptation_theta_logistic_growth,densities=20k/30k;doses=0.67/1.0/1.47
1.0,66.07534733333334,75.98240186486794,false,joint_ic_effect_transit_death,shared,A2780cis,20k,1.47,IC75,0.75,adaptation_theta_logistic_growth,densities=20k/30k;doses=0.67/1.0/1.47
2.0,136.019406,107.07226125725265,false,joint_ic_effect_transit_death,shared,A2780cis,20k,1.47,IC75,0.75,adaptation_theta_logistic_growth,densities=20k/30k;doses=0.67/1.0/1.47
3.0,262.4119983333333,178.67282815678882,false,joint_ic_effect_transit_death,shared,A2780cis,20k,1.47,IC75,0.75,adaptation_theta_logistic_growth,densities=20k/30k;doses=0.67/1.0/1.47
4.0,627.1851849999999,336.2326704425513,false,joint_ic_effect_transit_death,shared,A2780cis,20k,1.47,IC75,0.75,adaptation_theta_logistic_growth,densities=20k/30k;doses=0.67/1.0/1.47
5.0,1055.7064813333334,671.1407115974164,false,joint_ic_effect_transit_death,shared,A2780cis,20k,1.47,IC75,0.75,adaptation_theta_logistic_growth,densities=20k/30k;doses=0.67/1.0/1.47
6.0,1644.4327546666666,1257.1737659941373,false,joint_ic_effect_transit_death,shared,A2780cis,20k,1.47,IC75,0.75,adaptation_theta_logistic_growth,densities=20k/30k;doses=0.67/1.0/1.47
7.0,1888.7926696666666,1611.580450829489,false,joint_ic_effect_transit_death,shared,A2780cis,20k,1.47,IC75,0.75,adaptation_theta_logistic_growth,densities=20k/30k;doses=0.67/1.0/1.47
8.0,1640.846373333333,1885.309080049683,false,joint_ic_effect_transit_death,shared,A2780cis,20k,1.47,IC75,0.75,adaptation_theta_logistic_growth,densities=20k/30k;doses=0.67/1.0/1.47
9.0,2390.4506556666665,2122.093864394463,false,joint_ic_effect_transit_death,shared,A2780cis,20k,1.47,IC75,0.75,adaptation_theta_logistic_growth,densities=20k/30k;doses=0.67/1.0/1.47
10.0,1885.2126543333334,2331.7147370747816,false,joint_ic_effect_transit_death,shared,A2780cis,20k,1.47,IC75,0.75,adaptation_theta_logistic_growth,densities=20k/30k;doses=0.67/1.0/1.47
11.0,2693.7878856666666,2516.6099680420057,false,joint_ic_effect_transit_death,shared,A2780cis,20k,1.47,IC75,0.75,adaptation_theta_logistic_growth,densities=20k/30k;doses=0.67/1.0/1.47
12.0,2554.914467666667,2676.7908669089425,false,joint_ic_effect_transit_death,shared,A2780cis,20k,1.47,IC75,0.75,adaptation_theta_logistic_growth,densities=20k/30k;doses=0.67/1.0/1.47
13.0,3229.3090276666667,2812.4973448637284,false,joint_ic_effect_transit_death,shared,A2780cis,20k,1.47,IC75,0.75,adaptation_theta_logistic_growth,densities=20k/30k;doses=0.67/1.0/1.47
14.0,3171.784760666667,2925.09400235028,false,joint_ic_effect_transit_death,shared,A2780cis,20k,1.47,IC75,0.75,adaptation_theta_logistic_growth,densities=20k/30k;doses=0.67/1.0/1.47
0.0,100.0,100.0,true,joint_ic_effect_transit_death,shared,A2780cis,30k,0.67,IC25,0.25,adaptation_theta_logistic_growth,densities=20k/30k;doses=0.67/1.0/1.47
1.0,119.12291633333332,113.2627513784825,false,joint_ic_effect_transit_death,shared,A2780cis,30k,0.67,IC25,0.25,adaptation_theta_logistic_growth,densities=20k/30k;doses=0.67/1.0/1.47
2.0,208.10995366666666,158.913516227915,false,joint_ic_effect_transit_death,shared,A2780cis,30k,0.67,IC25,0.25,adaptation_theta_logistic_growth,densities=20k/30k;doses=0.67/1.0/1.47
3.0,381.1926696666667,262.58418739642775,false,joint_ic_effect_transit_death,shared,A2780cis,30k,0.67,IC25,0.25,adaptation_theta_logistic_growth,densities=20k/30k;doses=0.67/1.0/1.47
4.0,731.6507716666666,483.8670248234504,false,joint_ic_effect_transit_death,shared,A2780cis,30k,0.67,IC25,0.25,adaptation_theta_logistic_growth,densities=20k/30k;doses=0.67/1.0/1.47
5.0,1291.6760416666666,925.6009684829731,false,joint_ic_effect_transit_death,shared,A2780cis,30k,0.67,IC25,0.25,adaptation_theta_logistic_growth,densities=20k/30k;doses=0.67/1.0/1.47
6.0,1980.2315586666666,1660.7095019919902,false,joint_ic_effect_transit_death,shared,A2780cis,30k,0.67,IC25,0.25,adaptation_theta_logistic_growth,densities=20k/30k;doses=0.67/1.0/1.47
7.0,2670.8478393333335,2499.6090392780316,false,joint_ic_effect_transit_death,shared,A2780cis,30k,0.67,IC25,0.25,adaptation_theta_logistic_growth,densities=20k/30k;doses=0.67/1.0/1.47
8.0,2545.009915,3161.2306691855692,false,joint_ic_effect_transit_death,shared,A2780cis,30k,0.67,IC25,0.25,adaptation_theta_logistic_growth,densities=20k/30k;doses=0.67/1.0/1.47
9.0,3548.7987266666664,3537.8816475003205,false,joint_ic_effect_transit_death,shared,A2780cis,30k,0.67,IC25,0.25,adaptation_theta_logistic_growth,densities=20k/30k;doses=0.67/1.0/1.47
10.0,2897.7104553333334,3714.718334830766,false,joint_ic_effect_transit_death,shared,A2780cis,30k,0.67,IC25,0.25,adaptation_theta_logistic_growth,densities=20k/30k;doses=0.67/1.0/1.47
11.0,3797.833449333333,3792.99407762972,false,joint_ic_effect_transit_death,shared,A2780cis,30k,0.67,IC25,0.25,adaptation_theta_logistic_growth,densities=20k/30k;doses=0.67/1.0/1.47
12.0,2884.930285666667,3829.0184747197163,false,joint_ic_effect_transit_death,shared,A2780cis,30k,0.67,IC25,0.25,adaptation_theta_logistic_growth,densities=20k/30k;doses=0.67/1.0/1.47
13.0,4146.366087666666,3847.290043966835,false,joint_ic_effect_transit_death,shared,A2780cis,30k,0.67,IC25,0.25,adaptation_theta_logistic_growth,densities=20k/30k;doses=0.67/1.0/1.47
14.0,3326.884761,3857.6589697352133,false,joint_ic_effect_transit_death,shared,A2780cis,30k,0.67,IC25,0.25,adaptation_theta_logistic_growth,densities=20k/30k;doses=0.67/1.0/1.47
0.0,100.0,100.0,true,joint_ic_effect_transit_death,shared,A2780cis,30k,1.0,IC50,0.5,adaptation_theta_logistic_growth,densities=20k/30k;doses=0.67/1.0/1.47
1.0,117.62118066666666,113.2627513784825,false,joint_ic_effect_transit_death,shared,A2780cis,30k,1.0,IC50,0.5,adaptation_theta_logistic_growth,densities=20k/30k;doses=0.67/1.0/1.47
2.0,206.52970666666667,158.913516227915,false,joint_ic_effect_transit_death,shared,A2780cis,30k,1.0,IC50,0.5,adaptation_theta_logistic_growth,densities=20k/30k;doses=0.67/1.0/1.47
3.0,392.79753066666666,262.58418739642775,false,joint_ic_effect_transit_death,shared,A2780cis,30k,1.0,IC50,0.5,adaptation_theta_logistic_growth,densities=20k/30k;doses=0.67/1.0/1.47
4.0,793.1631946666666,483.8670248234504,false,joint_ic_effect_transit_death,shared,A2780cis,30k,1.0,IC50,0.5,adaptation_theta_logistic_growth,densities=20k/30k;doses=0.67/1.0/1.47
5.0,1328.3501159999998,925.6009684829731,false,joint_ic_effect_transit_death,shared,A2780cis,30k,1.0,IC50,0.5,adaptation_theta_logistic_growth,densities=20k/30k;doses=0.67/1.0/1.47
6.0,1947.6582176666668,1632.1631549891429,false,joint_ic_effect_transit_death,shared,A2780cis,30k,1.0,IC50,0.5,adaptation_theta_logistic_growth,densities=20k/30k;doses=0.67/1.0/1.47
7.0,2594.510609333334,2158.774070642807,false,joint_ic_effect_transit_death,shared,A2780cis,30k,1.0,IC50,0.5,adaptation_theta_logistic_growth,densities=20k/30k;doses=0.67/1.0/1.47
8.0,2352.0106483333334,2585.264461288042,false,joint_ic_effect_transit_death,shared,A2780cis,30k,1.0,IC50,0.5,adaptation_theta_logistic_growth,densities=20k/30k;doses=0.67/1.0/1.47
9.0,3220.0850306666666,2923.1110508703464,false,joint_ic_effect_transit_death,shared,A2780cis,30k,1.0,IC50,0.5,adaptation_theta_logistic_growth,densities=20k/30k;doses=0.67/1.0/1.47
10.0,2953.806751666667,3178.421078043713,false,joint_ic_effect_transit_death,shared,A2780cis,30k,1.0,IC50,0.5,adaptation_theta_logistic_growth,densities=20k/30k;doses=0.67/1.0/1.47
11.0,3595.1114196666663,3365.6457600159297,false,joint_ic_effect_transit_death,shared,A2780cis,30k,1.0,IC50,0.5,adaptation_theta_logistic_growth,densities=20k/30k;doses=0.67/1.0/1.47
12.0,2534.660455333333,3501.149087714888,false,joint_ic_effect_transit_death,shared,A2780cis,30k,1.0,IC50,0.5,adaptation_theta_logistic_growth,densities=20k/30k;doses=0.67/1.0/1.47
13.0,3853.449228666667,3599.11103188607,false,joint_ic_effect_transit_death,shared,A2780cis,30k,1.0,IC50,0.5,adaptation_theta_logistic_growth,densities=20k/30k;doses=0.67/1.0/1.47
14.0,4116.669907333334,3670.3481642663264,false,joint_ic_effect_transit_death,shared,A2780cis,30k,1.0,IC50,0.5,adaptation_theta_logistic_growth,densities=20k/30k;doses=0.67/1.0/1.47
0.0,100.0,100.0,true,joint_ic_effect_transit_death,shared,A2780cis,30k,1.47,IC75,0.75,adaptation_theta_logistic_growth,densities=20k/30k;doses=0.67/1.0/1.47
1.0,73.88472200000001,113.2627513784825,false,joint_ic_effect_transit_death,shared,A2780cis,30k,1.47,IC75,0.75,adaptation_theta_logistic_growth,densities=20k/30k;doses=0.67/1.0/1.47
2.0,143.64463766666665,158.913516227915,false,joint_ic_effect_transit_death,shared,A2780cis,30k,1.47,IC75,0.75,adaptation_theta_logistic_growth,densities=20k/30k;doses=0.67/1.0/1.47
3.0,301.875849,262.58418739642775,false,joint_ic_effect_transit_death,shared,A2780cis,30k,1.47,IC75,0.75,adaptation_theta_logistic_growth,densities=20k/30k;doses=0.67/1.0/1.47
4.0,670.1066746666667,483.8670248234504,false,joint_ic_effect_transit_death,shared,A2780cis,30k,1.47,IC75,0.75,adaptation_theta_logistic_growth,densities=20k/30k;doses=0.67/1.0/1.47
5.0,1170.9108796666667,925.6009684829731,false,joint_ic_effect_transit_death,shared,A2780cis,30k,1.47,IC75,0.75,adaptation_theta_logistic_growth,densities=20k/30k;doses=0.67/1.0/1.47
6.0,1348.3380016666667,1611.0642308023796,false,joint_ic_effect_transit_death,shared,A2780cis,30k,1.47,IC75,0.75,adaptation_theta_logistic_growth,densities=20k/30k;doses=0.67/1.0/1.47
7.0,1881.759761,1931.1449907657952,false,joint_ic_effect_transit_death,shared,A2780cis,30k,1.47,IC75,0.75,adaptation_theta_logistic_growth,densities=20k/30k;doses=0.67/1.0/1.47
8.0,1606.1887733333333,2155.312425531679,false,joint_ic_effect_transit_death,shared,A2780cis,30k,1.47,IC75,0.75,adaptation_theta_logistic_growth,densities=20k/30k;doses=0.67/1.0/1.47
9.0,2421.258526333333,2340.275106940682,false,joint_ic_effect_transit_death,shared,A2780cis,30k,1.47,IC75,0.75,adaptation_theta_logistic_growth,densities=20k/30k;doses=0.67/1.0/1.47
10.0,1957.2380400000002,2500.98690113552,false,joint_ic_effect_transit_death,shared,A2780cis,30k,1.47,IC75,0.75,adaptation_theta_logistic_growth,densities=20k/30k;doses=0.67/1.0/1.47
11.0,2537.103395,2643.297694013858,false,joint_ic_effect_transit_death,shared,A2780cis,30k,1.47,IC75,0.75,adaptation_theta_logistic_growth,densities=20k/30k;doses=0.67/1.0/1.47
12.0,2244.322531,2768.7609851840853,false,joint_ic_effect_transit_death,shared,A2780cis,30k,1.47,IC75,0.75,adaptation_theta_logistic_growth,densities=20k/30k;doses=0.67/1.0/1.47
13.0,2827.4429400000004,2877.632547411459,false,joint_ic_effect_transit_death,shared,A2780cis,30k,1.47,IC75,0.75,adaptation_theta_logistic_growth,densities=20k/30k;doses=0.67/1.0/1.47
14.0,3433.938387333333,2970.341050203292,false,joint_ic_effect_transit_death,shared,A2780cis,30k,1.47,IC75,0.75,adaptation_theta_logistic_growth,densities=20k/30k;doses=0.67/1.0/1.47
0.0,67.0,67.0,true,joint_ic_effect_two_population,shared,A2780cis,20k,0.67,IC25,0.25,adaptation_theta_logistic_growth,densities=20k/30k;doses=0.67/1.0/1.47
1.0,79.832716,75.98240228969819,false,joint_ic_effect_two_population,shared,A2780cis,20k,0.67,IC25,0.25,adaptation_theta_logistic_growth,densities=20k/30k;doses=0.67/1.0/1.47
2.0,136.68186733333332,107.07226308176492,false,joint_ic_effect_two_population,shared,A2780cis,20k,0.67,IC25,0.25,adaptation_theta_logistic_growth,densities=20k/30k;doses=0.67/1.0/1.47
3.0,256.032137,178.67282534049372,false,joint_ic_effect_two_population,shared,A2780cis,20k,0.67,IC25,0.25,adaptation_theta_logistic_growth,densities=20k/30k;doses=0.67/1.0/1.47
4.0,551.4876543333334,336.23266591629897,false,joint_ic_effect_two_population,shared,A2780cis,20k,0.67,IC25,0.25,adaptation_theta_logistic_growth,densities=20k/30k;doses=0.67/1.0/1.47
5.0,932.248611,671.1407257092142,false,joint_ic_effect_two_population,shared,A2780cis,20k,0.67,IC25,0.25,adaptation_theta_logistic_growth,densities=20k/30k;doses=0.67/1.0/1.47
6.0,1630.1435956666667,1299.8284135861888,false,joint_ic_effect_two_population,shared,A2780cis,20k,0.67,IC25,0.25,adaptation_theta_logistic_growth,densities=20k/30k;doses=0.67/1.0/1.47
7.0,2349.2489583333336,2160.9087160592107,false,joint_ic_effect_two_population,shared,A2780cis,20k,0.67,IC25,0.25,adaptation_theta_logistic_growth,densities=20k/30k;doses=0.67/1.0/1.47
8.0,2344.200308666667,2743.90406334027,false,joint_ic_effect_two_population,shared,A2780cis,20k,0.67,IC25,0.25,adaptation_theta_logistic_growth,densities=20k/30k;doses=0.67/1.0/1.47
9.0,3261.814429,3129.151951814909,false,joint_ic_effect_two_population,shared,A2780cis,20k,0.67,IC25,0.25,adaptation_theta_logistic_growth,densities=20k/30k;doses=0.67/1.0/1.47
10.0,2744.403163333333,3354.710980795303,false,joint_ic_effect_two_population,shared,A2780cis,20k,0.67,IC25,0.25,adaptation_theta_logistic_growth,densities=20k/30k;doses=0.67/1.0/1.47
11.0,3624.0109566666665,3482.728742492363,false,joint_ic_effect_two_population,shared,A2780cis,20k,0.67,IC25,0.25,adaptation_theta_logistic_growth,densities=20k/30k;doses=0.67/1.0/1.47
12.0,2656.8393906666665,3559.937656931702,false,joint_ic_effect_two_population,shared,A2780cis,20k,0.67,IC25,0.25,adaptation_theta_logistic_growth,densities=20k/30k;doses=0.67/1.0/1.47
13.0,3902.5750386666664,3611.023696329297,false,joint_ic_effect_two_population,shared,A2780cis,20k,0.67,IC25,0.25,adaptation_theta_logistic_growth,densities=20k/30k;doses=0.67/1.0/1.47
14.0,2987.771682,3647.4747117230363,false,joint_ic_effect_two_population,shared,A2780cis,20k,0.67,IC25,0.25,adaptation_theta_logistic_growth,densities=20k/30k;doses=0.67/1.0/1.47
0.0,67.0,67.0,true,joint_ic_effect_two_population,shared,A2780cis,20k,1.0,IC50,0.5,adaptation_theta_logistic_growth,densities=20k/30k;doses=0.67/1.0/1.47
1.0,82.57476866666666,75.98240228969819,false,joint_ic_effect_two_population,shared,A2780cis,20k,1.0,IC50,0.5,adaptation_theta_logistic_growth,densities=20k/30k;doses=0.67/1.0/1.47
2.0,153.74926733333334,107.07226308176492,false,joint_ic_effect_two_population,shared,A2780cis,20k,1.0,IC50,0.5,adaptation_theta_logistic_growth,densities=20k/30k;doses=0.67/1.0/1.47
3.0,298.6227236666667,178.67282534049372,false,joint_ic_effect_two_population,shared,A2780cis,20k,1.0,IC50,0.5,adaptation_theta_logistic_growth,densities=20k/30k;doses=0.67/1.0/1.47
4.0,584.2937496666667,336.23266591629897,false,joint_ic_effect_two_population,shared,A2780cis,20k,1.0,IC50,0.5,adaptation_theta_logistic_growth,densities=20k/30k;doses=0.67/1.0/1.47
5.0,1028.8575233333333,671.1407257092142,false,joint_ic_effect_two_population,shared,A2780cis,20k,1.0,IC50,0.5,adaptation_theta_logistic_growth,densities=20k/30k;doses=0.67/1.0/1.47
6.0,1728.4681713333332,1299.8284135861888,false,joint_ic_effect_two_population,shared,A2780cis,20k,1.0,IC50,0.5,adaptation_theta_logistic_growth,densities=20k/30k;doses=0.67/1.0/1.47
7.0,2346.5103780000004,1976.668900066261,false,joint_ic_effect_two_population,shared,A2780cis,20k,1.0,IC50,0.5,adaptation_theta_logistic_growth,densities=20k/30k;doses=0.67/1.0/1.47
8.0,2305.3690973333332,1918.6424632648598,false,joint_ic_effect_two_population,shared,A2780cis,20k,1.0,IC50,0.5,adaptation_theta_logistic_growth,densities=20k/30k;doses=0.67/1.0/1.47
9.0,3049.6326773333335,2443.505318811517,false,joint_ic_effect_two_population,shared,A2780cis,20k,1.0,IC50,0.5,adaptation_theta_logistic_growth,densities=20k/30k;doses=0.67/1.0/1.47
10.0,3134.858873333333,2879.5233472198424,false,joint_ic_effect_two_population,shared,A2780cis,20k,1.0,IC50,0.5,adaptation_theta_logistic_growth,densities=20k/30k;doses=0.67/1.0/1.47
11.0,3720.5385029999998,3117.9553366346345,false,joint_ic_effect_two_population,shared,A2780cis,20k,1.0,IC50,0.5,adaptation_theta_logistic_growth,densities=20k/30k;doses=0.67/1.0/1.47
12.0,2824.6677086666664,3228.0860834974783,false,joint_ic_effect_two_population,shared,A2780cis,20k,1.0,IC50,0.5,adaptation_theta_logistic_growth,densities=20k/30k;doses=0.67/1.0/1.47
13.0,3906.9917053333334,3276.931599490248,false,joint_ic_effect_two_population,shared,A2780cis,20k,1.0,IC50,0.5,adaptation_theta_logistic_growth,densities=20k/30k;doses=0.67/1.0/1.47
14.0,4011.9759260000005,3299.69733706137,false,joint_ic_effect_two_population,shared,A2780cis,20k,1.0,IC50,0.5,adaptation_theta_logistic_growth,densities=20k/30k;doses=0.67/1.0/1.47
0.0,67.0,67.0,true,joint_ic_effect_two_population,shared,A2780cis,20k,1.47,IC75,0.75,adaptation_theta_logistic_growth,densities=20k/30k;doses=0.67/1.0/1.47
1.0,66.07534733333334,75.98240228969819,false,joint_ic_effect_two_population,shared,A2780cis,20k,1.47,IC75,0.75,adaptation_theta_logistic_growth,densities=20k/30k;doses=0.67/1.0/1.47
2.0,136.019406,107.07226308176492,false,joint_ic_effect_two_population,shared,A2780cis,20k,1.47,IC75,0.75,adaptation_theta_logistic_growth,densities=20k/30k;doses=0.67/1.0/1.47
3.0,262.4119983333333,178.67282534049372,false,joint_ic_effect_two_population,shared,A2780cis,20k,1.47,IC75,0.75,adaptation_theta_logistic_growth,densities=20k/30k;doses=0.67/1.0/1.47
4.0,627.1851849999999,336.23266591629897,false,joint_ic_effect_two_population,shared,A2780cis,20k,1.47,IC75,0.75,adaptation_theta_logistic_growth,densities=20k/30k;doses=0.67/1.0/1.47
5.0,1055.7064813333334,671.1407257092142,false,joint_ic_effect_two_population,shared,A2780cis,20k,1.47,IC75,0.75,adaptation_theta_logistic_growth,densities=20k/30k;doses=0.67/1.0/1.47
6.0,1644.4327546666666,1299.8284135861888,false,joint_ic_effect_two_population,shared,A2780cis,20k,1.47,IC75,0.75,adaptation_theta_logistic_growth,densities=20k/30k;doses=0.67/1.0/1.47
7.0,1888.7926696666666,1858.4361631049746,false,joint_ic_effect_two_population,shared,A2780cis,20k,1.47,IC75,0.75,adaptation_theta_logistic_growth,densities=20k/30k;doses=0.67/1.0/1.47
8.0,1640.846373333333,1729.3475461575956,false,joint_ic_effect_two_population,shared,A2780cis,20k,1.47,IC75,0.75,adaptation_theta_logistic_growth,densities=20k/30k;doses=0.67/1.0/1.47
9.0,2390.4506556666665,2195.84527233732,false,joint_ic_effect_two_population,shared,A2780cis,20k,1.47,IC75,0.75,adaptation_theta_logistic_growth,densities=20k/30k;doses=0.67/1.0/1.47
10.0,1885.2126543333334,2547.5095205135713,false,joint_ic_effect_two_population,shared,A2780cis,20k,1.47,IC75,0.75,adaptation_theta_logistic_growth,densities=20k/30k;doses=0.67/1.0/1.47
11.0,2693.7878856666666,2755.0914533434907,false,joint_ic_effect_two_population,shared,A2780cis,20k,1.47,IC75,0.75,adaptation_theta_logistic_growth,densities=20k/30k;doses=0.67/1.0/1.47
12.0,2554.914467666667,2865.2266639961767,false,joint_ic_effect_two_population,shared,A2780cis,20k,1.47,IC75,0.75,adaptation_theta_logistic_growth,densities=20k/30k;doses=0.67/1.0/1.47
13.0,3229.3090276666667,2922.40372944989,false,joint_ic_effect_two_population,shared,A2780cis,20k,1.47,IC75,0.75,adaptation_theta_logistic_growth,densities=20k/30k;doses=0.67/1.0/1.47
14.0,3171.784760666667,2953.3953632991515,false,joint_ic_effect_two_population,shared,A2780cis,20k,1.47,IC75,0.75,adaptation_theta_logistic_growth,densities=20k/30k;doses=0.67/1.0/1.47
0.0,100.0,100.0,true,joint_ic_effect_two_population,shared,A2780cis,30k,0.67,IC25,0.25,adaptation_theta_logistic_growth,densities=20k/30k;doses=0.67/1.0/1.47
1.0,119.12291633333332,113.2627519072944,false,joint_ic_effect_two_population,shared,A2780cis,30k,0.67,IC25,0.25,adaptation_theta_logistic_growth,densities=20k/30k;doses=0.67/1.0/1.47
2.0,208.10995366666666,158.9135178825909,false,joint_ic_effect_two_population,shared,A2780cis,30k,0.67,IC25,0.25,adaptation_theta_logistic_growth,densities=20k/30k;doses=0.67/1.0/1.47
3.0,381.1926696666667,262.58418195821713,false,joint_ic_effect_two_population,shared,A2780cis,30k,0.67,IC25,0.25,adaptation_theta_logistic_growth,densities=20k/30k;doses=0.67/1.0/1.47
4.0,731.6507716666666,483.8670193729048,false,joint_ic_effect_two_population,shared,A2780cis,30k,0.67,IC25,0.25,adaptation_theta_logistic_growth,densities=20k/30k;doses=0.67/1.0/1.47
5.0,1291.6760416666666,925.6009814668971,false,joint_ic_effect_two_population,shared,A2780cis,30k,0.67,IC25,0.25,adaptation_theta_logistic_growth,densities=20k/30k;doses=0.67/1.0/1.47
6.0,1980.2315586666666,1664.5826010499422,false,joint_ic_effect_two_population,shared,A2780cis,30k,0.67,IC25,0.25,adaptation_theta_logistic_growth,densities=20k/30k;doses=0.67/1.0/1.47
7.0,2670.8478393333335,2516.7347617624123,false,joint_ic_effect_two_population,shared,A2780cis,30k,0.67,IC25,0.25,adaptation_theta_logistic_growth,densities=20k/30k;doses=0.67/1.0/1.47
8.0,2545.009915,2960.2932326704804,false,joint_ic_effect_two_population,shared,A2780cis,30k,0.67,IC25,0.25,adaptation_theta_logistic_growth,densities=20k/30k;doses=0.67/1.0/1.47
9.0,3548.7987266666664,3232.8939069084204,false,joint_ic_effect_two_population,shared,A2780cis,30k,0.67,IC25,0.25,adaptation_theta_logistic_growth,densities=20k/30k;doses=0.67/1.0/1.47
10.0,2897.7104553333334,3397.3262752047776,false,joint_ic_effect_two_population,shared,A2780cis,30k,0.67,IC25,0.25,adaptation_theta_logistic_growth,densities=20k/30k;doses=0.67/1.0/1.47
11.0,3797.833449333333,3498.6022033229165,false,joint_ic_effect_two_population,shared,A2780cis,30k,0.67,IC25,0.25,adaptation_theta_logistic_growth,densities=20k/30k;doses=0.67/1.0/1.47
12.0,2884.930285666667,3565.4855610990276,false,joint_ic_effect_two_population,shared,A2780cis,30k,0.67,IC25,0.25,adaptation_theta_logistic_growth,densities=20k/30k;doses=0.67/1.0/1.47
13.0,4146.366087666666,3612.8785887379995,false,joint_ic_effect_two_population,shared,A2780cis,30k,0.67,IC25,0.25,adaptation_theta_logistic_growth,densities=20k/30k;doses=0.67/1.0/1.47
14.0,3326.884761,3648.074789582005,false,joint_ic_effect_two_population,shared,A2780cis,30k,0.67,IC25,0.25,adaptation_theta_logistic_growth,densities=20k/30k;doses=0.67/1.0/1.47
0.0,100.0,100.0,true,joint_ic_effect_two_population,shared,A2780cis,30k,1.0,IC50,0.5,adaptation_theta_logistic_growth,densities=20k/30k;doses=0.67/1.0/1.47
1.0,117.62118066666666,113.2627519072944,false,joint_ic_effect_two_population,shared,A2780cis,30k,1.0,IC50,0.5,adaptation_theta_logistic_growth,densities=20k/30k;doses=0.67/1.0/1.47
2.0,206.52970666666667,158.9135178825909,false,joint_ic_effect_two_population,shared,A2780cis,30k,1.0,IC50,0.5,adaptation_theta_logistic_growth,densities=20k/30k;doses=0.67/1.0/1.47
3.0,392.79753066666666,262.58418195821713,false,joint_ic_effect_two_population,shared,A2780cis,30k,1.0,IC50,0.5,adaptation_theta_logistic_growth,densities=20k/30k;doses=0.67/1.0/1.47
4.0,793.1631946666666,483.8670193729048,false,joint_ic_effect_two_population,shared,A2780cis,30k,1.0,IC50,0.5,adaptation_theta_logistic_growth,densities=20k/30k;doses=0.67/1.0/1.47
5.0,1328.3501159999998,925.6009814668971,false,joint_ic_effect_two_population,shared,A2780cis,30k,1.0,IC50,0.5,adaptation_theta_logistic_growth,densities=20k/30k;doses=0.67/1.0/1.47
6.0,1947.6582176666668,1664.5826010499422,false,joint_ic_effect_two_population,shared,A2780cis,30k,1.0,IC50,0.5,adaptation_theta_logistic_growth,densities=20k/30k;doses=0.67/1.0/1.47
7.0,2594.510609333334,2303.7239342819316,false,joint_ic_effect_two_population,shared,A2780cis,30k,1.0,IC50,0.5,adaptation_theta_logistic_growth,densities=20k/30k;doses=0.67/1.0/1.47
8.0,2352.0106483333334,2099.6513319611254,false,joint_ic_effect_two_population,shared,A2780cis,30k,1.0,IC50,0.5,adaptation_theta_logistic_growth,densities=20k/30k;doses=0.67/1.0/1.47
9.0,3220.0850306666666,2563.4822578922726,false,joint_ic_effect_two_population,shared,A2780cis,30k,1.0,IC50,0.5,adaptation_theta_logistic_growth,densities=20k/30k;doses=0.67/1.0/1.47
10.0,2953.806751666667,2942.8167538741536,false,joint_ic_effect_two_population,shared,A2780cis,30k,1.0,IC50,0.5,adaptation_theta_logistic_growth,densities=20k/30k;doses=0.67/1.0/1.47
11.0,3595.1114196666663,3145.5235700933213,false,joint_ic_effect_two_population,shared,A2780cis,30k,1.0,IC50,0.5,adaptation_theta_logistic_growth,densities=20k/30k;doses=0.67/1.0/1.47
12.0,2534.660455333333,3238.864830363134,false,joint_ic_effect_two_population,shared,A2780cis,30k,1.0,IC50,0.5,adaptation_theta_logistic_growth,densities=20k/30k;doses=0.67/1.0/1.47
13.0,3853.449228666667,3280.91265667366,false,joint_ic_effect_two_population,shared,A2780cis,30k,1.0,IC50,0.5,adaptation_theta_logistic_growth,densities=20k/30k;doses=0.67/1.0/1.47
14.0,4116.669907333334,3301.121507653782,false,joint_ic_effect_two_population,shared,A2780cis,30k,1.0,IC50,0.5,adaptation_theta_logistic_growth,densities=20k/30k;doses=0.67/1.0/1.47
0.0,100.0,100.0,true,joint_ic_effect_two_population,shared,A2780cis,30k,1.47,IC75,0.75,adaptation_theta_logistic_growth,densities=20k/30k;doses=0.67/1.0/1.47
1.0,73.88472200000001,113.2627519072944,false,joint_ic_effect_two_population,shared,A2780cis,30k,1.47,IC75,0.75,adaptation_theta_logistic_growth,densities=20k/30k;doses=0.67/1.0/1.47
2.0,143.64463766666665,158.9135178825909,false,joint_ic_effect_two_population,shared,A2780cis,30k,1.47,IC75,0.75,adaptation_theta_logistic_growth,densities=20k/30k;doses=0.67/1.0/1.47
3.0,301.875849,262.58418195821713,false,joint_ic_effect_two_population,shared,A2780cis,30k,1.47,IC75,0.75,adaptation_theta_logistic_growth,densities=20k/30k;doses=0.67/1.0/1.47
4.0,670.1066746666667,483.8670193729048,false,joint_ic_effect_two_population,shared,A2780cis,30k,1.47,IC75,0.75,adaptation_theta_logistic_growth,densities=20k/30k;doses=0.67/1.0/1.47
5.0,1170.9108796666667,925.6009814668971,false,joint_ic_effect_two_population,shared,A2780cis,30k,1.47,IC75,0.75,adaptation_theta_logistic_growth,densities=20k/30k;doses=0.67/1.0/1.47
6.0,1348.3380016666667,1664.5826010499422,false,joint_ic_effect_two_population,shared,A2780cis,30k,1.47,IC75,0.75,adaptation_theta_logistic_growth,densities=20k/30k;doses=0.67/1.0/1.47
7.0,1881.759761,2166.943720668885,false,joint_ic_effect_two_population,shared,A2780cis,30k,1.47,IC75,0.75,adaptation_theta_logistic_growth,densities=20k/30k;doses=0.67/1.0/1.47
8.0,1606.1887733333333,1902.880615575134,false,joint_ic_effect_two_population,shared,A2780cis,30k,1.47,IC75,0.75,adaptation_theta_logistic_growth,densities=20k/30k;doses=0.67/1.0/1.47
9.0,2421.258526333333,2317.2936731740065,false,joint_ic_effect_two_population,shared,A2780cis,30k,1.47,IC75,0.75,adaptation_theta_logistic_growth,densities=20k/30k;doses=0.67/1.0/1.47
10.0,1957.2380400000002,2615.984964562592,false,joint_ic_effect_two_population,shared,A2780cis,30k,1.47,IC75,0.75,adaptation_theta_logistic_growth,densities=20k/30k;doses=0.67/1.0/1.47
11.0,2537.103395,2788.0281142267627,false,joint_ic_effect_two_population,shared,A2780cis,30k,1.47,IC75,0.75,adaptation_theta_logistic_growth,densities=20k/30k;doses=0.67/1.0/1.47
12.0,2244.322531,2879.6199748714466,false,joint_ic_effect_two_population,shared,A2780cis,30k,1.47,IC75,0.75,adaptation_theta_logistic_growth,densities=20k/30k;doses=0.67/1.0/1.47
13.0,2827.4429400000004,2928.3519427314354,false,joint_ic_effect_two_population,shared,A2780cis,30k,1.47,IC75,0.75,adaptation_theta_logistic_growth,densities=20k/30k;doses=0.67/1.0/1.47
14.0,3433.938387333333,2955.7720305092266,false,joint_ic_effect_two_population,shared,A2780cis,30k,1.47,IC75,0.75,adaptation_theta_logistic_growth,densities=20k/30k;doses=0.67/1.0/1.47
0.0,67.0,67.0,true,joint_intracellular_platinum_pkpd,shared,A2780cis,20k,0.67,IC25,0.25,adaptation_theta_logistic_growth,densities=20k/30k;doses=0.67/1.0/1.47
1.0,79.832716,75.98236693933828,false,joint_intracellular_platinum_pkpd,shared,A2780cis,20k,0.67,IC25,0.25,adaptation_theta_logistic_growth,densities=20k/30k;doses=0.67/1.0/1.47
2.0,136.68186733333332,107.06463426012216,false,joint_intracellular_platinum_pkpd,shared,A2780cis,20k,0.67,IC25,0.25,adaptation_theta_logistic_growth,densities=20k/30k;doses=0.67/1.0/1.47
3.0,256.032137,178.50871458675743,false,joint_intracellular_platinum_pkpd,shared,A2780cis,20k,0.67,IC25,0.25,adaptation_theta_logistic_growth,densities=20k/30k;doses=0.67/1.0/1.47
4.0,551.4876543333334,334.7626877444284,false,joint_intracellular_platinum_pkpd,shared,A2780cis,20k,0.67,IC25,0.25,adaptation_theta_logistic_growth,densities=20k/30k;doses=0.67/1.0/1.47
5.0,932.248611,663.0641142170899,false,joint_intracellular_platinum_pkpd,shared,A2780cis,20k,0.67,IC25,0.25,adaptation_theta_logistic_growth,densities=20k/30k;doses=0.67/1.0/1.47
6.0,1630.1435956666667,1270.286966211937,false,joint_intracellular_platinum_pkpd,shared,A2780cis,20k,0.67,IC25,0.25,adaptation_theta_logistic_growth,densities=20k/30k;doses=0.67/1.0/1.47
7.0,2349.2489583333336,2119.1728029484602,false,joint_intracellular_platinum_pkpd,shared,A2780cis,20k,0.67,IC25,0.25,adaptation_theta_logistic_growth,densities=20k/30k;doses=0.67/1.0/1.47
8.0,2344.200308666667,2901.0342989033343,false,joint_intracellular_platinum_pkpd,shared,A2780cis,20k,0.67,IC25,0.25,adaptation_theta_logistic_growth,densities=20k/30k;doses=0.67/1.0/1.47
9.0,3261.814429,3371.18080542059,false,joint_intracellular_platinum_pkpd,shared,A2780cis,20k,0.67,IC25,0.25,adaptation_theta_logistic_growth,densities=20k/30k;doses=0.67/1.0/1.47
10.0,2744.403163333333,3578.2101332647553,false,joint_intracellular_platinum_pkpd,shared,A2780cis,20k,0.67,IC25,0.25,adaptation_theta_logistic_growth,densities=20k/30k;doses=0.67/1.0/1.47
11.0,3624.0109566666665,3653.9655182349766,false,joint_intracellular_platinum_pkpd,shared,A2780cis,20k,0.67,IC25,0.25,adaptation_theta_logistic_growth,densities=20k/30k;doses=0.67/1.0/1.47
12.0,2656.8393906666665,3678.7086207408147,false,joint_intracellular_platinum_pkpd,shared,A2780cis,20k,0.67,IC25,0.25,adaptation_theta_logistic_growth,densities=20k/30k;doses=0.67/1.0/1.47
13.0,3902.5750386666664,3686.1010073840744,false,joint_intracellular_platinum_pkpd,shared,A2780cis,20k,0.67,IC25,0.25,adaptation_theta_logistic_growth,densities=20k/30k;doses=0.67/1.0/1.47
14.0,2987.771682,3688.1617087282357,false,joint_intracellular_platinum_pkpd,shared,A2780cis,20k,0.67,IC25,0.25,adaptation_theta_logistic_growth,densities=20k/30k;doses=0.67/1.0/1.47
0.0,67.0,67.0,true,joint_intracellular_platinum_pkpd,shared,A2780cis,20k,1.0,IC50,0.5,adaptation_theta_logistic_growth,densities=20k/30k;doses=0.67/1.0/1.47
1.0,82.57476866666666,75.98223438206595,false,joint_intracellular_platinum_pkpd,shared,A2780cis,20k,1.0,IC50,0.5,adaptation_theta_logistic_growth,densities=20k/30k;doses=0.67/1.0/1.47
2.0,153.74926733333334,107.03572131944686,false,joint_intracellular_platinum_pkpd,shared,A2780cis,20k,1.0,IC50,0.5,adaptation_theta_logistic_growth,densities=20k/30k;doses=0.67/1.0/1.47
3.0,298.6227236666667,177.89308683934354,false,joint_intracellular_platinum_pkpd,shared,A2780cis,20k,1.0,IC50,0.5,adaptation_theta_logistic_growth,densities=20k/30k;doses=0.67/1.0/1.47
4.0,584.2937496666667,329.41162861823466,false,joint_intracellular_platinum_pkpd,shared,A2780cis,20k,1.0,IC50,0.5,adaptation_theta_logistic_growth,densities=20k/30k;doses=0.67/1.0/1.47
5.0,1028.8575233333333,635.1242811128262,false,joint_intracellular_platinum_pkpd,shared,A2780cis,20k,1.0,IC50,0.5,adaptation_theta_logistic_growth,densities=20k/30k;doses=0.67/1.0/1.47
6.0,1728.4681713333332,1174.0466538565008,false,joint_intracellular_platinum_pkpd,shared,A2780cis,20k,1.0,IC50,0.5,adaptation_theta_logistic_growth,densities=20k/30k;doses=0.67/1.0/1.47
7.0,2346.5103780000004,1904.9350630118047,false,joint_intracellular_platinum_pkpd,shared,A2780cis,20k,1.0,IC50,0.5,adaptation_theta_logistic_growth,densities=20k/30k;doses=0.67/1.0/1.47
8.0,2305.3690973333332,2586.2468317683592,false,joint_intracellular_platinum_pkpd,shared,A2780cis,20k,1.0,IC50,0.5,adaptation_theta_logistic_growth,densities=20k/30k;doses=0.67/1.0/1.47
9.0,3049.6326773333335,3018.0616452285476,false,joint_intracellular_platinum_pkpd,shared,A2780cis,20k,1.0,IC50,0.5,adaptation_theta_logistic_growth,densities=20k/30k;doses=0.67/1.0/1.47
10.0,3134.858873333333,3221.8362371663534,false,joint_intracellular_platinum_pkpd,shared,A2780cis,20k,1.0,IC50,0.5,adaptation_theta_logistic_growth,densities=20k/30k;doses=0.67/1.0/1.47
11.0,3720.5385029999998,3301.6047750639323,false,joint_intracellular_platinum_pkpd,shared,A2780cis,20k,1.0,IC50,0.5,adaptation_theta_logistic_growth,densities=20k/30k;doses=0.67/1.0/1.47
12.0,2824.6677086666664,3329.4921854144304,false,joint_intracellular_platinum_pkpd,shared,A2780cis,20k,1.0,IC50,0.5,adaptation_theta_logistic_growth,densities=20k/30k;doses=0.67/1.0/1.47
13.0,3906.9917053333334,3338.8011222960527,false,joint_intracellular_platinum_pkpd,shared,A2780cis,20k,1.0,IC50,0.5,adaptation_theta_logistic_growth,densities=20k/30k;doses=0.67/1.0/1.47
14.0,4011.9759260000005,3342.2993631948857,false,joint_intracellular_platinum_pkpd,shared,A2780cis,20k,1.0,IC50,0.5,adaptation_theta_logistic_growth,densities=20k/30k;doses=0.67/1.0/1.47
0.0,67.0,67.0,true,joint_intracellular_platinum_pkpd,shared,A2780cis,20k,1.47,IC75,0.75,adaptation_theta_logistic_growth,densities=20k/30k;doses=0.67/1.0/1.47
1.0,66.07534733333334,75.98164504657159,false,joint_intracellular_platinum_pkpd,shared,A2780cis,20k,1.47,IC75,0.75,adaptation_theta_logistic_growth,densities=20k/30k;doses=0.67/1.0/1.47
2.0,136.019406,106.90796281424328,false,joint_intracellular_platinum_pkpd,shared,A2780cis,20k,1.47,IC75,0.75,adaptation_theta_logistic_growth,densities=20k/30k;doses=0.67/1.0/1.47
3.0,262.4119983333333,175.2901814228897,false,joint_intracellular_platinum_pkpd,shared,A2780cis,20k,1.47,IC75,0.75,adaptation_theta_logistic_growth,densities=20k/30k;doses=0.67/1.0/1.47
4.0,627.1851849999999,309.25295349126975,false,joint_intracellular_platinum_pkpd,shared,A2780cis,20k,1.47,IC75,0.75,adaptation_theta_logistic_growth,densities=20k/30k;doses=0.67/1.0/1.47
5.0,1055.7064813333334,546.4663008028136,false,joint_intracellular_platinum_pkpd,shared,A2780cis,20k,1.47,IC75,0.75,adaptation_theta_logistic_growth,densities=20k/30k;doses=0.67/1.0/1.47
6.0,1644.4327546666666,917.749036147475,false,joint_intracellular_platinum_pkpd,shared,A2780cis,20k,1.47,IC75,0.75,adaptation_theta_logistic_growth,densities=20k/30k;doses=0.67/1.0/1.47
7.0,1888.7926696666666,1401.8143206875134,false,joint_intracellular_platinum_pkpd,shared,A2780cis,20k,1.47,IC75,0.75,adaptation_theta_logistic_growth,densities=20k/30k;doses=0.67/1.0/1.47
8.0,1640.846373333333,1894.3470218196896,false,joint_intracellular_platinum_pkpd,shared,A2780cis,20k,1.47,IC75,0.75,adaptation_theta_logistic_growth,densities=20k/30k;doses=0.67/1.0/1.47
9.0,2390.4506556666665,2277.6273029065824,false,joint_intracellular_platinum_pkpd,shared,A2780cis,20k,1.47,IC75,0.75,adaptation_theta_logistic_growth,densities=20k/30k;doses=0.67/1.0/1.47
10.0,1885.2126543333334,2515.8947375508483,false,joint_intracellular_platinum_pkpd,shared,A2780cis,20k,1.47,IC75,0.75,adaptation_theta_logistic_growth,densities=20k/30k;doses=0.67/1.0/1.47
11.0,2693.7878856666666,2644.1923663671437,false,joint_intracellular_platinum_pkpd,shared,A2780cis,20k,1.47,IC75,0.75,adaptation_theta_logistic_growth,densities=20k/30k;doses=0.67/1.0/1.47
12.0,2554.914467666667,2709.3956576806013,false,joint_intracellular_platinum_pkpd,shared,A2780cis,20k,1.47,IC75,0.75,adaptation_theta_logistic_growth,densities=20k/30k;doses=0.67/1.0/1.47
13.0,3229.3090276666667,2743.276641959497,false,joint_intracellular_platinum_pkpd,shared,A2780cis,20k,1.47,IC75,0.75,adaptation_theta_logistic_growth,densities=20k/30k;doses=0.67/1.0/1.47
14.0,3171.784760666667,2762.555909886195,false,joint_intracellular_platinum_pkpd,shared,A2780cis,20k,1.47,IC75,0.75,adaptation_theta_logistic_growth,densities=20k/30k;doses=0.67/1.0/1.47
0.0,100.0,100.0,true,joint_intracellular_platinum_pkpd,shared,A2780cis,30k,0.67,IC25,0.25,adaptation_theta_logistic_growth,densities=20k/30k;doses=0.67/1.0/1.47
1.0,119.12291633333332,113.26269932799802,false,joint_intracellular_platinum_pkpd,shared,A2780cis,30k,0.67,IC25,0.25,adaptation_theta_logistic_growth,densities=20k/30k;doses=0.67/1.0/1.47
2.0,208.10995366666666,158.9022114451536,false,joint_intracellular_platinum_pkpd,shared,A2780cis,30k,0.67,IC25,0.25,adaptation_theta_logistic_growth,densities=20k/30k;doses=0.67/1.0/1.47
3.0,381.1926696666667,262.3440705206649,false,joint_intracellular_platinum_pkpd,shared,A2780cis,30k,0.67,IC25,0.25,adaptation_theta_logistic_growth,densities=20k/30k;doses=0.67/1.0/1.47
4.0,731.6507716666666,481.77794607189736,false,joint_intracellular_platinum_pkpd,shared,A2780cis,30k,0.67,IC25,0.25,adaptation_theta_logistic_growth,densities=20k/30k;doses=0.67/1.0/1.47
5.0,1291.6760416666666,914.7998025424608,false,joint_intracellular_platinum_pkpd,shared,A2780cis,30k,0.67,IC25,0.25,adaptation_theta_logistic_growth,densities=20k/30k;doses=0.67/1.0/1.47
6.0,1980.2315586666666,1629.0156624664376,false,joint_intracellular_platinum_pkpd,shared,A2780cis,30k,0.67,IC25,0.25,adaptation_theta_logistic_growth,densities=20k/30k;doses=0.67/1.0/1.47
7.0,2670.8478393333335,2474.8317532575165,false,joint_intracellular_platinum_pkpd,shared,A2780cis,30k,0.67,IC25,0.25,adaptation_theta_logistic_growth,densities=20k/30k;doses=0.67/1.0/1.47
8.0,2545.009915,3129.9715029573413,false,joint_intracellular_platinum_pkpd,shared,A2780cis,30k,0.67,IC25,0.25,adaptation_theta_logistic_growth,densities=20k/30k;doses=0.67/1.0/1.47
9.0,3548.7987266666664,3476.5856089006347,false,joint_intracellular_platinum_pkpd,shared,A2780cis,30k,0.67,IC25,0.25,adaptation_theta_logistic_growth,densities=20k/30k;doses=0.67/1.0/1.47
10.0,2897.7104553333334,3618.3186534625365,false,joint_intracellular_platinum_pkpd,shared,A2780cis,30k,0.67,IC25,0.25,adaptation_theta_logistic_growth,densities=20k/30k;doses=0.67/1.0/1.47
11.0,3797.833449333333,3667.852930915497,false,joint_intracellular_platinum_pkpd,shared,A2780cis,30k,0.67,IC25,0.25,adaptation_theta_logistic_growth,densities=20k/30k;doses=0.67/1.0/1.47
12.0,2884.930285666667,3683.291605774713,false,joint_intracellular_platinum_pkpd,shared,A2780cis,30k,0.67,IC25,0.25,adaptation_theta_logistic_growth,densities=20k/30k;doses=0.67/1.0/1.47
13.0,4146.366087666666,3687.571809066306,false,joint_intracellular_platinum_pkpd,shared,A2780cis,30k,0.67,IC25,0.25,adaptation_theta_logistic_growth,densities=20k/30k;doses=0.67/1.0/1.47
14.0,3326.884761,3688.6249279094422,false,joint_intracellular_platinum_pkpd,shared,A2780cis,30k,0.67,IC25,0.25,adaptation_theta_logistic_growth,densities=20k/30k;doses=0.67/1.0/1.47
0.0,100.0,100.0,true,joint_intracellular_platinum_pkpd,shared,A2780cis,30k,1.0,IC50,0.5,adaptation_theta_logistic_growth,densities=20k/30k;doses=0.67/1.0/1.47
1.0,117.62118066666666,113.26250178262204,false,joint_intracellular_platinum_pkpd,shared,A2780cis,30k,1.0,IC50,0.5,adaptation_theta_logistic_growth,densities=20k/30k;doses=0.67/1.0/1.47
2.0,206.52970666666667,158.85935706903103,false,joint_intracellular_platinum_pkpd,shared,A2780cis,30k,1.0,IC50,0.5,adaptation_theta_logistic_growth,densities=20k/30k;doses=0.67/1.0/1.47
3.0,392.79753066666666,261.44334042018187,false,joint_intracellular_platinum_pkpd,shared,A2780cis,30k,1.0,IC50,0.5,adaptation_theta_logistic_growth,densities=20k/30k;doses=0.67/1.0/1.47
4.0,793.1631946666666,474.1726002411526,false,joint_intracellular_platinum_pkpd,shared,A2780cis,30k,1.0,IC50,0.5,adaptation_theta_logistic_growth,densities=20k/30k;doses=0.67/1.0/1.47
5.0,1328.3501159999998,877.4051796882205,false,joint_intracellular_platinum_pkpd,shared,A2780cis,30k,1.0,IC50,0.5,adaptation_theta_logistic_growth,densities=20k/30k;doses=0.67/1.0/1.47
6.0,1947.6582176666668,1512.792856377652,false,joint_intracellular_platinum_pkpd,shared,A2780cis,30k,1.0,IC50,0.5,adaptation_theta_logistic_growth,densities=20k/30k;doses=0.67/1.0/1.47
7.0,2594.510609333334,2245.7906294554537,false,joint_intracellular_platinum_pkpd,shared,A2780cis,30k,1.0,IC50,0.5,adaptation_theta_logistic_growth,densities=20k/30k;doses=0.67/1.0/1.47
8.0,2352.0106483333334,2819.918517963169,false,joint_intracellular_platinum_pkpd,shared,A2780cis,30k,1.0,IC50,0.5,adaptation_theta_logistic_growth,densities=20k/30k;doses=0.67/1.0/1.47
9.0,3220.0850306666666,3136.163018034268,false,joint_intracellular_platinum_pkpd,shared,A2780cis,30k,1.0,IC50,0.5,adaptation_theta_logistic_growth,densities=20k/30k;doses=0.67/1.0/1.47
10.0,2953.806751666667,3271.6264059744362,false,joint_intracellular_platinum_pkpd,shared,A2780cis,30k,1.0,IC50,0.5,adaptation_theta_logistic_growth,densities=20k/30k;doses=0.67/1.0/1.47
11.0,3595.1114196666663,3320.730236980393,false,joint_intracellular_platinum_pkpd,shared,A2780cis,30k,1.0,IC50,0.5,adaptation_theta_logistic_growth,densities=20k/30k;doses=0.67/1.0/1.47
12.0,2534.660455333333,3336.4974052473685,false,joint_intracellular_platinum_pkpd,shared,A2780cis,30k,1.0,IC50,0.5,adaptation_theta_logistic_growth,densities=20k/30k;doses=0.67/1.0/1.47
13.0,3853.449228666667,3341.298565529458,false,joint_intracellular_platinum_pkpd,shared,A2780cis,30k,1.0,IC50,0.5,adaptation_theta_logistic_growth,densities=20k/30k;doses=0.67/1.0/1.47
14.0,4116.669907333334,3343.174030158665,false,joint_intracellular_platinum_pkpd,shared,A2780cis,30k,1.0,IC50,0.5,adaptation_theta_logistic_growth,densities=20k/30k;doses=0.67/1.0/1.47
0.0,100.0,100.0,true,joint_intracellular_platinum_pkpd,shared,A2780cis,30k,1.47,IC75,0.75,adaptation_theta_logistic_growth,densities=20k/30k;doses=0.67/1.0/1.47
1.0,73.88472200000001,113.26162351695575,false,joint_intracellular_platinum_pkpd,shared,A2780cis,30k,1.47,IC75,0.75,adaptation_theta_logistic_growth,densities=20k/30k;doses=0.67/1.0/1.47
2.0,143.64463766666665,158.6699953396025,false,joint_intracellular_platinum_pkpd,shared,A2780cis,30k,1.47,IC75,0.75,adaptation_theta_logistic_growth,densities=20k/30k;doses=0.67/1.0/1.47
3.0,301.875849,257.6349974240598,false,joint_intracellular_platinum_pkpd,shared,A2780cis,30k,1.47,IC75,0.75,adaptation_theta_logistic_growth,densities=20k/30k;doses=0.67/1.0/1.47
4.0,670.1066746666667,445.51202492357777,false,joint_intracellular_platinum_pkpd,shared,A2780cis,30k,1.47,IC75,0.75,adaptation_theta_logistic_growth,densities=20k/30k;doses=0.67/1.0/1.47
5.0,1170.9108796666667,758.4164506942057,false,joint_intracellular_platinum_pkpd,shared,A2780cis,30k,1.47,IC75,0.75,adaptation_theta_logistic_growth,densities=20k/30k;doses=0.67/1.0/1.47
6.0,1348.3380016666667,1200.2600799792558,false,joint_intracellular_platinum_pkpd,shared,A2780cis,30k,1.47,IC75,0.75,adaptation_theta_logistic_growth,densities=20k/30k;doses=0.67/1.0/1.47
7.0,1881.759761,1699.6825089954295,false,joint_intracellular_platinum_pkpd,shared,A2780cis,30k,1.47,IC75,0.75,adaptation_theta_logistic_growth,densities=20k/30k;doses=0.67/1.0/1.47
8.0,1606.1887733333333,2133.7803588593574,false,joint_intracellular_platinum_pkpd,shared,A2780cis,30k,1.47,IC75,0.75,adaptation_theta_logistic_growth,densities=20k/30k;doses=0.67/1.0/1.47
9.0,2421.258526333333,2428.668620340456,false,joint_intracellular_platinum_pkpd,shared,A2780cis,30k,1.47,IC75,0.75,adaptation_theta_logistic_growth,densities=20k/30k;doses=0.67/1.0/1.47
10.0,1957.2380400000002,2596.0120440054334,false,joint_intracellular_platinum_pkpd,shared,A2780cis,30k,1.47,IC75,0.75,adaptation_theta_logistic_growth,densities=20k/30k;doses=0.67/1.0/1.47
11.0,2537.103395,2682.376423140794,false,joint_intracellular_platinum_pkpd,shared,A2780cis,30k,1.47,IC75,0.75,adaptation_theta_logistic_growth,densities=20k/30k;doses=0.67/1.0/1.47
12.0,2244.322531,2726.4945591173596,false,joint_intracellular_platinum_pkpd,shared,A2780cis,30k,1.47,IC75,0.75,adaptation_theta_logistic_growth,densities=20k/30k;doses=0.67/1.0/1.47
13.0,2827.4429400000004,2750.6548651914586,false,joint_intracellular_platinum_pkpd,shared,A2780cis,30k,1.47,IC75,0.75,adaptation_theta_logistic_growth,densities=20k/30k;doses=0.67/1.0/1.47
14.0,3433.938387333333,2765.66497318365,false,joint_intracellular_platinum_pkpd,shared,A2780cis,30k,1.47,IC75,0.75,adaptation_theta_logistic_growth,densities=20k/30k;doses=0.67/1.0/1.47
0.0,67.0,67.0,true,joint_time_decay_dose_scaled,shared,A2780cis,20k,0.67,IC25,0.25,adaptation_theta_logistic_growth,densities=20k/30k;doses=0.67/1.0/1.47
1.0,79.832716,70.83404771060462,false,joint_time_decay_dose_scaled,shared,A2780cis,20k,0.67,IC25,0.25,adaptation_theta_logistic_growth,densities=20k/30k;doses=0.67/1.0/1.47
2.0,136.68186733333332,93.13009085495733,false,joint_time_decay_dose_scaled,shared,A2780cis,20k,0.67,IC25,0.25,adaptation_theta_logistic_growth,densities=20k/30k;doses=0.67/1.0/1.47
3.0,256.032137,145.35105608337653,false,joint_time_decay_dose_scaled,shared,A2780cis,20k,0.67,IC25,0.25,adaptation_theta_logistic_growth,densities=20k/30k;doses=0.67/1.0/1.47
4.0,551.4876543333334,257.52518489633337,false,joint_time_decay_dose_scaled,shared,A2780cis,20k,0.67,IC25,0.25,adaptation_theta_logistic_growth,densities=20k/30k;doses=0.67/1.0/1.47
5.0,932.248611,492.1253786294612,false,joint_time_decay_dose_scaled,shared,A2780cis,20k,0.67,IC25,0.25,adaptation_theta_logistic_growth,densities=20k/30k;doses=0.67/1.0/1.47
6.0,1630.1435956666667,945.6049110701242,false,joint_time_decay_dose_scaled,shared,A2780cis,20k,0.67,IC25,0.25,adaptation_theta_logistic_growth,densities=20k/30k;doses=0.67/1.0/1.47
7.0,2349.2489583333336,1662.9269378426554,false,joint_time_decay_dose_scaled,shared,A2780cis,20k,0.67,IC25,0.25,adaptation_theta_logistic_growth,densities=20k/30k;doses=0.67/1.0/1.47
8.0,2344.200308666667,2465.5635240758,false,joint_time_decay_dose_scaled,shared,A2780cis,20k,0.67,IC25,0.25,adaptation_theta_logistic_growth,densities=20k/30k;doses=0.67/1.0/1.47
9.0,3261.814429,3060.1472600405423,false,joint_time_decay_dose_scaled,shared,A2780cis,20k,0.67,IC25,0.25,adaptation_theta_logistic_growth,densities=20k/30k;doses=0.67/1.0/1.47
10.0,2744.403163333333,3372.973892518975,false,joint_time_decay_dose_scaled,shared,A2780cis,20k,0.67,IC25,0.25,adaptation_theta_logistic_growth,densities=20k/30k;doses=0.67/1.0/1.47
11.0,3624.0109566666665,3507.183993175057,false,joint_time_decay_dose_scaled,shared,A2780cis,20k,0.67,IC25,0.25,adaptation_theta_logistic_growth,densities=20k/30k;doses=0.67/1.0/1.47
12.0,2656.8393906666665,3560.1863994696478,false,joint_time_decay_dose_scaled,shared,A2780cis,20k,0.67,IC25,0.25,adaptation_theta_logistic_growth,densities=20k/30k;doses=0.67/1.0/1.47
13.0,3902.5750386666664,3581.3187623182057,false,joint_time_decay_dose_scaled,shared,A2780cis,20k,0.67,IC25,0.25,adaptation_theta_logistic_growth,densities=20k/30k;doses=0.67/1.0/1.47
14.0,2987.771682,3590.5653030603403,false,joint_time_decay_dose_scaled,shared,A2780cis,20k,0.67,IC25,0.25,adaptation_theta_logistic_growth,densities=20k/30k;doses=0.67/1.0/1.47
0.0,67.0,67.0,true,joint_time_decay_dose_scaled,shared,A2780cis,20k,1.0,IC50,0.5,adaptation_theta_logistic_growth,densities=20k/30k;doses=0.67/1.0/1.47
1.0,82.57476866666666,68.42786974655552,false,joint_time_decay_dose_scaled,shared,A2780cis,20k,1.0,IC50,0.5,adaptation_theta_logistic_growth,densities=20k/30k;doses=0.67/1.0/1.47
2.0,153.74926733333334,86.9424543339659,false,joint_time_decay_dose_scaled,shared,A2780cis,20k,1.0,IC50,0.5,adaptation_theta_logistic_growth,densities=20k/30k;doses=0.67/1.0/1.47
3.0,298.6227236666667,131.26894299019244,false,joint_time_decay_dose_scaled,shared,A2780cis,20k,1.0,IC50,0.5,adaptation_theta_logistic_growth,densities=20k/30k;doses=0.67/1.0/1.47
4.0,584.2937496666667,225.5946684478719,false,joint_time_decay_dose_scaled,shared,A2780cis,20k,1.0,IC50,0.5,adaptation_theta_logistic_growth,densities=20k/30k;doses=0.67/1.0/1.47
5.0,1028.8575233333333,420.9406953287163,false,joint_time_decay_dose_scaled,shared,A2780cis,20k,1.0,IC50,0.5,adaptation_theta_logistic_growth,densities=20k/30k;doses=0.67/1.0/1.47
6.0,1728.4681713333332,801.2337492503983,false,joint_time_decay_dose_scaled,shared,A2780cis,20k,1.0,IC50,0.5,adaptation_theta_logistic_growth,densities=20k/30k;doses=0.67/1.0/1.47
7.0,2346.5103780000004,1429.0937303778328,false,joint_time_decay_dose_scaled,shared,A2780cis,20k,1.0,IC50,0.5,adaptation_theta_logistic_growth,densities=20k/30k;doses=0.67/1.0/1.47
8.0,2305.3690973333332,2194.688188163355,false,joint_time_decay_dose_scaled,shared,A2780cis,20k,1.0,IC50,0.5,adaptation_theta_logistic_growth,densities=20k/30k;doses=0.67/1.0/1.47
9.0,3049.6326773333335,2826.7523031966875,false,joint_time_decay_dose_scaled,shared,A2780cis,20k,1.0,IC50,0.5,adaptation_theta_logistic_growth,densities=20k/30k;doses=0.67/1.0/1.47
10.0,3134.858873333333,3193.742392536619,false,joint_time_decay_dose_scaled,shared,A2780cis,20k,1.0,IC50,0.5,adaptation_theta_logistic_growth,densities=20k/30k;doses=0.67/1.0/1.47
11.0,3720.5385029999998,3363.5695864915397,false,joint_time_decay_dose_scaled,shared,A2780cis,20k,1.0,IC50,0.5,adaptation_theta_logistic_growth,densities=20k/30k;doses=0.67/1.0/1.47
12.0,2824.6677086666664,3434.6705508818454,false,joint_time_decay_dose_scaled,shared,A2780cis,20k,1.0,IC50,0.5,adaptation_theta_logistic_growth,densities=20k/30k;doses=0.67/1.0/1.47
13.0,3906.9917053333334,3464.4199850660725,false,joint_time_decay_dose_scaled,shared,A2780cis,20k,1.0,IC50,0.5,adaptation_theta_logistic_growth,densities=20k/30k;doses=0.67/1.0/1.47
14.0,4011.9759260000005,3477.9469745106503,false,joint_time_decay_dose_scaled,shared,A2780cis,20k,1.0,IC50,0.5,adaptation_theta_logistic_growth,densities=20k/30k;doses=0.67/1.0/1.47
0.0,67.0,67.0,true,joint_time_decay_dose_scaled,shared,A2780cis,20k,1.47,IC75,0.75,adaptation_theta_logistic_growth,densities=20k/30k;doses=0.67/1.0/1.47
1.0,66.07534733333334,65.14115620183996,false,joint_time_decay_dose_scaled,shared,A2780cis,20k,1.47,IC75,0.75,adaptation_theta_logistic_growth,densities=20k/30k;doses=0.67/1.0/1.47
2.0,136.019406,78.8295420297052,false,joint_time_decay_dose_scaled,shared,A2780cis,20k,1.47,IC75,0.75,adaptation_theta_logistic_growth,densities=20k/30k;doses=0.67/1.0/1.47
3.0,262.4119983333333,113.50738615599143,false,joint_time_decay_dose_scaled,shared,A2780cis,20k,1.47,IC75,0.75,adaptation_theta_logistic_growth,densities=20k/30k;doses=0.67/1.0/1.47
4.0,627.1851849999999,186.64306093827142,false,joint_time_decay_dose_scaled,shared,A2780cis,20k,1.47,IC75,0.75,adaptation_theta_logistic_growth,densities=20k/30k;doses=0.67/1.0/1.47
5.0,1055.7064813333334,335.84590107969086,false,joint_time_decay_dose_scaled,shared,A2780cis,20k,1.47,IC75,0.75,adaptation_theta_logistic_growth,densities=20k/30k;doses=0.67/1.0/1.47
6.0,1644.4327546666666,627.2330285153813,false,joint_time_decay_dose_scaled,shared,A2780cis,20k,1.47,IC75,0.75,adaptation_theta_logistic_growth,densities=20k/30k;doses=0.67/1.0/1.47
7.0,1888.7926696666666,1131.4460922171186,false,joint_time_decay_dose_scaled,shared,A2780cis,20k,1.47,IC75,0.75,adaptation_theta_logistic_growth,densities=20k/30k;doses=0.67/1.0/1.47
8.0,1640.846373333333,1816.116476365389,false,joint_time_decay_dose_scaled,shared,A2780cis,20k,1.47,IC75,0.75,adaptation_theta_logistic_growth,densities=20k/30k;doses=0.67/1.0/1.47
9.0,2390.4506556666665,2473.045482255665,false,joint_time_decay_dose_scaled,shared,A2780cis,20k,1.47,IC75,0.75,adaptation_theta_logistic_growth,densities=20k/30k;doses=0.67/1.0/1.47
10.0,1885.2126543333334,2915.1620187775097,false,joint_time_decay_dose_scaled,shared,A2780cis,20k,1.47,IC75,0.75,adaptation_theta_logistic_growth,densities=20k/30k;doses=0.67/1.0/1.47
11.0,2693.7878856666666,3144.667424862449,false,joint_time_decay_dose_scaled,shared,A2780cis,20k,1.47,IC75,0.75,adaptation_theta_logistic_growth,densities=20k/30k;doses=0.67/1.0/1.47
12.0,2554.914467666667,3248.8311839177686,false,joint_time_decay_dose_scaled,shared,A2780cis,20k,1.47,IC75,0.75,adaptation_theta_logistic_growth,densities=20k/30k;doses=0.67/1.0/1.47
13.0,3229.3090276666667,3294.78671873437,false,joint_time_decay_dose_scaled,shared,A2780cis,20k,1.47,IC75,0.75,adaptation_theta_logistic_growth,densities=20k/30k;doses=0.67/1.0/1.47
14.0,3171.784760666667,3316.2378879070416,false,joint_time_decay_dose_scaled,shared,A2780cis,20k,1.47,IC75,0.75,adaptation_theta_logistic_growth,densities=20k/30k;doses=0.67/1.0/1.47
0.0,100.0,100.0,true,joint_time_decay_dose_scaled,shared,A2780cis,30k,0.67,IC25,0.25,adaptation_theta_logistic_growth,densities=20k/30k;doses=0.67/1.0/1.47
1.0,119.12291633333332,105.59434952298228,false,joint_time_decay_dose_scaled,shared,A2780cis,30k,0.67,IC25,0.25,adaptation_theta_logistic_growth,densities=20k/30k;doses=0.67/1.0/1.47
2.0,208.10995366666666,138.28940691444035,false,joint_time_decay_dose_scaled,shared,A2780cis,30k,0.67,IC25,0.25,adaptation_theta_logistic_growth,densities=20k/30k;doses=0.67/1.0/1.47
3.0,381.1926696666667,214.046345264668,false,joint_time_decay_dose_scaled,shared,A2780cis,30k,0.67,IC25,0.25,adaptation_theta_logistic_growth,densities=20k/30k;doses=0.67/1.0/1.47
4.0,731.6507716666666,372.9068218530294,false,joint_time_decay_dose_scaled,shared,A2780cis,30k,0.67,IC25,0.25,adaptation_theta_logistic_growth,densities=20k/30k;doses=0.67/1.0/1.47
5.0,1291.6760416666666,689.3519693819319,false,joint_time_decay_dose_scaled,shared,A2780cis,30k,0.67,IC25,0.25,adaptation_theta_logistic_growth,densities=20k/30k;doses=0.67/1.0/1.47
6.0,1980.2315586666666,1247.9638865070633,false,joint_time_decay_dose_scaled,shared,A2780cis,30k,0.67,IC25,0.25,adaptation_theta_logistic_growth,densities=20k/30k;doses=0.67/1.0/1.47
7.0,2670.8478393333335,2014.5448500045848,false,joint_time_decay_dose_scaled,shared,A2780cis,30k,0.67,IC25,0.25,adaptation_theta_logistic_growth,densities=20k/30k;doses=0.67/1.0/1.47
8.0,2545.009915,2739.982600491753,false,joint_time_decay_dose_scaled,shared,A2780cis,30k,0.67,IC25,0.25,adaptation_theta_logistic_growth,densities=20k/30k;doses=0.67/1.0/1.47
9.0,3548.7987266666664,3207.622571415473,false,joint_time_decay_dose_scaled,shared,A2780cis,30k,0.67,IC25,0.25,adaptation_theta_logistic_growth,densities=20k/30k;doses=0.67/1.0/1.47
10.0,2897.7104553333334,3434.990145060722,false,joint_time_decay_dose_scaled,shared,A2780cis,30k,0.67,IC25,0.25,adaptation_theta_logistic_growth,densities=20k/30k;doses=0.67/1.0/1.47
11.0,3797.833449333333,3530.0671465067867,false,joint_time_decay_dose_scaled,shared,A2780cis,30k,0.67,IC25,0.25,adaptation_theta_logistic_growth,densities=20k/30k;doses=0.67/1.0/1.47
12.0,2884.930285666667,3568.0873495947344,false,joint_time_decay_dose_scaled,shared,A2780cis,30k,0.67,IC25,0.25,adaptation_theta_logistic_growth,densities=20k/30k;doses=0.67/1.0/1.47
13.0,4146.366087666666,3583.9490185046484,false,joint_time_decay_dose_scaled,shared,A2780cis,30k,0.67,IC25,0.25,adaptation_theta_logistic_growth,densities=20k/30k;doses=0.67/1.0/1.47
14.0,3326.884761,3591.4211153226543,false,joint_time_decay_dose_scaled,shared,A2780cis,30k,0.67,IC25,0.25,adaptation_theta_logistic_growth,densities=20k/30k;doses=0.67/1.0/1.47
0.0,100.0,100.0,true,joint_time_decay_dose_scaled,shared,A2780cis,30k,1.0,IC50,0.5,adaptation_theta_logistic_growth,densities=20k/30k;doses=0.67/1.0/1.47
1.0,117.62118066666666,102.01012244755896,false,joint_time_decay_dose_scaled,shared,A2780cis,30k,1.0,IC50,0.5,adaptation_theta_logistic_growth,densities=20k/30k;doses=0.67/1.0/1.47
2.0,206.52970666666667,129.1305243043809,false,joint_time_decay_dose_scaled,shared,A2780cis,30k,1.0,IC50,0.5,adaptation_theta_logistic_growth,densities=20k/30k;doses=0.67/1.0/1.47
3.0,392.79753066666666,193.48114753883988,false,joint_time_decay_dose_scaled,shared,A2780cis,30k,1.0,IC50,0.5,adaptation_theta_logistic_growth,densities=20k/30k;doses=0.67/1.0/1.47
4.0,793.1631946666666,327.53798859511556,false,joint_time_decay_dose_scaled,shared,A2780cis,30k,1.0,IC50,0.5,adaptation_theta_logistic_growth,densities=20k/30k;doses=0.67/1.0/1.47
5.0,1328.3501159999998,593.5530361080948,false,joint_time_decay_dose_scaled,shared,A2780cis,30k,1.0,IC50,0.5,adaptation_theta_logistic_growth,densities=20k/30k;doses=0.67/1.0/1.47
6.0,1947.6582176666668,1071.6873333575843,false,joint_time_decay_dose_scaled,shared,A2780cis,30k,1.0,IC50,0.5,adaptation_theta_logistic_growth,densities=20k/30k;doses=0.67/1.0/1.47
7.0,2594.510609333334,1765.6755903495032,false,joint_time_decay_dose_scaled,shared,A2780cis,30k,1.0,IC50,0.5,adaptation_theta_logistic_growth,densities=20k/30k;doses=0.67/1.0/1.47
8.0,2352.0106483333334,2485.7002255746183,false,joint_time_decay_dose_scaled,shared,A2780cis,30k,1.0,IC50,0.5,adaptation_theta_logistic_growth,densities=20k/30k;doses=0.67/1.0/1.47
9.0,3220.0850306666666,2999.631391164751,false,joint_time_decay_dose_scaled,shared,A2780cis,30k,1.0,IC50,0.5,adaptation_theta_logistic_growth,densities=20k/30k;doses=0.67/1.0/1.47
10.0,2953.806751666667,3272.2107516471365,false,joint_time_decay_dose_scaled,shared,A2780cis,30k,1.0,IC50,0.5,adaptation_theta_logistic_growth,densities=20k/30k;doses=0.67/1.0/1.47
11.0,3595.1114196666663,3394.1758079197143,false,joint_time_decay_dose_scaled,shared,A2780cis,30k,1.0,IC50,0.5,adaptation_theta_logistic_growth,densities=20k/30k;doses=0.67/1.0/1.47
12.0,2534.660455333333,3445.7117769242277,false,joint_time_decay_dose_scaled,shared,A2780cis,30k,1.0,IC50,0.5,adaptation_theta_logistic_growth,densities=20k/30k;doses=0.67/1.0/1.47
13.0,3853.449228666667,3468.2396714627716,false,joint_time_decay_dose_scaled,shared,A2780cis,30k,1.0,IC50,0.5,adaptation_theta_logistic_growth,densities=20k/30k;doses=0.67/1.0/1.47
14.0,4116.669907333334,3479.2354529308395,false,joint_time_decay_dose_scaled,shared,A2780cis,30k,1.0,IC50,0.5,adaptation_theta_logistic_growth,densities=20k/30k;doses=0.67/1.0/1.47
0.0,100.0,100.0,true,joint_time_decay_dose_scaled,shared,A2780cis,30k,1.47,IC75,0.75,adaptation_theta_logistic_growth,densities=20k/30k;doses=0.67/1.0/1.47
1.0,73.88472200000001,97.11398572472203,false,joint_time_decay_dose_scaled,shared,A2780cis,30k,1.47,IC75,0.75,adaptation_theta_logistic_growth,densities=20k/30k;doses=0.67/1.0/1.47
2.0,143.64463766666665,117.11636555447737,false,joint_time_decay_dose_scaled,shared,A2780cis,30k,1.47,IC75,0.75,adaptation_theta_logistic_growth,densities=20k/30k;doses=0.67/1.0/1.47
3.0,301.875849,167.49617655938445,false,joint_time_decay_dose_scaled,shared,A2780cis,30k,1.47,IC75,0.75,adaptation_theta_logistic_growth,densities=20k/30k;doses=0.67/1.0/1.47
4.0,670.1066746666667,271.90030977603317,false,joint_time_decay_dose_scaled,shared,A2780cis,30k,1.47,IC75,0.75,adaptation_theta_logistic_growth,densities=20k/30k;doses=0.67/1.0/1.47
5.0,1170.9108796666667,477.5257733233256,false,joint_time_decay_dose_scaled,shared,A2780cis,30k,1.47,IC75,0.75,adaptation_theta_logistic_growth,densities=20k/30k;doses=0.67/1.0/1.47
6.0,1348.3380016666667,853.5545360518523,false,joint_time_decay_dose_scaled,shared,A2780cis,30k,1.47,IC75,0.75,adaptation_theta_logistic_growth,densities=20k/30k;doses=0.67/1.0/1.47
7.0,1881.759761,1436.633296723789,false,joint_time_decay_dose_scaled,shared,A2780cis,30k,1.47,IC75,0.75,adaptation_theta_logistic_growth,densities=20k/30k;doses=0.67/1.0/1.47
8.0,1606.1887733333333,2118.9080014223823,false,joint_time_decay_dose_scaled,shared,A2780cis,30k,1.47,IC75,0.75,adaptation_theta_logistic_growth,densities=20k/30k;doses=0.67/1.0/1.47
9.0,2421.258526333333,2682.043159319715,false,joint_time_decay_dose_scaled,shared,A2780cis,30k,1.47,IC75,0.75,adaptation_theta_logistic_growth,densities=20k/30k;doses=0.67/1.0/1.47
10.0,1957.2380400000002,3022.3230370627325,false,joint_time_decay_dose_scaled,shared,A2780cis,30k,1.47,IC75,0.75,adaptation_theta_logistic_growth,densities=20k/30k;doses=0.67/1.0/1.47
11.0,2537.103395,3190.353391786203,false,joint_time_decay_dose_scaled,shared,A2780cis,30k,1.47,IC75,0.75,adaptation_theta_logistic_growth,densities=20k/30k;doses=0.67/1.0/1.47
12.0,2244.322531,3266.4708206433097,false,joint_time_decay_dose_scaled,shared,A2780cis,30k,1.47,IC75,0.75,adaptation_theta_logistic_growth,densities=20k/30k;doses=0.67/1.0/1.47
13.0,2827.4429400000004,3301.2495220085957,false,joint_time_decay_dose_scaled,shared,A2780cis,30k,1.47,IC75,0.75,adaptation_theta_logistic_growth,densities=20k/30k;doses=0.67/1.0/1.47
14.0,3433.938387333333,3318.535697596446,false,joint_time_decay_dose_scaled,shared,A2780cis,30k,1.47,IC75,0.75,adaptation_theta_logistic_growth,densities=20k/30k;doses=0.67/1.0/1.47
0.0,67.0,67.0,true,joint_anchored_hill_kill,partial_5pct,A2780cis,20k,0.67,IC25,0.25,adaptation_theta_logistic_growth,densities=20k/30k;doses=0.67/1.0/1.47
1.0,79.832716,74.8353128592987,false,joint_anchored_hill_kill,partial_5pct,A2780cis,20k,0.67,IC25,0.25,adaptation_theta_logistic_growth,densities=20k/30k;doses=0.67/1.0/1.47
2.0,136.68186733333332,103.88304365186013,false,joint_anchored_hill_kill,partial_5pct,A2780cis,20k,0.67,IC25,0.25,adaptation_theta_logistic_growth,densities=20k/30k;doses=0.67/1.0/1.47
3.0,256.032137,170.86330009807548,false,joint_anchored_hill_kill,partial_5pct,A2780cis,20k,0.67,IC25,0.25,adaptation_theta_logistic_growth,densities=20k/30k;doses=0.67/1.0/1.47
4.0,551.4876543333334,317.42414456808046,false,joint_anchored_hill_kill,partial_5pct,A2780cis,20k,0.67,IC25,0.25,adaptation_theta_logistic_growth,densities=20k/30k;doses=0.67/1.0/1.47
5.0,932.248611,628.0258843475145,false,joint_anchored_hill_kill,partial_5pct,A2780cis,20k,0.67,IC25,0.25,adaptation_theta_logistic_growth,densities=20k/30k;doses=0.67/1.0/1.47
6.0,1630.1435956666667,1215.8861938504115,false,joint_anchored_hill_kill,partial_5pct,A2780cis,20k,0.67,IC25,0.25,adaptation_theta_logistic_growth,densities=20k/30k;doses=0.67/1.0/1.47
7.0,2349.2489583333336,2069.687266632005,false,joint_anchored_hill_kill,partial_5pct,A2780cis,20k,0.67,IC25,0.25,adaptation_theta_logistic_growth,densities=20k/30k;doses=0.67/1.0/1.47
8.0,2344.200308666667,2890.997261377818,false,joint_anchored_hill_kill,partial_5pct,A2780cis,20k,0.67,IC25,0.25,adaptation_theta_logistic_growth,densities=20k/30k;doses=0.67/1.0/1.47
9.0,3261.814429,3402.9436810038424,false,joint_anchored_hill_kill,partial_5pct,A2780cis,20k,0.67,IC25,0.25,adaptation_theta_logistic_growth,densities=20k/30k;doses=0.67/1.0/1.47
10.0,2744.403163333333,3635.003657349315,false,joint_anchored_hill_kill,partial_5pct,A2780cis,20k,0.67,IC25,0.25,adaptation_theta_logistic_growth,densities=20k/30k;doses=0.67/1.0/1.47
11.0,3624.0109566666665,3723.1853119451,false,joint_anchored_hill_kill,partial_5pct,A2780cis,20k,0.67,IC25,0.25,adaptation_theta_logistic_growth,densities=20k/30k;doses=0.67/1.0/1.47
12.0,2656.8393906666665,3754.1511858410954,false,joint_anchored_hill_kill,partial_5pct,A2780cis,20k,0.67,IC25,0.25,adaptation_theta_logistic_growth,densities=20k/30k;doses=0.67/1.0/1.47
13.0,3902.5750386666664,3764.847856334096,false,joint_anchored_hill_kill,partial_5pct,A2780cis,20k,0.67,IC25,0.25,adaptation_theta_logistic_growth,densities=20k/30k;doses=0.67/1.0/1.47
14.0,2987.771682,3768.709972692452,false,joint_anchored_hill_kill,partial_5pct,A2780cis,20k,0.67,IC25,0.25,adaptation_theta_logistic_growth,densities=20k/30k;doses=0.67/1.0/1.47
0.0,67.0,67.0,true,joint_anchored_hill_kill,partial_5pct,A2780cis,20k,1.0,IC50,0.5,adaptation_theta_logistic_growth,densities=20k/30k;doses=0.67/1.0/1.47
1.0,82.57476866666666,71.89611988499378,false,joint_anchored_hill_kill,partial_5pct,A2780cis,20k,1.0,IC50,0.5,adaptation_theta_logistic_growth,densities=20k/30k;doses=0.67/1.0/1.47
2.0,153.74926733333334,95.92791286702658,false,joint_anchored_hill_kill,partial_5pct,A2780cis,20k,1.0,IC50,0.5,adaptation_theta_logistic_growth,densities=20k/30k;doses=0.67/1.0/1.47
3.0,298.6227236666667,151.86458913530305,false,joint_anchored_hill_kill,partial_5pct,A2780cis,20k,1.0,IC50,0.5,adaptation_theta_logistic_growth,densities=20k/30k;doses=0.67/1.0/1.47
4.0,584.2937496666667,272.5789391552803,false,joint_anchored_hill_kill,partial_5pct,A2780cis,20k,1.0,IC50,0.5,adaptation_theta_logistic_growth,densities=20k/30k;doses=0.67/1.0/1.47
5.0,1028.8575233333333,526.0312901612442,false,joint_anchored_hill_kill,partial_5pct,A2780cis,20k,1.0,IC50,0.5,adaptation_theta_logistic_growth,densities=20k/30k;doses=0.67/1.0/1.47
6.0,1728.4681713333332,1013.7714683208962,false,joint_anchored_hill_kill,partial_5pct,A2780cis,20k,1.0,IC50,0.5,adaptation_theta_logistic_growth,densities=20k/30k;doses=0.67/1.0/1.47
7.0,2346.5103780000004,1769.24598963375,false,joint_anchored_hill_kill,partial_5pct,A2780cis,20k,1.0,IC50,0.5,adaptation_theta_logistic_growth,densities=20k/30k;doses=0.67/1.0/1.47
8.0,2305.3690973333332,2581.9635009967596,false,joint_anchored_hill_kill,partial_5pct,A2780cis,20k,1.0,IC50,0.5,adaptation_theta_logistic_growth,densities=20k/30k;doses=0.67/1.0/1.47
9.0,3049.6326773333335,3156.443136577899,false,joint_anchored_hill_kill,partial_5pct,A2780cis,20k,1.0,IC50,0.5,adaptation_theta_logistic_growth,densities=20k/30k;doses=0.67/1.0/1.47
10.0,3134.858873333333,3446.5027886406333,false,joint_anchored_hill_kill,partial_5pct,A2780cis,20k,1.0,IC50,0.5,adaptation_theta_logistic_growth,densities=20k/30k;doses=0.67/1.0/1.47
11.0,3720.5385029999998,3567.0022775049697,false,joint_anchored_hill_kill,partial_5pct,A2780cis,20k,1.0,IC50,0.5,adaptation_theta_logistic_growth,densities=20k/30k;doses=0.67/1.0/1.47
12.0,2824.6677086666664,3613.300294539183,false,joint_anchored_hill_kill,partial_5pct,A2780cis,20k,1.0,IC50,0.5,adaptation_theta_logistic_growth,densities=20k/30k;doses=0.67/1.0/1.47
13.0,3906.9917053333334,3631.2623415530475,false,joint_anchored_hill_kill,partial_5pct,A2780cis,20k,1.0,IC50,0.5,adaptation_theta_logistic_growth,densities=20k/30k;doses=0.67/1.0/1.47
14.0,4011.9759260000005,3638.9042554043713,false,joint_anchored_hill_kill,partial_5pct,A2780cis,20k,1.0,IC50,0.5,adaptation_theta_logistic_growth,densities=20k/30k;doses=0.67/1.0/1.47
0.0,67.0,67.0,true,joint_anchored_hill_kill,partial_5pct,A2780cis,20k,1.47,IC75,0.75,adaptation_theta_logistic_growth,densities=20k/30k;doses=0.67/1.0/1.47
1.0,66.07534733333334,63.15366208201913,false,joint_anchored_hill_kill,partial_5pct,A2780cis,20k,1.47,IC75,0.75,adaptation_theta_logistic_growth,densities=20k/30k;doses=0.67/1.0/1.47
2.0,136.019406,74.11394422058542,false,joint_anchored_hill_kill,partial_5pct,A2780cis,20k,1.47,IC75,0.75,adaptation_theta_logistic_growth,densities=20k/30k;doses=0.67/1.0/1.47
3.0,262.4119983333333,103.56731629772807,false,joint_anchored_hill_kill,partial_5pct,A2780cis,20k,1.47,IC75,0.75,adaptation_theta_logistic_growth,densities=20k/30k;doses=0.67/1.0/1.47
4.0,627.1851849999999,165.56251029947364,false,joint_anchored_hill_kill,partial_5pct,A2780cis,20k,1.47,IC75,0.75,adaptation_theta_logistic_growth,densities=20k/30k;doses=0.67/1.0/1.47
5.0,1055.7064813333334,290.830035661241,false,joint_anchored_hill_kill,partial_5pct,A2780cis,20k,1.47,IC75,0.75,adaptation_theta_logistic_growth,densities=20k/30k;doses=0.67/1.0/1.47
6.0,1644.4327546666666,535.0991983010223,false,joint_anchored_hill_kill,partial_5pct,A2780cis,20k,1.47,IC75,0.75,adaptation_theta_logistic_growth,densities=20k/30k;doses=0.67/1.0/1.47
7.0,1888.7926696666666,967.0352047809932,false,joint_anchored_hill_kill,partial_5pct,A2780cis,20k,1.47,IC75,0.75,adaptation_theta_logistic_growth,densities=20k/30k;doses=0.67/1.0/1.47
8.0,1640.846373333333,1588.4871552084765,false,joint_anchored_hill_kill,partial_5pct,A2780cis,20k,1.47,IC75,0.75,adaptation_theta_logistic_growth,densities=20k/30k;doses=0.67/1.0/1.47
9.0,2390.4506556666665,2240.8111011998776,false,joint_anchored_hill_kill,partial_5pct,A2780cis,20k,1.47,IC75,0.75,adaptation_theta_logistic_growth,densities=20k/30k;doses=0.67/1.0/1.47
10.0,1885.2126543333334,2724.2841955512426,false,joint_anchored_hill_kill,partial_5pct,A2780cis,20k,1.47,IC75,0.75,adaptation_theta_logistic_growth,densities=20k/30k;doses=0.67/1.0/1.47
11.0,2693.7878856666666,2995.83439737694,false,joint_anchored_hill_kill,partial_5pct,A2780cis,20k,1.47,IC75,0.75,adaptation_theta_logistic_growth,densities=20k/30k;doses=0.67/1.0/1.47
12.0,2554.914467666667,3125.9586852765324,false,joint_anchored_hill_kill,partial_5pct,A2780cis,20k,1.47,IC75,0.75,adaptation_theta_logistic_growth,densities=20k/30k;doses=0.67/1.0/1.47
13.0,3229.3090276666667,3185.2459689439124,false,joint_anchored_hill_kill,partial_5pct,A2780cis,20k,1.47,IC75,0.75,adaptation_theta_logistic_growth,densities=20k/30k;doses=0.67/1.0/1.47
14.0,3171.784760666667,3213.2387868710903,false,joint_anchored_hill_kill,partial_5pct,A2780cis,20k,1.47,IC75,0.75,adaptation_theta_logistic_growth,densities=20k/30k;doses=0.67/1.0/1.47
0.0,100.0,100.0,true,joint_anchored_hill_kill,partial_5pct,A2780cis,30k,0.67,IC25,0.25,adaptation_theta_logistic_growth,densities=20k/30k;doses=0.67/1.0/1.47
1.0,119.12291633333332,111.380582455576,false,joint_anchored_hill_kill,partial_5pct,A2780cis,30k,0.67,IC25,0.25,adaptation_theta_logistic_growth,densities=20k/30k;doses=0.67/1.0/1.47
2.0,208.10995366666666,153.7219053091584,false,joint_anchored_hill_kill,partial_5pct,A2780cis,30k,0.67,IC25,0.25,adaptation_theta_logistic_growth,densities=20k/30k;doses=0.67/1.0/1.47
3.0,381.1926696666667,250.08689017079482,false,joint_anchored_hill_kill,partial_5pct,A2780cis,30k,0.67,IC25,0.25,adaptation_theta_logistic_growth,densities=20k/30k;doses=0.67/1.0/1.47
4.0,731.6507716666666,454.8312830951006,false,joint_anchored_hill_kill,partial_5pct,A2780cis,30k,0.67,IC25,0.25,adaptation_theta_logistic_growth,densities=20k/30k;doses=0.67/1.0/1.47
5.0,1291.6760416666666,863.6765923419309,false,joint_anchored_hill_kill,partial_5pct,A2780cis,30k,0.67,IC25,0.25,adaptation_theta_logistic_growth,densities=20k/30k;doses=0.67/1.0/1.47
6.0,1980.2315586666666,1558.0172133343071,false,joint_anchored_hill_kill,partial_5pct,A2780cis,30k,0.67,IC25,0.25,adaptation_theta_logistic_growth,densities=20k/30k;doses=0.67/1.0/1.47
7.0,2670.8478393333335,2418.5327872486478,false,joint_anchored_hill_kill,partial_5pct,A2780cis,30k,0.67,IC25,0.25,adaptation_theta_logistic_growth,densities=20k/30k;doses=0.67/1.0/1.47
8.0,2545.009915,3118.702189946081,false,joint_anchored_hill_kill,partial_5pct,A2780cis,30k,0.67,IC25,0.25,adaptation_theta_logistic_growth,densities=20k/30k;doses=0.67/1.0/1.47
9.0,3548.7987266666664,3505.258426347548,false,joint_anchored_hill_kill,partial_5pct,A2780cis,30k,0.67,IC25,0.25,adaptation_theta_logistic_growth,densities=20k/30k;doses=0.67/1.0/1.47
10.0,2897.7104553333334,3670.162804220534,false,joint_anchored_hill_kill,partial_5pct,A2780cis,30k,0.67,IC25,0.25,adaptation_theta_logistic_growth,densities=20k/30k;doses=0.67/1.0/1.47
11.0,3797.833449333333,3731.6590300021235,false,joint_anchored_hill_kill,partial_5pct,A2780cis,30k,0.67,IC25,0.25,adaptation_theta_logistic_growth,densities=20k/30k;doses=0.67/1.0/1.47
12.0,2884.930285666667,3753.397816499489,false,joint_anchored_hill_kill,partial_5pct,A2780cis,30k,0.67,IC25,0.25,adaptation_theta_logistic_growth,densities=20k/30k;doses=0.67/1.0/1.47
13.0,4146.366087666666,3761.139730084157,false,joint_anchored_hill_kill,partial_5pct,A2780cis,30k,0.67,IC25,0.25,adaptation_theta_logistic_growth,densities=20k/30k;doses=0.67/1.0/1.47
14.0,3326.884761,3764.1189193150703,false,joint_anchored_hill_kill,partial_5pct,A2780cis,30k,0.67,IC25,0.25,adaptation_theta_logistic_growth,densities=20k/30k;doses=0.67/1.0/1.47
0.0,100.0,100.0,true,joint_anchored_hill_kill,partial_5pct,A2780cis,30k,1.0,IC50,0.5,adaptation_theta_logistic_growth,densities=20k/30k;doses=0.67/1.0/1.47
1.0,117.62118066666666,106.5712533118861,false,joint_anchored_hill_kill,partial_5pct,A2780cis,30k,1.0,IC50,0.5,adaptation_theta_logistic_growth,densities=20k/30k;doses=0.67/1.0/1.47
2.0,206.52970666666667,140.83893523200908,false,joint_anchored_hill_kill,partial_5pct,A2780cis,30k,1.0,IC50,0.5,adaptation_theta_logistic_growth,densities=20k/30k;doses=0.67/1.0/1.47
3.0,392.79753066666666,219.88260653974842,false,joint_anchored_hill_kill,partial_5pct,A2780cis,30k,1.0,IC50,0.5,adaptation_theta_logistic_growth,densities=20k/30k;doses=0.67/1.0/1.47
4.0,793.1631946666666,385.9753912366419,false,joint_anchored_hill_kill,partial_5pct,A2780cis,30k,1.0,IC50,0.5,adaptation_theta_logistic_growth,densities=20k/30k;doses=0.67/1.0/1.47
5.0,1328.3501159999998,717.0769092621416,false,joint_anchored_hill_kill,partial_5pct,A2780cis,30k,1.0,IC50,0.5,adaptation_theta_logistic_growth,densities=20k/30k;doses=0.67/1.0/1.47
6.0,1947.6582176666668,1298.2348950076673,false,joint_anchored_hill_kill,partial_5pct,A2780cis,30k,1.0,IC50,0.5,adaptation_theta_logistic_growth,densities=20k/30k;doses=0.67/1.0/1.47
7.0,2594.510609333334,2082.870346455279,false,joint_anchored_hill_kill,partial_5pct,A2780cis,30k,1.0,IC50,0.5,adaptation_theta_logistic_growth,densities=20k/30k;doses=0.67/1.0/1.47
8.0,2352.0106483333334,2806.77746696684,false,joint_anchored_hill_kill,partial_5pct,A2780cis,30k,1.0,IC50,0.5,adaptation_theta_logistic_growth,densities=20k/30k;doses=0.67/1.0/1.47
9.0,3220.0850306666666,3261.0023616855838,false,joint_anchored_hill_kill,partial_5pct,A2780cis,30k,1.0,IC50,0.5,adaptation_theta_logistic_growth,densities=20k/30k;doses=0.67/1.0/1.47
10.0,2953.806751666667,3476.884786724726,false,joint_anchored_hill_kill,partial_5pct,A2780cis,30k,1.0,IC50,0.5,adaptation_theta_logistic_growth,densities=20k/30k;doses=0.67/1.0/1.47
11.0,3595.1114196666663,3565.509161107385,false,joint_anchored_hill_kill,partial_5pct,A2780cis,30k,1.0,IC50,0.5,adaptation_theta_logistic_growth,densities=20k/30k;doses=0.67/1.0/1.47
12.0,2534.660455333333,3600.3576987051983,false,joint_anchored_hill_kill,partial_5pct,A2780cis,30k,1.0,IC50,0.5,adaptation_theta_logistic_growth,densities=20k/30k;doses=0.67/1.0/1.47
13.0,3853.449228666667,3614.6512114115203,false,joint_anchored_hill_kill,partial_5pct,A2780cis,30k,1.0,IC50,0.5,adaptation_theta_logistic_growth,densities=20k/30k;doses=0.67/1.0/1.47
14.0,4116.669907333334,3621.2763471554945,false,joint_anchored_hill_kill,partial_5pct,A2780cis,30k,1.0,IC50,0.5,adaptation_theta_logistic_growth,densities=20k/30k;doses=0.67/1.0/1.47
0.0,100.0,100.0,true,joint_anchored_hill_kill,partial_5pct,A2780cis,30k,1.47,IC75,0.75,adaptation_theta_logistic_growth,densities=20k/30k;doses=0.67/1.0/1.47
1.0,73.88472200000001,92.3862729460029,false,joint_anchored_hill_kill,partial_5pct,A2780cis,30k,1.47,IC75,0.75,adaptation_theta_logistic_growth,densities=20k/30k;doses=0.67/1.0/1.47
2.0,143.64463766666665,106.06196609026269,false,joint_anchored_hill_kill,partial_5pct,A2780cis,30k,1.47,IC75,0.75,adaptation_theta_logistic_growth,densities=20k/30k;doses=0.67/1.0/1.47
3.0,301.875849,144.64133580047428,false,joint_anchored_hill_kill,partial_5pct,A2780cis,30k,1.47,IC75,0.75,adaptation_theta_logistic_growth,densities=20k/30k;doses=0.67/1.0/1.47
4.0,670.1066746666667,224.766865920129,false,joint_anchored_hill_kill,partial_5pct,A2780cis,30k,1.47,IC75,0.75,adaptation_theta_logistic_growth,densities=20k/30k;doses=0.67/1.0/1.47
5.0,1170.9108796666667,381.1985188893658,false,joint_anchored_hill_kill,partial_5pct,A2780cis,30k,1.47,IC75,0.75,adaptation_theta_logistic_growth,densities=20k/30k;doses=0.67/1.0/1.47
6.0,1348.3380016666667,669.8148667791052,false,joint_anchored_hill_kill,partial_5pct,A2780cis,30k,1.47,IC75,0.75,adaptation_theta_logistic_growth,densities=20k/30k;doses=0.67/1.0/1.47
7.0,1881.759761,1140.690080243338,false,joint_anchored_hill_kill,partial_5pct,A2780cis,30k,1.47,IC75,0.75,adaptation_theta_logistic_growth,densities=20k/30k;doses=0.67/1.0/1.47
8.0,1606.1887733333333,1753.3150237898076,false,joint_anchored_hill_kill,partial_5pct,A2780cis,30k,1.47,IC75,0.75,adaptation_theta_logistic_growth,densities=20k/30k;doses=0.67/1.0/1.47
9.0,2421.258526333333,2337.0336988849085,false,joint_anchored_hill_kill,partial_5pct,A2780cis,30k,1.47,IC75,0.75,adaptation_theta_logistic_growth,densities=20k/30k;doses=0.67/1.0/1.47
10.0,1957.2380400000002,2743.070481687844,false,joint_anchored_hill_kill,partial_5pct,A2780cis,30k,1.47,IC75,0.75,adaptation_theta_logistic_growth,densities=20k/30k;doses=0.67/1.0/1.47
11.0,2537.103395,2966.803293171713,false,joint_anchored_hill_kill,partial_5pct,A2780cis,30k,1.47,IC75,0.75,adaptation_theta_logistic_growth,densities=20k/30k;doses=0.67/1.0/1.47
12.0,2244.322531,3075.86699814903,false,joint_anchored_hill_kill,partial_5pct,A2780cis,30k,1.47,IC75,0.75,adaptation_theta_logistic_growth,densities=20k/30k;doses=0.67/1.0/1.47
13.0,2827.4429400000004,3127.7145116159895,false,joint_anchored_hill_kill,partial_5pct,A2780cis,30k,1.47,IC75,0.75,adaptation_theta_logistic_growth,densities=20k/30k;doses=0.67/1.0/1.47
14.0,3433.938387333333,3153.675028208402,false,joint_anchored_hill_kill,partial_5pct,A2780cis,30k,1.47,IC75,0.75,adaptation_theta_logistic_growth,densities=20k/30k;doses=0.67/1.0/1.47
0.0,67.0,67.0,true,joint_anchored_linear_kill,partial_5pct,A2780cis,20k,0.67,IC25,0.25,adaptation_theta_logistic_growth,densities=20k/30k;doses=0.67/1.0/1.47
1.0,79.832716,71.05981532693518,false,joint_anchored_linear_kill,partial_5pct,A2780cis,20k,0.67,IC25,0.25,adaptation_theta_logistic_growth,densities=20k/30k;doses=0.67/1.0/1.47
2.0,136.68186733333332,93.72141820893746,false,joint_anchored_linear_kill,partial_5pct,A2780cis,20k,0.67,IC25,0.25,adaptation_theta_logistic_growth,densities=20k/30k;doses=0.67/1.0/1.47
3.0,256.032137,146.72024228650565,false,joint_anchored_linear_kill,partial_5pct,A2780cis,20k,0.67,IC25,0.25,adaptation_theta_logistic_growth,densities=20k/30k;doses=0.67/1.0/1.47
4.0,551.4876543333334,260.6751925858426,false,joint_anchored_linear_kill,partial_5pct,A2780cis,20k,0.67,IC25,0.25,adaptation_theta_logistic_growth,densities=20k/30k;doses=0.67/1.0/1.47
5.0,932.248611,499.20378145206513,false,joint_anchored_linear_kill,partial_5pct,A2780cis,20k,0.67,IC25,0.25,adaptation_theta_logistic_growth,densities=20k/30k;doses=0.67/1.0/1.47
6.0,1630.1435956666667,959.8714403184108,false,joint_anchored_linear_kill,partial_5pct,A2780cis,20k,0.67,IC25,0.25,adaptation_theta_logistic_growth,densities=20k/30k;doses=0.67/1.0/1.47
7.0,2349.2489583333336,1685.3926907636449,false,joint_anchored_linear_kill,partial_5pct,A2780cis,20k,0.67,IC25,0.25,adaptation_theta_logistic_growth,densities=20k/30k;doses=0.67/1.0/1.47
8.0,2344.200308666667,2490.4925792900062,false,joint_anchored_linear_kill,partial_5pct,A2780cis,20k,0.67,IC25,0.25,adaptation_theta_logistic_growth,densities=20k/30k;doses=0.67/1.0/1.47
9.0,3261.814429,3080.953851726091,false,joint_anchored_linear_kill,partial_5pct,A2780cis,20k,0.67,IC25,0.25,adaptation_theta_logistic_growth,densities=20k/30k;doses=0.67/1.0/1.47
10.0,2744.403163333333,3388.870375268689,false,joint_anchored_linear_kill,partial_5pct,A2780cis,20k,0.67,IC25,0.25,adaptation_theta_logistic_growth,densities=20k/30k;doses=0.67/1.0/1.47
11.0,3624.0109566666665,3520.0677800086864,false,joint_anchored_linear_kill,partial_5pct,A2780cis,20k,0.67,IC25,0.25,adaptation_theta_logistic_growth,densities=20k/30k;doses=0.67/1.0/1.47
12.0,2656.8393906666665,3571.585530142025,false,joint_anchored_linear_kill,partial_5pct,A2780cis,20k,0.67,IC25,0.25,adaptation_theta_logistic_growth,densities=20k/30k;doses=0.67/1.0/1.47
13.0,3902.5750386666664,3592.015359713011,false,joint_anchored_linear_kill,partial_5pct,A2780cis,20k,0.67,IC25,0.25,adaptation_theta_logistic_growth,densities=20k/30k;doses=0.67/1.0/1.47
14.0,2987.771682,3600.90810763592,false,joint_anchored_linear_kill,partial_5pct,A2780cis,20k,0.67,IC25,0.25,adaptation_theta_logistic_growth,densities=20k/30k;doses=0.67/1.0/1.47
0.0,67.0,67.0,true,joint_anchored_linear_kill,partial_5pct,A2780cis,20k,1.0,IC50,0.5,adaptation_theta_logistic_growth,densities=20k/30k;doses=0.67/1.0/1.47
1.0,82.57476866666666,68.75365834546129,false,joint_anchored_linear_kill,partial_5pct,A2780cis,20k,1.0,IC50,0.5,adaptation_theta_logistic_growth,densities=20k/30k;doses=0.67/1.0/1.47
2.0,153.74926733333334,87.76796877244682,false,joint_anchored_linear_kill,partial_5pct,A2780cis,20k,1.0,IC50,0.5,adaptation_theta_logistic_growth,densities=20k/30k;doses=0.67/1.0/1.47
3.0,298.6227236666667,133.12147006943667,false,joint_anchored_linear_kill,partial_5pct,A2780cis,20k,1.0,IC50,0.5,adaptation_theta_logistic_growth,densities=20k/30k;doses=0.67/1.0/1.47
4.0,584.2937496666667,229.7448650869751,false,joint_anchored_linear_kill,partial_5pct,A2780cis,20k,1.0,IC50,0.5,adaptation_theta_logistic_growth,densities=20k/30k;doses=0.67/1.0/1.47
5.0,1028.8575233333333,430.1291259456401,false,joint_anchored_linear_kill,partial_5pct,A2780cis,20k,1.0,IC50,0.5,adaptation_theta_logistic_growth,densities=20k/30k;doses=0.67/1.0/1.47
6.0,1728.4681713333332,819.949491157446,false,joint_anchored_linear_kill,partial_5pct,A2780cis,20k,1.0,IC50,0.5,adaptation_theta_logistic_growth,densities=20k/30k;doses=0.67/1.0/1.47
7.0,2346.5103780000004,1460.0785632432824,false,joint_anchored_linear_kill,partial_5pct,A2780cis,20k,1.0,IC50,0.5,adaptation_theta_logistic_growth,densities=20k/30k;doses=0.67/1.0/1.47
8.0,2305.3690973333332,2231.8350165953034,false,joint_anchored_linear_kill,partial_5pct,A2780cis,20k,1.0,IC50,0.5,adaptation_theta_logistic_growth,densities=20k/30k;doses=0.67/1.0/1.47
9.0,3049.6326773333335,2859.617381866693,false,joint_anchored_linear_kill,partial_5pct,A2780cis,20k,1.0,IC50,0.5,adaptation_theta_logistic_growth,densities=20k/30k;doses=0.67/1.0/1.47
10.0,3134.858873333333,3219.1250779219554,false,joint_anchored_linear_kill,partial_5pct,A2780cis,20k,1.0,IC50,0.5,adaptation_theta_logistic_growth,densities=20k/30k;doses=0.67/1.0/1.47
11.0,3720.5385029999998,3383.740954002579,false,joint_anchored_linear_kill,partial_5pct,A2780cis,20k,1.0,IC50,0.5,adaptation_theta_logistic_growth,densities=20k/30k;doses=0.67/1.0/1.47
12.0,2824.6677086666664,3452.1265435846394,false,joint_anchored_linear_kill,partial_5pct,A2780cis,20k,1.0,IC50,0.5,adaptation_theta_logistic_growth,densities=20k/30k;doses=0.67/1.0/1.47
13.0,3906.9917053333334,3480.5748101165796,false,joint_anchored_linear_kill,partial_5pct,A2780cis,20k,1.0,IC50,0.5,adaptation_theta_logistic_growth,densities=20k/30k;doses=0.67/1.0/1.47
14.0,4011.9759260000005,3493.4608572863353,false,joint_anchored_linear_kill,partial_5pct,A2780cis,20k,1.0,IC50,0.5,adaptation_theta_logistic_growth,densities=20k/30k;doses=0.67/1.0/1.47
0.0,67.0,67.0,true,joint_anchored_linear_kill,partial_5pct,A2780cis,20k,1.47,IC75,0.75,adaptation_theta_logistic_growth,densities=20k/30k;doses=0.67/1.0/1.47
1.0,66.07534733333334,65.59759764211306,false,joint_anchored_linear_kill,partial_5pct,A2780cis,20k,1.47,IC75,0.75,adaptation_theta_logistic_growth,densities=20k/30k;doses=0.67/1.0/1.47
2.0,136.019406,79.93277888445112,false,joint_anchored_linear_kill,partial_5pct,A2780cis,20k,1.47,IC75,0.75,adaptation_theta_logistic_growth,densities=20k/30k;doses=0.67/1.0/1.47
3.0,262.4119983333333,115.87436583433463,false,joint_anchored_linear_kill,partial_5pct,A2780cis,20k,1.47,IC75,0.75,adaptation_theta_logistic_growth,densities=20k/30k;doses=0.67/1.0/1.47
4.0,627.1851849999999,191.74205269900912,false,joint_anchored_linear_kill,partial_5pct,A2780cis,20k,1.47,IC75,0.75,adaptation_theta_logistic_growth,densities=20k/30k;doses=0.67/1.0/1.47
5.0,1055.7064813333334,346.85440252888117,false,joint_anchored_linear_kill,partial_5pct,A2780cis,20k,1.47,IC75,0.75,adaptation_theta_logistic_growth,densities=20k/30k;doses=0.67/1.0/1.47
6.0,1644.4327546666666,649.7806972230725,false,joint_anchored_linear_kill,partial_5pct,A2780cis,20k,1.47,IC75,0.75,adaptation_theta_logistic_growth,densities=20k/30k;doses=0.67/1.0/1.47
7.0,1888.7926696666666,1170.9816645311607,false,joint_anchored_linear_kill,partial_5pct,A2780cis,20k,1.47,IC75,0.75,adaptation_theta_logistic_growth,densities=20k/30k;doses=0.67/1.0/1.47
8.0,1640.846373333333,1868.7974660895272,false,joint_anchored_linear_kill,partial_5pct,A2780cis,20k,1.47,IC75,0.75,adaptation_theta_logistic_growth,densities=20k/30k;doses=0.67/1.0/1.47
9.0,2390.4506556666665,2524.5240181472464,false,joint_anchored_linear_kill,partial_5pct,A2780cis,20k,1.47,IC75,0.75,adaptation_theta_logistic_growth,densities=20k/30k;doses=0.67/1.0/1.47
10.0,1885.2126543333334,2956.480017595205,false,joint_anchored_linear_kill,partial_5pct,A2780cis,20k,1.47,IC75,0.75,adaptation_theta_logistic_growth,densities=20k/30k;doses=0.67/1.0/1.47
11.0,2693.7878856666666,3176.92973709984,false,joint_anchored_linear_kill,partial_5pct,A2780cis,20k,1.47,IC75,0.75,adaptation_theta_logistic_growth,densities=20k/30k;doses=0.67/1.0/1.47
12.0,2554.914467666667,3275.818707236364,false,joint_anchored_linear_kill,partial_5pct,A2780cis,20k,1.47,IC75,0.75,adaptation_theta_logistic_growth,densities=20k/30k;doses=0.67/1.0/1.47
13.0,3229.3090276666667,3319.1365711248995,false,joint_anchored_linear_kill,partial_5pct,A2780cis,20k,1.47,IC75,0.75,adaptation_theta_logistic_growth,densities=20k/30k;doses=0.67/1.0/1.47
14.0,3171.784760666667,3339.29990435838,false,joint_anchored_linear_kill,partial_5pct,A2780cis,20k,1.47,IC75,0.75,adaptation_theta_logistic_growth,densities=20k/30k;doses=0.67/1.0/1.47
0.0,100.0,100.0,true,joint_anchored_linear_kill,partial_5pct,A2780cis,30k,0.67,IC25,0.25,adaptation_theta_logistic_growth,densities=20k/30k;doses=0.67/1.0/1.47
1.0,119.12291633333332,105.20640869436284,false,joint_anchored_linear_kill,partial_5pct,A2780cis,30k,0.67,IC25,0.25,adaptation_theta_logistic_growth,densities=20k/30k;doses=0.67/1.0/1.47
2.0,208.10995366666666,137.28327540007288,false,joint_anchored_linear_kill,partial_5pct,A2780cis,30k,0.67,IC25,0.25,adaptation_theta_logistic_growth,densities=20k/30k;doses=0.67/1.0/1.47
3.0,381.1926696666667,211.7563446859408,false,joint_anchored_linear_kill,partial_5pct,A2780cis,30k,0.67,IC25,0.25,adaptation_theta_logistic_growth,densities=20k/30k;doses=0.67/1.0/1.47
4.0,731.6507716666666,367.8015406118639,false,joint_anchored_linear_kill,partial_5pct,A2780cis,30k,0.67,IC25,0.25,adaptation_theta_logistic_growth,densities=20k/30k;doses=0.67/1.0/1.47
5.0,1291.6760416666666,678.5343686115054,false,joint_anchored_linear_kill,partial_5pct,A2780cis,30k,0.67,IC25,0.25,adaptation_theta_logistic_growth,densities=20k/30k;doses=0.67/1.0/1.47
6.0,1980.2315586666666,1228.2555229073432,false,joint_anchored_linear_kill,partial_5pct,A2780cis,30k,0.67,IC25,0.25,adaptation_theta_logistic_growth,densities=20k/30k;doses=0.67/1.0/1.47
7.0,2670.8478393333335,1987.444638985466,false,joint_anchored_linear_kill,partial_5pct,A2780cis,30k,0.67,IC25,0.25,adaptation_theta_logistic_growth,densities=20k/30k;doses=0.67/1.0/1.47
8.0,2545.009915,2713.1475974488685,false,joint_anchored_linear_kill,partial_5pct,A2780cis,30k,0.67,IC25,0.25,adaptation_theta_logistic_growth,densities=20k/30k;doses=0.67/1.0/1.47
9.0,3548.7987266666664,3186.044844897913,false,joint_anchored_linear_kill,partial_5pct,A2780cis,30k,0.67,IC25,0.25,adaptation_theta_logistic_growth,densities=20k/30k;doses=0.67/1.0/1.47
10.0,2897.7104553333334,3418.0769916493596,false,joint_anchored_linear_kill,partial_5pct,A2780cis,30k,0.67,IC25,0.25,adaptation_theta_logistic_growth,densities=20k/30k;doses=0.67/1.0/1.47
11.0,3797.833449333333,3515.8150231949976,false,joint_anchored_linear_kill,partial_5pct,A2780cis,30k,0.67,IC25,0.25,adaptation_theta_logistic_growth,densities=20k/30k;doses=0.67/1.0/1.47
12.0,2884.930285666667,3555.150550409231,false,joint_anchored_linear_kill,partial_5pct,A2780cis,30k,0.67,IC25,0.25,adaptation_theta_logistic_growth,densities=20k/30k;doses=0.67/1.0/1.47
13.0,4146.366087666666,3571.661630097014,false,joint_anchored_linear_kill,partial_5pct,A2780cis,30k,0.67,IC25,0.25,adaptation_theta_logistic_growth,densities=20k/30k;doses=0.67/1.0/1.47
14.0,3326.884761,3579.4821292981283,false,joint_anchored_linear_kill,partial_5pct,A2780cis,30k,0.67,IC25,0.25,adaptation_theta_logistic_growth,densities=20k/30k;doses=0.67/1.0/1.47
0.0,100.0,100.0,true,joint_anchored_linear_kill,partial_5pct,A2780cis,30k,1.0,IC50,0.5,adaptation_theta_logistic_growth,densities=20k/30k;doses=0.67/1.0/1.47
1.0,117.62118066666666,101.45123184918849,false,joint_anchored_linear_kill,partial_5pct,A2780cis,30k,1.0,IC50,0.5,adaptation_theta_logistic_growth,densities=20k/30k;doses=0.67/1.0/1.47
2.0,206.52970666666667,127.73006588084037,false,joint_anchored_linear_kill,partial_5pct,A2780cis,30k,1.0,IC50,0.5,adaptation_theta_logistic_growth,densities=20k/30k;doses=0.67/1.0/1.47
3.0,392.79753066666666,190.39312935390805,false,joint_anchored_linear_kill,partial_5pct,A2780cis,30k,1.0,IC50,0.5,adaptation_theta_logistic_growth,densities=20k/30k;doses=0.67/1.0/1.47
4.0,793.1631946666666,320.8226523185167,false,joint_anchored_linear_kill,partial_5pct,A2780cis,30k,1.0,IC50,0.5,adaptation_theta_logistic_growth,densities=20k/30k;doses=0.67/1.0/1.47
5.0,1328.3501159999998,579.4492033785166,false,joint_anchored_linear_kill,partial_5pct,A2780cis,30k,1.0,IC50,0.5,adaptation_theta_logistic_growth,densities=20k/30k;doses=0.67/1.0/1.47
6.0,1947.6582176666668,1045.420233465104,false,joint_anchored_linear_kill,partial_5pct,A2780cis,30k,1.0,IC50,0.5,adaptation_theta_logistic_growth,densities=20k/30k;doses=0.67/1.0/1.47
7.0,2594.510609333334,1727.3134262008828,false,joint_anchored_linear_kill,partial_5pct,A2780cis,30k,1.0,IC50,0.5,adaptation_theta_logistic_growth,densities=20k/30k;doses=0.67/1.0/1.47
8.0,2352.0106483333334,2444.842576948108,false,joint_anchored_linear_kill,partial_5pct,A2780cis,30k,1.0,IC50,0.5,adaptation_theta_logistic_growth,densities=20k/30k;doses=0.67/1.0/1.47
9.0,3220.0850306666666,2965.3908211353933,false,joint_anchored_linear_kill,partial_5pct,A2780cis,30k,1.0,IC50,0.5,adaptation_theta_logistic_growth,densities=20k/30k;doses=0.67/1.0/1.47
10.0,2953.806751666667,3245.4151373945306,false,joint_anchored_linear_kill,partial_5pct,A2780cis,30k,1.0,IC50,0.5,adaptation_theta_logistic_growth,densities=20k/30k;doses=0.67/1.0/1.47
11.0,3595.1114196666663,3372.0657158332197,false,joint_anchored_linear_kill,partial_5pct,A2780cis,30k,1.0,IC50,0.5,adaptation_theta_logistic_growth,densities=20k/30k;doses=0.67/1.0/1.47
12.0,2534.660455333333,3426.013099326006,false,joint_anchored_linear_kill,partial_5pct,A2780cis,30k,1.0,IC50,0.5,adaptation_theta_logistic_growth,densities=20k/30k;doses=0.67/1.0/1.47
13.0,3853.449228666667,3449.731977450585,false,joint_anchored_linear_kill,partial_5pct,A2780cis,30k,1.0,IC50,0.5,adaptation_theta_logistic_growth,densities=20k/30k;doses=0.67/1.0/1.47
14.0,4116.669907333334,3461.3472192579247,false,joint_anchored_linear_kill,partial_5pct,A2780cis,30k,1.0,IC50,0.5,adaptation_theta_logistic_growth,densities=20k/30k;doses=0.67/1.0/1.47
0.0,100.0,100.0,true,joint_anchored_linear_kill,partial_5pct,A2780cis,30k,1.47,IC75,0.75,adaptation_theta_logistic_growth,densities=20k/30k;doses=0.67/1.0/1.47
1.0,73.88472200000001,96.33279051865998,false,joint_anchored_linear_kill,partial_5pct,A2780cis,30k,1.47,IC75,0.75,adaptation_theta_logistic_growth,densities=20k/30k;doses=0.67/1.0/1.47
2.0,143.64463766666665,115.25268432772631,false,joint_anchored_linear_kill,partial_5pct,A2780cis,30k,1.47,IC75,0.75,adaptation_theta_logistic_growth,densities=20k/30k;doses=0.67/1.0/1.47
3.0,301.875849,163.57036204128485,false,joint_anchored_linear_kill,partial_5pct,A2780cis,30k,1.47,IC75,0.75,adaptation_theta_logistic_growth,densities=20k/30k;doses=0.67/1.0/1.47
4.0,670.1066746666667,263.6763193587903,false,joint_anchored_linear_kill,partial_5pct,A2780cis,30k,1.47,IC75,0.75,adaptation_theta_logistic_growth,densities=20k/30k;doses=0.67/1.0/1.47
5.0,1170.9108796666667,460.56462138128194,false,joint_anchored_linear_kill,partial_5pct,A2780cis,30k,1.47,IC75,0.75,adaptation_theta_logistic_growth,densities=20k/30k;doses=0.67/1.0/1.47
6.0,1348.3380016666667,821.3300258643806,false,joint_anchored_linear_kill,partial_5pct,A2780cis,30k,1.47,IC75,0.75,adaptation_theta_logistic_growth,densities=20k/30k;doses=0.67/1.0/1.47
7.0,1881.759761,1385.9766345175233,false,joint_anchored_linear_kill,partial_5pct,A2780cis,30k,1.47,IC75,0.75,adaptation_theta_logistic_growth,densities=20k/30k;doses=0.67/1.0/1.47
8.0,1606.1887733333333,2058.9093724246427,false,joint_anchored_linear_kill,partial_5pct,A2780cis,30k,1.47,IC75,0.75,adaptation_theta_logistic_growth,densities=20k/30k;doses=0.67/1.0/1.47
9.0,2421.258526333333,2627.617792816369,false,joint_anchored_linear_kill,partial_5pct,A2780cis,30k,1.47,IC75,0.75,adaptation_theta_logistic_growth,densities=20k/30k;doses=0.67/1.0/1.47
10.0,1957.2380400000002,2978.990373704156,false,joint_anchored_linear_kill,partial_5pct,A2780cis,30k,1.47,IC75,0.75,adaptation_theta_logistic_growth,densities=20k/30k;doses=0.67/1.0/1.47
11.0,2537.103395,3155.4617047431702,false,joint_anchored_linear_kill,partial_5pct,A2780cis,30k,1.47,IC75,0.75,adaptation_theta_logistic_growth,densities=20k/30k;doses=0.67/1.0/1.47
12.0,2244.322531,3236.3188856350384,false,joint_anchored_linear_kill,partial_5pct,A2780cis,30k,1.47,IC75,0.75,adaptation_theta_logistic_growth,densities=20k/30k;doses=0.67/1.0/1.47
13.0,2827.4429400000004,3273.4989431322865,false,joint_anchored_linear_kill,partial_5pct,A2780cis,30k,1.47,IC75,0.75,adaptation_theta_logistic_growth,densities=20k/30k;doses=0.67/1.0/1.47
14.0,3433.938387333333,3292.005520417749,false,joint_anchored_linear_kill,partial_5pct,A2780cis,30k,1.47,IC75,0.75,adaptation_theta_logistic_growth,densities=20k/30k;doses=0.67/1.0/1.47
0.0,67.0,67.0,true,joint_ic_effect_hill_ramp,partial_5pct,A2780cis,20k,0.67,IC25,0.25,adaptation_theta_logistic_growth,densities=20k/30k;doses=0.67/1.0/1.47
1.0,79.832716,75.89673755686586,false,joint_ic_effect_hill_ramp,partial_5pct,A2780cis,20k,0.67,IC25,0.25,adaptation_theta_logistic_growth,densities=20k/30k;doses=0.67/1.0/1.47
2.0,136.68186733333332,106.60343998598258,false,joint_ic_effect_hill_ramp,partial_5pct,A2780cis,20k,0.67,IC25,0.25,adaptation_theta_logistic_growth,densities=20k/30k;doses=0.67/1.0/1.47
3.0,256.032137,176.97731338315361,false,joint_ic_effect_hill_ramp,partial_5pct,A2780cis,20k,0.67,IC25,0.25,adaptation_theta_logistic_growth,densities=20k/30k;doses=0.67/1.0/1.47
4.0,551.4876543333334,330.86482357110776,false,joint_ic_effect_hill_ramp,partial_5pct,A2780cis,20k,0.67,IC25,0.25,adaptation_theta_logistic_growth,densities=20k/30k;doses=0.67/1.0/1.47
5.0,932.248611,655.9270877291843,false,joint_ic_effect_hill_ramp,partial_5pct,A2780cis,20k,0.67,IC25,0.25,adaptation_theta_logistic_growth,densities=20k/30k;doses=0.67/1.0/1.47
6.0,1630.1435956666667,1264.3838234560078,false,joint_ic_effect_hill_ramp,partial_5pct,A2780cis,20k,0.67,IC25,0.25,adaptation_theta_logistic_growth,densities=20k/30k;doses=0.67/1.0/1.47
7.0,2349.2489583333336,2128.8283141573097,false,joint_ic_effect_hill_ramp,partial_5pct,A2780cis,20k,0.67,IC25,0.25,adaptation_theta_logistic_growth,densities=20k/30k;doses=0.67/1.0/1.47
8.0,2344.200308666667,2936.3041569081656,false,joint_ic_effect_hill_ramp,partial_5pct,A2780cis,20k,0.67,IC25,0.25,adaptation_theta_logistic_growth,densities=20k/30k;doses=0.67/1.0/1.47
9.0,3261.814429,3425.574710897445,false,joint_ic_effect_hill_ramp,partial_5pct,A2780cis,20k,0.67,IC25,0.25,adaptation_theta_logistic_growth,densities=20k/30k;doses=0.67/1.0/1.47
10.0,2744.403163333333,3641.721876229668,false,joint_ic_effect_hill_ramp,partial_5pct,A2780cis,20k,0.67,IC25,0.25,adaptation_theta_logistic_growth,densities=20k/30k;doses=0.67/1.0/1.47
11.0,3624.0109566666665,3720.9530179208123,false,joint_ic_effect_hill_ramp,partial_5pct,A2780cis,20k,0.67,IC25,0.25,adaptation_theta_logistic_growth,densities=20k/30k;doses=0.67/1.0/1.47
12.0,2656.8393906666665,3746.5484310171837,false,joint_ic_effect_hill_ramp,partial_5pct,A2780cis,20k,0.67,IC25,0.25,adaptation_theta_logistic_growth,densities=20k/30k;doses=0.67/1.0/1.47
13.0,3902.5750386666664,3753.4346634136436,false,joint_ic_effect_hill_ramp,partial_5pct,A2780cis,20k,0.67,IC25,0.25,adaptation_theta_logistic_growth,densities=20k/30k;doses=0.67/1.0/1.47
14.0,2987.771682,3754.19746348166,false,joint_ic_effect_hill_ramp,partial_5pct,A2780cis,20k,0.67,IC25,0.25,adaptation_theta_logistic_growth,densities=20k/30k;doses=0.67/1.0/1.47
0.0,67.0,67.0,true,joint_ic_effect_hill_ramp,partial_5pct,A2780cis,20k,1.0,IC50,0.5,adaptation_theta_logistic_growth,densities=20k/30k;doses=0.67/1.0/1.47
1.0,82.57476866666666,75.43125444812894,false,joint_ic_effect_hill_ramp,partial_5pct,A2780cis,20k,1.0,IC50,0.5,adaptation_theta_logistic_growth,densities=20k/30k;doses=0.67/1.0/1.47
2.0,153.74926733333334,104.08244148538104,false,joint_ic_effect_hill_ramp,partial_5pct,A2780cis,20k,1.0,IC50,0.5,adaptation_theta_logistic_growth,densities=20k/30k;doses=0.67/1.0/1.47
3.0,298.6227236666667,168.0065715670117,false,joint_ic_effect_hill_ramp,partial_5pct,A2780cis,20k,1.0,IC50,0.5,adaptation_theta_logistic_growth,densities=20k/30k;doses=0.67/1.0/1.47
4.0,584.2937496666667,303.0173119138876,false,joint_ic_effect_hill_ramp,partial_5pct,A2780cis,20k,1.0,IC50,0.5,adaptation_theta_logistic_growth,densities=20k/30k;doses=0.67/1.0/1.47
5.0,1028.8575233333333,578.3620512701809,false,joint_ic_effect_hill_ramp,partial_5pct,A2780cis,20k,1.0,IC50,0.5,adaptation_theta_logistic_growth,densities=20k/30k;doses=0.67/1.0/1.47
6.0,1728.4681713333332,1084.2547966553416,false,joint_ic_effect_hill_ramp,partial_5pct,A2780cis,20k,1.0,IC50,0.5,adaptation_theta_logistic_growth,densities=20k/30k;doses=0.67/1.0/1.47
7.0,2346.5103780000004,1819.8587538139705,false,joint_ic_effect_hill_ramp,partial_5pct,A2780cis,20k,1.0,IC50,0.5,adaptation_theta_logistic_growth,densities=20k/30k;doses=0.67/1.0/1.47
8.0,2305.3690973333332,2561.298444704567,false,joint_ic_effect_hill_ramp,partial_5pct,A2780cis,20k,1.0,IC50,0.5,adaptation_theta_logistic_growth,densities=20k/30k;doses=0.67/1.0/1.47
9.0,3049.6326773333335,3059.7163276167944,false,joint_ic_effect_hill_ramp,partial_5pct,A2780cis,20k,1.0,IC50,0.5,adaptation_theta_logistic_growth,densities=20k/30k;doses=0.67/1.0/1.47
10.0,3134.858873333333,3300.3886872446974,false,joint_ic_effect_hill_ramp,partial_5pct,A2780cis,20k,1.0,IC50,0.5,adaptation_theta_logistic_growth,densities=20k/30k;doses=0.67/1.0/1.47
11.0,3720.5385029999998,3391.2949871135356,false,joint_ic_effect_hill_ramp,partial_5pct,A2780cis,20k,1.0,IC50,0.5,adaptation_theta_logistic_growth,densities=20k/30k;doses=0.67/1.0/1.47
12.0,2824.6677086666664,3416.507065836695,false,joint_ic_effect_hill_ramp,partial_5pct,A2780cis,20k,1.0,IC50,0.5,adaptation_theta_logistic_growth,densities=20k/30k;doses=0.67/1.0/1.47
13.0,3906.9917053333334,3416.6401382737254,false,joint_ic_effect_hill_ramp,partial_5pct,A2780cis,20k,1.0,IC50,0.5,adaptation_theta_logistic_growth,densities=20k/30k;doses=0.67/1.0/1.47
14.0,4011.9759260000005,3408.007843753025,false,joint_ic_effect_hill_ramp,partial_5pct,A2780cis,20k,1.0,IC50,0.5,adaptation_theta_logistic_growth,densities=20k/30k;doses=0.67/1.0/1.47
0.0,67.0,67.0,true,joint_ic_effect_hill_ramp,partial_5pct,A2780cis,20k,1.47,IC75,0.75,adaptation_theta_logistic_growth,densities=20k/30k;doses=0.67/1.0/1.47
1.0,66.07534733333334,74.6098897285387,false,joint_ic_effect_hill_ramp,partial_5pct,A2780cis,20k,1.47,IC75,0.75,adaptation_theta_logistic_growth,densities=20k/30k;doses=0.67/1.0/1.47
2.0,136.019406,99.74187220277132,false,joint_ic_effect_hill_ramp,partial_5pct,A2780cis,20k,1.47,IC75,0.75,adaptation_theta_logistic_growth,densities=20k/30k;doses=0.67/1.0/1.47
3.0,262.4119983333333,153.13917056662723,false,joint_ic_effect_hill_ramp,partial_5pct,A2780cis,20k,1.47,IC75,0.75,adaptation_theta_logistic_growth,densities=20k/30k;doses=0.67/1.0/1.47
4.0,627.1851849999999,258.9719443924546,false,joint_ic_effect_hill_ramp,partial_5pct,A2780cis,20k,1.47,IC75,0.75,adaptation_theta_logistic_growth,densities=20k/30k;doses=0.67/1.0/1.47
5.0,1055.7064813333334,460.87872667136236,false,joint_ic_effect_hill_ramp,partial_5pct,A2780cis,20k,1.47,IC75,0.75,adaptation_theta_logistic_growth,densities=20k/30k;doses=0.67/1.0/1.47
6.0,1644.4327546666666,815.5449820841653,false,joint_ic_effect_hill_ramp,partial_5pct,A2780cis,20k,1.47,IC75,0.75,adaptation_theta_logistic_growth,densities=20k/30k;doses=0.67/1.0/1.47
7.0,1888.7926696666666,1339.8616874280237,false,joint_ic_effect_hill_ramp,partial_5pct,A2780cis,20k,1.47,IC75,0.75,adaptation_theta_logistic_growth,densities=20k/30k;doses=0.67/1.0/1.47
8.0,1640.846373333333,1927.5630882115122,false,joint_ic_effect_hill_ramp,partial_5pct,A2780cis,20k,1.47,IC75,0.75,adaptation_theta_logistic_growth,densities=20k/30k;doses=0.67/1.0/1.47
9.0,2390.4506556666665,2397.904593583782,false,joint_ic_effect_hill_ramp,partial_5pct,A2780cis,20k,1.47,IC75,0.75,adaptation_theta_logistic_growth,densities=20k/30k;doses=0.67/1.0/1.47
10.0,1885.2126543333334,2670.9216070521693,false,joint_ic_effect_hill_ramp,partial_5pct,A2780cis,20k,1.47,IC75,0.75,adaptation_theta_logistic_growth,densities=20k/30k;doses=0.67/1.0/1.47
11.0,2693.7878856666666,2789.850112242053,false,joint_ic_effect_hill_ramp,partial_5pct,A2780cis,20k,1.47,IC75,0.75,adaptation_theta_logistic_growth,densities=20k/30k;doses=0.67/1.0/1.47
12.0,2554.914467666667,2823.710075853053,false,joint_ic_effect_hill_ramp,partial_5pct,A2780cis,20k,1.47,IC75,0.75,adaptation_theta_logistic_growth,densities=20k/30k;doses=0.67/1.0/1.47
13.0,3229.3090276666667,2818.350712824745,false,joint_ic_effect_hill_ramp,partial_5pct,A2780cis,20k,1.47,IC75,0.75,adaptation_theta_logistic_growth,densities=20k/30k;doses=0.67/1.0/1.47
14.0,3171.784760666667,2796.7847987720097,false,joint_ic_effect_hill_ramp,partial_5pct,A2780cis,20k,1.47,IC75,0.75,adaptation_theta_logistic_growth,densities=20k/30k;doses=0.67/1.0/1.47
0.0,100.0,100.0,true,joint_ic_effect_hill_ramp,partial_5pct,A2780cis,30k,0.67,IC25,0.25,adaptation_theta_logistic_growth,densities=20k/30k;doses=0.67/1.0/1.47
1.0,119.12291633333332,113.12345928261318,false,joint_ic_effect_hill_ramp,partial_5pct,A2780cis,30k,0.67,IC25,0.25,adaptation_theta_logistic_growth,densities=20k/30k;doses=0.67/1.0/1.47
2.0,208.10995366666666,158.15632978793937,false,joint_ic_effect_hill_ramp,partial_5pct,A2780cis,30k,0.67,IC25,0.25,adaptation_theta_logistic_growth,densities=20k/30k;doses=0.67/1.0/1.47
3.0,381.1926696666667,259.88800686471444,false,joint_ic_effect_hill_ramp,partial_5pct,A2780cis,30k,0.67,IC25,0.25,adaptation_theta_logistic_growth,densities=20k/30k;doses=0.67/1.0/1.47
4.0,731.6507716666666,475.614003587011,false,joint_ic_effect_hill_ramp,partial_5pct,A2780cis,30k,0.67,IC25,0.25,adaptation_theta_logistic_growth,densities=20k/30k;doses=0.67/1.0/1.47
5.0,1291.6760416666666,903.7578032025039,false,joint_ic_effect_hill_ramp,partial_5pct,A2780cis,30k,0.67,IC25,0.25,adaptation_theta_logistic_growth,densities=20k/30k;doses=0.67/1.0/1.47
6.0,1980.2315586666666,1619.2783958210375,false,joint_ic_effect_hill_ramp,partial_5pct,A2780cis,30k,0.67,IC25,0.25,adaptation_theta_logistic_growth,densities=20k/30k;doses=0.67/1.0/1.47
7.0,2670.8478393333335,2481.967805096713,false,joint_ic_effect_hill_ramp,partial_5pct,A2780cis,30k,0.67,IC25,0.25,adaptation_theta_logistic_growth,densities=20k/30k;doses=0.67/1.0/1.47
8.0,2545.009915,3161.3996756281535,false,joint_ic_effect_hill_ramp,partial_5pct,A2780cis,30k,0.67,IC25,0.25,adaptation_theta_logistic_growth,densities=20k/30k;doses=0.67/1.0/1.47
9.0,3548.7987266666664,3525.3389413200985,false,joint_ic_effect_hill_ramp,partial_5pct,A2780cis,30k,0.67,IC25,0.25,adaptation_theta_logistic_growth,densities=20k/30k;doses=0.67/1.0/1.47
10.0,2897.7104553333334,3675.806154920351,false,joint_ic_effect_hill_ramp,partial_5pct,A2780cis,30k,0.67,IC25,0.25,adaptation_theta_logistic_growth,densities=20k/30k;doses=0.67/1.0/1.47
11.0,3797.833449333333,3728.9906923472217,false,joint_ic_effect_hill_ramp,partial_5pct,A2780cis,30k,0.67,IC25,0.25,adaptation_theta_logistic_growth,densities=20k/30k;doses=0.67/1.0/1.47
12.0,2884.930285666667,3745.402530923852,false,joint_ic_effect_hill_ramp,partial_5pct,A2780cis,30k,0.67,IC25,0.25,adaptation_theta_logistic_growth,densities=20k/30k;doses=0.67/1.0/1.47
13.0,4146.366087666666,3749.1538491183815,false,joint_ic_effect_hill_ramp,partial_5pct,A2780cis,30k,0.67,IC25,0.25,adaptation_theta_logistic_growth,densities=20k/30k;doses=0.67/1.0/1.47
14.0,3326.884761,3748.795982224249,false,joint_ic_effect_hill_ramp,partial_5pct,A2780cis,30k,0.67,IC25,0.25,adaptation_theta_logistic_growth,densities=20k/30k;doses=0.67/1.0/1.47
0.0,100.0,100.0,true,joint_ic_effect_hill_ramp,partial_5pct,A2780cis,30k,1.0,IC50,0.5,adaptation_theta_logistic_growth,densities=20k/30k;doses=0.67/1.0/1.47
1.0,117.62118066666666,112.36682286428747,false,joint_ic_effect_hill_ramp,partial_5pct,A2780cis,30k,1.0,IC50,0.5,adaptation_theta_logistic_growth,densities=20k/30k;doses=0.67/1.0/1.47
2.0,206.52970666666667,154.08964093954788,false,joint_ic_effect_hill_ramp,partial_5pct,A2780cis,30k,1.0,IC50,0.5,adaptation_theta_logistic_growth,densities=20k/30k;doses=0.67/1.0/1.47
3.0,392.79753066666666,245.6556990917298,false,joint_ic_effect_hill_ramp,partial_5pct,A2780cis,30k,1.0,IC50,0.5,adaptation_theta_logistic_growth,densities=20k/30k;doses=0.67/1.0/1.47
4.0,793.1631946666666,432.9116855074987,false,joint_ic_effect_hill_ramp,partial_5pct,A2780cis,30k,1.0,IC50,0.5,adaptation_theta_logistic_growth,densities=20k/30k;doses=0.67/1.0/1.47
5.0,1328.3501159999998,792.4194105433947,false,joint_ic_effect_hill_ramp,partial_5pct,A2780cis,30k,1.0,IC50,0.5,adaptation_theta_logistic_growth,densities=20k/30k;doses=0.67/1.0/1.47
6.0,1947.6582176666668,1387.591329259869,false,joint_ic_effect_hill_ramp,partial_5pct,A2780cis,30k,1.0,IC50,0.5,adaptation_theta_logistic_growth,densities=20k/30k;doses=0.67/1.0/1.47
7.0,2594.510609333334,2132.903153977517,false,joint_ic_effect_hill_ramp,partial_5pct,A2780cis,30k,1.0,IC50,0.5,adaptation_theta_logistic_growth,densities=20k/30k;doses=0.67/1.0/1.47
8.0,2352.0106483333334,2772.10814198287,false,joint_ic_effect_hill_ramp,partial_5pct,A2780cis,30k,1.0,IC50,0.5,adaptation_theta_logistic_growth,densities=20k/30k;doses=0.67/1.0/1.47
9.0,3220.0850306666666,3150.300994226345,false,joint_ic_effect_hill_ramp,partial_5pct,A2780cis,30k,1.0,IC50,0.5,adaptation_theta_logistic_growth,densities=20k/30k;doses=0.67/1.0/1.47
10.0,2953.806751666667,3318.1061557896014,false,joint_ic_effect_hill_ramp,partial_5pct,A2780cis,30k,1.0,IC50,0.5,adaptation_theta_logistic_growth,densities=20k/30k;doses=0.67/1.0/1.47
11.0,3595.1114196666663,3376.2437553695736,false,joint_ic_effect_hill_ramp,partial_5pct,A2780cis,30k,1.0,IC50,0.5,adaptation_theta_logistic_growth,densities=20k/30k;doses=0.67/1.0/1.47
12.0,2534.660455333333,3388.2155450045725,false,joint_ic_effect_hill_ramp,partial_5pct,A2780cis,30k,1.0,IC50,0.5,adaptation_theta_logistic_growth,densities=20k/30k;doses=0.67/1.0/1.47
13.0,3853.449228666667,3382.8476381141377,false,joint_ic_effect_hill_ramp,partial_5pct,A2780cis,30k,1.0,IC50,0.5,adaptation_theta_logistic_growth,densities=20k/30k;doses=0.67/1.0/1.47
14.0,4116.669907333334,3371.5361450372952,false,joint_ic_effect_hill_ramp,partial_5pct,A2780cis,30k,1.0,IC50,0.5,adaptation_theta_logistic_growth,densities=20k/30k;doses=0.67/1.0/1.47
0.0,100.0,100.0,true,joint_ic_effect_hill_ramp,partial_5pct,A2780cis,30k,1.47,IC75,0.75,adaptation_theta_logistic_growth,densities=20k/30k;doses=0.67/1.0/1.47
1.0,73.88472200000001,111.03273601361006,false,joint_ic_effect_hill_ramp,partial_5pct,A2780cis,30k,1.47,IC75,0.75,adaptation_theta_logistic_growth,densities=20k/30k;doses=0.67/1.0/1.47
2.0,143.64463766666665,147.10771955930258,false,joint_ic_effect_hill_ramp,partial_5pct,A2780cis,30k,1.47,IC75,0.75,adaptation_theta_logistic_growth,densities=20k/30k;doses=0.67/1.0/1.47
3.0,301.875849,222.1967848991906,false,joint_ic_effect_hill_ramp,partial_5pct,A2780cis,30k,1.47,IC75,0.75,adaptation_theta_logistic_growth,densities=20k/30k;doses=0.67/1.0/1.47
4.0,670.1066746666667,365.81440765547984,false,joint_ic_effect_hill_ramp,partial_5pct,A2780cis,30k,1.47,IC75,0.75,adaptation_theta_logistic_growth,densities=20k/30k;doses=0.67/1.0/1.47
5.0,1170.9108796666667,624.1370425957257,false,joint_ic_effect_hill_ramp,partial_5pct,A2780cis,30k,1.47,IC75,0.75,adaptation_theta_logistic_growth,densities=20k/30k;doses=0.67/1.0/1.47
6.0,1348.3380016666667,1038.0519051301383,false,joint_ic_effect_hill_ramp,partial_5pct,A2780cis,30k,1.47,IC75,0.75,adaptation_theta_logistic_growth,densities=20k/30k;doses=0.67/1.0/1.47
7.0,1881.759761,1577.1373869949684,false,joint_ic_effect_hill_ramp,partial_5pct,A2780cis,30k,1.47,IC75,0.75,adaptation_theta_logistic_growth,densities=20k/30k;doses=0.67/1.0/1.47
8.0,1606.1887733333333,2101.118156631169,false,joint_ic_effect_hill_ramp,partial_5pct,A2780cis,30k,1.47,IC75,0.75,adaptation_theta_logistic_growth,densities=20k/30k;doses=0.67/1.0/1.47
9.0,2421.258526333333,2470.4985990956498,false,joint_ic_effect_hill_ramp,partial_5pct,A2780cis,30k,1.47,IC75,0.75,adaptation_theta_logistic_growth,densities=20k/30k;doses=0.67/1.0/1.47
10.0,1957.2380400000002,2664.2621926045385,false,joint_ic_effect_hill_ramp,partial_5pct,A2780cis,30k,1.47,IC75,0.75,adaptation_theta_logistic_growth,densities=20k/30k;doses=0.67/1.0/1.47
11.0,2537.103395,2738.786921046789,false,joint_ic_effect_hill_ramp,partial_5pct,A2780cis,30k,1.47,IC75,0.75,adaptation_theta_logistic_growth,densities=20k/30k;doses=0.67/1.0/1.47
12.0,2244.322531,2750.974977231131,false,joint_ic_effect_hill_ramp,partial_5pct,A2780cis,30k,1.47,IC75,0.75,adaptation_theta_logistic_growth,densities=20k/30k;doses=0.67/1.0/1.47
13.0,2827.4429400000004,2734.9519069821413,false,joint_ic_effect_hill_ramp,partial_5pct,A2780cis,30k,1.47,IC75,0.75,adaptation_theta_logistic_growth,densities=20k/30k;doses=0.67/1.0/1.47
14.0,3433.938387333333,2707.4276142263166,false,joint_ic_effect_hill_ramp,partial_5pct,A2780cis,30k,1.47,IC75,0.75,adaptation_theta_logistic_growth,densities=20k/30k;doses=0.67/1.0/1.47
0.0,67.0,67.0,true,joint_ic_effect_hill_ramp_onset,partial_5pct,A2780cis,20k,0.67,IC25,0.25,adaptation_theta_logistic_growth,densities=20k/30k;doses=0.67/1.0/1.47
1.0,79.832716,75.9824022820412,false,joint_ic_effect_hill_ramp_onset,partial_5pct,A2780cis,20k,0.67,IC25,0.25,adaptation_theta_logistic_growth,densities=20k/30k;doses=0.67/1.0/1.47
2.0,136.68186733333332,107.07226359215719,false,joint_ic_effect_hill_ramp_onset,partial_5pct,A2780cis,20k,0.67,IC25,0.25,adaptation_theta_logistic_growth,densities=20k/30k;doses=0.67/1.0/1.47
3.0,256.032137,178.67282499212803,false,joint_ic_effect_hill_ramp_onset,partial_5pct,A2780cis,20k,0.67,IC25,0.25,adaptation_theta_logistic_growth,densities=20k/30k;doses=0.67/1.0/1.47
4.0,551.4876543333334,336.2326662663219,false,joint_ic_effect_hill_ramp_onset,partial_5pct,A2780cis,20k,0.67,IC25,0.25,adaptation_theta_logistic_growth,densities=20k/30k;doses=0.67/1.0/1.47
5.0,932.248611,671.1407237417254,false,joint_ic_effect_hill_ramp_onset,partial_5pct,A2780cis,20k,0.67,IC25,0.25,adaptation_theta_logistic_growth,densities=20k/30k;doses=0.67/1.0/1.47
6.0,1630.1435956666667,1290.2678156708396,false,joint_ic_effect_hill_ramp_onset,partial_5pct,A2780cis,20k,0.67,IC25,0.25,adaptation_theta_logistic_growth,densities=20k/30k;doses=0.67/1.0/1.47
7.0,2349.2489583333336,2102.074359673164,false,joint_ic_effect_hill_ramp_onset,partial_5pct,A2780cis,20k,0.67,IC25,0.25,adaptation_theta_logistic_growth,densities=20k/30k;doses=0.67/1.0/1.47
8.0,2344.200308666667,2850.5399270442167,false,joint_ic_effect_hill_ramp_onset,partial_5pct,A2780cis,20k,0.67,IC25,0.25,adaptation_theta_logistic_growth,densities=20k/30k;doses=0.67/1.0/1.47
9.0,3261.814429,3315.113438260176,false,joint_ic_effect_hill_ramp_onset,partial_5pct,A2780cis,20k,0.67,IC25,0.25,adaptation_theta_logistic_growth,densities=20k/30k;doses=0.67/1.0/1.47
10.0,2744.403163333333,3531.5476459450947,false,joint_ic_effect_hill_ramp_onset,partial_5pct,A2780cis,20k,0.67,IC25,0.25,adaptation_theta_logistic_growth,densities=20k/30k;doses=0.67/1.0/1.47
11.0,3624.0109566666665,3618.087210960885,false,joint_ic_effect_hill_ramp_onset,partial_5pct,A2780cis,20k,0.67,IC25,0.25,adaptation_theta_logistic_growth,densities=20k/30k;doses=0.67/1.0/1.47
12.0,2656.8393906666665,3650.961535635022,false,joint_ic_effect_hill_ramp_onset,partial_5pct,A2780cis,20k,0.67,IC25,0.25,adaptation_theta_logistic_growth,densities=20k/30k;doses=0.67/1.0/1.47
13.0,3902.5750386666664,3663.8326936805674,false,joint_ic_effect_hill_ramp_onset,partial_5pct,A2780cis,20k,0.67,IC25,0.25,adaptation_theta_logistic_growth,densities=20k/30k;doses=0.67/1.0/1.47
14.0,2987.771682,3669.4682651134785,false,joint_ic_effect_hill_ramp_onset,partial_5pct,A2780cis,20k,0.67,IC25,0.25,adaptation_theta_logistic_growth,densities=20k/30k;doses=0.67/1.0/1.47
0.0,67.0,67.0,true,joint_ic_effect_hill_ramp_onset,partial_5pct,A2780cis,20k,1.0,IC50,0.5,adaptation_theta_logistic_growth,densities=20k/30k;doses=0.67/1.0/1.47
1.0,82.57476866666666,75.9824022820412,false,joint_ic_effect_hill_ramp_onset,partial_5pct,A2780cis,20k,1.0,IC50,0.5,adaptation_theta_logistic_growth,densities=20k/30k;doses=0.67/1.0/1.47
2.0,153.74926733333334,107.07226359215719,false,joint_ic_effect_hill_ramp_onset,partial_5pct,A2780cis,20k,1.0,IC50,0.5,adaptation_theta_logistic_growth,densities=20k/30k;doses=0.67/1.0/1.47
3.0,298.6227236666667,178.67282499212803,false,joint_ic_effect_hill_ramp_onset,partial_5pct,A2780cis,20k,1.0,IC50,0.5,adaptation_theta_logistic_growth,densities=20k/30k;doses=0.67/1.0/1.47
4.0,584.2937496666667,336.2326662663219,false,joint_ic_effect_hill_ramp_onset,partial_5pct,A2780cis,20k,1.0,IC50,0.5,adaptation_theta_logistic_growth,densities=20k/30k;doses=0.67/1.0/1.47
5.0,1028.8575233333333,671.1407237417254,false,joint_ic_effect_hill_ramp_onset,partial_5pct,A2780cis,20k,1.0,IC50,0.5,adaptation_theta_logistic_growth,densities=20k/30k;doses=0.67/1.0/1.47
6.0,1728.4681713333332,1264.8824074421093,false,joint_ic_effect_hill_ramp_onset,partial_5pct,A2780cis,20k,1.0,IC50,0.5,adaptation_theta_logistic_growth,densities=20k/30k;doses=0.67/1.0/1.47
7.0,2346.5103780000004,1883.9645771332061,false,joint_ic_effect_hill_ramp_onset,partial_5pct,A2780cis,20k,1.0,IC50,0.5,adaptation_theta_logistic_growth,densities=20k/30k;doses=0.67/1.0/1.47
8.0,2305.3690973333332,2455.2721877939366,false,joint_ic_effect_hill_ramp_onset,partial_5pct,A2780cis,20k,1.0,IC50,0.5,adaptation_theta_logistic_growth,densities=20k/30k;doses=0.67/1.0/1.47
9.0,3049.6326773333335,2850.8922302187543,false,joint_ic_effect_hill_ramp_onset,partial_5pct,A2780cis,20k,1.0,IC50,0.5,adaptation_theta_logistic_growth,densities=20k/30k;doses=0.67/1.0/1.47
10.0,3134.858873333333,3069.7030699707957,false,joint_ic_effect_hill_ramp_onset,partial_5pct,A2780cis,20k,1.0,IC50,0.5,adaptation_theta_logistic_growth,densities=20k/30k;doses=0.67/1.0/1.47
11.0,3720.5385029999998,3177.0949399737983,false,joint_ic_effect_hill_ramp_onset,partial_5pct,A2780cis,20k,1.0,IC50,0.5,adaptation_theta_logistic_growth,densities=20k/30k;doses=0.67/1.0/1.47
12.0,2824.6677086666664,3228.5712969967926,false,joint_ic_effect_hill_ramp_onset,partial_5pct,A2780cis,20k,1.0,IC50,0.5,adaptation_theta_logistic_growth,densities=20k/30k;doses=0.67/1.0/1.47
13.0,3906.9917053333334,3254.606902887909,false,joint_ic_effect_hill_ramp_onset,partial_5pct,A2780cis,20k,1.0,IC50,0.5,adaptation_theta_logistic_growth,densities=20k/30k;doses=0.67/1.0/1.47
14.0,4011.9759260000005,3269.2401826908026,false,joint_ic_effect_hill_ramp_onset,partial_5pct,A2780cis,20k,1.0,IC50,0.5,adaptation_theta_logistic_growth,densities=20k/30k;doses=0.67/1.0/1.47
0.0,67.0,67.0,true,joint_ic_effect_hill_ramp_onset,partial_5pct,A2780cis,20k,1.47,IC75,0.75,adaptation_theta_logistic_growth,densities=20k/30k;doses=0.67/1.0/1.47
1.0,66.07534733333334,75.9824022820412,false,joint_ic_effect_hill_ramp_onset,partial_5pct,A2780cis,20k,1.47,IC75,0.75,adaptation_theta_logistic_growth,densities=20k/30k;doses=0.67/1.0/1.47
2.0,136.019406,107.07226359215719,false,joint_ic_effect_hill_ramp_onset,partial_5pct,A2780cis,20k,1.47,IC75,0.75,adaptation_theta_logistic_growth,densities=20k/30k;doses=0.67/1.0/1.47
3.0,262.4119983333333,178.67282499212803,false,joint_ic_effect_hill_ramp_onset,partial_5pct,A2780cis,20k,1.47,IC75,0.75,adaptation_theta_logistic_growth,densities=20k/30k;doses=0.67/1.0/1.47
4.0,627.1851849999999,336.2326662663219,false,joint_ic_effect_hill_ramp_onset,partial_5pct,A2780cis,20k,1.47,IC75,0.75,adaptation_theta_logistic_growth,densities=20k/30k;doses=0.67/1.0/1.47
5.0,1055.7064813333334,671.1407237417254,false,joint_ic_effect_hill_ramp_onset,partial_5pct,A2780cis,20k,1.47,IC75,0.75,adaptation_theta_logistic_growth,densities=20k/30k;doses=0.67/1.0/1.47
6.0,1644.4327546666666,1235.6153742263864,false,joint_ic_effect_hill_ramp_onset,partial_5pct,A2780cis,20k,1.47,IC75,0.75,adaptation_theta_logistic_growth,densities=20k/30k;doses=0.67/1.0/1.47
7.0,1888.7926696666666,1651.743831173348,false,joint_ic_effect_hill_ramp_onset,partial_5pct,A2780cis,20k,1.47,IC75,0.75,adaptation_theta_logistic_growth,densities=20k/30k;doses=0.67/1.0/1.47
8.0,1640.846373333333,2034.4217272488602,false,joint_ic_effect_hill_ramp_onset,partial_5pct,A2780cis,20k,1.47,IC75,0.75,adaptation_theta_logistic_growth,densities=20k/30k;doses=0.67/1.0/1.47
9.0,2390.4506556666665,2333.681177958136,false,joint_ic_effect_hill_ramp_onset,partial_5pct,A2780cis,20k,1.47,IC75,0.75,adaptation_theta_logistic_growth,densities=20k/30k;doses=0.67/1.0/1.47
10.0,1885.2126543333334,2533.369496782003,false,joint_ic_effect_hill_ramp_onset,partial_5pct,A2780cis,20k,1.47,IC75,0.75,adaptation_theta_logistic_growth,densities=20k/30k;doses=0.67/1.0/1.47
11.0,2693.7878856666666,2654.4793224338387,false,joint_ic_effect_hill_ramp_onset,partial_5pct,A2780cis,20k,1.47,IC75,0.75,adaptation_theta_logistic_growth,densities=20k/30k;doses=0.67/1.0/1.47
12.0,2554.914467666667,2725.6227109037195,false,joint_ic_effect_hill_ramp_onset,partial_5pct,A2780cis,20k,1.47,IC75,0.75,adaptation_theta_logistic_growth,densities=20k/30k;doses=0.67/1.0/1.47
13.0,3229.3090276666667,2768.2220953027354,false,joint_ic_effect_hill_ramp_onset,partial_5pct,A2780cis,20k,1.47,IC75,0.75,adaptation_theta_logistic_growth,densities=20k/30k;doses=0.67/1.0/1.47
14.0,3171.784760666667,2795.077141427939,false,joint_ic_effect_hill_ramp_onset,partial_5pct,A2780cis,20k,1.47,IC75,0.75,adaptation_theta_logistic_growth,densities=20k/30k;doses=0.67/1.0/1.47
0.0,100.0,100.0,true,joint_ic_effect_hill_ramp_onset,partial_5pct,A2780cis,30k,0.67,IC25,0.25,adaptation_theta_logistic_growth,densities=20k/30k;doses=0.67/1.0/1.47
1.0,119.12291633333332,113.26275189781683,false,joint_ic_effect_hill_ramp_onset,partial_5pct,A2780cis,30k,0.67,IC25,0.25,adaptation_theta_logistic_growth,densities=20k/30k;doses=0.67/1.0/1.47
2.0,208.10995366666666,158.91351845896648,false,joint_ic_effect_hill_ramp_onset,partial_5pct,A2780cis,30k,0.67,IC25,0.25,adaptation_theta_logistic_growth,densities=20k/30k;doses=0.67/1.0/1.47
3.0,381.1926696666667,262.58418187456675,false,joint_ic_effect_hill_ramp_onset,partial_5pct,A2780cis,30k,0.67,IC25,0.25,adaptation_theta_logistic_growth,densities=20k/30k;doses=0.67/1.0/1.47
4.0,731.6507716666666,483.8670202920933,false,joint_ic_effect_hill_ramp_onset,partial_5pct,A2780cis,30k,0.67,IC25,0.25,adaptation_theta_logistic_growth,densities=20k/30k;doses=0.67/1.0/1.47
5.0,1291.6760416666666,925.6009792333555,false,joint_ic_effect_hill_ramp_onset,partial_5pct,A2780cis,30k,0.67,IC25,0.25,adaptation_theta_logistic_growth,densities=20k/30k;doses=0.67/1.0/1.47
6.0,1980.2315586666666,1651.4516717769086,false,joint_ic_effect_hill_ramp_onset,partial_5pct,A2780cis,30k,0.67,IC25,0.25,adaptation_theta_logistic_growth,densities=20k/30k;doses=0.67/1.0/1.47
7.0,2670.8478393333335,2444.7405132130602,false,joint_ic_effect_hill_ramp_onset,partial_5pct,A2780cis,30k,0.67,IC25,0.25,adaptation_theta_logistic_growth,densities=20k/30k;doses=0.67/1.0/1.47
8.0,2545.009915,3063.5061674724175,false,joint_ic_effect_hill_ramp_onset,partial_5pct,A2780cis,30k,0.67,IC25,0.25,adaptation_theta_logistic_growth,densities=20k/30k;doses=0.67/1.0/1.47
9.0,3548.7987266666664,3406.444078027957,false,joint_ic_effect_hill_ramp_onset,partial_5pct,A2780cis,30k,0.67,IC25,0.25,adaptation_theta_logistic_growth,densities=20k/30k;doses=0.67/1.0/1.47
10.0,2897.7104553333334,3558.4189885111896,false,joint_ic_effect_hill_ramp_onset,partial_5pct,A2780cis,30k,0.67,IC25,0.25,adaptation_theta_logistic_growth,densities=20k/30k;doses=0.67/1.0/1.47
11.0,3797.833449333333,3618.9922986781003,false,joint_ic_effect_hill_ramp_onset,partial_5pct,A2780cis,30k,0.67,IC25,0.25,adaptation_theta_logistic_growth,densities=20k/30k;doses=0.67/1.0/1.47
12.0,2884.930285666667,3642.7628677372936,false,joint_ic_effect_hill_ramp_onset,partial_5pct,A2780cis,30k,0.67,IC25,0.25,adaptation_theta_logistic_growth,densities=20k/30k;doses=0.67/1.0/1.47
13.0,4146.366087666666,3652.72817643883,false,joint_ic_effect_hill_ramp_onset,partial_5pct,A2780cis,30k,0.67,IC25,0.25,adaptation_theta_logistic_growth,densities=20k/30k;doses=0.67/1.0/1.47
14.0,3326.884761,3657.543716402537,false,joint_ic_effect_hill_ramp_onset,partial_5pct,A2780cis,30k,0.67,IC25,0.25,adaptation_theta_logistic_growth,densities=20k/30k;doses=0.67/1.0/1.47
0.0,100.0,100.0,true,joint_ic_effect_hill_ramp_onset,partial_5pct,A2780cis,30k,1.0,IC50,0.5,adaptation_theta_logistic_growth,densities=20k/30k;doses=0.67/1.0/1.47
1.0,117.62118066666666,113.26275189781683,false,joint_ic_effect_hill_ramp_onset,partial_5pct,A2780cis,30k,1.0,IC50,0.5,adaptation_theta_logistic_growth,densities=20k/30k;doses=0.67/1.0/1.47
2.0,206.52970666666667,158.91351845896648,false,joint_ic_effect_hill_ramp_onset,partial_5pct,A2780cis,30k,1.0,IC50,0.5,adaptation_theta_logistic_growth,densities=20k/30k;doses=0.67/1.0/1.47
3.0,392.79753066666666,262.58418187456675,false,joint_ic_effect_hill_ramp_onset,partial_5pct,A2780cis,30k,1.0,IC50,0.5,adaptation_theta_logistic_growth,densities=20k/30k;doses=0.67/1.0/1.47
4.0,793.1631946666666,483.8670202920933,false,joint_ic_effect_hill_ramp_onset,partial_5pct,A2780cis,30k,1.0,IC50,0.5,adaptation_theta_logistic_growth,densities=20k/30k;doses=0.67/1.0/1.47
5.0,1328.3501159999998,925.6009792333555,false,joint_ic_effect_hill_ramp_onset,partial_5pct,A2780cis,30k,1.0,IC50,0.5,adaptation_theta_logistic_growth,densities=20k/30k;doses=0.67/1.0/1.47
6.0,1947.6582176666668,1616.6169481870074,false,joint_ic_effect_hill_ramp_onset,partial_5pct,A2780cis,30k,1.0,IC50,0.5,adaptation_theta_logistic_growth,densities=20k/30k;doses=0.67/1.0/1.47
7.0,2594.510609333334,2182.4710317794056,false,joint_ic_effect_hill_ramp_onset,partial_5pct,A2780cis,30k,1.0,IC50,0.5,adaptation_theta_logistic_growth,densities=20k/30k;doses=0.67/1.0/1.47
8.0,2352.0106483333334,2630.648040654739,false,joint_ic_effect_hill_ramp_onset,partial_5pct,A2780cis,30k,1.0,IC50,0.5,adaptation_theta_logistic_growth,densities=20k/30k;doses=0.67/1.0/1.47
9.0,3220.0850306666666,2915.2359121090126,false,joint_ic_effect_hill_ramp_onset,partial_5pct,A2780cis,30k,1.0,IC50,0.5,adaptation_theta_logistic_growth,densities=20k/30k;doses=0.67/1.0/1.47
10.0,2953.806751666667,3069.4937773068255,false,joint_ic_effect_hill_ramp_onset,partial_5pct,A2780cis,30k,1.0,IC50,0.5,adaptation_theta_logistic_growth,densities=20k/30k;doses=0.67/1.0/1.47
11.0,3595.1114196666663,3147.8073075273887,false,joint_ic_effect_hill_ramp_onset,partial_5pct,A2780cis,30k,1.0,IC50,0.5,adaptation_theta_logistic_growth,densities=20k/30k;doses=0.67/1.0/1.47
12.0,2534.660455333333,3188.159195978082,false,joint_ic_effect_hill_ramp_onset,partial_5pct,A2780cis,30k,1.0,IC50,0.5,adaptation_theta_logistic_growth,densities=20k/30k;doses=0.67/1.0/1.47
13.0,3853.449228666667,3210.5521560210964,false,joint_ic_effect_hill_ramp_onset,partial_5pct,A2780cis,30k,1.0,IC50,0.5,adaptation_theta_logistic_growth,densities=20k/30k;doses=0.67/1.0/1.47
14.0,4116.669907333334,3224.3171618181773,false,joint_ic_effect_hill_ramp_onset,partial_5pct,A2780cis,30k,1.0,IC50,0.5,adaptation_theta_logistic_growth,densities=20k/30k;doses=0.67/1.0/1.47
0.0,100.0,100.0,true,joint_ic_effect_hill_ramp_onset,partial_5pct,A2780cis,30k,1.47,IC75,0.75,adaptation_theta_logistic_growth,densities=20k/30k;doses=0.67/1.0/1.47
1.0,73.88472200000001,113.26275189781683,false,joint_ic_effect_hill_ramp_onset,partial_5pct,A2780cis,30k,1.47,IC75,0.75,adaptation_theta_logistic_growth,densities=20k/30k;doses=0.67/1.0/1.47
2.0,143.64463766666665,158.91351845896648,false,joint_ic_effect_hill_ramp_onset,partial_5pct,A2780cis,30k,1.47,IC75,0.75,adaptation_theta_logistic_growth,densities=20k/30k;doses=0.67/1.0/1.47
3.0,301.875849,262.58418187456675,false,joint_ic_effect_hill_ramp_onset,partial_5pct,A2780cis,30k,1.47,IC75,0.75,adaptation_theta_logistic_growth,densities=20k/30k;doses=0.67/1.0/1.47
4.0,670.1066746666667,483.8670202920933,false,joint_ic_effect_hill_ramp_onset,partial_5pct,A2780cis,30k,1.47,IC75,0.75,adaptation_theta_logistic_growth,densities=20k/30k;doses=0.67/1.0/1.47
5.0,1170.9108796666667,925.6009792333555,false,joint_ic_effect_hill_ramp_onset,partial_5pct,A2780cis,30k,1.47,IC75,0.75,adaptation_theta_logistic_growth,densities=20k/30k;doses=0.67/1.0/1.47
6.0,1348.3380016666667,1576.511971744335,false,joint_ic_effect_hill_ramp_onset,partial_5pct,A2780cis,30k,1.47,IC75,0.75,adaptation_theta_logistic_growth,densities=20k/30k;doses=0.67/1.0/1.47
7.0,1881.759761,1903.3046456460231,false,joint_ic_effect_hill_ramp_onset,partial_5pct,A2780cis,30k,1.47,IC75,0.75,adaptation_theta_logistic_growth,densities=20k/30k;doses=0.67/1.0/1.47
8.0,1606.1887733333333,2168.133642084244,false,joint_ic_effect_hill_ramp_onset,partial_5pct,A2780cis,30k,1.47,IC75,0.75,adaptation_theta_logistic_growth,densities=20k/30k;doses=0.67/1.0/1.47
9.0,2421.258526333333,2367.723433129876,false,joint_ic_effect_hill_ramp_onset,partial_5pct,A2780cis,30k,1.47,IC75,0.75,adaptation_theta_logistic_growth,densities=20k/30k;doses=0.67/1.0/1.47
10.0,1957.2380400000002,2503.8601246092016,false,joint_ic_effect_hill_ramp_onset,partial_5pct,A2780cis,30k,1.47,IC75,0.75,adaptation_theta_logistic_growth,densities=20k/30k;doses=0.67/1.0/1.47
11.0,2537.103395,2592.0572928222605,false,joint_ic_effect_hill_ramp_onset,partial_5pct,A2780cis,30k,1.47,IC75,0.75,adaptation_theta_logistic_growth,densities=20k/30k;doses=0.67/1.0/1.47
12.0,2244.322531,2648.7367961304158,false,joint_ic_effect_hill_ramp_onset,partial_5pct,A2780cis,30k,1.47,IC75,0.75,adaptation_theta_logistic_growth,densities=20k/30k;doses=0.67/1.0/1.47
13.0,2827.4429400000004,2686.0055626408007,false,joint_ic_effect_hill_ramp_onset,partial_5pct,A2780cis,30k,1.47,IC75,0.75,adaptation_theta_logistic_growth,densities=20k/30k;doses=0.67/1.0/1.47
14.0,3433.938387333333,2711.4833127334805,false,joint_ic_effect_hill_ramp_onset,partial_5pct,A2780cis,30k,1.47,IC75,0.75,adaptation_theta_logistic_growth,densities=20k/30k;doses=0.67/1.0/1.47
0.0,67.0,67.0,true,joint_ic_effect_logistic_hill,partial_5pct,A2780cis,20k,0.67,IC25,0.25,adaptation_theta_logistic_growth,densities=20k/30k;doses=0.67/1.0/1.47
1.0,79.832716,75.73416357221755,false,joint_ic_effect_logistic_hill,partial_5pct,A2780cis,20k,0.67,IC25,0.25,adaptation_theta_logistic_growth,densities=20k/30k;doses=0.67/1.0/1.47
2.0,136.68186733333332,106.37807017679452,false,joint_ic_effect_logistic_hill,partial_5pct,A2780cis,20k,0.67,IC25,0.25,adaptation_theta_logistic_growth,densities=20k/30k;doses=0.67/1.0/1.47
3.0,256.032137,176.96374812430557,false,joint_ic_effect_logistic_hill,partial_5pct,A2780cis,20k,0.67,IC25,0.25,adaptation_theta_logistic_growth,densities=20k/30k;doses=0.67/1.0/1.47
4.0,551.4876543333334,332.0988931091933,false,joint_ic_effect_logistic_hill,partial_5pct,A2780cis,20k,0.67,IC25,0.25,adaptation_theta_logistic_growth,densities=20k/30k;doses=0.67/1.0/1.47
5.0,932.248611,661.6512860188053,false,joint_ic_effect_logistic_hill,partial_5pct,A2780cis,20k,0.67,IC25,0.25,adaptation_theta_logistic_growth,densities=20k/30k;doses=0.67/1.0/1.47
6.0,1630.1435956666667,1281.4342895838004,false,joint_ic_effect_logistic_hill,partial_5pct,A2780cis,20k,0.67,IC25,0.25,adaptation_theta_logistic_growth,densities=20k/30k;doses=0.67/1.0/1.47
7.0,2349.2489583333336,2162.5763312349227,false,joint_ic_effect_logistic_hill,partial_5pct,A2780cis,20k,0.67,IC25,0.25,adaptation_theta_logistic_growth,densities=20k/30k;doses=0.67/1.0/1.47
8.0,2344.200308666667,2981.224306910341,false,joint_ic_effect_logistic_hill,partial_5pct,A2780cis,20k,0.67,IC25,0.25,adaptation_theta_logistic_growth,densities=20k/30k;doses=0.67/1.0/1.47
9.0,3261.814429,3472.8813767957595,false,joint_ic_effect_logistic_hill,partial_5pct,A2780cis,20k,0.67,IC25,0.25,adaptation_theta_logistic_growth,densities=20k/30k;doses=0.67/1.0/1.47
10.0,2744.403163333333,3688.810946757445,false,joint_ic_effect_logistic_hill,partial_5pct,A2780cis,20k,0.67,IC25,0.25,adaptation_theta_logistic_growth,densities=20k/30k;doses=0.67/1.0/1.47
11.0,3624.0109566666665,3768.5699522126847,false,joint_ic_effect_logistic_hill,partial_5pct,A2780cis,20k,0.67,IC25,0.25,adaptation_theta_logistic_growth,densities=20k/30k;doses=0.67/1.0/1.47
12.0,2656.8393906666665,3795.6292049235926,false,joint_ic_effect_logistic_hill,partial_5pct,A2780cis,20k,0.67,IC25,0.25,adaptation_theta_logistic_growth,densities=20k/30k;doses=0.67/1.0/1.47
13.0,3902.5750386666664,3804.45832750892,false,joint_ic_effect_logistic_hill,partial_5pct,A2780cis,20k,0.67,IC25,0.25,adaptation_theta_logistic_growth,densities=20k/30k;doses=0.67/1.0/1.47
14.0,2987.771682,3807.3174656952347,false,joint_ic_effect_logistic_hill,partial_5pct,A2780cis,20k,0.67,IC25,0.25,adaptation_theta_logistic_growth,densities=20k/30k;doses=0.67/1.0/1.47
0.0,67.0,67.0,true,joint_ic_effect_logistic_hill,partial_5pct,A2780cis,20k,1.0,IC50,0.5,adaptation_theta_logistic_growth,densities=20k/30k;doses=0.67/1.0/1.47
1.0,82.57476866666666,72.49844887630643,false,joint_ic_effect_logistic_hill,partial_5pct,A2780cis,20k,1.0,IC50,0.5,adaptation_theta_logistic_growth,densities=20k/30k;doses=0.67/1.0/1.47
2.0,153.74926733333334,97.53274836041214,false,joint_ic_effect_logistic_hill,partial_5pct,A2780cis,20k,1.0,IC50,0.5,adaptation_theta_logistic_growth,densities=20k/30k;doses=0.67/1.0/1.47
3.0,298.6227236666667,155.64084619445595,false,joint_ic_effect_logistic_hill,partial_5pct,A2780cis,20k,1.0,IC50,0.5,adaptation_theta_logistic_growth,densities=20k/30k;doses=0.67/1.0/1.47
4.0,584.2937496666667,281.38416469889575,false,joint_ic_effect_logistic_hill,partial_5pct,A2780cis,20k,1.0,IC50,0.5,adaptation_theta_logistic_growth,densities=20k/30k;doses=0.67/1.0/1.47
5.0,1028.8575233333333,545.9498573288263,false,joint_ic_effect_logistic_hill,partial_5pct,A2780cis,20k,1.0,IC50,0.5,adaptation_theta_logistic_growth,densities=20k/30k;doses=0.67/1.0/1.47
6.0,1728.4681713333332,1053.6050897599,false,joint_ic_effect_logistic_hill,partial_5pct,A2780cis,20k,1.0,IC50,0.5,adaptation_theta_logistic_growth,densities=20k/30k;doses=0.67/1.0/1.47
7.0,2346.5103780000004,1830.186578587898,false,joint_ic_effect_logistic_hill,partial_5pct,A2780cis,20k,1.0,IC50,0.5,adaptation_theta_logistic_growth,densities=20k/30k;doses=0.67/1.0/1.47
8.0,2305.3690973333332,2646.935317082663,false,joint_ic_effect_logistic_hill,partial_5pct,A2780cis,20k,1.0,IC50,0.5,adaptation_theta_logistic_growth,densities=20k/30k;doses=0.67/1.0/1.47
9.0,3049.6326773333335,3209.296800136353,false,joint_ic_effect_logistic_hill,partial_5pct,A2780cis,20k,1.0,IC50,0.5,adaptation_theta_logistic_growth,densities=20k/30k;doses=0.67/1.0/1.47
10.0,3134.858873333333,3486.8435055865302,false,joint_ic_effect_logistic_hill,partial_5pct,A2780cis,20k,1.0,IC50,0.5,adaptation_theta_logistic_growth,densities=20k/30k;doses=0.67/1.0/1.47
11.0,3720.5385029999998,3600.073044850756,false,joint_ic_effect_logistic_hill,partial_5pct,A2780cis,20k,1.0,IC50,0.5,adaptation_theta_logistic_growth,densities=20k/30k;doses=0.67/1.0/1.47
12.0,2824.6677086666664,3642.8680641302403,false,joint_ic_effect_logistic_hill,partial_5pct,A2780cis,20k,1.0,IC50,0.5,adaptation_theta_logistic_growth,densities=20k/30k;doses=0.67/1.0/1.47
13.0,3906.9917053333334,3659.1743608168217,false,joint_ic_effect_logistic_hill,partial_5pct,A2780cis,20k,1.0,IC50,0.5,adaptation_theta_logistic_growth,densities=20k/30k;doses=0.67/1.0/1.47
14.0,4011.9759260000005,3665.9690429683187,false,joint_ic_effect_logistic_hill,partial_5pct,A2780cis,20k,1.0,IC50,0.5,adaptation_theta_logistic_growth,densities=20k/30k;doses=0.67/1.0/1.47
0.0,67.0,67.0,true,joint_ic_effect_logistic_hill,partial_5pct,A2780cis,20k,1.47,IC75,0.75,adaptation_theta_logistic_growth,densities=20k/30k;doses=0.67/1.0/1.47
1.0,66.07534733333334,63.09273067998948,false,joint_ic_effect_logistic_hill,partial_5pct,A2780cis,20k,1.47,IC75,0.75,adaptation_theta_logistic_growth,densities=20k/30k;doses=0.67/1.0/1.47
2.0,136.019406,73.97164541572842,false,joint_ic_effect_logistic_hill,partial_5pct,A2780cis,20k,1.47,IC75,0.75,adaptation_theta_logistic_growth,densities=20k/30k;doses=0.67/1.0/1.47
3.0,262.4119983333333,103.27189713477662,false,joint_ic_effect_logistic_hill,partial_5pct,A2780cis,20k,1.47,IC75,0.75,adaptation_theta_logistic_growth,densities=20k/30k;doses=0.67/1.0/1.47
4.0,627.1851849999999,164.94451316952276,false,joint_ic_effect_logistic_hill,partial_5pct,A2780cis,20k,1.47,IC75,0.75,adaptation_theta_logistic_growth,densities=20k/30k;doses=0.67/1.0/1.47
5.0,1055.7064813333334,289.52336955999414,false,joint_ic_effect_logistic_hill,partial_5pct,A2780cis,20k,1.47,IC75,0.75,adaptation_theta_logistic_growth,densities=20k/30k;doses=0.67/1.0/1.47
6.0,1644.4327546666666,532.4288721371861,false,joint_ic_effect_logistic_hill,partial_5pct,A2780cis,20k,1.47,IC75,0.75,adaptation_theta_logistic_growth,densities=20k/30k;doses=0.67/1.0/1.47
7.0,1888.7926696666666,962.2038232406287,false,joint_ic_effect_logistic_hill,partial_5pct,A2780cis,20k,1.47,IC75,0.75,adaptation_theta_logistic_growth,densities=20k/30k;doses=0.67/1.0/1.47
8.0,1640.846373333333,1581.5822641861712,false,joint_ic_effect_logistic_hill,partial_5pct,A2780cis,20k,1.47,IC75,0.75,adaptation_theta_logistic_growth,densities=20k/30k;doses=0.67/1.0/1.47
9.0,2390.4506556666665,2233.4995189895412,false,joint_ic_effect_logistic_hill,partial_5pct,A2780cis,20k,1.47,IC75,0.75,adaptation_theta_logistic_growth,densities=20k/30k;doses=0.67/1.0/1.47
10.0,1885.2126543333334,2718.1391805153744,false,joint_ic_effect_logistic_hill,partial_5pct,A2780cis,20k,1.47,IC75,0.75,adaptation_theta_logistic_growth,densities=20k/30k;doses=0.67/1.0/1.47
11.0,2693.7878856666666,2991.0383933822545,false,joint_ic_effect_logistic_hill,partial_5pct,A2780cis,20k,1.47,IC75,0.75,adaptation_theta_logistic_growth,densities=20k/30k;doses=0.67/1.0/1.47
12.0,2554.914467666667,3122.040363154841,false,joint_ic_effect_logistic_hill,partial_5pct,A2780cis,20k,1.47,IC75,0.75,adaptation_theta_logistic_growth,densities=20k/30k;doses=0.67/1.0/1.47
13.0,3229.3090276666667,3181.7893547144495,false,joint_ic_effect_logistic_hill,partial_5pct,A2780cis,20k,1.47,IC75,0.75,adaptation_theta_logistic_growth,densities=20k/30k;doses=0.67/1.0/1.47
14.0,3171.784760666667,3210.0102163917672,false,joint_ic_effect_logistic_hill,partial_5pct,A2780cis,20k,1.47,IC75,0.75,adaptation_theta_logistic_growth,densities=20k/30k;doses=0.67/1.0/1.47
0.0,100.0,100.0,true,joint_ic_effect_logistic_hill,partial_5pct,A2780cis,30k,0.67,IC25,0.25,adaptation_theta_logistic_growth,densities=20k/30k;doses=0.67/1.0/1.47
1.0,119.12291633333332,112.85521770344572,false,joint_ic_effect_logistic_hill,partial_5pct,A2780cis,30k,0.67,IC25,0.25,adaptation_theta_logistic_growth,densities=20k/30k;doses=0.67/1.0/1.47
2.0,208.10995366666666,157.7822751281142,false,joint_ic_effect_logistic_hill,partial_5pct,A2780cis,30k,0.67,IC25,0.25,adaptation_theta_logistic_growth,densities=20k/30k;doses=0.67/1.0/1.47
3.0,381.1926696666667,259.84554682831657,false,joint_ic_effect_logistic_hill,partial_5pct,A2780cis,30k,0.67,IC25,0.25,adaptation_theta_logistic_growth,densities=20k/30k;doses=0.67/1.0/1.47
4.0,731.6507716666666,477.4788806901782,false,joint_ic_effect_logistic_hill,partial_5pct,A2780cis,30k,0.67,IC25,0.25,adaptation_theta_logistic_growth,densities=20k/30k;doses=0.67/1.0/1.47
5.0,1291.6760416666666,911.9774999316307,false,joint_ic_effect_logistic_hill,partial_5pct,A2780cis,30k,0.67,IC25,0.25,adaptation_theta_logistic_growth,densities=20k/30k;doses=0.67/1.0/1.47
6.0,1980.2315586666666,1641.302543899356,false,joint_ic_effect_logistic_hill,partial_5pct,A2780cis,30k,0.67,IC25,0.25,adaptation_theta_logistic_growth,densities=20k/30k;doses=0.67/1.0/1.47
7.0,2670.8478393333335,2520.3533852115224,false,joint_ic_effect_logistic_hill,partial_5pct,A2780cis,30k,0.67,IC25,0.25,adaptation_theta_logistic_growth,densities=20k/30k;doses=0.67/1.0/1.47
8.0,2545.009915,3208.614790247554,false,joint_ic_effect_logistic_hill,partial_5pct,A2780cis,30k,0.67,IC25,0.25,adaptation_theta_logistic_growth,densities=20k/30k;doses=0.67/1.0/1.47
9.0,3548.7987266666664,3574.542067448799,false,joint_ic_effect_logistic_hill,partial_5pct,A2780cis,30k,0.67,IC25,0.25,adaptation_theta_logistic_growth,densities=20k/30k;doses=0.67/1.0/1.47
10.0,2897.7104553333334,3725.645438204643,false,joint_ic_effect_logistic_hill,partial_5pct,A2780cis,30k,0.67,IC25,0.25,adaptation_theta_logistic_growth,densities=20k/30k;doses=0.67/1.0/1.47
11.0,3797.833449333333,3780.166011626268,false,joint_ic_effect_logistic_hill,partial_5pct,A2780cis,30k,0.67,IC25,0.25,adaptation_theta_logistic_growth,densities=20k/30k;doses=0.67/1.0/1.47
12.0,2884.930285666667,3798.573960111685,false,joint_ic_effect_logistic_hill,partial_5pct,A2780cis,30k,0.67,IC25,0.25,adaptation_theta_logistic_growth,densities=20k/30k;doses=0.67/1.0/1.47
13.0,4146.366087666666,3804.6203781429062,false,joint_ic_effect_logistic_hill,partial_5pct,A2780cis,30k,0.67,IC25,0.25,adaptation_theta_logistic_growth,densities=20k/30k;doses=0.67/1.0/1.47
14.0,3326.884761,3806.620847427116,false,joint_ic_effect_logistic_hill,partial_5pct,A2780cis,30k,0.67,IC25,0.25,adaptation_theta_logistic_growth,densities=20k/30k;doses=0.67/1.0/1.47
0.0,100.0,100.0,true,joint_ic_effect_logistic_hill,partial_5pct,A2780cis,30k,1.0,IC50,0.5,adaptation_theta_logistic_growth,densities=20k/30k;doses=0.67/1.0/1.47
1.0,117.62118066666666,107.55559022902227,false,joint_ic_effect_logistic_hill,partial_5pct,A2780cis,30k,1.0,IC50,0.5,adaptation_theta_logistic_growth,densities=20k/30k;doses=0.67/1.0/1.47
2.0,206.52970666666667,143.43088722311268,false,joint_ic_effect_logistic_hill,partial_5pct,A2780cis,30k,1.0,IC50,0.5,adaptation_theta_logistic_growth,densities=20k/30k;doses=0.67/1.0/1.47
3.0,392.79753066666666,225.86459963390274,false,joint_ic_effect_logistic_hill,partial_5pct,A2780cis,30k,1.0,IC50,0.5,adaptation_theta_logistic_growth,densities=20k/30k;doses=0.67/1.0/1.47
4.0,793.1631946666666,399.45340398454755,false,joint_ic_effect_logistic_hill,partial_5pct,A2780cis,30k,1.0,IC50,0.5,adaptation_theta_logistic_growth,densities=20k/30k;doses=0.67/1.0/1.47
5.0,1328.3501159999998,745.7145812602349,false,joint_ic_effect_logistic_hill,partial_5pct,A2780cis,30k,1.0,IC50,0.5,adaptation_theta_logistic_growth,densities=20k/30k;doses=0.67/1.0/1.47
6.0,1947.6582176666668,1349.7899739614086,false,joint_ic_effect_logistic_hill,partial_5pct,A2780cis,30k,1.0,IC50,0.5,adaptation_theta_logistic_growth,densities=20k/30k;doses=0.67/1.0/1.47
7.0,2594.510609333334,2151.768291962781,false,joint_ic_effect_logistic_hill,partial_5pct,A2780cis,30k,1.0,IC50,0.5,adaptation_theta_logistic_growth,densities=20k/30k;doses=0.67/1.0/1.47
8.0,2352.0106483333334,2872.9289033651617,false,joint_ic_effect_logistic_hill,partial_5pct,A2780cis,30k,1.0,IC50,0.5,adaptation_theta_logistic_growth,densities=20k/30k;doses=0.67/1.0/1.47
9.0,3220.0850306666666,3313.440569701714,false,joint_ic_effect_logistic_hill,partial_5pct,A2780cis,30k,1.0,IC50,0.5,adaptation_theta_logistic_growth,densities=20k/30k;doses=0.67/1.0/1.47
10.0,2953.806751666667,3518.1341766009414,false,joint_ic_effect_logistic_hill,partial_5pct,A2780cis,30k,1.0,IC50,0.5,adaptation_theta_logistic_growth,densities=20k/30k;doses=0.67/1.0/1.47
11.0,3595.1114196666663,3600.6017120281604,false,joint_ic_effect_logistic_hill,partial_5pct,A2780cis,30k,1.0,IC50,0.5,adaptation_theta_logistic_growth,densities=20k/30k;doses=0.67/1.0/1.47
12.0,2534.660455333333,3632.445849493759,false,joint_ic_effect_logistic_hill,partial_5pct,A2780cis,30k,1.0,IC50,0.5,adaptation_theta_logistic_growth,densities=20k/30k;doses=0.67/1.0/1.47
13.0,3853.449228666667,3645.2497495359726,false,joint_ic_effect_logistic_hill,partial_5pct,A2780cis,30k,1.0,IC50,0.5,adaptation_theta_logistic_growth,densities=20k/30k;doses=0.67/1.0/1.47
14.0,4116.669907333334,3651.0622630446423,false,joint_ic_effect_logistic_hill,partial_5pct,A2780cis,30k,1.0,IC50,0.5,adaptation_theta_logistic_growth,densities=20k/30k;doses=0.67/1.0/1.47
0.0,100.0,100.0,true,joint_ic_effect_logistic_hill,partial_5pct,A2780cis,30k,1.47,IC75,0.75,adaptation_theta_logistic_growth,densities=20k/30k;doses=0.67/1.0/1.47
1.0,73.88472200000001,92.28926237435867,false,joint_ic_effect_logistic_hill,partial_5pct,A2780cis,30k,1.47,IC75,0.75,adaptation_theta_logistic_growth,densities=20k/30k;doses=0.67/1.0/1.47
2.0,143.64463766666665,105.84076954355612,false,joint_ic_effect_logistic_hill,partial_5pct,A2780cis,30k,1.47,IC75,0.75,adaptation_theta_logistic_growth,densities=20k/30k;doses=0.67/1.0/1.47
3.0,301.875849,144.19479351496236,false,joint_ic_effect_logistic_hill,partial_5pct,A2780cis,30k,1.47,IC75,0.75,adaptation_theta_logistic_growth,densities=20k/30k;doses=0.67/1.0/1.47
4.0,670.1066746666667,223.86465373477864,false,joint_ic_effect_logistic_hill,partial_5pct,A2780cis,30k,1.47,IC75,0.75,adaptation_theta_logistic_growth,densities=20k/30k;doses=0.67/1.0/1.47
5.0,1170.9108796666667,379.3778581802158,false,joint_ic_effect_logistic_hill,partial_5pct,A2780cis,30k,1.47,IC75,0.75,adaptation_theta_logistic_growth,densities=20k/30k;doses=0.67/1.0/1.47
6.0,1348.3380016666667,666.3299739049602,false,joint_ic_effect_logistic_hill,partial_5pct,A2780cis,30k,1.47,IC75,0.75,adaptation_theta_logistic_growth,densities=20k/30k;doses=0.67/1.0/1.47
7.0,1881.759761,1134.9121843166472,false,joint_ic_effect_logistic_hill,partial_5pct,A2780cis,30k,1.47,IC75,0.75,adaptation_theta_logistic_growth,densities=20k/30k;doses=0.67/1.0/1.47
8.0,1606.1887733333333,1745.7980842585403,false,joint_ic_effect_logistic_hill,partial_5pct,A2780cis,30k,1.47,IC75,0.75,adaptation_theta_logistic_growth,densities=20k/30k;doses=0.67/1.0/1.47
9.0,2421.258526333333,2329.5743506226,false,joint_ic_effect_logistic_hill,partial_5pct,A2780cis,30k,1.47,IC75,0.75,adaptation_theta_logistic_growth,densities=20k/30k;doses=0.67/1.0/1.47
10.0,1957.2380400000002,2736.8885256733615,false,joint_ic_effect_logistic_hill,partial_5pct,A2780cis,30k,1.47,IC75,0.75,adaptation_theta_logistic_growth,densities=20k/30k;doses=0.67/1.0/1.47
11.0,2537.103395,2961.8751954609666,false,joint_ic_effect_logistic_hill,partial_5pct,A2780cis,30k,1.47,IC75,0.75,adaptation_theta_logistic_growth,densities=20k/30k;doses=0.67/1.0/1.47
12.0,2244.322531,3071.7307991486987,false,joint_ic_effect_logistic_hill,partial_5pct,A2780cis,30k,1.47,IC75,0.75,adaptation_theta_logistic_growth,densities=20k/30k;doses=0.67/1.0/1.47
13.0,2827.4429400000004,3124.0006599792,false,joint_ic_effect_logistic_hill,partial_5pct,A2780cis,30k,1.47,IC75,0.75,adaptation_theta_logistic_growth,densities=20k/30k;doses=0.67/1.0/1.47
14.0,3433.938387333333,3150.17671198477,false,joint_ic_effect_logistic_hill,partial_5pct,A2780cis,30k,1.47,IC75,0.75,adaptation_theta_logistic_growth,densities=20k/30k;doses=0.67/1.0/1.47
0.0,67.0,67.0,true,joint_ic_effect_transit_death,partial_5pct,A2780cis,20k,0.67,IC25,0.25,adaptation_theta_logistic_growth,densities=20k/30k;doses=0.67/1.0/1.47
1.0,79.832716,75.98240186486794,false,joint_ic_effect_transit_death,partial_5pct,A2780cis,20k,0.67,IC25,0.25,adaptation_theta_logistic_growth,densities=20k/30k;doses=0.67/1.0/1.47
2.0,136.68186733333332,107.07226125725265,false,joint_ic_effect_transit_death,partial_5pct,A2780cis,20k,0.67,IC25,0.25,adaptation_theta_logistic_growth,densities=20k/30k;doses=0.67/1.0/1.47
3.0,256.032137,178.67282815678882,false,joint_ic_effect_transit_death,partial_5pct,A2780cis,20k,0.67,IC25,0.25,adaptation_theta_logistic_growth,densities=20k/30k;doses=0.67/1.0/1.47
4.0,551.4876543333334,336.2326704425513,false,joint_ic_effect_transit_death,partial_5pct,A2780cis,20k,0.67,IC25,0.25,adaptation_theta_logistic_growth,densities=20k/30k;doses=0.67/1.0/1.47
5.0,932.248611,671.1407115974164,false,joint_ic_effect_transit_death,partial_5pct,A2780cis,20k,0.67,IC25,0.25,adaptation_theta_logistic_growth,densities=20k/30k;doses=0.67/1.0/1.47
6.0,1630.1435956666667,1296.5385088900077,false,joint_ic_effect_transit_death,partial_5pct,A2780cis,20k,0.67,IC25,0.25,adaptation_theta_logistic_growth,densities=20k/30k;doses=0.67/1.0/1.47
7.0,2349.2489583333336,2142.6851010148407,false,joint_ic_effect_transit_death,partial_5pct,A2780cis,20k,0.67,IC25,0.25,adaptation_theta_logistic_growth,densities=20k/30k;doses=0.67/1.0/1.47
8.0,2344.200308666667,2928.830963607884,false,joint_ic_effect_transit_death,partial_5pct,A2780cis,20k,0.67,IC25,0.25,adaptation_theta_logistic_growth,densities=20k/30k;doses=0.67/1.0/1.47
9.0,3261.814429,3427.222751553038,false,joint_ic_effect_transit_death,partial_5pct,A2780cis,20k,0.67,IC25,0.25,adaptation_theta_logistic_growth,densities=20k/30k;doses=0.67/1.0/1.47
10.0,2744.403163333333,3670.853126332749,false,joint_ic_effect_transit_death,partial_5pct,A2780cis,20k,0.67,IC25,0.25,adaptation_theta_logistic_growth,densities=20k/30k;doses=0.67/1.0/1.47
11.0,3624.0109566666665,3777.791172885028,false,joint_ic_effect_transit_death,partial_5pct,A2780cis,20k,0.67,IC25,0.25,adaptation_theta_logistic_growth,densities=20k/30k;doses=0.67/1.0/1.47
12.0,2656.8393906666665,3825.257931175963,false,joint_ic_effect_transit_death,partial_5pct,A2780cis,20k,0.67,IC25,0.25,adaptation_theta_logistic_growth,densities=20k/30k;doses=0.67/1.0/1.47
13.0,3902.5750386666664,3848.2646388196326,false,joint_ic_effect_transit_death,partial_5pct,A2780cis,20k,0.67,IC25,0.25,adaptation_theta_logistic_growth,densities=20k/30k;doses=0.67/1.0/1.47
14.0,2987.771682,3860.8224969810326,false,joint_ic_effect_transit_death,partial_5pct,A2780cis,20k,0.67,IC25,0.25,adaptation_theta_logistic_growth,densities=20k/30k;doses=0.67/1.0/1.47
0.0,67.0,67.0,true,joint_ic_effect_transit_death,partial_5pct,A2780cis,20k,1.0,IC50,0.5,adaptation_theta_logistic_growth,densities=20k/30k;doses=0.67/1.0/1.47
1.0,82.57476866666666,75.98240186486794,false,joint_ic_effect_transit_death,partial_5pct,A2780cis,20k,1.0,IC50,0.5,adaptation_theta_logistic_growth,densities=20k/30k;doses=0.67/1.0/1.47
2.0,153.74926733333334,107.07226125725265,false,joint_ic_effect_transit_death,partial_5pct,A2780cis,20k,1.0,IC50,0.5,adaptation_theta_logistic_growth,densities=20k/30k;doses=0.67/1.0/1.47
3.0,298.6227236666667,178.67282815678882,false,joint_ic_effect_transit_death,partial_5pct,A2780cis,20k,1.0,IC50,0.5,adaptation_theta_logistic_growth,densities=20k/30k;doses=0.67/1.0/1.47
4.0,584.2937496666667,336.2326704425513,false,joint_ic_effect_transit_death,partial_5pct,A2780cis,20k,1.0,IC50,0.5,adaptation_theta_logistic_growth,densities=20k/30k;doses=0.67/1.0/1.47
5.0,1028.8575233333333,671.1407115974164,false,joint_ic_effect_transit_death,partial_5pct,A2780cis,20k,1.0,IC50,0.5,adaptation_theta_logistic_growth,densities=20k/30k;doses=0.67/1.0/1.47
6.0,1728.4681713333332,1272.3229837723975,false,joint_ic_effect_transit_death,partial_5pct,A2780cis,20k,1.0,IC50,0.5,adaptation_theta_logistic_growth,densities=20k/30k;doses=0.67/1.0/1.47
7.0,2346.5103780000004,1828.6051432457543,false,joint_ic_effect_transit_death,partial_5pct,A2780cis,20k,1.0,IC50,0.5,adaptation_theta_logistic_growth,densities=20k/30k;doses=0.67/1.0/1.47
8.0,2305.3690973333332,2338.242133229076,false,joint_ic_effect_transit_death,partial_5pct,A2780cis,20k,1.0,IC50,0.5,adaptation_theta_logistic_growth,densities=20k/30k;doses=0.67/1.0/1.47
9.0,3049.6326773333335,2767.1198569987373,false,joint_ic_effect_transit_death,partial_5pct,A2780cis,20k,1.0,IC50,0.5,adaptation_theta_logistic_growth,densities=20k/30k;doses=0.67/1.0/1.47
10.0,3134.858873333333,3096.6697206884255,false,joint_ic_effect_transit_death,partial_5pct,A2780cis,20k,1.0,IC50,0.5,adaptation_theta_logistic_growth,densities=20k/30k;doses=0.67/1.0/1.47
11.0,3720.5385029999998,3335.737617750529,false,joint_ic_effect_transit_death,partial_5pct,A2780cis,20k,1.0,IC50,0.5,adaptation_theta_logistic_growth,densities=20k/30k;doses=0.67/1.0/1.47
12.0,2824.6677086666664,3504.8504393433263,false,joint_ic_effect_transit_death,partial_5pct,A2780cis,20k,1.0,IC50,0.5,adaptation_theta_logistic_growth,densities=20k/30k;doses=0.67/1.0/1.47
13.0,3906.9917053333334,3624.078854746585,false,joint_ic_effect_transit_death,partial_5pct,A2780cis,20k,1.0,IC50,0.5,adaptation_theta_logistic_growth,densities=20k/30k;doses=0.67/1.0/1.47
14.0,4011.9759260000005,3708.816118252944,false,joint_ic_effect_transit_death,partial_5pct,A2780cis,20k,1.0,IC50,0.5,adaptation_theta_logistic_growth,densities=20k/30k;doses=0.67/1.0/1.47
0.0,67.0,67.0,true,joint_ic_effect_transit_death,partial_5pct,A2780cis,20k,1.47,IC75,0.75,adaptation_theta_logistic_growth,densities=20k/30k;doses=0.67/1.0/1.47
1.0,66.07534733333334,75.98240186486794,false,joint_ic_effect_transit_death,partial_5pct,A2780cis,20k,1.47,IC75,0.75,adaptation_theta_logistic_growth,densities=20k/30k;doses=0.67/1.0/1.47
2.0,136.019406,107.07226125725265,false,joint_ic_effect_transit_death,partial_5pct,A2780cis,20k,1.47,IC75,0.75,adaptation_theta_logistic_growth,densities=20k/30k;doses=0.67/1.0/1.47
3.0,262.4119983333333,178.67282815678882,false,joint_ic_effect_transit_death,partial_5pct,A2780cis,20k,1.47,IC75,0.75,adaptation_theta_logistic_growth,densities=20k/30k;doses=0.67/1.0/1.47
4.0,627.1851849999999,336.2326704425513,false,joint_ic_effect_transit_death,partial_5pct,A2780cis,20k,1.47,IC75,0.75,adaptation_theta_logistic_growth,densities=20k/30k;doses=0.67/1.0/1.47
5.0,1055.7064813333334,671.1407115974164,false,joint_ic_effect_transit_death,partial_5pct,A2780cis,20k,1.47,IC75,0.75,adaptation_theta_logistic_growth,densities=20k/30k;doses=0.67/1.0/1.47
6.0,1644.4327546666666,1254.4626080477876,false,joint_ic_effect_transit_death,partial_5pct,A2780cis,20k,1.47,IC75,0.75,adaptation_theta_logistic_growth,densities=20k/30k;doses=0.67/1.0/1.47
7.0,1888.7926696666666,1622.9987493763797,false,joint_ic_effect_transit_death,partial_5pct,A2780cis,20k,1.47,IC75,0.75,adaptation_theta_logistic_growth,densities=20k/30k;doses=0.67/1.0/1.47
8.0,1640.846373333333,1918.8193416346141,false,joint_ic_effect_transit_death,partial_5pct,A2780cis,20k,1.47,IC75,0.75,adaptation_theta_logistic_growth,densities=20k/30k;doses=0.67/1.0/1.47
9.0,2390.4506556666665,2178.1967844127257,false,joint_ic_effect_transit_death,partial_5pct,A2780cis,20k,1.47,IC75,0.75,adaptation_theta_logistic_growth,densities=20k/30k;doses=0.67/1.0/1.47
10.0,1885.2126543333334,2407.620463846684,false,joint_ic_effect_transit_death,partial_5pct,A2780cis,20k,1.47,IC75,0.75,adaptation_theta_logistic_growth,densities=20k/30k;doses=0.67/1.0/1.47
11.0,2693.7878856666666,2608.0312680736824,false,joint_ic_effect_transit_death,partial_5pct,A2780cis,20k,1.47,IC75,0.75,adaptation_theta_logistic_growth,densities=20k/30k;doses=0.67/1.0/1.47
12.0,2554.914467666667,2779.3082263113392,false,joint_ic_effect_transit_death,partial_5pct,A2780cis,20k,1.47,IC75,0.75,adaptation_theta_logistic_growth,densities=20k/30k;doses=0.67/1.0/1.47
13.0,3229.3090276666667,2922.3662352895517,false,joint_ic_effect_transit_death,partial_5pct,A2780cis,20k,1.47,IC75,0.75,adaptation_theta_logistic_growth,densities=20k/30k;doses=0.67/1.0/1.47
14.0,3171.784760666667,3039.527148776372,false,joint_ic_effect_transit_death,partial_5pct,A2780cis,20k,1.47,IC75,0.75,adaptation_theta_logistic_growth,densities=20k/30k;doses=0.67/1.0/1.47
0.0,100.0,100.0,true,joint_ic_effect_transit_death,partial_5pct,A2780cis,30k,0.67,IC25,0.25,adaptation_theta_logistic_growth,densities=20k/30k;doses=0.67/1.0/1.47
1.0,119.12291633333332,113.2627513784825,false,joint_ic_effect_transit_death,partial_5pct,A2780cis,30k,0.67,IC25,0.25,adaptation_theta_logistic_growth,densities=20k/30k;doses=0.67/1.0/1.47
2.0,208.10995366666666,158.913516227915,false,joint_ic_effect_transit_death,partial_5pct,A2780cis,30k,0.67,IC25,0.25,adaptation_theta_logistic_growth,densities=20k/30k;doses=0.67/1.0/1.47
3.0,381.1926696666667,262.58418739642775,false,joint_ic_effect_transit_death,partial_5pct,A2780cis,30k,0.67,IC25,0.25,adaptation_theta_logistic_growth,densities=20k/30k;doses=0.67/1.0/1.47
4.0,731.6507716666666,483.8670248234504,false,joint_ic_effect_transit_death,partial_5pct,A2780cis,30k,0.67,IC25,0.25,adaptation_theta_logistic_growth,densities=20k/30k;doses=0.67/1.0/1.47
5.0,1291.6760416666666,925.6009684829731,false,joint_ic_effect_transit_death,partial_5pct,A2780cis,30k,0.67,IC25,0.25,adaptation_theta_logistic_growth,densities=20k/30k;doses=0.67/1.0/1.47
6.0,1980.2315586666666,1660.040501831371,false,joint_ic_effect_transit_death,partial_5pct,A2780cis,30k,0.67,IC25,0.25,adaptation_theta_logistic_growth,densities=20k/30k;doses=0.67/1.0/1.47
7.0,2670.8478393333335,2496.0469605643543,false,joint_ic_effect_transit_death,partial_5pct,A2780cis,30k,0.67,IC25,0.25,adaptation_theta_logistic_growth,densities=20k/30k;doses=0.67/1.0/1.47
8.0,2545.009915,3157.0835571060425,false,joint_ic_effect_transit_death,partial_5pct,A2780cis,30k,0.67,IC25,0.25,adaptation_theta_logistic_growth,densities=20k/30k;doses=0.67/1.0/1.47
9.0,3548.7987266666664,3535.9558122196554,false,joint_ic_effect_transit_death,partial_5pct,A2780cis,30k,0.67,IC25,0.25,adaptation_theta_logistic_growth,densities=20k/30k;doses=0.67/1.0/1.47
10.0,2897.7104553333334,3715.909112945642,false,joint_ic_effect_transit_death,partial_5pct,A2780cis,30k,0.67,IC25,0.25,adaptation_theta_logistic_growth,densities=20k/30k;doses=0.67/1.0/1.47
11.0,3797.833449333333,3796.9912141210352,false,joint_ic_effect_transit_death,partial_5pct,A2780cis,30k,0.67,IC25,0.25,adaptation_theta_logistic_growth,densities=20k/30k;doses=0.67/1.0/1.47
12.0,2884.930285666667,3835.2233972453905,false,joint_ic_effect_transit_death,partial_5pct,A2780cis,30k,0.67,IC25,0.25,adaptation_theta_logistic_growth,densities=20k/30k;doses=0.67/1.0/1.47
13.0,4146.366087666666,3855.157220121381,false,joint_ic_effect_transit_death,partial_5pct,A2780cis,30k,0.67,IC25,0.25,adaptation_theta_logistic_growth,densities=20k/30k;doses=0.67/1.0/1.47
14.0,3326.884761,3866.7598047121423,false,joint_ic_effect_transit_death,partial_5pct,A2780cis,30k,0.67,IC25,0.25,adaptation_theta_logistic_growth,densities=20k/30k;doses=0.67/1.0/1.47
0.0,100.0,100.0,true,joint_ic_effect_transit_death,partial_5pct,A2780cis,30k,1.0,IC50,0.5,adaptation_theta_logistic_growth,densities=20k/30k;doses=0.67/1.0/1.47
1.0,117.62118066666666,113.2627513784825,false,joint_ic_effect_transit_death,partial_5pct,A2780cis,30k,1.0,IC50,0.5,adaptation_theta_logistic_growth,densities=20k/30k;doses=0.67/1.0/1.47
2.0,206.52970666666667,158.913516227915,false,joint_ic_effect_transit_death,partial_5pct,A2780cis,30k,1.0,IC50,0.5,adaptation_theta_logistic_growth,densities=20k/30k;doses=0.67/1.0/1.47
3.0,392.79753066666666,262.58418739642775,false,joint_ic_effect_transit_death,partial_5pct,A2780cis,30k,1.0,IC50,0.5,adaptation_theta_logistic_growth,densities=20k/30k;doses=0.67/1.0/1.47
4.0,793.1631946666666,483.8670248234504,false,joint_ic_effect_transit_death,partial_5pct,A2780cis,30k,1.0,IC50,0.5,adaptation_theta_logistic_growth,densities=20k/30k;doses=0.67/1.0/1.47
5.0,1328.3501159999998,925.6009684829731,false,joint_ic_effect_transit_death,partial_5pct,A2780cis,30k,1.0,IC50,0.5,adaptation_theta_logistic_growth,densities=20k/30k;doses=0.67/1.0/1.47
6.0,1947.6582176666668,1626.6599059108876,false,joint_ic_effect_transit_death,partial_5pct,A2780cis,30k,1.0,IC50,0.5,adaptation_theta_logistic_growth,densities=20k/30k;doses=0.67/1.0/1.47
7.0,2594.510609333334,2132.103610149824,false,joint_ic_effect_transit_death,partial_5pct,A2780cis,30k,1.0,IC50,0.5,adaptation_theta_logistic_growth,densities=20k/30k;doses=0.67/1.0/1.47
8.0,2352.0106483333334,2544.2239095188957,false,joint_ic_effect_transit_death,partial_5pct,A2780cis,30k,1.0,IC50,0.5,adaptation_theta_logistic_growth,densities=20k/30k;doses=0.67/1.0/1.47
9.0,3220.0850306666666,2877.208616368443,false,joint_ic_effect_transit_death,partial_5pct,A2780cis,30k,1.0,IC50,0.5,adaptation_theta_logistic_growth,densities=20k/30k;doses=0.67/1.0/1.47
10.0,2953.806751666667,3135.5281158742337,false,joint_ic_effect_transit_death,partial_5pct,A2780cis,30k,1.0,IC50,0.5,adaptation_theta_logistic_growth,densities=20k/30k;doses=0.67/1.0/1.47
11.0,3595.1114196666663,3330.217309955523,false,joint_ic_effect_transit_death,partial_5pct,A2780cis,30k,1.0,IC50,0.5,adaptation_theta_logistic_growth,densities=20k/30k;doses=0.67/1.0/1.47
12.0,2534.660455333333,3474.7234954380497,false,joint_ic_effect_transit_death,partial_5pct,A2780cis,30k,1.0,IC50,0.5,adaptation_theta_logistic_growth,densities=20k/30k;doses=0.67/1.0/1.47
13.0,3853.449228666667,3581.481940111026,false,joint_ic_effect_transit_death,partial_5pct,A2780cis,30k,1.0,IC50,0.5,adaptation_theta_logistic_growth,densities=20k/30k;doses=0.67/1.0/1.47
14.0,4116.669907333334,3660.515061290759,false,joint_ic_effect_transit_death,partial_5pct,A2780cis,30k,1.0,IC50,0.5,adaptation_theta_logistic_growth,densities=20k/30k;doses=0.67/1.0/1.47
0.0,100.0,100.0,true,joint_ic_effect_transit_death,partial_5pct,A2780cis,30k,1.47,IC75,0.75,adaptation_theta_logistic_growth,densities=20k/30k;doses=0.67/1.0/1.47
1.0,73.88472200000001,113.2627513784825,false,joint_ic_effect_transit_death,partial_5pct,A2780cis,30k,1.47,IC75,0.75,adaptation_theta_logistic_growth,densities=20k/30k;doses=0.67/1.0/1.47
2.0,143.64463766666665,158.913516227915,false,joint_ic_effect_transit_death,partial_5pct,A2780cis,30k,1.47,IC75,0.75,adaptation_theta_logistic_growth,densities=20k/30k;doses=0.67/1.0/1.47
3.0,301.875849,262.58418739642775,false,joint_ic_effect_transit_death,partial_5pct,A2780cis,30k,1.47,IC75,0.75,adaptation_theta_logistic_growth,densities=20k/30k;doses=0.67/1.0/1.47
4.0,670.1066746666667,483.8670248234504,false,joint_ic_effect_transit_death,partial_5pct,A2780cis,30k,1.47,IC75,0.75,adaptation_theta_logistic_growth,densities=20k/30k;doses=0.67/1.0/1.47
5.0,1170.9108796666667,925.6009684829731,false,joint_ic_effect_transit_death,partial_5pct,A2780cis,30k,1.47,IC75,0.75,adaptation_theta_logistic_growth,densities=20k/30k;doses=0.67/1.0/1.47
6.0,1348.3380016666667,1602.0993021314873,false,joint_ic_effect_transit_death,partial_5pct,A2780cis,30k,1.47,IC75,0.75,adaptation_theta_logistic_growth,densities=20k/30k;doses=0.67/1.0/1.47
7.0,1881.759761,1891.7118994513348,false,joint_ic_effect_transit_death,partial_5pct,A2780cis,30k,1.47,IC75,0.75,adaptation_theta_logistic_growth,densities=20k/30k;doses=0.67/1.0/1.47
8.0,1606.1887733333333,2090.806610319143,false,joint_ic_effect_transit_death,partial_5pct,A2780cis,30k,1.47,IC75,0.75,adaptation_theta_logistic_growth,densities=20k/30k;doses=0.67/1.0/1.47
9.0,2421.258526333333,2254.6335720486427,false,joint_ic_effect_transit_death,partial_5pct,A2780cis,30k,1.47,IC75,0.75,adaptation_theta_logistic_growth,densities=20k/30k;doses=0.67/1.0/1.47
10.0,1957.2380400000002,2398.9586540120104,false,joint_ic_effect_transit_death,partial_5pct,A2780cis,30k,1.47,IC75,0.75,adaptation_theta_logistic_growth,densities=20k/30k;doses=0.67/1.0/1.47
11.0,2537.103395,2530.287386393712,false,joint_ic_effect_transit_death,partial_5pct,A2780cis,30k,1.47,IC75,0.75,adaptation_theta_logistic_growth,densities=20k/30k;doses=0.67/1.0/1.47
12.0,2244.322531,2650.0749244679264,false,joint_ic_effect_transit_death,partial_5pct,A2780cis,30k,1.47,IC75,0.75,adaptation_theta_logistic_growth,densities=20k/30k;doses=0.67/1.0/1.47
13.0,2827.4429400000004,2757.771513677731,false,joint_ic_effect_transit_death,partial_5pct,A2780cis,30k,1.47,IC75,0.75,adaptation_theta_logistic_growth,densities=20k/30k;doses=0.67/1.0/1.47
14.0,3433.938387333333,2852.6209067401433,false,joint_ic_effect_transit_death,partial_5pct,A2780cis,30k,1.47,IC75,0.75,adaptation_theta_logistic_growth,densities=20k/30k;doses=0.67/1.0/1.47
0.0,67.0,67.0,true,joint_ic_effect_two_population,partial_5pct,A2780cis,20k,0.67,IC25,0.25,adaptation_theta_logistic_growth,densities=20k/30k;doses=0.67/1.0/1.47
1.0,79.832716,75.98240228972197,false,joint_ic_effect_two_population,partial_5pct,A2780cis,20k,0.67,IC25,0.25,adaptation_theta_logistic_growth,densities=20k/30k;doses=0.67/1.0/1.47
2.0,136.68186733333332,107.07226307988678,false,joint_ic_effect_two_population,partial_5pct,A2780cis,20k,0.67,IC25,0.25,adaptation_theta_logistic_growth,densities=20k/30k;doses=0.67/1.0/1.47
3.0,256.032137,178.67282534166566,false,joint_ic_effect_two_population,partial_5pct,A2780cis,20k,0.67,IC25,0.25,adaptation_theta_logistic_growth,densities=20k/30k;doses=0.67/1.0/1.47
4.0,551.4876543333334,336.232665915093,false,joint_ic_effect_two_population,partial_5pct,A2780cis,20k,0.67,IC25,0.25,adaptation_theta_logistic_growth,densities=20k/30k;doses=0.67/1.0/1.47
5.0,932.248611,671.1407257161941,false,joint_ic_effect_two_population,partial_5pct,A2780cis,20k,0.67,IC25,0.25,adaptation_theta_logistic_growth,densities=20k/30k;doses=0.67/1.0/1.47
6.0,1630.1435956666667,1299.828413585229,false,joint_ic_effect_two_population,partial_5pct,A2780cis,20k,0.67,IC25,0.25,adaptation_theta_logistic_growth,densities=20k/30k;doses=0.67/1.0/1.47
7.0,2349.2489583333336,2161.278618853821,false,joint_ic_effect_two_population,partial_5pct,A2780cis,20k,0.67,IC25,0.25,adaptation_theta_logistic_growth,densities=20k/30k;doses=0.67/1.0/1.47
8.0,2344.200308666667,2749.305995633551,false,joint_ic_effect_two_population,partial_5pct,A2780cis,20k,0.67,IC25,0.25,adaptation_theta_logistic_growth,densities=20k/30k;doses=0.67/1.0/1.47
9.0,3261.814429,3136.5394214493135,false,joint_ic_effect_two_population,partial_5pct,A2780cis,20k,0.67,IC25,0.25,adaptation_theta_logistic_growth,densities=20k/30k;doses=0.67/1.0/1.47
10.0,2744.403163333333,3361.3339564337066,false,joint_ic_effect_two_population,partial_5pct,A2780cis,20k,0.67,IC25,0.25,adaptation_theta_logistic_growth,densities=20k/30k;doses=0.67/1.0/1.47
11.0,3624.0109566666665,3487.7101128828667,false,joint_ic_effect_two_population,partial_5pct,A2780cis,20k,0.67,IC25,0.25,adaptation_theta_logistic_growth,densities=20k/30k;doses=0.67/1.0/1.47
12.0,2656.8393906666665,3563.3563169080257,false,joint_ic_effect_two_population,partial_5pct,A2780cis,20k,0.67,IC25,0.25,adaptation_theta_logistic_growth,densities=20k/30k;doses=0.67/1.0/1.47
13.0,3902.5750386666664,3613.2330954162244,false,joint_ic_effect_two_population,partial_5pct,A2780cis,20k,0.67,IC25,0.25,adaptation_theta_logistic_growth,densities=20k/30k;doses=0.67/1.0/1.47
14.0,2987.771682,3648.8354257675,false,joint_ic_effect_two_population,partial_5pct,A2780cis,20k,0.67,IC25,0.25,adaptation_theta_logistic_growth,densities=20k/30k;doses=0.67/1.0/1.47
0.0,67.0,67.0,true,joint_ic_effect_two_population,partial_5pct,A2780cis,20k,1.0,IC50,0.5,adaptation_theta_logistic_growth,densities=20k/30k;doses=0.67/1.0/1.47
1.0,82.57476866666666,75.98240228972197,false,joint_ic_effect_two_population,partial_5pct,A2780cis,20k,1.0,IC50,0.5,adaptation_theta_logistic_growth,densities=20k/30k;doses=0.67/1.0/1.47
2.0,153.74926733333334,107.07226307988678,false,joint_ic_effect_two_population,partial_5pct,A2780cis,20k,1.0,IC50,0.5,adaptation_theta_logistic_growth,densities=20k/30k;doses=0.67/1.0/1.47
3.0,298.6227236666667,178.67282534166566,false,joint_ic_effect_two_population,partial_5pct,A2780cis,20k,1.0,IC50,0.5,adaptation_theta_logistic_growth,densities=20k/30k;doses=0.67/1.0/1.47
4.0,584.2937496666667,336.232665915093,false,joint_ic_effect_two_population,partial_5pct,A2780cis,20k,1.0,IC50,0.5,adaptation_theta_logistic_growth,densities=20k/30k;doses=0.67/1.0/1.47
5.0,1028.8575233333333,671.1407257161941,false,joint_ic_effect_two_population,partial_5pct,A2780cis,20k,1.0,IC50,0.5,adaptation_theta_logistic_growth,densities=20k/30k;doses=0.67/1.0/1.47
6.0,1728.4681713333332,1299.828413585229,false,joint_ic_effect_two_population,partial_5pct,A2780cis,20k,1.0,IC50,0.5,adaptation_theta_logistic_growth,densities=20k/30k;doses=0.67/1.0/1.47
7.0,2346.5103780000004,1979.366782955181,false,joint_ic_effect_two_population,partial_5pct,A2780cis,20k,1.0,IC50,0.5,adaptation_theta_logistic_growth,densities=20k/30k;doses=0.67/1.0/1.47
8.0,2305.3690973333332,1931.0304332072683,false,joint_ic_effect_two_population,partial_5pct,A2780cis,20k,1.0,IC50,0.5,adaptation_theta_logistic_growth,densities=20k/30k;doses=0.67/1.0/1.47
9.0,3049.6326773333335,2454.022951583389,false,joint_ic_effect_two_population,partial_5pct,A2780cis,20k,1.0,IC50,0.5,adaptation_theta_logistic_growth,densities=20k/30k;doses=0.67/1.0/1.47
10.0,3134.858873333333,2889.001912830693,false,joint_ic_effect_two_population,partial_5pct,A2780cis,20k,1.0,IC50,0.5,adaptation_theta_logistic_growth,densities=20k/30k;doses=0.67/1.0/1.47
11.0,3720.5385029999998,3126.633742762135,false,joint_ic_effect_two_population,partial_5pct,A2780cis,20k,1.0,IC50,0.5,adaptation_theta_logistic_growth,densities=20k/30k;doses=0.67/1.0/1.47
12.0,2824.6677086666664,3236.1291757854806,false,joint_ic_effect_two_population,partial_5pct,A2780cis,20k,1.0,IC50,0.5,adaptation_theta_logistic_growth,densities=20k/30k;doses=0.67/1.0/1.47
13.0,3906.9917053333334,3284.5528588972793,false,joint_ic_effect_two_population,partial_5pct,A2780cis,20k,1.0,IC50,0.5,adaptation_theta_logistic_growth,densities=20k/30k;doses=0.67/1.0/1.47
14.0,4011.9759260000005,3307.059789317235,false,joint_ic_effect_two_population,partial_5pct,A2780cis,20k,1.0,IC50,0.5,adaptation_theta_logistic_growth,densities=20k/30k;doses=0.67/1.0/1.47
0.0,67.0,67.0,true,joint_ic_effect_two_population,partial_5pct,A2780cis,20k,1.47,IC75,0.75,adaptation_theta_logistic_growth,densities=20k/30k;doses=0.67/1.0/1.47
1.0,66.07534733333334,75.98240228972197,false,joint_ic_effect_two_population,partial_5pct,A2780cis,20k,1.47,IC75,0.75,adaptation_theta_logistic_growth,densities=20k/30k;doses=0.67/1.0/1.47
2.0,136.019406,107.07226307988678,false,joint_ic_effect_two_population,partial_5pct,A2780cis,20k,1.47,IC75,0.75,adaptation_theta_logistic_growth,densities=20k/30k;doses=0.67/1.0/1.47
3.0,262.4119983333333,178.67282534166566,false,joint_ic_effect_two_population,partial_5pct,A2780cis,20k,1.47,IC75,0.75,adaptation_theta_logistic_growth,densities=20k/30k;doses=0.67/1.0/1.47
4.0,627.1851849999999,336.232665915093,false,joint_ic_effect_two_population,partial_5pct,A2780cis,20k,1.47,IC75,0.75,adaptation_theta_logistic_growth,densities=20k/30k;doses=0.67/1.0/1.47
5.0,1055.7064813333334,671.1407257161941,false,joint_ic_effect_two_population,partial_5pct,A2780cis,20k,1.47,IC75,0.75,adaptation_theta_logistic_growth,densities=20k/30k;doses=0.67/1.0/1.47
6.0,1644.4327546666666,1299.828413585229,false,joint_ic_effect_two_population,partial_5pct,A2780cis,20k,1.47,IC75,0.75,adaptation_theta_logistic_growth,densities=20k/30k;doses=0.67/1.0/1.47
7.0,1888.7926696666666,1862.4582235895655,false,joint_ic_effect_two_population,partial_5pct,A2780cis,20k,1.47,IC75,0.75,adaptation_theta_logistic_growth,densities=20k/30k;doses=0.67/1.0/1.47
8.0,1640.846373333333,1741.0012278498723,false,joint_ic_effect_two_population,partial_5pct,A2780cis,20k,1.47,IC75,0.75,adaptation_theta_logistic_growth,densities=20k/30k;doses=0.67/1.0/1.47
9.0,2390.4506556666665,2209.6299219046955,false,joint_ic_effect_two_population,partial_5pct,A2780cis,20k,1.47,IC75,0.75,adaptation_theta_logistic_growth,densities=20k/30k;doses=0.67/1.0/1.47
10.0,1885.2126543333334,2562.292252445659,false,joint_ic_effect_two_population,partial_5pct,A2780cis,20k,1.47,IC75,0.75,adaptation_theta_logistic_growth,densities=20k/30k;doses=0.67/1.0/1.47
11.0,2693.7878856666666,2769.4139314389586,false,joint_ic_effect_two_population,partial_5pct,A2780cis,20k,1.47,IC75,0.75,adaptation_theta_logistic_growth,densities=20k/30k;doses=0.67/1.0/1.47
12.0,2554.914467666667,2878.7394476870368,false,joint_ic_effect_two_population,partial_5pct,A2780cis,20k,1.47,IC75,0.75,adaptation_theta_logistic_growth,densities=20k/30k;doses=0.67/1.0/1.47
13.0,3229.3090276666667,2935.2466918411264,false,joint_ic_effect_two_population,partial_5pct,A2780cis,20k,1.47,IC75,0.75,adaptation_theta_logistic_growth,densities=20k/30k;doses=0.67/1.0/1.47
14.0,3171.784760666667,2965.7781702730526,false,joint_ic_effect_two_population,partial_5pct,A2780cis,20k,1.47,IC75,0.75,adaptation_theta_logistic_growth,densities=20k/30k;doses=0.67/1.0/1.47
0.0,100.0,100.0,true,joint_ic_effect_two_population,partial_5pct,A2780cis,30k,0.67,IC25,0.25,adaptation_theta_logistic_growth,densities=20k/30k;doses=0.67/1.0/1.47
1.0,119.12291633333332,113.26275190732385,false,joint_ic_effect_two_population,partial_5pct,A2780cis,30k,0.67,IC25,0.25,adaptation_theta_logistic_growth,densities=20k/30k;doses=0.67/1.0/1.47
2.0,208.10995366666666,158.91351788047564,false,joint_ic_effect_two_population,partial_5pct,A2780cis,30k,0.67,IC25,0.25,adaptation_theta_logistic_growth,densities=20k/30k;doses=0.67/1.0/1.47
3.0,381.1926696666667,262.58418195845593,false,joint_ic_effect_two_population,partial_5pct,A2780cis,30k,0.67,IC25,0.25,adaptation_theta_logistic_growth,densities=20k/30k;doses=0.67/1.0/1.47
4.0,731.6507716666666,483.8670193698174,false,joint_ic_effect_two_population,partial_5pct,A2780cis,30k,0.67,IC25,0.25,adaptation_theta_logistic_growth,densities=20k/30k;doses=0.67/1.0/1.47
5.0,1291.6760416666666,925.6009814747857,false,joint_ic_effect_two_population,partial_5pct,A2780cis,30k,0.67,IC25,0.25,adaptation_theta_logistic_growth,densities=20k/30k;doses=0.67/1.0/1.47
6.0,1980.2315586666666,1664.5826010423764,false,joint_ic_effect_two_population,partial_5pct,A2780cis,30k,0.67,IC25,0.25,adaptation_theta_logistic_growth,densities=20k/30k;doses=0.67/1.0/1.47
7.0,2670.8478393333335,2516.0395621907596,false,joint_ic_effect_two_population,partial_5pct,A2780cis,30k,0.67,IC25,0.25,adaptation_theta_logistic_growth,densities=20k/30k;doses=0.67/1.0/1.47
8.0,2545.009915,2957.3012591439065,false,joint_ic_effect_two_population,partial_5pct,A2780cis,30k,0.67,IC25,0.25,adaptation_theta_logistic_growth,densities=20k/30k;doses=0.67/1.0/1.47
9.0,3548.7987266666664,3230.0576335681435,false,joint_ic_effect_two_population,partial_5pct,A2780cis,30k,0.67,IC25,0.25,adaptation_theta_logistic_growth,densities=20k/30k;doses=0.67/1.0/1.47
10.0,2897.7104553333334,3395.5838449149765,false,joint_ic_effect_two_population,partial_5pct,A2780cis,30k,0.67,IC25,0.25,adaptation_theta_logistic_growth,densities=20k/30k;doses=0.67/1.0/1.47
11.0,3797.833449333333,3497.9710305451504,false,joint_ic_effect_two_population,partial_5pct,A2780cis,30k,0.67,IC25,0.25,adaptation_theta_logistic_growth,densities=20k/30k;doses=0.67/1.0/1.47
12.0,2884.930285666667,3565.654422630298,false,joint_ic_effect_two_population,partial_5pct,A2780cis,30k,0.67,IC25,0.25,adaptation_theta_logistic_growth,densities=20k/30k;doses=0.67/1.0/1.47
13.0,4146.366087666666,3613.5053849092064,false,joint_ic_effect_two_population,partial_5pct,A2780cis,30k,0.67,IC25,0.25,adaptation_theta_logistic_growth,densities=20k/30k;doses=0.67/1.0/1.47
14.0,3326.884761,3648.885764786807,false,joint_ic_effect_two_population,partial_5pct,A2780cis,30k,0.67,IC25,0.25,adaptation_theta_logistic_growth,densities=20k/30k;doses=0.67/1.0/1.47
0.0,100.0,100.0,true,joint_ic_effect_two_population,partial_5pct,A2780cis,30k,1.0,IC50,0.5,adaptation_theta_logistic_growth,densities=20k/30k;doses=0.67/1.0/1.47
1.0,117.62118066666666,113.26275190732385,false,joint_ic_effect_two_population,partial_5pct,A2780cis,30k,1.0,IC50,0.5,adaptation_theta_logistic_growth,densities=20k/30k;doses=0.67/1.0/1.47
2.0,206.52970666666667,158.91351788047564,false,joint_ic_effect_two_population,partial_5pct,A2780cis,30k,1.0,IC50,0.5,adaptation_theta_logistic_growth,densities=20k/30k;doses=0.67/1.0/1.47
3.0,392.79753066666666,262.58418195845593,false,joint_ic_effect_two_population,partial_5pct,A2780cis,30k,1.0,IC50,0.5,adaptation_theta_logistic_growth,densities=20k/30k;doses=0.67/1.0/1.47
4.0,793.1631946666666,483.8670193698174,false,joint_ic_effect_two_population,partial_5pct,A2780cis,30k,1.0,IC50,0.5,adaptation_theta_logistic_growth,densities=20k/30k;doses=0.67/1.0/1.47
5.0,1328.3501159999998,925.6009814747857,false,joint_ic_effect_two_population,partial_5pct,A2780cis,30k,1.0,IC50,0.5,adaptation_theta_logistic_growth,densities=20k/30k;doses=0.67/1.0/1.47
6.0,1947.6582176666668,1664.5826010423764,false,joint_ic_effect_two_population,partial_5pct,A2780cis,30k,1.0,IC50,0.5,adaptation_theta_logistic_growth,densities=20k/30k;doses=0.67/1.0/1.47
7.0,2594.510609333334,2298.9751446973005,false,joint_ic_effect_two_population,partial_5pct,A2780cis,30k,1.0,IC50,0.5,adaptation_theta_logistic_growth,densities=20k/30k;doses=0.67/1.0/1.47
8.0,2352.0106483333334,2098.1904199144933,false,joint_ic_effect_two_population,partial_5pct,A2780cis,30k,1.0,IC50,0.5,adaptation_theta_logistic_growth,densities=20k/30k;doses=0.67/1.0/1.47
9.0,3220.0850306666666,2561.3638354373606,false,joint_ic_effect_two_population,partial_5pct,A2780cis,30k,1.0,IC50,0.5,adaptation_theta_logistic_growth,densities=20k/30k;doses=0.67/1.0/1.47
10.0,2953.806751666667,2935.73534850718,false,joint_ic_effect_two_population,partial_5pct,A2780cis,30k,1.0,IC50,0.5,adaptation_theta_logistic_growth,densities=20k/30k;doses=0.67/1.0/1.47
11.0,3595.1114196666663,3135.4892299353123,false,joint_ic_effect_two_population,partial_5pct,A2780cis,30k,1.0,IC50,0.5,adaptation_theta_logistic_growth,densities=20k/30k;doses=0.67/1.0/1.47
12.0,2534.660455333333,3227.8199260380843,false,joint_ic_effect_two_population,partial_5pct,A2780cis,30k,1.0,IC50,0.5,adaptation_theta_logistic_growth,densities=20k/30k;doses=0.67/1.0/1.47
13.0,3853.449228666667,3269.692764062698,false,joint_ic_effect_two_population,partial_5pct,A2780cis,30k,1.0,IC50,0.5,adaptation_theta_logistic_growth,densities=20k/30k;doses=0.67/1.0/1.47
14.0,4116.669907333334,3289.981431223974,false,joint_ic_effect_two_population,partial_5pct,A2780cis,30k,1.0,IC50,0.5,adaptation_theta_logistic_growth,densities=20k/30k;doses=0.67/1.0/1.47
0.0,100.0,100.0,true,joint_ic_effect_two_population,partial_5pct,A2780cis,30k,1.47,IC75,0.75,adaptation_theta_logistic_growth,densities=20k/30k;doses=0.67/1.0/1.47
1.0,73.88472200000001,113.26275190732385,false,joint_ic_effect_two_population,partial_5pct,A2780cis,30k,1.47,IC75,0.75,adaptation_theta_logistic_growth,densities=20k/30k;doses=0.67/1.0/1.47
2.0,143.64463766666665,158.91351788047564,false,joint_ic_effect_two_population,partial_5pct,A2780cis,30k,1.47,IC75,0.75,adaptation_theta_logistic_growth,densities=20k/30k;doses=0.67/1.0/1.47
3.0,301.875849,262.58418195845593,false,joint_ic_effect_two_population,partial_5pct,A2780cis,30k,1.47,IC75,0.75,adaptation_theta_logistic_growth,densities=20k/30k;doses=0.67/1.0/1.47
4.0,670.1066746666667,483.8670193698174,false,joint_ic_effect_two_population,partial_5pct,A2780cis,30k,1.47,IC75,0.75,adaptation_theta_logistic_growth,densities=20k/30k;doses=0.67/1.0/1.47
5.0,1170.9108796666667,925.6009814747857,false,joint_ic_effect_two_population,partial_5pct,A2780cis,30k,1.47,IC75,0.75,adaptation_theta_logistic_growth,densities=20k/30k;doses=0.67/1.0/1.47
6.0,1348.3380016666667,1664.5826010423764,false,joint_ic_effect_two_population,partial_5pct,A2780cis,30k,1.47,IC75,0.75,adaptation_theta_logistic_growth,densities=20k/30k;doses=0.67/1.0/1.47
7.0,1881.759761,2160.2270536867745,false,joint_ic_effect_two_population,partial_5pct,A2780cis,30k,1.47,IC75,0.75,adaptation_theta_logistic_growth,densities=20k/30k;doses=0.67/1.0/1.47
8.0,1606.1887733333333,1901.144245564255,false,joint_ic_effect_two_population,partial_5pct,A2780cis,30k,1.47,IC75,0.75,adaptation_theta_logistic_growth,densities=20k/30k;doses=0.67/1.0/1.47
9.0,2421.258526333333,2307.795073536555,false,joint_ic_effect_two_population,partial_5pct,A2780cis,30k,1.47,IC75,0.75,adaptation_theta_logistic_growth,densities=20k/30k;doses=0.67/1.0/1.47
10.0,1957.2380400000002,2600.1367474653157,false,joint_ic_effect_two_population,partial_5pct,A2780cis,30k,1.47,IC75,0.75,adaptation_theta_logistic_growth,densities=20k/30k;doses=0.67/1.0/1.47
11.0,2537.103395,2769.5068706078146,false,joint_ic_effect_two_population,partial_5pct,A2780cis,30k,1.47,IC75,0.75,adaptation_theta_logistic_growth,densities=20k/30k;doses=0.67/1.0/1.47
12.0,2244.322531,2860.455316789384,false,joint_ic_effect_two_population,partial_5pct,A2780cis,30k,1.47,IC75,0.75,adaptation_theta_logistic_growth,densities=20k/30k;doses=0.67/1.0/1.47
13.0,2827.4429400000004,2909.3002023400295,false,joint_ic_effect_two_population,partial_5pct,A2780cis,30k,1.47,IC75,0.75,adaptation_theta_logistic_growth,densities=20k/30k;doses=0.67/1.0/1.47
14.0,3433.938387333333,2937.0180780835753,false,joint_ic_effect_two_population,partial_5pct,A2780cis,30k,1.47,IC75,0.75,adaptation_theta_logistic_growth,densities=20k/30k;doses=0.67/1.0/1.47
0.0,67.0,67.0,true,joint_intracellular_platinum_pkpd,partial_5pct,A2780cis,20k,0.67,IC25,0.25,adaptation_theta_logistic_growth,densities=20k/30k;doses=0.67/1.0/1.47
1.0,79.832716,75.98236880552713,false,joint_intracellular_platinum_pkpd,partial_5pct,A2780cis,20k,0.67,IC25,0.25,adaptation_theta_logistic_growth,densities=20k/30k;doses=0.67/1.0/1.47
2.0,136.68186733333332,107.06491749131604,false,joint_intracellular_platinum_pkpd,partial_5pct,A2780cis,20k,0.67,IC25,0.25,adaptation_theta_logistic_growth,densities=20k/30k;doses=0.67/1.0/1.47
3.0,256.032137,178.513357010416,false,joint_intracellular_platinum_pkpd,partial_5pct,A2780cis,20k,0.67,IC25,0.25,adaptation_theta_logistic_growth,densities=20k/30k;doses=0.67/1.0/1.47
4.0,551.4876543333334,334.7957118780894,false,joint_intracellular_platinum_pkpd,partial_5pct,A2780cis,20k,0.67,IC25,0.25,adaptation_theta_logistic_growth,densities=20k/30k;doses=0.67/1.0/1.47
5.0,932.248611,663.2117288991312,false,joint_intracellular_platinum_pkpd,partial_5pct,A2780cis,20k,0.67,IC25,0.25,adaptation_theta_logistic_growth,densities=20k/30k;doses=0.67/1.0/1.47
6.0,1630.1435956666667,1270.7326080140597,false,joint_intracellular_platinum_pkpd,partial_5pct,A2780cis,20k,0.67,IC25,0.25,adaptation_theta_logistic_growth,densities=20k/30k;doses=0.67/1.0/1.47
7.0,2349.2489583333336,2120.0380611390083,false,joint_intracellular_platinum_pkpd,partial_5pct,A2780cis,20k,0.67,IC25,0.25,adaptation_theta_logistic_growth,densities=20k/30k;doses=0.67/1.0/1.47
8.0,2344.200308666667,2902.1190798022662,false,joint_intracellular_platinum_pkpd,partial_5pct,A2780cis,20k,0.67,IC25,0.25,adaptation_theta_logistic_growth,densities=20k/30k;doses=0.67/1.0/1.47
9.0,3261.814429,3372.2073064070255,false,joint_intracellular_platinum_pkpd,partial_5pct,A2780cis,20k,0.67,IC25,0.25,adaptation_theta_logistic_growth,densities=20k/30k;doses=0.67/1.0/1.47
10.0,2744.403163333333,3579.0930631109422,false,joint_intracellular_platinum_pkpd,partial_5pct,A2780cis,20k,0.67,IC25,0.25,adaptation_theta_logistic_growth,densities=20k/30k;doses=0.67/1.0/1.47
11.0,3624.0109566666665,3654.726677559953,false,joint_intracellular_platinum_pkpd,partial_5pct,A2780cis,20k,0.67,IC25,0.25,adaptation_theta_logistic_growth,densities=20k/30k;doses=0.67/1.0/1.47
12.0,2656.8393906666665,3679.3826925180224,false,joint_intracellular_platinum_pkpd,partial_5pct,A2780cis,20k,0.67,IC25,0.25,adaptation_theta_logistic_growth,densities=20k/30k;doses=0.67/1.0/1.47
13.0,3902.5750386666664,3686.7133228837824,false,joint_intracellular_platinum_pkpd,partial_5pct,A2780cis,20k,0.67,IC25,0.25,adaptation_theta_logistic_growth,densities=20k/30k;doses=0.67/1.0/1.47
14.0,2987.771682,3688.7292713724096,false,joint_intracellular_platinum_pkpd,partial_5pct,A2780cis,20k,0.67,IC25,0.25,adaptation_theta_logistic_growth,densities=20k/30k;doses=0.67/1.0/1.47
0.0,67.0,67.0,true,joint_intracellular_platinum_pkpd,partial_5pct,A2780cis,20k,1.0,IC50,0.5,adaptation_theta_logistic_growth,densities=20k/30k;doses=0.67/1.0/1.47
1.0,82.57476866666666,75.98224244364218,false,joint_intracellular_platinum_pkpd,partial_5pct,A2780cis,20k,1.0,IC50,0.5,adaptation_theta_logistic_growth,densities=20k/30k;doses=0.67/1.0/1.47
2.0,153.74926733333334,107.03688094114658,false,joint_intracellular_platinum_pkpd,partial_5pct,A2780cis,20k,1.0,IC50,0.5,adaptation_theta_logistic_growth,densities=20k/30k;doses=0.67/1.0/1.47
3.0,298.6227236666667,177.91084028671082,false,joint_intracellular_platinum_pkpd,partial_5pct,A2780cis,20k,1.0,IC50,0.5,adaptation_theta_logistic_growth,densities=20k/30k;doses=0.67/1.0/1.47
4.0,584.2937496666667,329.5266246243836,false,joint_intracellular_platinum_pkpd,partial_5pct,A2780cis,20k,1.0,IC50,0.5,adaptation_theta_logistic_growth,densities=20k/30k;doses=0.67/1.0/1.47
5.0,1028.8575233333333,635.5825155468826,false,joint_intracellular_platinum_pkpd,partial_5pct,A2780cis,20k,1.0,IC50,0.5,adaptation_theta_logistic_growth,densities=20k/30k;doses=0.67/1.0/1.47
6.0,1728.4681713333332,1175.2791282867688,false,joint_intracellular_platinum_pkpd,partial_5pct,A2780cis,20k,1.0,IC50,0.5,adaptation_theta_logistic_growth,densities=20k/30k;doses=0.67/1.0/1.47
7.0,2346.5103780000004,1907.1275771805929,false,joint_intracellular_platinum_pkpd,partial_5pct,A2780cis,20k,1.0,IC50,0.5,adaptation_theta_logistic_growth,densities=20k/30k;doses=0.67/1.0/1.47
8.0,2305.3690973333332,2588.857488243768,false,joint_intracellular_platinum_pkpd,partial_5pct,A2780cis,20k,1.0,IC50,0.5,adaptation_theta_logistic_growth,densities=20k/30k;doses=0.67/1.0/1.47
9.0,3049.6326773333335,3020.432013454423,false,joint_intracellular_platinum_pkpd,partial_5pct,A2780cis,20k,1.0,IC50,0.5,adaptation_theta_logistic_growth,densities=20k/30k;doses=0.67/1.0/1.47
10.0,3134.858873333333,3223.7770598461243,false,joint_intracellular_platinum_pkpd,partial_5pct,A2780cis,20k,1.0,IC50,0.5,adaptation_theta_logistic_growth,densities=20k/30k;doses=0.67/1.0/1.47
11.0,3720.5385029999998,3303.194260577695,false,joint_intracellular_platinum_pkpd,partial_5pct,A2780cis,20k,1.0,IC50,0.5,adaptation_theta_logistic_growth,densities=20k/30k;doses=0.67/1.0/1.47
12.0,2824.6677086666664,3330.8392516900453,false,joint_intracellular_platinum_pkpd,partial_5pct,A2780cis,20k,1.0,IC50,0.5,adaptation_theta_logistic_growth,densities=20k/30k;doses=0.67/1.0/1.47
13.0,3906.9917053333334,3339.9836121119215,false,joint_intracellular_platinum_pkpd,partial_5pct,A2780cis,20k,1.0,IC50,0.5,adaptation_theta_logistic_growth,densities=20k/30k;doses=0.67/1.0/1.47
14.0,4011.9759260000005,3343.367172951568,false,joint_intracellular_platinum_pkpd,partial_5pct,A2780cis,20k,1.0,IC50,0.5,adaptation_theta_logistic_growth,densities=20k/30k;doses=0.67/1.0/1.47
0.0,67.0,67.0,true,joint_intracellular_platinum_pkpd,partial_5pct,A2780cis,20k,1.47,IC75,0.75,adaptation_theta_logistic_growth,densities=20k/30k;doses=0.67/1.0/1.47
1.0,66.07534733333334,75.98167759769574,false,joint_intracellular_platinum_pkpd,partial_5pct,A2780cis,20k,1.47,IC75,0.75,adaptation_theta_logistic_growth,densities=20k/30k;doses=0.67/1.0/1.47
2.0,136.019406,106.91231155664464,false,joint_intracellular_platinum_pkpd,partial_5pct,A2780cis,20k,1.47,IC75,0.75,adaptation_theta_logistic_growth,densities=20k/30k;doses=0.67/1.0/1.47
3.0,262.4119983333333,175.3488936267085,false,joint_intracellular_platinum_pkpd,partial_5pct,A2780cis,20k,1.47,IC75,0.75,adaptation_theta_logistic_growth,densities=20k/30k;doses=0.67/1.0/1.47
4.0,627.1851849999999,309.5682045815051,false,joint_intracellular_platinum_pkpd,partial_5pct,A2780cis,20k,1.47,IC75,0.75,adaptation_theta_logistic_growth,densities=20k/30k;doses=0.67/1.0/1.47
5.0,1055.7064813333334,547.5053703990288,false,joint_intracellular_platinum_pkpd,partial_5pct,A2780cis,20k,1.47,IC75,0.75,adaptation_theta_logistic_growth,densities=20k/30k;doses=0.67/1.0/1.47
6.0,1644.4327546666666,920.2367017117323,false,joint_intracellular_platinum_pkpd,partial_5pct,A2780cis,20k,1.47,IC75,0.75,adaptation_theta_logistic_growth,densities=20k/30k;doses=0.67/1.0/1.47
7.0,1888.7926696666666,1406.296770616873,false,joint_intracellular_platinum_pkpd,partial_5pct,A2780cis,20k,1.47,IC75,0.75,adaptation_theta_logistic_growth,densities=20k/30k;doses=0.67/1.0/1.47
8.0,1640.846373333333,1900.4989794985242,false,joint_intracellular_platinum_pkpd,partial_5pct,A2780cis,20k,1.47,IC75,0.75,adaptation_theta_logistic_growth,densities=20k/30k;doses=0.67/1.0/1.47
9.0,2390.4506556666665,2284.4487786167015,false,joint_intracellular_platinum_pkpd,partial_5pct,A2780cis,20k,1.47,IC75,0.75,adaptation_theta_logistic_growth,densities=20k/30k;doses=0.67/1.0/1.47
10.0,1885.2126543333334,2522.613995498576,false,joint_intracellular_platinum_pkpd,partial_5pct,A2780cis,20k,1.47,IC75,0.75,adaptation_theta_logistic_growth,densities=20k/30k;doses=0.67/1.0/1.47
11.0,2693.7878856666666,2650.5567471361214,false,joint_intracellular_platinum_pkpd,partial_5pct,A2780cis,20k,1.47,IC75,0.75,adaptation_theta_logistic_growth,densities=20k/30k;doses=0.67/1.0/1.47
12.0,2554.914467666667,2715.4299114674773,false,joint_intracellular_platinum_pkpd,partial_5pct,A2780cis,20k,1.47,IC75,0.75,adaptation_theta_logistic_growth,densities=20k/30k;doses=0.67/1.0/1.47
13.0,3229.3090276666667,2749.0689624531287,false,joint_intracellular_platinum_pkpd,partial_5pct,A2780cis,20k,1.47,IC75,0.75,adaptation_theta_logistic_growth,densities=20k/30k;doses=0.67/1.0/1.47
14.0,3171.784760666667,2768.1806782664044,false,joint_intracellular_platinum_pkpd,partial_5pct,A2780cis,20k,1.47,IC75,0.75,adaptation_theta_logistic_growth,densities=20k/30k;doses=0.67/1.0/1.47
0.0,100.0,100.0,true,joint_intracellular_platinum_pkpd,partial_5pct,A2780cis,30k,0.67,IC25,0.25,adaptation_theta_logistic_growth,densities=20k/30k;doses=0.67/1.0/1.47
1.0,119.12291633333332,113.26270177788936,false,joint_intracellular_platinum_pkpd,partial_5pct,A2780cis,30k,0.67,IC25,0.25,adaptation_theta_logistic_growth,densities=20k/30k;doses=0.67/1.0/1.47
2.0,208.10995366666666,158.90255807884694,false,joint_intracellular_platinum_pkpd,partial_5pct,A2780cis,30k,0.67,IC25,0.25,adaptation_theta_logistic_growth,densities=20k/30k;doses=0.67/1.0/1.47
3.0,381.1926696666667,262.34929328889183,false,joint_intracellular_platinum_pkpd,partial_5pct,A2780cis,30k,0.67,IC25,0.25,adaptation_theta_logistic_growth,densities=20k/30k;doses=0.67/1.0/1.47
4.0,731.6507716666666,481.81112929422574,false,joint_intracellular_platinum_pkpd,partial_5pct,A2780cis,30k,0.67,IC25,0.25,adaptation_theta_logistic_growth,densities=20k/30k;doses=0.67/1.0/1.47
5.0,1291.6760416666666,914.925715960779,false,joint_intracellular_platinum_pkpd,partial_5pct,A2780cis,30k,0.67,IC25,0.25,adaptation_theta_logistic_growth,densities=20k/30k;doses=0.67/1.0/1.47
6.0,1980.2315586666666,1629.3149735766533,false,joint_intracellular_platinum_pkpd,partial_5pct,A2780cis,30k,0.67,IC25,0.25,adaptation_theta_logistic_growth,densities=20k/30k;doses=0.67/1.0/1.47
7.0,2670.8478393333335,2475.2561510134788,false,joint_intracellular_platinum_pkpd,partial_5pct,A2780cis,30k,0.67,IC25,0.25,adaptation_theta_logistic_growth,densities=20k/30k;doses=0.67/1.0/1.47
8.0,2545.009915,3130.3352999050685,false,joint_intracellular_platinum_pkpd,partial_5pct,A2780cis,30k,0.67,IC25,0.25,adaptation_theta_logistic_growth,densities=20k/30k;doses=0.67/1.0/1.47
9.0,3548.7987266666664,3476.7821867087537,false,joint_intracellular_platinum_pkpd,partial_5pct,A2780cis,30k,0.67,IC25,0.25,adaptation_theta_logistic_growth,densities=20k/30k;doses=0.67/1.0/1.47
10.0,2897.7104553333334,3618.3527864011508,false,joint_intracellular_platinum_pkpd,partial_5pct,A2780cis,30k,0.67,IC25,0.25,adaptation_theta_logistic_growth,densities=20k/30k;doses=0.67/1.0/1.47
11.0,3797.833449333333,3667.7611245044204,false,joint_intracellular_platinum_pkpd,partial_5pct,A2780cis,30k,0.67,IC25,0.25,adaptation_theta_logistic_growth,densities=20k/30k;doses=0.67/1.0/1.47
12.0,2884.930285666667,3683.107137599475,false,joint_intracellular_platinum_pkpd,partial_5pct,A2780cis,30k,0.67,IC25,0.25,adaptation_theta_logistic_growth,densities=20k/30k;doses=0.67/1.0/1.47
13.0,4146.366087666666,3687.320074247166,false,joint_intracellular_platinum_pkpd,partial_5pct,A2780cis,30k,0.67,IC25,0.25,adaptation_theta_logistic_growth,densities=20k/30k;doses=0.67/1.0/1.47
14.0,3326.884761,3688.324900264113,false,joint_intracellular_platinum_pkpd,partial_5pct,A2780cis,30k,0.67,IC25,0.25,adaptation_theta_logistic_growth,densities=20k/30k;doses=0.67/1.0/1.47
0.0,100.0,100.0,true,joint_intracellular_platinum_pkpd,partial_5pct,A2780cis,30k,1.0,IC50,0.5,adaptation_theta_logistic_growth,densities=20k/30k;doses=0.67/1.0/1.47
1.0,117.62118066666666,113.26251219971994,false,joint_intracellular_platinum_pkpd,partial_5pct,A2780cis,30k,1.0,IC50,0.5,adaptation_theta_logistic_growth,densities=20k/30k;doses=0.67/1.0/1.47
2.0,206.52970666666667,158.8607233461052,false,joint_intracellular_platinum_pkpd,partial_5pct,A2780cis,30k,1.0,IC50,0.5,adaptation_theta_logistic_growth,densities=20k/30k;doses=0.67/1.0/1.47
3.0,392.79753066666666,261.4618282966949,false,joint_intracellular_platinum_pkpd,partial_5pct,A2780cis,30k,1.0,IC50,0.5,adaptation_theta_logistic_growth,densities=20k/30k;doses=0.67/1.0/1.47
4.0,793.1631946666666,474.27238431029554,false,joint_intracellular_platinum_pkpd,partial_5pct,A2780cis,30k,1.0,IC50,0.5,adaptation_theta_logistic_growth,densities=20k/30k;doses=0.67/1.0/1.47
5.0,1328.3501159999998,877.7043789300906,false,joint_intracellular_platinum_pkpd,partial_5pct,A2780cis,30k,1.0,IC50,0.5,adaptation_theta_logistic_growth,densities=20k/30k;doses=0.67/1.0/1.47
6.0,1947.6582176666668,1513.2995055782628,false,joint_intracellular_platinum_pkpd,partial_5pct,A2780cis,30k,1.0,IC50,0.5,adaptation_theta_logistic_growth,densities=20k/30k;doses=0.67/1.0/1.47
7.0,2594.510609333334,2246.163078039492,false,joint_intracellular_platinum_pkpd,partial_5pct,A2780cis,30k,1.0,IC50,0.5,adaptation_theta_logistic_growth,densities=20k/30k;doses=0.67/1.0/1.47
8.0,2352.0106483333334,2819.739137497193,false,joint_intracellular_platinum_pkpd,partial_5pct,A2780cis,30k,1.0,IC50,0.5,adaptation_theta_logistic_growth,densities=20k/30k;doses=0.67/1.0/1.47
9.0,3220.0850306666666,3135.3581039217984,false,joint_intracellular_platinum_pkpd,partial_5pct,A2780cis,30k,1.0,IC50,0.5,adaptation_theta_logistic_growth,densities=20k/30k;doses=0.67/1.0/1.47
10.0,2953.806751666667,3270.339407239616,false,joint_intracellular_platinum_pkpd,partial_5pct,A2780cis,30k,1.0,IC50,0.5,adaptation_theta_logistic_growth,densities=20k/30k;doses=0.67/1.0/1.47
11.0,3595.1114196666663,3319.110464097317,false,joint_intracellular_platinum_pkpd,partial_5pct,A2780cis,30k,1.0,IC50,0.5,adaptation_theta_logistic_growth,densities=20k/30k;doses=0.67/1.0/1.47
12.0,2534.660455333333,3334.6494466809386,false,joint_intracellular_platinum_pkpd,partial_5pct,A2780cis,30k,1.0,IC50,0.5,adaptation_theta_logistic_growth,densities=20k/30k;doses=0.67/1.0/1.47
13.0,3853.449228666667,3339.292574088311,false,joint_intracellular_platinum_pkpd,partial_5pct,A2780cis,30k,1.0,IC50,0.5,adaptation_theta_logistic_growth,densities=20k/30k;doses=0.67/1.0/1.47
14.0,4116.669907333334,3341.0586153099766,false,joint_intracellular_platinum_pkpd,partial_5pct,A2780cis,30k,1.0,IC50,0.5,adaptation_theta_logistic_growth,densities=20k/30k;doses=0.67/1.0/1.47
0.0,100.0,100.0,true,joint_intracellular_platinum_pkpd,partial_5pct,A2780cis,30k,1.47,IC75,0.75,adaptation_theta_logistic_growth,densities=20k/30k;doses=0.67/1.0/1.47
1.0,73.88472200000001,113.26166477285062,false,joint_intracellular_platinum_pkpd,partial_5pct,A2780cis,30k,1.47,IC75,0.75,adaptation_theta_logistic_growth,densities=20k/30k;doses=0.67/1.0/1.47
2.0,143.64463766666665,158.6748482764607,false,joint_intracellular_platinum_pkpd,partial_5pct,A2780cis,30k,1.47,IC75,0.75,adaptation_theta_logistic_growth,densities=20k/30k;doses=0.67/1.0/1.47
3.0,301.875849,257.6884772395923,false,joint_intracellular_platinum_pkpd,partial_5pct,A2780cis,30k,1.47,IC75,0.75,adaptation_theta_logistic_growth,densities=20k/30k;doses=0.67/1.0/1.47
4.0,670.1066746666667,445.7149587266041,false,joint_intracellular_platinum_pkpd,partial_5pct,A2780cis,30k,1.47,IC75,0.75,adaptation_theta_logistic_growth,densities=20k/30k;doses=0.67/1.0/1.47
5.0,1170.9108796666667,758.7953975284113,false,joint_intracellular_platinum_pkpd,partial_5pct,A2780cis,30k,1.47,IC75,0.75,adaptation_theta_logistic_growth,densities=20k/30k;doses=0.67/1.0/1.47
6.0,1348.3380016666667,1200.6087841643307,false,joint_intracellular_platinum_pkpd,partial_5pct,A2780cis,30k,1.47,IC75,0.75,adaptation_theta_logistic_growth,densities=20k/30k;doses=0.67/1.0/1.47
7.0,1881.759761,1699.6508380633838,false,joint_intracellular_platinum_pkpd,partial_5pct,A2780cis,30k,1.47,IC75,0.75,adaptation_theta_logistic_growth,densities=20k/30k;doses=0.67/1.0/1.47
8.0,1606.1887733333333,2133.197663381793,false,joint_intracellular_platinum_pkpd,partial_5pct,A2780cis,30k,1.47,IC75,0.75,adaptation_theta_logistic_growth,densities=20k/30k;doses=0.67/1.0/1.47
9.0,2421.258526333333,2427.6485766240025,false,joint_intracellular_platinum_pkpd,partial_5pct,A2780cis,30k,1.47,IC75,0.75,adaptation_theta_logistic_growth,densities=20k/30k;doses=0.67/1.0/1.47
10.0,1957.2380400000002,2594.750209398863,false,joint_intracellular_platinum_pkpd,partial_5pct,A2780cis,30k,1.47,IC75,0.75,adaptation_theta_logistic_growth,densities=20k/30k;doses=0.67/1.0/1.47
11.0,2537.103395,2681.0037199579574,false,joint_intracellular_platinum_pkpd,partial_5pct,A2780cis,30k,1.47,IC75,0.75,adaptation_theta_logistic_growth,densities=20k/30k;doses=0.67/1.0/1.47
12.0,2244.322531,2725.0711256158834,false,joint_intracellular_platinum_pkpd,partial_5pct,A2780cis,30k,1.47,IC75,0.75,adaptation_theta_logistic_growth,densities=20k/30k;doses=0.67/1.0/1.47
13.0,2827.4429400000004,2749.203286333974,false,joint_intracellular_platinum_pkpd,partial_5pct,A2780cis,30k,1.47,IC75,0.75,adaptation_theta_logistic_growth,densities=20k/30k;doses=0.67/1.0/1.47
14.0,3433.938387333333,2764.193432549469,false,joint_intracellular_platinum_pkpd,partial_5pct,A2780cis,30k,1.47,IC75,0.75,adaptation_theta_logistic_growth,densities=20k/30k;doses=0.67/1.0/1.47
0.0,67.0,67.0,true,joint_time_decay_dose_scaled,partial_5pct,A2780cis,20k,0.67,IC25,0.25,adaptation_theta_logistic_growth,densities=20k/30k;doses=0.67/1.0/1.47
1.0,79.832716,71.05968095250705,false,joint_time_decay_dose_scaled,partial_5pct,A2780cis,20k,0.67,IC25,0.25,adaptation_theta_logistic_growth,densities=20k/30k;doses=0.67/1.0/1.47
2.0,136.68186733333332,93.72106570882782,false,joint_time_decay_dose_scaled,partial_5pct,A2780cis,20k,0.67,IC25,0.25,adaptation_theta_logistic_growth,densities=20k/30k;doses=0.67/1.0/1.47
3.0,256.032137,146.71942489403747,false,joint_time_decay_dose_scaled,partial_5pct,A2780cis,20k,0.67,IC25,0.25,adaptation_theta_logistic_growth,densities=20k/30k;doses=0.67/1.0/1.47
4.0,551.4876543333334,260.67330974579465,false,joint_time_decay_dose_scaled,partial_5pct,A2780cis,20k,0.67,IC25,0.25,adaptation_theta_logistic_growth,densities=20k/30k;doses=0.67/1.0/1.47
5.0,932.248611,499.1995478168866,false,joint_time_decay_dose_scaled,partial_5pct,A2780cis,20k,0.67,IC25,0.25,adaptation_theta_logistic_growth,densities=20k/30k;doses=0.67/1.0/1.47
6.0,1630.1435956666667,959.8629128658645,false,joint_time_decay_dose_scaled,partial_5pct,A2780cis,20k,0.67,IC25,0.25,adaptation_theta_logistic_growth,densities=20k/30k;doses=0.67/1.0/1.47
7.0,2349.2489583333336,1685.3792964928452,false,joint_time_decay_dose_scaled,partial_5pct,A2780cis,20k,0.67,IC25,0.25,adaptation_theta_logistic_growth,densities=20k/30k;doses=0.67/1.0/1.47
8.0,2344.200308666667,2490.477770527202,false,joint_time_decay_dose_scaled,partial_5pct,A2780cis,20k,0.67,IC25,0.25,adaptation_theta_logistic_growth,densities=20k/30k;doses=0.67/1.0/1.47
9.0,3261.814429,3080.941522428677,false,joint_time_decay_dose_scaled,partial_5pct,A2780cis,20k,0.67,IC25,0.25,adaptation_theta_logistic_growth,densities=20k/30k;doses=0.67/1.0/1.47
10.0,2744.403163333333,3388.8609575901755,false,joint_time_decay_dose_scaled,partial_5pct,A2780cis,20k,0.67,IC25,0.25,adaptation_theta_logistic_growth,densities=20k/30k;doses=0.67/1.0/1.47
11.0,3624.0109566666665,3520.0601394151736,false,joint_time_decay_dose_scaled,partial_5pct,A2780cis,20k,0.67,IC25,0.25,adaptation_theta_logistic_growth,densities=20k/30k;doses=0.67/1.0/1.47
12.0,2656.8393906666665,3571.5787633421464,false,joint_time_decay_dose_scaled,partial_5pct,A2780cis,20k,0.67,IC25,0.25,adaptation_theta_logistic_growth,densities=20k/30k;doses=0.67/1.0/1.47
13.0,3902.5750386666664,3592.0090062801223,false,joint_time_decay_dose_scaled,partial_5pct,A2780cis,20k,0.67,IC25,0.25,adaptation_theta_logistic_growth,densities=20k/30k;doses=0.67/1.0/1.47
14.0,2987.771682,3600.901962651688,false,joint_time_decay_dose_scaled,partial_5pct,A2780cis,20k,0.67,IC25,0.25,adaptation_theta_logistic_growth,densities=20k/30k;doses=0.67/1.0/1.47
0.0,67.0,67.0,true,joint_time_decay_dose_scaled,partial_5pct,A2780cis,20k,1.0,IC50,0.5,adaptation_theta_logistic_growth,densities=20k/30k;doses=0.67/1.0/1.47
1.0,82.57476866666666,68.75346428795022,false,joint_time_decay_dose_scaled,partial_5pct,A2780cis,20k,1.0,IC50,0.5,adaptation_theta_logistic_growth,densities=20k/30k;doses=0.67/1.0/1.47
2.0,153.74926733333334,87.76747590612784,false,joint_time_decay_dose_scaled,partial_5pct,A2780cis,20k,1.0,IC50,0.5,adaptation_theta_logistic_growth,densities=20k/30k;doses=0.67/1.0/1.47
3.0,298.6227236666667,133.12036159531505,false,joint_time_decay_dose_scaled,partial_5pct,A2780cis,20k,1.0,IC50,0.5,adaptation_theta_logistic_growth,densities=20k/30k;doses=0.67/1.0/1.47
4.0,584.2937496666667,229.7423770867854,false,joint_time_decay_dose_scaled,partial_5pct,A2780cis,20k,1.0,IC50,0.5,adaptation_theta_logistic_growth,densities=20k/30k;doses=0.67/1.0/1.47
5.0,1028.8575233333333,430.123611388513,false,joint_time_decay_dose_scaled,partial_5pct,A2780cis,20k,1.0,IC50,0.5,adaptation_theta_logistic_growth,densities=20k/30k;doses=0.67/1.0/1.47
6.0,1728.4681713333332,819.9382648161098,false,joint_time_decay_dose_scaled,partial_5pct,A2780cis,20k,1.0,IC50,0.5,adaptation_theta_logistic_growth,densities=20k/30k;doses=0.67/1.0/1.47
7.0,2346.5103780000004,1460.0600377247338,false,joint_time_decay_dose_scaled,partial_5pct,A2780cis,20k,1.0,IC50,0.5,adaptation_theta_logistic_growth,densities=20k/30k;doses=0.67/1.0/1.47
8.0,2305.3690973333332,2231.812926148894,false,joint_time_decay_dose_scaled,partial_5pct,A2780cis,20k,1.0,IC50,0.5,adaptation_theta_logistic_growth,densities=20k/30k;doses=0.67/1.0/1.47
9.0,3049.6326773333335,2859.597924509493,false,joint_time_decay_dose_scaled,partial_5pct,A2780cis,20k,1.0,IC50,0.5,adaptation_theta_logistic_growth,densities=20k/30k;doses=0.67/1.0/1.47
10.0,3134.858873333333,3219.110068233137,false,joint_time_decay_dose_scaled,partial_5pct,A2780cis,20k,1.0,IC50,0.5,adaptation_theta_logistic_growth,densities=20k/30k;doses=0.67/1.0/1.47
11.0,3720.5385029999998,3383.729011235666,false,joint_time_decay_dose_scaled,partial_5pct,A2780cis,20k,1.0,IC50,0.5,adaptation_theta_logistic_growth,densities=20k/30k;doses=0.67/1.0/1.47
12.0,2824.6677086666664,3452.1161916647834,false,joint_time_decay_dose_scaled,partial_5pct,A2780cis,20k,1.0,IC50,0.5,adaptation_theta_logistic_growth,densities=20k/30k;doses=0.67/1.0/1.47
13.0,3906.9917053333334,3480.565219473127,false,joint_time_decay_dose_scaled,partial_5pct,A2780cis,20k,1.0,IC50,0.5,adaptation_theta_logistic_growth,densities=20k/30k;doses=0.67/1.0/1.47
14.0,4011.9759260000005,3493.451642068859,false,joint_time_decay_dose_scaled,partial_5pct,A2780cis,20k,1.0,IC50,0.5,adaptation_theta_logistic_growth,densities=20k/30k;doses=0.67/1.0/1.47
0.0,67.0,67.0,true,joint_time_decay_dose_scaled,partial_5pct,A2780cis,20k,1.47,IC75,0.75,adaptation_theta_logistic_growth,densities=20k/30k;doses=0.67/1.0/1.47
1.0,66.07534733333334,65.59732545771783,false,joint_time_decay_dose_scaled,partial_5pct,A2780cis,20k,1.47,IC75,0.75,adaptation_theta_logistic_growth,densities=20k/30k;doses=0.67/1.0/1.47
2.0,136.019406,79.93211874940846,false,joint_time_decay_dose_scaled,partial_5pct,A2780cis,20k,1.47,IC75,0.75,adaptation_theta_logistic_growth,densities=20k/30k;doses=0.67/1.0/1.47
3.0,262.4119983333333,115.87294489434333,false,joint_time_decay_dose_scaled,partial_5pct,A2780cis,20k,1.47,IC75,0.75,adaptation_theta_logistic_growth,densities=20k/30k;doses=0.67/1.0/1.47
4.0,627.1851849999999,191.7389828568177,false,joint_time_decay_dose_scaled,partial_5pct,A2780cis,20k,1.47,IC75,0.75,adaptation_theta_logistic_growth,densities=20k/30k;doses=0.67/1.0/1.47
5.0,1055.7064813333334,346.8477618409334,false,joint_time_decay_dose_scaled,partial_5pct,A2780cis,20k,1.47,IC75,0.75,adaptation_theta_logistic_growth,densities=20k/30k;doses=0.67/1.0/1.47
6.0,1644.4327546666666,649.7670963299782,false,joint_time_decay_dose_scaled,partial_5pct,A2780cis,20k,1.47,IC75,0.75,adaptation_theta_logistic_growth,densities=20k/30k;doses=0.67/1.0/1.47
7.0,1888.7926696666666,1170.9579015790316,false,joint_time_decay_dose_scaled,partial_5pct,A2780cis,20k,1.47,IC75,0.75,adaptation_theta_logistic_growth,densities=20k/30k;doses=0.67/1.0/1.47
8.0,1640.846373333333,1868.7660332511068,false,joint_time_decay_dose_scaled,partial_5pct,A2780cis,20k,1.47,IC75,0.75,adaptation_theta_logistic_growth,densities=20k/30k;doses=0.67/1.0/1.47
9.0,2390.4506556666665,2524.493539377416,false,joint_time_decay_dose_scaled,partial_5pct,A2780cis,20k,1.47,IC75,0.75,adaptation_theta_logistic_growth,densities=20k/30k;doses=0.67/1.0/1.47
10.0,1885.2126543333334,2956.4556471043684,false,joint_time_decay_dose_scaled,partial_5pct,A2780cis,20k,1.47,IC75,0.75,adaptation_theta_logistic_growth,densities=20k/30k;doses=0.67/1.0/1.47
11.0,2693.7878856666666,3176.91069492421,false,joint_time_decay_dose_scaled,partial_5pct,A2780cis,20k,1.47,IC75,0.75,adaptation_theta_logistic_growth,densities=20k/30k;doses=0.67/1.0/1.47
12.0,2554.914467666667,3275.8027389930767,false,joint_time_decay_dose_scaled,partial_5pct,A2780cis,20k,1.47,IC75,0.75,adaptation_theta_logistic_growth,densities=20k/30k;doses=0.67/1.0/1.47
13.0,3229.3090276666667,3319.1221336080066,false,joint_time_decay_dose_scaled,partial_5pct,A2780cis,20k,1.47,IC75,0.75,adaptation_theta_logistic_growth,densities=20k/30k;doses=0.67/1.0/1.47
14.0,3171.784760666667,3339.2862139690137,false,joint_time_decay_dose_scaled,partial_5pct,A2780cis,20k,1.47,IC75,0.75,adaptation_theta_logistic_growth,densities=20k/30k;doses=0.67/1.0/1.47
0.0,100.0,100.0,true,joint_time_decay_dose_scaled,partial_5pct,A2780cis,30k,0.67,IC25,0.25,adaptation_theta_logistic_growth,densities=20k/30k;doses=0.67/1.0/1.47
1.0,119.12291633333332,105.2061898117846,false,joint_time_decay_dose_scaled,partial_5pct,A2780cis,30k,0.67,IC25,0.25,adaptation_theta_logistic_growth,densities=20k/30k;doses=0.67/1.0/1.47
2.0,208.10995366666666,137.2827087382458,false,joint_time_decay_dose_scaled,partial_5pct,A2780cis,30k,0.67,IC25,0.25,adaptation_theta_logistic_growth,densities=20k/30k;doses=0.67/1.0/1.47
3.0,381.1926696666667,211.7550570539238,false,joint_time_decay_dose_scaled,partial_5pct,A2780cis,30k,0.67,IC25,0.25,adaptation_theta_logistic_growth,densities=20k/30k;doses=0.67/1.0/1.47
4.0,731.6507716666666,367.79867361471327,false,joint_time_decay_dose_scaled,partial_5pct,A2780cis,30k,0.67,IC25,0.25,adaptation_theta_logistic_growth,densities=20k/30k;doses=0.67/1.0/1.47
5.0,1291.6760416666666,678.5282959830272,false,joint_time_decay_dose_scaled,partial_5pct,A2780cis,30k,0.67,IC25,0.25,adaptation_theta_logistic_growth,densities=20k/30k;doses=0.67/1.0/1.47
6.0,1980.2315586666666,1228.2444447163975,false,joint_time_decay_dose_scaled,partial_5pct,A2780cis,30k,0.67,IC25,0.25,adaptation_theta_logistic_growth,densities=20k/30k;doses=0.67/1.0/1.47
7.0,2670.8478393333335,1987.429355594988,false,joint_time_decay_dose_scaled,partial_5pct,A2780cis,30k,0.67,IC25,0.25,adaptation_theta_logistic_growth,densities=20k/30k;doses=0.67/1.0/1.47
8.0,2545.009915,2713.1324076231604,false,joint_time_decay_dose_scaled,partial_5pct,A2780cis,30k,0.67,IC25,0.25,adaptation_theta_logistic_growth,densities=20k/30k;doses=0.67/1.0/1.47
9.0,3548.7987266666664,3186.032608487542,false,joint_time_decay_dose_scaled,partial_5pct,A2780cis,30k,0.67,IC25,0.25,adaptation_theta_logistic_growth,densities=20k/30k;doses=0.67/1.0/1.47
10.0,2897.7104553333334,3418.0674035013844,false,joint_time_decay_dose_scaled,partial_5pct,A2780cis,30k,0.67,IC25,0.25,adaptation_theta_logistic_growth,densities=20k/30k;doses=0.67/1.0/1.47
11.0,3797.833449333333,3515.8069526424288,false,joint_time_decay_dose_scaled,partial_5pct,A2780cis,30k,0.67,IC25,0.25,adaptation_theta_logistic_growth,densities=20k/30k;doses=0.67/1.0/1.47
12.0,2884.930285666667,3555.1432312666557,false,joint_time_decay_dose_scaled,partial_5pct,A2780cis,30k,0.67,IC25,0.25,adaptation_theta_logistic_growth,densities=20k/30k;doses=0.67/1.0/1.47
13.0,4146.366087666666,3571.654681824046,false,joint_time_decay_dose_scaled,partial_5pct,A2780cis,30k,0.67,IC25,0.25,adaptation_theta_logistic_growth,densities=20k/30k;doses=0.67/1.0/1.47
14.0,3326.884761,3579.475379624216,false,joint_time_decay_dose_scaled,partial_5pct,A2780cis,30k,0.67,IC25,0.25,adaptation_theta_logistic_growth,densities=20k/30k;doses=0.67/1.0/1.47
0.0,100.0,100.0,true,joint_time_decay_dose_scaled,partial_5pct,A2780cis,30k,1.0,IC50,0.5,adaptation_theta_logistic_growth,densities=20k/30k;doses=0.67/1.0/1.47
1.0,117.62118066666666,101.45091679960868,false,joint_time_decay_dose_scaled,partial_5pct,A2780cis,30k,1.0,IC50,0.5,adaptation_theta_logistic_growth,densities=20k/30k;doses=0.67/1.0/1.47
2.0,206.52970666666667,127.72927854401989,false,joint_time_decay_dose_scaled,partial_5pct,A2780cis,30k,1.0,IC50,0.5,adaptation_theta_logistic_growth,densities=20k/30k;doses=0.67/1.0/1.47
3.0,392.79753066666666,190.3913975694714,false,joint_time_decay_dose_scaled,partial_5pct,A2780cis,30k,1.0,IC50,0.5,adaptation_theta_logistic_growth,densities=20k/30k;doses=0.67/1.0/1.47
4.0,793.1631946666666,320.8188937670584,false,joint_time_decay_dose_scaled,partial_5pct,A2780cis,30k,1.0,IC50,0.5,adaptation_theta_logistic_growth,densities=20k/30k;doses=0.67/1.0/1.47
5.0,1328.3501159999998,579.4413160381547,false,joint_time_decay_dose_scaled,partial_5pct,A2780cis,30k,1.0,IC50,0.5,adaptation_theta_logistic_growth,densities=20k/30k;doses=0.67/1.0/1.47
6.0,1947.6582176666668,1045.4055229087858,false,joint_time_decay_dose_scaled,partial_5pct,A2780cis,30k,1.0,IC50,0.5,adaptation_theta_logistic_growth,densities=20k/30k;doses=0.67/1.0/1.47
7.0,2594.510609333334,1727.2918468873938,false,joint_time_decay_dose_scaled,partial_5pct,A2780cis,30k,1.0,IC50,0.5,adaptation_theta_logistic_growth,densities=20k/30k;doses=0.67/1.0/1.47
8.0,2352.0106483333334,2444.819460979543,false,joint_time_decay_dose_scaled,partial_5pct,A2780cis,30k,1.0,IC50,0.5,adaptation_theta_logistic_growth,densities=20k/30k;doses=0.67/1.0/1.47
9.0,3220.0850306666666,2965.37137703185,false,joint_time_decay_dose_scaled,partial_5pct,A2780cis,30k,1.0,IC50,0.5,adaptation_theta_logistic_growth,densities=20k/30k;doses=0.67/1.0/1.47
10.0,2953.806751666667,3245.3999165885725,false,joint_time_decay_dose_scaled,partial_5pct,A2780cis,30k,1.0,IC50,0.5,adaptation_theta_logistic_growth,densities=20k/30k;doses=0.67/1.0/1.47
11.0,3595.1114196666663,3372.053176001594,false,joint_time_decay_dose_scaled,partial_5pct,A2780cis,30k,1.0,IC50,0.5,adaptation_theta_logistic_growth,densities=20k/30k;doses=0.67/1.0/1.47
12.0,2534.660455333333,3426.0019444765667,false,joint_time_decay_dose_scaled,partial_5pct,A2780cis,30k,1.0,IC50,0.5,adaptation_theta_logistic_growth,densities=20k/30k;doses=0.67/1.0/1.47
13.0,3853.449228666667,3449.721507043517,false,joint_time_decay_dose_scaled,partial_5pct,A2780cis,30k,1.0,IC50,0.5,adaptation_theta_logistic_growth,densities=20k/30k;doses=0.67/1.0/1.47
14.0,4116.669907333334,3461.337104156878,false,joint_time_decay_dose_scaled,partial_5pct,A2780cis,30k,1.0,IC50,0.5,adaptation_theta_logistic_growth,densities=20k/30k;doses=0.67/1.0/1.47
0.0,100.0,100.0,true,joint_time_decay_dose_scaled,partial_5pct,A2780cis,30k,1.47,IC75,0.75,adaptation_theta_logistic_growth,densities=20k/30k;doses=0.67/1.0/1.47
1.0,73.88472200000001,96.33235072321399,false,joint_time_decay_dose_scaled,partial_5pct,A2780cis,30k,1.47,IC75,0.75,adaptation_theta_logistic_growth,densities=20k/30k;doses=0.67/1.0/1.47
2.0,143.64463766666665,115.25163924742749,false,joint_time_decay_dose_scaled,partial_5pct,A2780cis,30k,1.47,IC75,0.75,adaptation_theta_logistic_growth,densities=20k/30k;doses=0.67/1.0/1.47
3.0,301.875849,163.5681687194383,false,joint_time_decay_dose_scaled,partial_5pct,A2780cis,30k,1.47,IC75,0.75,adaptation_theta_logistic_growth,densities=20k/30k;doses=0.67/1.0/1.47
4.0,670.1066746666667,263.67173888274283,false,joint_time_decay_dose_scaled,partial_5pct,A2780cis,30k,1.47,IC75,0.75,adaptation_theta_logistic_growth,densities=20k/30k;doses=0.67/1.0/1.47
5.0,1170.9108796666667,460.55519081831187,false,joint_time_decay_dose_scaled,partial_5pct,A2780cis,30k,1.47,IC75,0.75,adaptation_theta_logistic_growth,densities=20k/30k;doses=0.67/1.0/1.47
6.0,1348.3380016666667,821.3120896519738,false,joint_time_decay_dose_scaled,partial_5pct,A2780cis,30k,1.47,IC75,0.75,adaptation_theta_logistic_growth,densities=20k/30k;doses=0.67/1.0/1.47
7.0,1881.759761,1385.9482907209212,false,joint_time_decay_dose_scaled,partial_5pct,A2780cis,30k,1.47,IC75,0.75,adaptation_theta_logistic_growth,densities=20k/30k;doses=0.67/1.0/1.47
8.0,1606.1887733333333,2058.8755170931468,false,joint_time_decay_dose_scaled,partial_5pct,A2780cis,30k,1.47,IC75,0.75,adaptation_theta_logistic_growth,densities=20k/30k;doses=0.67/1.0/1.47
9.0,2421.258526333333,2627.5868593779032,false,joint_time_decay_dose_scaled,partial_5pct,A2780cis,30k,1.47,IC75,0.75,adaptation_theta_logistic_growth,densities=20k/30k;doses=0.67/1.0/1.47
10.0,1957.2380400000002,2978.965683572942,false,joint_time_decay_dose_scaled,partial_5pct,A2780cis,30k,1.47,IC75,0.75,adaptation_theta_logistic_growth,densities=20k/30k;doses=0.67/1.0/1.47
11.0,2537.103395,3155.441853419275,false,joint_time_decay_dose_scaled,partial_5pct,A2780cis,30k,1.47,IC75,0.75,adaptation_theta_logistic_growth,densities=20k/30k;doses=0.67/1.0/1.47
12.0,2244.322531,3236.3017747754557,false,joint_time_decay_dose_scaled,partial_5pct,A2780cis,30k,1.47,IC75,0.75,adaptation_theta_logistic_growth,densities=20k/30k;doses=0.67/1.0/1.47
13.0,2827.4429400000004,3273.483225309295,false,joint_time_decay_dose_scaled,partial_5pct,A2780cis,30k,1.47,IC75,0.75,adaptation_theta_logistic_growth,densities=20k/30k;doses=0.67/1.0/1.47
14.0,3433.938387333333,3291.9905100773344,false,joint_time_decay_dose_scaled,partial_5pct,A2780cis,30k,1.47,IC75,0.75,adaptation_theta_logistic_growth,densities=20k/30k;doses=0.67/1.0/1.47
0.0,67.0,67.0,true,joint_anchored_hill_kill,independent_diagnostic,A2780cis,20k,0.67,IC25,0.25,adaptation_theta_logistic_growth,densities=20k/30k;doses=0.67/1.0/1.47
1.0,79.832716,74.8433308396428,false,joint_anchored_hill_kill,independent_diagnostic,A2780cis,20k,0.67,IC25,0.25,adaptation_theta_logistic_growth,densities=20k/30k;doses=0.67/1.0/1.47
2.0,136.68186733333332,103.90517129617433,false,joint_anchored_hill_kill,independent_diagnostic,A2780cis,20k,0.67,IC25,0.25,adaptation_theta_logistic_growth,densities=20k/30k;doses=0.67/1.0/1.47
3.0,256.032137,170.9171111357405,false,joint_anchored_hill_kill,independent_diagnostic,A2780cis,20k,0.67,IC25,0.25,adaptation_theta_logistic_growth,densities=20k/30k;doses=0.67/1.0/1.47
4.0,551.4876543333334,317.55302622301,false,joint_anchored_hill_kill,independent_diagnostic,A2780cis,20k,0.67,IC25,0.25,adaptation_theta_logistic_growth,densities=20k/30k;doses=0.67/1.0/1.47
5.0,932.248611,628.320749016663,false,joint_anchored_hill_kill,independent_diagnostic,A2780cis,20k,0.67,IC25,0.25,adaptation_theta_logistic_growth,densities=20k/30k;doses=0.67/1.0/1.47
6.0,1630.1435956666667,1216.4634590241599,false,joint_anchored_hill_kill,independent_diagnostic,A2780cis,20k,0.67,IC25,0.25,adaptation_theta_logistic_growth,densities=20k/30k;doses=0.67/1.0/1.47
7.0,2349.2489583333336,2070.5147419952596,false,joint_anchored_hill_kill,independent_diagnostic,A2780cis,20k,0.67,IC25,0.25,adaptation_theta_logistic_growth,densities=20k/30k;doses=0.67/1.0/1.47
8.0,2344.200308666667,2891.8113832323925,false,joint_anchored_hill_kill,independent_diagnostic,A2780cis,20k,0.67,IC25,0.25,adaptation_theta_logistic_growth,densities=20k/30k;doses=0.67/1.0/1.47
9.0,3261.814429,3403.5782781483545,false,joint_anchored_hill_kill,independent_diagnostic,A2780cis,20k,0.67,IC25,0.25,adaptation_theta_logistic_growth,densities=20k/30k;doses=0.67/1.0/1.47
10.0,2744.403163333333,3635.490953189818,false,joint_anchored_hill_kill,independent_diagnostic,A2780cis,20k,0.67,IC25,0.25,adaptation_theta_logistic_growth,densities=20k/30k;doses=0.67/1.0/1.47
11.0,3624.0109566666665,3723.594679815675,false,joint_anchored_hill_kill,independent_diagnostic,A2780cis,20k,0.67,IC25,0.25,adaptation_theta_logistic_growth,densities=20k/30k;doses=0.67/1.0/1.47
12.0,2656.8393906666665,3754.5242703272656,false,joint_anchored_hill_kill,independent_diagnostic,A2780cis,20k,0.67,IC25,0.25,adaptation_theta_logistic_growth,densities=20k/30k;doses=0.67/1.0/1.47
13.0,3902.5750386666664,3765.20363540915,false,joint_anchored_hill_kill,independent_diagnostic,A2780cis,20k,0.67,IC25,0.25,adaptation_theta_logistic_growth,densities=20k/30k;doses=0.67/1.0/1.47
14.0,2987.771682,3769.056532137752,false,joint_anchored_hill_kill,independent_diagnostic,A2780cis,20k,0.67,IC25,0.25,adaptation_theta_logistic_growth,densities=20k/30k;doses=0.67/1.0/1.47
0.0,67.0,67.0,true,joint_anchored_hill_kill,independent_diagnostic,A2780cis,20k,1.0,IC50,0.5,adaptation_theta_logistic_growth,densities=20k/30k;doses=0.67/1.0/1.47
1.0,82.57476866666666,71.40540904764006,false,joint_anchored_hill_kill,independent_diagnostic,A2780cis,20k,1.0,IC50,0.5,adaptation_theta_logistic_growth,densities=20k/30k;doses=0.67/1.0/1.47
2.0,153.74926733333334,94.63016259501201,false,joint_anchored_hill_kill,independent_diagnostic,A2780cis,20k,1.0,IC50,0.5,adaptation_theta_logistic_growth,densities=20k/30k;doses=0.67/1.0/1.47
3.0,298.6227236666667,148.8322182371557,false,joint_anchored_hill_kill,independent_diagnostic,A2780cis,20k,1.0,IC50,0.5,adaptation_theta_logistic_growth,densities=20k/30k;doses=0.67/1.0/1.47
4.0,584.2937496666667,265.549210707368,false,joint_anchored_hill_kill,independent_diagnostic,A2780cis,20k,1.0,IC50,0.5,adaptation_theta_logistic_growth,densities=20k/30k;doses=0.67/1.0/1.47
5.0,1028.8575233333333,510.1737278784095,false,joint_anchored_hill_kill,independent_diagnostic,A2780cis,20k,1.0,IC50,0.5,adaptation_theta_logistic_growth,densities=20k/30k;doses=0.67/1.0/1.47
6.0,1728.4681713333332,981.9448823515311,false,joint_anchored_hill_kill,independent_diagnostic,A2780cis,20k,1.0,IC50,0.5,adaptation_theta_logistic_growth,densities=20k/30k;doses=0.67/1.0/1.47
7.0,2346.5103780000004,1719.9278658531862,false,joint_anchored_hill_kill,independent_diagnostic,A2780cis,20k,1.0,IC50,0.5,adaptation_theta_logistic_growth,densities=20k/30k;doses=0.67/1.0/1.47
8.0,2305.3690973333332,2528.462621921288,false,joint_anchored_hill_kill,independent_diagnostic,A2780cis,20k,1.0,IC50,0.5,adaptation_theta_logistic_growth,densities=20k/30k;doses=0.67/1.0/1.47
9.0,3049.6326773333335,3112.4495054279764,false,joint_anchored_hill_kill,independent_diagnostic,A2780cis,20k,1.0,IC50,0.5,adaptation_theta_logistic_growth,densities=20k/30k;doses=0.67/1.0/1.47
10.0,3134.858873333333,3412.9217773085297,false,joint_anchored_hill_kill,independent_diagnostic,A2780cis,20k,1.0,IC50,0.5,adaptation_theta_logistic_growth,densities=20k/30k;doses=0.67/1.0/1.47
11.0,3720.5385029999998,3539.6112264258654,false,joint_anchored_hill_kill,independent_diagnostic,A2780cis,20k,1.0,IC50,0.5,adaptation_theta_logistic_growth,densities=20k/30k;doses=0.67/1.0/1.47
12.0,2824.6677086666664,3588.9196834592162,false,joint_anchored_hill_kill,independent_diagnostic,A2780cis,20k,1.0,IC50,0.5,adaptation_theta_logistic_growth,densities=20k/30k;doses=0.67/1.0/1.47
13.0,3906.9917053333334,3608.304716280347,false,joint_anchored_hill_kill,independent_diagnostic,A2780cis,20k,1.0,IC50,0.5,adaptation_theta_logistic_growth,densities=20k/30k;doses=0.67/1.0/1.47
14.0,4011.9759260000005,3616.6694859795875,false,joint_anchored_hill_kill,independent_diagnostic,A2780cis,20k,1.0,IC50,0.5,adaptation_theta_logistic_growth,densities=20k/30k;doses=0.67/1.0/1.47
0.0,67.0,67.0,true,joint_anchored_hill_kill,independent_diagnostic,A2780cis,20k,1.47,IC75,0.75,adaptation_theta_logistic_growth,densities=20k/30k;doses=0.67/1.0/1.47
1.0,66.07534733333334,63.66007103541336,false,joint_anchored_hill_kill,independent_diagnostic,A2780cis,20k,1.47,IC75,0.75,adaptation_theta_logistic_growth,densities=20k/30k;doses=0.67/1.0/1.47
2.0,136.019406,75.30183376604252,false,joint_anchored_hill_kill,independent_diagnostic,A2780cis,20k,1.47,IC75,0.75,adaptation_theta_logistic_growth,densities=20k/30k;doses=0.67/1.0/1.47
3.0,262.4119983333333,106.04389642234693,false,joint_anchored_hill_kill,independent_diagnostic,A2780cis,20k,1.47,IC75,0.75,adaptation_theta_logistic_growth,densities=20k/30k;doses=0.67/1.0/1.47
4.0,627.1851849999999,170.76309855476302,false,joint_anchored_hill_kill,independent_diagnostic,A2780cis,20k,1.47,IC75,0.75,adaptation_theta_logistic_growth,densities=20k/30k;doses=0.67/1.0/1.47
5.0,1055.7064813333334,301.8566589556535,false,joint_anchored_hill_kill,independent_diagnostic,A2780cis,20k,1.47,IC75,0.75,adaptation_theta_logistic_growth,densities=20k/30k;doses=0.67/1.0/1.47
6.0,1644.4327546666666,557.6458968935059,false,joint_anchored_hill_kill,independent_diagnostic,A2780cis,20k,1.47,IC75,0.75,adaptation_theta_logistic_growth,densities=20k/30k;doses=0.67/1.0/1.47
7.0,1888.7926696666666,1007.6835040955716,false,joint_anchored_hill_kill,independent_diagnostic,A2780cis,20k,1.47,IC75,0.75,adaptation_theta_logistic_growth,densities=20k/30k;doses=0.67/1.0/1.47
8.0,1640.846373333333,1646.0832939553982,false,joint_anchored_hill_kill,independent_diagnostic,A2780cis,20k,1.47,IC75,0.75,adaptation_theta_logistic_growth,densities=20k/30k;doses=0.67/1.0/1.47
9.0,2390.4506556666665,2301.1617526256355,false,joint_anchored_hill_kill,independent_diagnostic,A2780cis,20k,1.47,IC75,0.75,adaptation_theta_logistic_growth,densities=20k/30k;doses=0.67/1.0/1.47
10.0,1885.2126543333334,2774.6672137650594,false,joint_anchored_hill_kill,independent_diagnostic,A2780cis,20k,1.47,IC75,0.75,adaptation_theta_logistic_growth,densities=20k/30k;doses=0.67/1.0/1.47
11.0,2693.7878856666666,3035.1317260363203,false,joint_anchored_hill_kill,independent_diagnostic,A2780cis,20k,1.47,IC75,0.75,adaptation_theta_logistic_growth,densities=20k/30k;doses=0.67/1.0/1.47
12.0,2554.914467666667,3158.156154457375,false,joint_anchored_hill_kill,independent_diagnostic,A2780cis,20k,1.47,IC75,0.75,adaptation_theta_logistic_growth,densities=20k/30k;doses=0.67/1.0/1.47
13.0,3229.3090276666667,3213.735928188809,false,joint_anchored_hill_kill,independent_diagnostic,A2780cis,20k,1.47,IC75,0.75,adaptation_theta_logistic_growth,densities=20k/30k;doses=0.67/1.0/1.47
14.0,3171.784760666667,3239.901914152673,false,joint_anchored_hill_kill,independent_diagnostic,A2780cis,20k,1.47,IC75,0.75,adaptation_theta_logistic_growth,densities=20k/30k;doses=0.67/1.0/1.47
0.0,100.0,100.0,true,joint_anchored_hill_kill,independent_diagnostic,A2780cis,30k,0.67,IC25,0.25,adaptation_theta_logistic_growth,densities=20k/30k;doses=0.67/1.0/1.47
1.0,119.12291633333332,112.67747800788793,false,joint_anchored_hill_kill,independent_diagnostic,A2780cis,30k,0.67,IC25,0.25,adaptation_theta_logistic_growth,densities=20k/30k;doses=0.67/1.0/1.47
2.0,208.10995366666666,157.29013677603103,false,joint_anchored_hill_kill,independent_diagnostic,A2780cis,30k,0.67,IC25,0.25,adaptation_theta_logistic_growth,densities=20k/30k;doses=0.67/1.0/1.47
3.0,381.1926696666667,258.6568029899071,false,joint_anchored_hill_kill,independent_diagnostic,A2780cis,30k,0.67,IC25,0.25,adaptation_theta_logistic_growth,densities=20k/30k;doses=0.67/1.0/1.47
4.0,731.6507716666666,474.71036335662296,false,joint_anchored_hill_kill,independent_diagnostic,A2780cis,30k,0.67,IC25,0.25,adaptation_theta_logistic_growth,densities=20k/30k;doses=0.67/1.0/1.47
5.0,1291.6760416666666,906.0730275165776,false,joint_anchored_hill_kill,independent_diagnostic,A2780cis,30k,0.67,IC25,0.25,adaptation_theta_logistic_growth,densities=20k/30k;doses=0.67/1.0/1.47
6.0,1980.2315586666666,1631.183976332962,false,joint_anchored_hill_kill,independent_diagnostic,A2780cis,30k,0.67,IC25,0.25,adaptation_theta_logistic_growth,densities=20k/30k;doses=0.67/1.0/1.47
7.0,2670.8478393333335,2508.1245129585345,false,joint_anchored_hill_kill,independent_diagnostic,A2780cis,30k,0.67,IC25,0.25,adaptation_theta_logistic_growth,densities=20k/30k;doses=0.67/1.0/1.47
8.0,2545.009915,3197.9197083464387,false,joint_anchored_hill_kill,independent_diagnostic,A2780cis,30k,0.67,IC25,0.25,adaptation_theta_logistic_growth,densities=20k/30k;doses=0.67/1.0/1.47
9.0,3548.7987266666664,3566.3192497736336,false,joint_anchored_hill_kill,independent_diagnostic,A2780cis,30k,0.67,IC25,0.25,adaptation_theta_logistic_growth,densities=20k/30k;doses=0.67/1.0/1.47
10.0,2897.7104553333334,3719.042038735116,false,joint_anchored_hill_kill,independent_diagnostic,A2780cis,30k,0.67,IC25,0.25,adaptation_theta_logistic_growth,densities=20k/30k;doses=0.67/1.0/1.47
11.0,3797.833449333333,3774.3739635772554,false,joint_anchored_hill_kill,independent_diagnostic,A2780cis,30k,0.67,IC25,0.25,adaptation_theta_logistic_growth,densities=20k/30k;doses=0.67/1.0/1.47
12.0,2884.930285666667,3793.1688694326153,false,joint_anchored_hill_kill,independent_diagnostic,A2780cis,30k,0.67,IC25,0.25,adaptation_theta_logistic_growth,densities=20k/30k;doses=0.67/1.0/1.47
13.0,4146.366087666666,3799.4131833126135,false,joint_anchored_hill_kill,independent_diagnostic,A2780cis,30k,0.67,IC25,0.25,adaptation_theta_logistic_growth,densities=20k/30k;doses=0.67/1.0/1.47
14.0,3326.884761,3801.528758184053,false,joint_anchored_hill_kill,independent_diagnostic,A2780cis,30k,0.67,IC25,0.25,adaptation_theta_logistic_growth,densities=20k/30k;doses=0.67/1.0/1.47
0.0,100.0,100.0,true,joint_anchored_hill_kill,independent_diagnostic,A2780cis,30k,1.0,IC50,0.5,adaptation_theta_logistic_growth,densities=20k/30k;doses=0.67/1.0/1.47
1.0,117.62118066666666,107.78577323312226,false,joint_anchored_hill_kill,independent_diagnostic,A2780cis,30k,1.0,IC50,0.5,adaptation_theta_logistic_growth,densities=20k/30k;doses=0.67/1.0/1.47
2.0,206.52970666666667,144.04033647008663,false,joint_anchored_hill_kill,independent_diagnostic,A2780cis,30k,1.0,IC50,0.5,adaptation_theta_logistic_growth,densities=20k/30k;doses=0.67/1.0/1.47
3.0,392.79753066666666,227.27820387401428,false,joint_anchored_hill_kill,independent_diagnostic,A2780cis,30k,1.0,IC50,0.5,adaptation_theta_logistic_growth,densities=20k/30k;doses=0.67/1.0/1.47
4.0,793.1631946666666,402.65037331281326,false,joint_anchored_hill_kill,independent_diagnostic,A2780cis,30k,1.0,IC50,0.5,adaptation_theta_logistic_growth,densities=20k/30k;doses=0.67/1.0/1.47
5.0,1328.3501159999998,752.5130394355326,false,joint_anchored_hill_kill,independent_diagnostic,A2780cis,30k,1.0,IC50,0.5,adaptation_theta_logistic_growth,densities=20k/30k;doses=0.67/1.0/1.47
6.0,1947.6582176666668,1361.9725944832956,false,joint_anchored_hill_kill,independent_diagnostic,A2780cis,30k,1.0,IC50,0.5,adaptation_theta_logistic_growth,densities=20k/30k;doses=0.67/1.0/1.47
7.0,2594.510609333334,2167.878650929379,false,joint_anchored_hill_kill,independent_diagnostic,A2780cis,30k,1.0,IC50,0.5,adaptation_theta_logistic_growth,densities=20k/30k;doses=0.67/1.0/1.47
8.0,2352.0106483333334,2888.2289207347053,false,joint_anchored_hill_kill,independent_diagnostic,A2780cis,30k,1.0,IC50,0.5,adaptation_theta_logistic_growth,densities=20k/30k;doses=0.67/1.0/1.47
9.0,3220.0850306666666,3325.5129517933296,false,joint_anchored_hill_kill,independent_diagnostic,A2780cis,30k,1.0,IC50,0.5,adaptation_theta_logistic_growth,densities=20k/30k;doses=0.67/1.0/1.47
10.0,2953.806751666667,3527.646190921505,false,joint_anchored_hill_kill,independent_diagnostic,A2780cis,30k,1.0,IC50,0.5,adaptation_theta_logistic_growth,densities=20k/30k;doses=0.67/1.0/1.47
11.0,3595.1114196666663,3608.7219640043204,false,joint_anchored_hill_kill,independent_diagnostic,A2780cis,30k,1.0,IC50,0.5,adaptation_theta_logistic_growth,densities=20k/30k;doses=0.67/1.0/1.47
12.0,2534.660455333333,3639.889672678068,false,joint_anchored_hill_kill,independent_diagnostic,A2780cis,30k,1.0,IC50,0.5,adaptation_theta_logistic_growth,densities=20k/30k;doses=0.67/1.0/1.47
13.0,3853.449228666667,3652.35749713552,false,joint_anchored_hill_kill,independent_diagnostic,A2780cis,30k,1.0,IC50,0.5,adaptation_theta_logistic_growth,densities=20k/30k;doses=0.67/1.0/1.47
14.0,4116.669907333334,3657.985477148101,false,joint_anchored_hill_kill,independent_diagnostic,A2780cis,30k,1.0,IC50,0.5,adaptation_theta_logistic_growth,densities=20k/30k;doses=0.67/1.0/1.47
0.0,100.0,100.0,true,joint_anchored_hill_kill,independent_diagnostic,A2780cis,30k,1.47,IC75,0.75,adaptation_theta_logistic_growth,densities=20k/30k;doses=0.67/1.0/1.47
1.0,73.88472200000001,91.4710396858605,false,joint_anchored_hill_kill,independent_diagnostic,A2780cis,30k,1.47,IC75,0.75,adaptation_theta_logistic_growth,densities=20k/30k;doses=0.67/1.0/1.47
2.0,143.64463766666665,103.98414430904673,false,joint_anchored_hill_kill,independent_diagnostic,A2780cis,30k,1.47,IC75,0.75,adaptation_theta_logistic_growth,densities=20k/30k;doses=0.67/1.0/1.47
3.0,301.875849,140.46382437833614,false,joint_anchored_hill_kill,independent_diagnostic,A2780cis,30k,1.47,IC75,0.75,adaptation_theta_logistic_growth,densities=20k/30k;doses=0.67/1.0/1.47
4.0,670.1066746666667,216.35622180578102,false,joint_anchored_hill_kill,independent_diagnostic,A2780cis,30k,1.47,IC75,0.75,adaptation_theta_logistic_growth,densities=20k/30k;doses=0.67/1.0/1.47
5.0,1170.9108796666667,364.2649885483422,false,joint_anchored_hill_kill,independent_diagnostic,A2780cis,30k,1.47,IC75,0.75,adaptation_theta_logistic_growth,densities=20k/30k;doses=0.67/1.0/1.47
6.0,1348.3380016666667,637.3966395461689,false,joint_anchored_hill_kill,independent_diagnostic,A2780cis,30k,1.47,IC75,0.75,adaptation_theta_logistic_growth,densities=20k/30k;doses=0.67/1.0/1.47
7.0,1881.759761,1086.7102124884123,false,joint_anchored_hill_kill,independent_diagnostic,A2780cis,30k,1.47,IC75,0.75,adaptation_theta_logistic_growth,densities=20k/30k;doses=0.67/1.0/1.47
8.0,1606.1887733333333,1682.4869090816285,false,joint_anchored_hill_kill,independent_diagnostic,A2780cis,30k,1.47,IC75,0.75,adaptation_theta_logistic_growth,densities=20k/30k;doses=0.67/1.0/1.47
9.0,2421.258526333333,2266.0939959806537,false,joint_anchored_hill_kill,independent_diagnostic,A2780cis,30k,1.47,IC75,0.75,adaptation_theta_logistic_growth,densities=20k/30k;doses=0.67/1.0/1.47
10.0,1957.2380400000002,2683.971613062599,false,joint_anchored_hill_kill,independent_diagnostic,A2780cis,30k,1.47,IC75,0.75,adaptation_theta_logistic_growth,densities=20k/30k;doses=0.67/1.0/1.47
11.0,2537.103395,2919.6914631588143,false,joint_anchored_hill_kill,independent_diagnostic,A2780cis,30k,1.47,IC75,0.75,adaptation_theta_logistic_growth,densities=20k/30k;doses=0.67/1.0/1.47
12.0,2244.322531,3036.4308435836133,false,joint_anchored_hill_kill,independent_diagnostic,A2780cis,30k,1.47,IC75,0.75,adaptation_theta_logistic_growth,densities=20k/30k;doses=0.67/1.0/1.47
13.0,2827.4429400000004,3092.399433114923,false,joint_anchored_hill_kill,independent_diagnostic,A2780cis,30k,1.47,IC75,0.75,adaptation_theta_logistic_growth,densities=20k/30k;doses=0.67/1.0/1.47
14.0,3433.938387333333,3120.466743097877,false,joint_anchored_hill_kill,independent_diagnostic,A2780cis,30k,1.47,IC75,0.75,adaptation_theta_logistic_growth,densities=20k/30k;doses=0.67/1.0/1.47
0.0,67.0,67.0,true,joint_anchored_linear_kill,independent_diagnostic,A2780cis,20k,0.67,IC25,0.25,adaptation_theta_logistic_growth,densities=20k/30k;doses=0.67/1.0/1.47
1.0,79.832716,71.18557543941077,false,joint_anchored_linear_kill,independent_diagnostic,A2780cis,20k,0.67,IC25,0.25,adaptation_theta_logistic_growth,densities=20k/30k;doses=0.67/1.0/1.47
2.0,136.68186733333332,94.0516066751505,false,joint_anchored_linear_kill,independent_diagnostic,A2780cis,20k,0.67,IC25,0.25,adaptation_theta_logistic_growth,densities=20k/30k;doses=0.67/1.0/1.47
3.0,256.032137,147.48652415740221,false,joint_anchored_linear_kill,independent_diagnostic,A2780cis,20k,0.67,IC25,0.25,adaptation_theta_logistic_growth,densities=20k/30k;doses=0.67/1.0/1.47
4.0,551.4876543333334,262.44151104870804,false,joint_anchored_linear_kill,independent_diagnostic,A2780cis,20k,0.67,IC25,0.25,adaptation_theta_logistic_growth,densities=20k/30k;doses=0.67/1.0/1.47
5.0,932.248611,503.1768105429088,false,joint_anchored_linear_kill,independent_diagnostic,A2780cis,20k,0.67,IC25,0.25,adaptation_theta_logistic_growth,densities=20k/30k;doses=0.67/1.0/1.47
6.0,1630.1435956666667,967.8710652041811,false,joint_anchored_linear_kill,independent_diagnostic,A2780cis,20k,0.67,IC25,0.25,adaptation_theta_logistic_growth,densities=20k/30k;doses=0.67/1.0/1.47
7.0,2349.2489583333336,1697.9399819486216,false,joint_anchored_linear_kill,independent_diagnostic,A2780cis,20k,0.67,IC25,0.25,adaptation_theta_logistic_growth,densities=20k/30k;doses=0.67/1.0/1.47
8.0,2344.200308666667,2504.336750825682,false,joint_anchored_linear_kill,independent_diagnostic,A2780cis,20k,0.67,IC25,0.25,adaptation_theta_logistic_growth,densities=20k/30k;doses=0.67/1.0/1.47
9.0,3261.814429,3092.464377704715,false,joint_anchored_linear_kill,independent_diagnostic,A2780cis,20k,0.67,IC25,0.25,adaptation_theta_logistic_growth,densities=20k/30k;doses=0.67/1.0/1.47
10.0,2744.403163333333,3397.661702402147,false,joint_anchored_linear_kill,independent_diagnostic,A2780cis,20k,0.67,IC25,0.25,adaptation_theta_logistic_growth,densities=20k/30k;doses=0.67/1.0/1.47
11.0,3624.0109566666665,3527.2042593402093,false,joint_anchored_linear_kill,independent_diagnostic,A2780cis,20k,0.67,IC25,0.25,adaptation_theta_logistic_growth,densities=20k/30k;doses=0.67/1.0/1.47
12.0,2656.8393906666665,3577.9093108006896,false,joint_anchored_linear_kill,independent_diagnostic,A2780cis,20k,0.67,IC25,0.25,adaptation_theta_logistic_growth,densities=20k/30k;doses=0.67/1.0/1.47
13.0,3902.5750386666664,3597.9547235126843,false,joint_anchored_linear_kill,independent_diagnostic,A2780cis,20k,0.67,IC25,0.25,adaptation_theta_logistic_growth,densities=20k/30k;doses=0.67/1.0/1.47
14.0,2987.771682,3606.6534760299037,false,joint_anchored_linear_kill,independent_diagnostic,A2780cis,20k,0.67,IC25,0.25,adaptation_theta_logistic_growth,densities=20k/30k;doses=0.67/1.0/1.47
0.0,67.0,67.0,true,joint_anchored_linear_kill,independent_diagnostic,A2780cis,20k,1.0,IC50,0.5,adaptation_theta_logistic_growth,densities=20k/30k;doses=0.67/1.0/1.47
1.0,82.57476866666666,68.93535458248404,false,joint_anchored_linear_kill,independent_diagnostic,A2780cis,20k,1.0,IC50,0.5,adaptation_theta_logistic_growth,densities=20k/30k;doses=0.67/1.0/1.47
2.0,153.74926733333334,88.23003840949033,false,joint_anchored_linear_kill,independent_diagnostic,A2780cis,20k,1.0,IC50,0.5,adaptation_theta_logistic_growth,densities=20k/30k;doses=0.67/1.0/1.47
3.0,298.6227236666667,134.16195957265677,false,joint_anchored_linear_kill,independent_diagnostic,A2780cis,20k,1.0,IC50,0.5,adaptation_theta_logistic_growth,densities=20k/30k;doses=0.67/1.0/1.47
4.0,584.2937496666667,232.08273567140188,false,joint_anchored_linear_kill,independent_diagnostic,A2780cis,20k,1.0,IC50,0.5,adaptation_theta_logistic_growth,densities=20k/30k;doses=0.67/1.0/1.47
5.0,1028.8575233333333,435.3141451730664,false,joint_anchored_linear_kill,independent_diagnostic,A2780cis,20k,1.0,IC50,0.5,adaptation_theta_logistic_growth,densities=20k/30k;doses=0.67/1.0/1.47
6.0,1728.4681713333332,830.5015672816312,false,joint_anchored_linear_kill,independent_diagnostic,A2780cis,20k,1.0,IC50,0.5,adaptation_theta_logistic_growth,densities=20k/30k;doses=0.67/1.0/1.47
7.0,2346.5103780000004,1477.4594613231343,false,joint_anchored_linear_kill,independent_diagnostic,A2780cis,20k,1.0,IC50,0.5,adaptation_theta_logistic_growth,densities=20k/30k;doses=0.67/1.0/1.47
8.0,2305.3690973333332,2252.498322426005,false,joint_anchored_linear_kill,independent_diagnostic,A2780cis,20k,1.0,IC50,0.5,adaptation_theta_logistic_growth,densities=20k/30k;doses=0.67/1.0/1.47
9.0,3049.6326773333335,2877.7732235514795,false,joint_anchored_linear_kill,independent_diagnostic,A2780cis,20k,1.0,IC50,0.5,adaptation_theta_logistic_growth,densities=20k/30k;doses=0.67/1.0/1.47
10.0,3134.858873333333,3233.122065625916,false,joint_anchored_linear_kill,independent_diagnostic,A2780cis,20k,1.0,IC50,0.5,adaptation_theta_logistic_growth,densities=20k/30k;doses=0.67/1.0/1.47
11.0,3720.5385029999998,3394.8857428844735,false,joint_anchored_linear_kill,independent_diagnostic,A2780cis,20k,1.0,IC50,0.5,adaptation_theta_logistic_growth,densities=20k/30k;doses=0.67/1.0/1.47
12.0,2824.6677086666664,3461.7954725132017,false,joint_anchored_linear_kill,independent_diagnostic,A2780cis,20k,1.0,IC50,0.5,adaptation_theta_logistic_growth,densities=20k/30k;doses=0.67/1.0/1.47
13.0,3906.9917053333334,3489.5379875848653,false,joint_anchored_linear_kill,independent_diagnostic,A2780cis,20k,1.0,IC50,0.5,adaptation_theta_logistic_growth,densities=20k/30k;doses=0.67/1.0/1.47
14.0,4011.9759260000005,3502.075759677024,false,joint_anchored_linear_kill,independent_diagnostic,A2780cis,20k,1.0,IC50,0.5,adaptation_theta_logistic_growth,densities=20k/30k;doses=0.67/1.0/1.47
0.0,67.0,67.0,true,joint_anchored_linear_kill,independent_diagnostic,A2780cis,20k,1.47,IC75,0.75,adaptation_theta_logistic_growth,densities=20k/30k;doses=0.67/1.0/1.47
1.0,66.07534733333334,65.85260237828867,false,joint_anchored_linear_kill,independent_diagnostic,A2780cis,20k,1.47,IC75,0.75,adaptation_theta_logistic_growth,densities=20k/30k;doses=0.67/1.0/1.47
2.0,136.019406,80.55242946013408,false,joint_anchored_linear_kill,independent_diagnostic,A2780cis,20k,1.47,IC75,0.75,adaptation_theta_logistic_growth,densities=20k/30k;doses=0.67/1.0/1.47
3.0,262.4119983333333,117.21059715724046,false,joint_anchored_linear_kill,independent_diagnostic,A2780cis,20k,1.47,IC75,0.75,adaptation_theta_logistic_growth,densities=20k/30k;doses=0.67/1.0/1.47
4.0,627.1851849999999,194.63353502368517,false,joint_anchored_linear_kill,independent_diagnostic,A2780cis,20k,1.47,IC75,0.75,adaptation_theta_logistic_growth,densities=20k/30k;doses=0.67/1.0/1.47
5.0,1055.7064813333334,353.1160761900368,false,joint_anchored_linear_kill,independent_diagnostic,A2780cis,20k,1.47,IC75,0.75,adaptation_theta_logistic_growth,densities=20k/30k;doses=0.67/1.0/1.47
6.0,1644.4327546666666,662.6046214482908,false,joint_anchored_linear_kill,independent_diagnostic,A2780cis,20k,1.47,IC75,0.75,adaptation_theta_logistic_growth,densities=20k/30k;doses=0.67/1.0/1.47
7.0,1888.7926696666666,1193.3411256132736,false,joint_anchored_linear_kill,independent_diagnostic,A2780cis,20k,1.47,IC75,0.75,adaptation_theta_logistic_growth,densities=20k/30k;doses=0.67/1.0/1.47
8.0,1640.846373333333,1898.2519371553717,false,joint_anchored_linear_kill,independent_diagnostic,A2780cis,20k,1.47,IC75,0.75,adaptation_theta_logistic_growth,densities=20k/30k;doses=0.67/1.0/1.47
9.0,2390.4506556666665,2552.9629055881383,false,joint_anchored_linear_kill,independent_diagnostic,A2780cis,20k,1.47,IC75,0.75,adaptation_theta_logistic_growth,densities=20k/30k;doses=0.67/1.0/1.47
10.0,1885.2126543333334,2979.1736741836617,false,joint_anchored_linear_kill,independent_diagnostic,A2780cis,20k,1.47,IC75,0.75,adaptation_theta_logistic_growth,densities=20k/30k;doses=0.67/1.0/1.47
11.0,2693.7878856666666,3194.6694822972254,false,joint_anchored_linear_kill,independent_diagnostic,A2780cis,20k,1.47,IC75,0.75,adaptation_theta_logistic_growth,densities=20k/30k;doses=0.67/1.0/1.47
12.0,2554.914467666667,3290.7152580241172,false,joint_anchored_linear_kill,independent_diagnostic,A2780cis,20k,1.47,IC75,0.75,adaptation_theta_logistic_growth,densities=20k/30k;doses=0.67/1.0/1.47
13.0,3229.3090276666667,3332.620408008265,false,joint_anchored_linear_kill,independent_diagnostic,A2780cis,20k,1.47,IC75,0.75,adaptation_theta_logistic_growth,densities=20k/30k;doses=0.67/1.0/1.47
14.0,3171.784760666667,3352.0942798332862,false,joint_anchored_linear_kill,independent_diagnostic,A2780cis,20k,1.47,IC75,0.75,adaptation_theta_logistic_growth,densities=20k/30k;doses=0.67/1.0/1.47
0.0,100.0,100.0,true,joint_anchored_linear_kill,independent_diagnostic,A2780cis,30k,0.67,IC25,0.25,adaptation_theta_logistic_growth,densities=20k/30k;doses=0.67/1.0/1.47
1.0,119.12291633333332,105.0202516873963,false,joint_anchored_linear_kill,independent_diagnostic,A2780cis,30k,0.67,IC25,0.25,adaptation_theta_logistic_growth,densities=20k/30k;doses=0.67/1.0/1.47
2.0,208.10995366666666,136.80174973437326,false,joint_anchored_linear_kill,independent_diagnostic,A2780cis,30k,0.67,IC25,0.25,adaptation_theta_logistic_growth,densities=20k/30k;doses=0.67/1.0/1.47
3.0,381.1926696666667,210.66302940893567,false,joint_anchored_linear_kill,independent_diagnostic,A2780cis,30k,0.67,IC25,0.25,adaptation_theta_logistic_growth,densities=20k/30k;doses=0.67/1.0/1.47
4.0,731.6507716666666,365.3686781068331,false,joint_anchored_linear_kill,independent_diagnostic,A2780cis,30k,0.67,IC25,0.25,adaptation_theta_logistic_growth,densities=20k/30k;doses=0.67/1.0/1.47
5.0,1291.6760416666666,673.3822282635991,false,joint_anchored_linear_kill,independent_diagnostic,A2780cis,30k,0.67,IC25,0.25,adaptation_theta_logistic_growth,densities=20k/30k;doses=0.67/1.0/1.47
6.0,1980.2315586666666,1218.8507131476147,false,joint_anchored_linear_kill,independent_diagnostic,A2780cis,30k,0.67,IC25,0.25,adaptation_theta_logistic_growth,densities=20k/30k;doses=0.67/1.0/1.47
7.0,2670.8478393333335,1974.449450246055,false,joint_anchored_linear_kill,independent_diagnostic,A2780cis,30k,0.67,IC25,0.25,adaptation_theta_logistic_growth,densities=20k/30k;doses=0.67/1.0/1.47
8.0,2545.009915,2700.2089577558104,false,joint_anchored_linear_kill,independent_diagnostic,A2780cis,30k,0.67,IC25,0.25,adaptation_theta_logistic_growth,densities=20k/30k;doses=0.67/1.0/1.47
9.0,3548.7987266666664,3175.6125366439974,false,joint_anchored_linear_kill,independent_diagnostic,A2780cis,30k,0.67,IC25,0.25,adaptation_theta_logistic_growth,densities=20k/30k;doses=0.67/1.0/1.47
10.0,2897.7104553333334,3409.9036560402405,false,joint_anchored_linear_kill,independent_diagnostic,A2780cis,30k,0.67,IC25,0.25,adaptation_theta_logistic_growth,densities=20k/30k;doses=0.67/1.0/1.47
11.0,3797.833449333333,3508.9390500826744,false,joint_anchored_linear_kill,independent_diagnostic,A2780cis,30k,0.67,IC25,0.25,adaptation_theta_logistic_growth,densities=20k/30k;doses=0.67/1.0/1.47
12.0,2884.930285666667,3548.9174820175535,false,joint_anchored_linear_kill,independent_diagnostic,A2780cis,30k,0.67,IC25,0.25,adaptation_theta_logistic_growth,densities=20k/30k;doses=0.67/1.0/1.47
13.0,4146.366087666666,3565.7458328768394,false,joint_anchored_linear_kill,independent_diagnostic,A2780cis,30k,0.67,IC25,0.25,adaptation_theta_logistic_growth,densities=20k/30k;doses=0.67/1.0/1.47
14.0,3326.884761,3573.7360786925233,false,joint_anchored_linear_kill,independent_diagnostic,A2780cis,30k,0.67,IC25,0.25,adaptation_theta_logistic_growth,densities=20k/30k;doses=0.67/1.0/1.47
0.0,100.0,100.0,true,joint_anchored_linear_kill,independent_diagnostic,A2780cis,30k,1.0,IC50,0.5,adaptation_theta_logistic_growth,densities=20k/30k;doses=0.67/1.0/1.47
1.0,117.62118066666666,101.18340245663538,false,joint_anchored_linear_kill,independent_diagnostic,A2780cis,30k,1.0,IC50,0.5,adaptation_theta_logistic_growth,densities=20k/30k;doses=0.67/1.0/1.47
2.0,206.52970666666667,127.06159449230584,false,joint_anchored_linear_kill,independent_diagnostic,A2780cis,30k,1.0,IC50,0.5,adaptation_theta_logistic_growth,densities=20k/30k;doses=0.67/1.0/1.47
3.0,392.79753066666666,188.924539823686,false,joint_anchored_linear_kill,independent_diagnostic,A2780cis,30k,1.0,IC50,0.5,adaptation_theta_logistic_growth,densities=20k/30k;doses=0.67/1.0/1.47
4.0,793.1631946666666,317.6383531250935,false,joint_anchored_linear_kill,independent_diagnostic,A2780cis,30k,1.0,IC50,0.5,adaptation_theta_logistic_growth,densities=20k/30k;doses=0.67/1.0/1.47
5.0,1328.3501159999998,572.7696367914947,false,joint_anchored_linear_kill,independent_diagnostic,A2780cis,30k,1.0,IC50,0.5,adaptation_theta_logistic_growth,densities=20k/30k;doses=0.67/1.0/1.47
6.0,1947.6582176666668,1032.9539636197665,false,joint_anchored_linear_kill,independent_diagnostic,A2780cis,30k,1.0,IC50,0.5,adaptation_theta_logistic_growth,densities=20k/30k;doses=0.67/1.0/1.47
7.0,2594.510609333334,1708.9879954592182,false,joint_anchored_linear_kill,independent_diagnostic,A2780cis,30k,1.0,IC50,0.5,adaptation_theta_logistic_growth,densities=20k/30k;doses=0.67/1.0/1.47
8.0,2352.0106483333334,2425.1577118921978,false,joint_anchored_linear_kill,independent_diagnostic,A2780cis,30k,1.0,IC50,0.5,adaptation_theta_logistic_growth,densities=20k/30k;doses=0.67/1.0/1.47
9.0,3220.0850306666666,2948.8027153401463,false,joint_anchored_linear_kill,independent_diagnostic,A2780cis,30k,1.0,IC50,0.5,adaptation_theta_logistic_growth,densities=20k/30k;doses=0.67/1.0/1.47
10.0,2953.806751666667,3232.4277581465576,false,joint_anchored_linear_kill,independent_diagnostic,A2780cis,30k,1.0,IC50,0.5,adaptation_theta_logistic_growth,densities=20k/30k;doses=0.67/1.0/1.47
11.0,3595.1114196666663,3361.3738061192757,false,joint_anchored_linear_kill,independent_diagnostic,A2780cis,30k,1.0,IC50,0.5,adaptation_theta_logistic_growth,densities=20k/30k;doses=0.67/1.0/1.47
12.0,2534.660455333333,3416.5092429183087,false,joint_anchored_linear_kill,independent_diagnostic,A2780cis,30k,1.0,IC50,0.5,adaptation_theta_logistic_growth,densities=20k/30k;doses=0.67/1.0/1.47
13.0,3853.449228666667,3440.815437692083,false,joint_anchored_linear_kill,independent_diagnostic,A2780cis,30k,1.0,IC50,0.5,adaptation_theta_logistic_growth,densities=20k/30k;doses=0.67/1.0/1.47
14.0,4116.669907333334,3452.735289575721,false,joint_anchored_linear_kill,independent_diagnostic,A2780cis,30k,1.0,IC50,0.5,adaptation_theta_logistic_growth,densities=20k/30k;doses=0.67/1.0/1.47
0.0,100.0,100.0,true,joint_anchored_linear_kill,independent_diagnostic,A2780cis,30k,1.47,IC75,0.75,adaptation_theta_logistic_growth,densities=20k/30k;doses=0.67/1.0/1.47
1.0,73.88472200000001,95.95914389722455,false,joint_anchored_linear_kill,independent_diagnostic,A2780cis,30k,1.47,IC75,0.75,adaptation_theta_logistic_growth,densities=20k/30k;doses=0.67/1.0/1.47
2.0,143.64463766666665,114.3664687314104,false,joint_anchored_linear_kill,independent_diagnostic,A2780cis,30k,1.47,IC75,0.75,adaptation_theta_logistic_growth,densities=20k/30k;doses=0.67/1.0/1.47
3.0,301.875849,161.71373817694445,false,joint_anchored_linear_kill,independent_diagnostic,A2780cis,30k,1.47,IC75,0.75,adaptation_theta_logistic_growth,densities=20k/30k;doses=0.67/1.0/1.47
4.0,670.1066746666667,259.80474197095464,false,joint_anchored_linear_kill,independent_diagnostic,A2780cis,30k,1.47,IC75,0.75,adaptation_theta_logistic_growth,densities=20k/30k;doses=0.67/1.0/1.47
5.0,1170.9108796666667,452.6002391884526,false,joint_anchored_linear_kill,independent_diagnostic,A2780cis,30k,1.47,IC75,0.75,adaptation_theta_logistic_growth,densities=20k/30k;doses=0.67/1.0/1.47
6.0,1348.3380016666667,806.175259727631,false,joint_anchored_linear_kill,independent_diagnostic,A2780cis,30k,1.47,IC75,0.75,adaptation_theta_logistic_growth,densities=20k/30k;doses=0.67/1.0/1.47
7.0,1881.759761,1361.9694354681083,false,joint_anchored_linear_kill,independent_diagnostic,A2780cis,30k,1.47,IC75,0.75,adaptation_theta_logistic_growth,densities=20k/30k;doses=0.67/1.0/1.47
8.0,1606.1887733333333,2030.1182435529624,false,joint_anchored_linear_kill,independent_diagnostic,A2780cis,30k,1.47,IC75,0.75,adaptation_theta_logistic_growth,densities=20k/30k;doses=0.67/1.0/1.47
9.0,2421.258526333333,2601.2183247468265,false,joint_anchored_linear_kill,independent_diagnostic,A2780cis,30k,1.47,IC75,0.75,adaptation_theta_logistic_growth,densities=20k/30k;doses=0.67/1.0/1.47
10.0,1957.2380400000002,2957.8920135252133,false,joint_anchored_linear_kill,independent_diagnostic,A2780cis,30k,1.47,IC75,0.75,adaptation_theta_logistic_growth,densities=20k/30k;doses=0.67/1.0/1.47
11.0,2537.103395,3138.5095197597157,false,joint_anchored_linear_kill,independent_diagnostic,A2780cis,30k,1.47,IC75,0.75,adaptation_theta_logistic_growth,densities=20k/30k;doses=0.67/1.0/1.47
12.0,2244.322531,3221.7249778613896,false,joint_anchored_linear_kill,independent_diagnostic,A2780cis,30k,1.47,IC75,0.75,adaptation_theta_logistic_growth,densities=20k/30k;doses=0.67/1.0/1.47
13.0,2827.4429400000004,3260.105845710147,false,joint_anchored_linear_kill,independent_diagnostic,A2780cis,30k,1.47,IC75,0.75,adaptation_theta_logistic_growth,densities=20k/30k;doses=0.67/1.0/1.47
14.0,3433.938387333333,3279.222132906905,false,joint_anchored_linear_kill,independent_diagnostic,A2780cis,30k,1.47,IC75,0.75,adaptation_theta_logistic_growth,densities=20k/30k;doses=0.67/1.0/1.47
0.0,67.0,67.0,true,joint_ic_effect_hill_ramp,independent_diagnostic,A2780cis,20k,0.67,IC25,0.25,adaptation_theta_logistic_growth,densities=20k/30k;doses=0.67/1.0/1.47
1.0,79.832716,75.62887899198444,false,joint_ic_effect_hill_ramp,independent_diagnostic,A2780cis,20k,0.67,IC25,0.25,adaptation_theta_logistic_growth,densities=20k/30k;doses=0.67/1.0/1.47
2.0,136.68186733333332,105.1267662036484,false,joint_ic_effect_hill_ramp,independent_diagnostic,A2780cis,20k,0.67,IC25,0.25,adaptation_theta_logistic_growth,densities=20k/30k;doses=0.67/1.0/1.47
3.0,256.032137,171.62002776168416,false,joint_ic_effect_hill_ramp,independent_diagnostic,A2780cis,20k,0.67,IC25,0.25,adaptation_theta_logistic_growth,densities=20k/30k;doses=0.67/1.0/1.47
4.0,551.4876543333334,313.89572017873206,false,joint_ic_effect_hill_ramp,independent_diagnostic,A2780cis,20k,0.67,IC25,0.25,adaptation_theta_logistic_growth,densities=20k/30k;doses=0.67/1.0/1.47
5.0,932.248611,607.7405394899519,false,joint_ic_effect_hill_ramp,independent_diagnostic,A2780cis,20k,0.67,IC25,0.25,adaptation_theta_logistic_growth,densities=20k/30k;doses=0.67/1.0/1.47
6.0,1630.1435956666667,1150.743733881301,false,joint_ic_effect_hill_ramp,independent_diagnostic,A2780cis,20k,0.67,IC25,0.25,adaptation_theta_logistic_growth,densities=20k/30k;doses=0.67/1.0/1.47
7.0,2349.2489583333336,1932.1060028205995,false,joint_ic_effect_hill_ramp,independent_diagnostic,A2780cis,20k,0.67,IC25,0.25,adaptation_theta_logistic_growth,densities=20k/30k;doses=0.67/1.0/1.47
8.0,2344.200308666667,2695.6573693075084,false,joint_ic_effect_hill_ramp,independent_diagnostic,A2780cis,20k,0.67,IC25,0.25,adaptation_theta_logistic_growth,densities=20k/30k;doses=0.67/1.0/1.47
9.0,3261.814429,3187.080786273425,false,joint_ic_effect_hill_ramp,independent_diagnostic,A2780cis,20k,0.67,IC25,0.25,adaptation_theta_logistic_growth,densities=20k/30k;doses=0.67/1.0/1.47
10.0,2744.403163333333,3413.921729413381,false,joint_ic_effect_hill_ramp,independent_diagnostic,A2780cis,20k,0.67,IC25,0.25,adaptation_theta_logistic_growth,densities=20k/30k;doses=0.67/1.0/1.47
11.0,3624.0109566666665,3495.5189222202357,false,joint_ic_effect_hill_ramp,independent_diagnostic,A2780cis,20k,0.67,IC25,0.25,adaptation_theta_logistic_growth,densities=20k/30k;doses=0.67/1.0/1.47
12.0,2656.8393906666665,3515.928474257294,false,joint_ic_effect_hill_ramp,independent_diagnostic,A2780cis,20k,0.67,IC25,0.25,adaptation_theta_logistic_growth,densities=20k/30k;doses=0.67/1.0/1.47
13.0,3902.5750386666664,3513.6062842179213,false,joint_ic_effect_hill_ramp,independent_diagnostic,A2780cis,20k,0.67,IC25,0.25,adaptation_theta_logistic_growth,densities=20k/30k;doses=0.67/1.0/1.47
14.0,2987.771682,3503.4116629584514,false,joint_ic_effect_hill_ramp,independent_diagnostic,A2780cis,20k,0.67,IC25,0.25,adaptation_theta_logistic_growth,densities=20k/30k;doses=0.67/1.0/1.47
0.0,67.0,67.0,true,joint_ic_effect_hill_ramp,independent_diagnostic,A2780cis,20k,1.0,IC50,0.5,adaptation_theta_logistic_growth,densities=20k/30k;doses=0.67/1.0/1.47
1.0,82.57476866666666,75.23128926538622,false,joint_ic_effect_hill_ramp,independent_diagnostic,A2780cis,20k,1.0,IC50,0.5,adaptation_theta_logistic_growth,densities=20k/30k;doses=0.67/1.0/1.47
2.0,153.74926733333334,102.97023620112367,false,joint_ic_effect_hill_ramp,independent_diagnostic,A2780cis,20k,1.0,IC50,0.5,adaptation_theta_logistic_growth,densities=20k/30k;doses=0.67/1.0/1.47
3.0,298.6227236666667,163.97932052339968,false,joint_ic_effect_hill_ramp,independent_diagnostic,A2780cis,20k,1.0,IC50,0.5,adaptation_theta_logistic_growth,densities=20k/30k;doses=0.67/1.0/1.47
4.0,584.2937496666667,290.3770808203572,false,joint_ic_effect_hill_ramp,independent_diagnostic,A2780cis,20k,1.0,IC50,0.5,adaptation_theta_logistic_growth,densities=20k/30k;doses=0.67/1.0/1.47
5.0,1028.8575233333333,542.7303779997402,false,joint_ic_effect_hill_ramp,independent_diagnostic,A2780cis,20k,1.0,IC50,0.5,adaptation_theta_logistic_growth,densities=20k/30k;doses=0.67/1.0/1.47
6.0,1728.4681713333332,999.0848695661712,false,joint_ic_effect_hill_ramp,independent_diagnostic,A2780cis,20k,1.0,IC50,0.5,adaptation_theta_logistic_growth,densities=20k/30k;doses=0.67/1.0/1.47
7.0,2346.5103780000004,1664.0497488386745,false,joint_ic_effect_hill_ramp,independent_diagnostic,A2780cis,20k,1.0,IC50,0.5,adaptation_theta_logistic_growth,densities=20k/30k;doses=0.67/1.0/1.47
8.0,2305.3690973333332,2353.596793091667,false,joint_ic_effect_hill_ramp,independent_diagnostic,A2780cis,20k,1.0,IC50,0.5,adaptation_theta_logistic_growth,densities=20k/30k;doses=0.67/1.0/1.47
9.0,3049.6326773333335,2838.4297368492134,false,joint_ic_effect_hill_ramp,independent_diagnostic,A2780cis,20k,1.0,IC50,0.5,adaptation_theta_logistic_growth,densities=20k/30k;doses=0.67/1.0/1.47
10.0,3134.858873333333,3080.7128667606808,false,joint_ic_effect_hill_ramp,independent_diagnostic,A2780cis,20k,1.0,IC50,0.5,adaptation_theta_logistic_growth,densities=20k/30k;doses=0.67/1.0/1.47
11.0,3720.5385029999998,3169.8237375070808,false,joint_ic_effect_hill_ramp,independent_diagnostic,A2780cis,20k,1.0,IC50,0.5,adaptation_theta_logistic_growth,densities=20k/30k;doses=0.67/1.0/1.47
12.0,2824.6677086666664,3186.8192901709676,false,joint_ic_effect_hill_ramp,independent_diagnostic,A2780cis,20k,1.0,IC50,0.5,adaptation_theta_logistic_growth,densities=20k/30k;doses=0.67/1.0/1.47
13.0,3906.9917053333334,3174.383229457512,false,joint_ic_effect_hill_ramp,independent_diagnostic,A2780cis,20k,1.0,IC50,0.5,adaptation_theta_logistic_growth,densities=20k/30k;doses=0.67/1.0/1.47
14.0,4011.9759260000005,3150.8588750999616,false,joint_ic_effect_hill_ramp,independent_diagnostic,A2780cis,20k,1.0,IC50,0.5,adaptation_theta_logistic_growth,densities=20k/30k;doses=0.67/1.0/1.47
0.0,67.0,67.0,true,joint_ic_effect_hill_ramp,independent_diagnostic,A2780cis,20k,1.47,IC75,0.75,adaptation_theta_logistic_growth,densities=20k/30k;doses=0.67/1.0/1.47
1.0,66.07534733333334,74.9811200016249,false,joint_ic_effect_hill_ramp,independent_diagnostic,A2780cis,20k,1.47,IC75,0.75,adaptation_theta_logistic_growth,densities=20k/30k;doses=0.67/1.0/1.47
2.0,136.019406,101.63025049204863,false,joint_ic_effect_hill_ramp,independent_diagnostic,A2780cis,20k,1.47,IC75,0.75,adaptation_theta_logistic_growth,densities=20k/30k;doses=0.67/1.0/1.47
3.0,262.4119983333333,159.3253322755342,false,joint_ic_effect_hill_ramp,independent_diagnostic,A2780cis,20k,1.47,IC75,0.75,adaptation_theta_logistic_growth,densities=20k/30k;doses=0.67/1.0/1.47
4.0,627.1851849999999,276.40562211173295,false,joint_ic_effect_hill_ramp,independent_diagnostic,A2780cis,20k,1.47,IC75,0.75,adaptation_theta_logistic_growth,densities=20k/30k;doses=0.67/1.0/1.47
5.0,1055.7064813333334,505.02917955359766,false,joint_ic_effect_hill_ramp,independent_diagnostic,A2780cis,20k,1.47,IC75,0.75,adaptation_theta_logistic_growth,densities=20k/30k;doses=0.67/1.0/1.47
6.0,1644.4327546666666,912.0221356296322,false,joint_ic_effect_hill_ramp,independent_diagnostic,A2780cis,20k,1.47,IC75,0.75,adaptation_theta_logistic_growth,densities=20k/30k;doses=0.67/1.0/1.47
7.0,1888.7926696666666,1507.1860351757969,false,joint_ic_effect_hill_ramp,independent_diagnostic,A2780cis,20k,1.47,IC75,0.75,adaptation_theta_logistic_growth,densities=20k/30k;doses=0.67/1.0/1.47
8.0,1640.846373333333,2144.5068230946763,false,joint_ic_effect_hill_ramp,independent_diagnostic,A2780cis,20k,1.47,IC75,0.75,adaptation_theta_logistic_growth,densities=20k/30k;doses=0.67/1.0/1.47
9.0,2390.4506556666665,2617.3047716097535,false,joint_ic_effect_hill_ramp,independent_diagnostic,A2780cis,20k,1.47,IC75,0.75,adaptation_theta_logistic_growth,densities=20k/30k;doses=0.67/1.0/1.47
10.0,1885.2126543333334,2866.916666583719,false,joint_ic_effect_hill_ramp,independent_diagnostic,A2780cis,20k,1.47,IC75,0.75,adaptation_theta_logistic_growth,densities=20k/30k;doses=0.67/1.0/1.47
11.0,2693.7878856666666,2961.876312565254,false,joint_ic_effect_hill_ramp,independent_diagnostic,A2780cis,20k,1.47,IC75,0.75,adaptation_theta_logistic_growth,densities=20k/30k;doses=0.67/1.0/1.47
12.0,2554.914467666667,2978.4173769065073,false,joint_ic_effect_hill_ramp,independent_diagnostic,A2780cis,20k,1.47,IC75,0.75,adaptation_theta_logistic_growth,densities=20k/30k;doses=0.67/1.0/1.47
13.0,3229.3090276666667,2960.893085383907,false,joint_ic_effect_hill_ramp,independent_diagnostic,A2780cis,20k,1.47,IC75,0.75,adaptation_theta_logistic_growth,densities=20k/30k;doses=0.67/1.0/1.47
14.0,3171.784760666667,2929.784044326727,false,joint_ic_effect_hill_ramp,independent_diagnostic,A2780cis,20k,1.47,IC75,0.75,adaptation_theta_logistic_growth,densities=20k/30k;doses=0.67/1.0/1.47
0.0,100.0,100.0,true,joint_ic_effect_hill_ramp,independent_diagnostic,A2780cis,30k,0.67,IC25,0.25,adaptation_theta_logistic_growth,densities=20k/30k;doses=0.67/1.0/1.47
1.0,119.12291633333332,113.26186113689613,false,joint_ic_effect_hill_ramp,independent_diagnostic,A2780cis,30k,0.67,IC25,0.25,adaptation_theta_logistic_growth,densities=20k/30k;doses=0.67/1.0/1.47
2.0,208.10995366666666,158.90860537860655,false,joint_ic_effect_hill_ramp,independent_diagnostic,A2780cis,30k,0.67,IC25,0.25,adaptation_theta_logistic_growth,densities=20k/30k;doses=0.67/1.0/1.47
3.0,381.1926696666667,262.5664398162292,false,joint_ic_effect_hill_ramp,independent_diagnostic,A2780cis,30k,0.67,IC25,0.25,adaptation_theta_logistic_growth,densities=20k/30k;doses=0.67/1.0/1.47
4.0,731.6507716666666,483.81190311053444,false,joint_ic_effect_hill_ramp,independent_diagnostic,A2780cis,30k,0.67,IC25,0.25,adaptation_theta_logistic_growth,densities=20k/30k;doses=0.67/1.0/1.47
5.0,1291.6760416666666,925.4529214331944,false,joint_ic_effect_hill_ramp,independent_diagnostic,A2780cis,30k,0.67,IC25,0.25,adaptation_theta_logistic_growth,densities=20k/30k;doses=0.67/1.0/1.47
6.0,1980.2315586666666,1664.2715988921245,false,joint_ic_effect_hill_ramp,independent_diagnostic,A2780cis,30k,0.67,IC25,0.25,adaptation_theta_logistic_growth,densities=20k/30k;doses=0.67/1.0/1.47
7.0,2670.8478393333335,2547.882024260465,false,joint_ic_effect_hill_ramp,independent_diagnostic,A2780cis,30k,0.67,IC25,0.25,adaptation_theta_logistic_growth,densities=20k/30k;doses=0.67/1.0/1.47
8.0,2545.009915,3232.4866520725486,false,joint_ic_effect_hill_ramp,independent_diagnostic,A2780cis,30k,0.67,IC25,0.25,adaptation_theta_logistic_growth,densities=20k/30k;doses=0.67/1.0/1.47
9.0,3548.7987266666664,3592.779349304898,false,joint_ic_effect_hill_ramp,independent_diagnostic,A2780cis,30k,0.67,IC25,0.25,adaptation_theta_logistic_growth,densities=20k/30k;doses=0.67/1.0/1.47
10.0,2897.7104553333334,3740.22631140306,false,joint_ic_effect_hill_ramp,independent_diagnostic,A2780cis,30k,0.67,IC25,0.25,adaptation_theta_logistic_growth,densities=20k/30k;doses=0.67/1.0/1.47
11.0,3797.833449333333,3792.910164115655,false,joint_ic_effect_hill_ramp,independent_diagnostic,A2780cis,30k,0.67,IC25,0.25,adaptation_theta_logistic_growth,densities=20k/30k;doses=0.67/1.0/1.47
12.0,2884.930285666667,3810.4281188709215,false,joint_ic_effect_hill_ramp,independent_diagnostic,A2780cis,30k,0.67,IC25,0.25,adaptation_theta_logistic_growth,densities=20k/30k;doses=0.67/1.0/1.47
13.0,4146.366087666666,3816.0048366660762,false,joint_ic_effect_hill_ramp,independent_diagnostic,A2780cis,30k,0.67,IC25,0.25,adaptation_theta_logistic_growth,densities=20k/30k;doses=0.67/1.0/1.47
14.0,3326.884761,3817.719806614783,false,joint_ic_effect_hill_ramp,independent_diagnostic,A2780cis,30k,0.67,IC25,0.25,adaptation_theta_logistic_growth,densities=20k/30k;doses=0.67/1.0/1.47
0.0,100.0,100.0,true,joint_ic_effect_hill_ramp,independent_diagnostic,A2780cis,30k,1.0,IC50,0.5,adaptation_theta_logistic_growth,densities=20k/30k;doses=0.67/1.0/1.47
1.0,117.62118066666666,112.61866971848261,false,joint_ic_effect_hill_ramp,independent_diagnostic,A2780cis,30k,1.0,IC50,0.5,adaptation_theta_logistic_growth,densities=20k/30k;doses=0.67/1.0/1.47
2.0,206.52970666666667,155.39271035658595,false,joint_ic_effect_hill_ramp,independent_diagnostic,A2780cis,30k,1.0,IC50,0.5,adaptation_theta_logistic_growth,densities=20k/30k;doses=0.67/1.0/1.47
3.0,392.79753066666666,250.02455411948947,false,joint_ic_effect_hill_ramp,independent_diagnostic,A2780cis,30k,1.0,IC50,0.5,adaptation_theta_logistic_growth,densities=20k/30k;doses=0.67/1.0/1.47
4.0,793.1631946666666,445.4236502003978,false,joint_ic_effect_hill_ramp,independent_diagnostic,A2780cis,30k,1.0,IC50,0.5,adaptation_theta_logistic_growth,densities=20k/30k;doses=0.67/1.0/1.47
5.0,1328.3501159999998,823.5523576170858,false,joint_ic_effect_hill_ramp,independent_diagnostic,A2780cis,30k,1.0,IC50,0.5,adaptation_theta_logistic_growth,densities=20k/30k;doses=0.67/1.0/1.47
6.0,1947.6582176666668,1449.7794256748198,false,joint_ic_effect_hill_ramp,independent_diagnostic,A2780cis,30k,1.0,IC50,0.5,adaptation_theta_logistic_growth,densities=20k/30k;doses=0.67/1.0/1.47
7.0,2594.510609333334,2223.4167172889074,false,joint_ic_effect_hill_ramp,independent_diagnostic,A2780cis,30k,1.0,IC50,0.5,adaptation_theta_logistic_growth,densities=20k/30k;doses=0.67/1.0/1.47
8.0,2352.0106483333334,2868.6928949767716,false,joint_ic_effect_hill_ramp,independent_diagnostic,A2780cis,30k,1.0,IC50,0.5,adaptation_theta_logistic_growth,densities=20k/30k;doses=0.67/1.0/1.47
9.0,3220.0850306666666,3237.045088937173,false,joint_ic_effect_hill_ramp,independent_diagnostic,A2780cis,30k,1.0,IC50,0.5,adaptation_theta_logistic_growth,densities=20k/30k;doses=0.67/1.0/1.47
10.0,2953.806751666667,3393.649909329804,false,joint_ic_effect_hill_ramp,independent_diagnostic,A2780cis,30k,1.0,IC50,0.5,adaptation_theta_logistic_growth,densities=20k/30k;doses=0.67/1.0/1.47
11.0,3595.1114196666663,3443.821587737527,false,joint_ic_effect_hill_ramp,independent_diagnostic,A2780cis,30k,1.0,IC50,0.5,adaptation_theta_logistic_growth,densities=20k/30k;doses=0.67/1.0/1.47
12.0,2534.660455333333,3450.255260815297,false,joint_ic_effect_hill_ramp,independent_diagnostic,A2780cis,30k,1.0,IC50,0.5,adaptation_theta_logistic_growth,densities=20k/30k;doses=0.67/1.0/1.47
13.0,3853.449228666667,3440.425244129754,false,joint_ic_effect_hill_ramp,independent_diagnostic,A2780cis,30k,1.0,IC50,0.5,adaptation_theta_logistic_growth,densities=20k/30k;doses=0.67/1.0/1.47
14.0,4116.669907333334,3424.919155793792,false,joint_ic_effect_hill_ramp,independent_diagnostic,A2780cis,30k,1.0,IC50,0.5,adaptation_theta_logistic_growth,densities=20k/30k;doses=0.67/1.0/1.47
0.0,100.0,100.0,true,joint_ic_effect_hill_ramp,independent_diagnostic,A2780cis,30k,1.47,IC75,0.75,adaptation_theta_logistic_growth,densities=20k/30k;doses=0.67/1.0/1.47
1.0,73.88472200000001,111.17775679237201,false,joint_ic_effect_hill_ramp,independent_diagnostic,A2780cis,30k,1.47,IC75,0.75,adaptation_theta_logistic_growth,densities=20k/30k;doses=0.67/1.0/1.47
2.0,143.64463766666665,147.72540789035793,false,joint_ic_effect_hill_ramp,independent_diagnostic,A2780cis,30k,1.47,IC75,0.75,adaptation_theta_logistic_growth,densities=20k/30k;doses=0.67/1.0/1.47
3.0,301.875849,223.79603176470312,false,joint_ic_effect_hill_ramp,independent_diagnostic,A2780cis,30k,1.47,IC75,0.75,adaptation_theta_logistic_growth,densities=20k/30k;doses=0.67/1.0/1.47
4.0,670.1066746666667,369.0590231619578,false,joint_ic_effect_hill_ramp,independent_diagnostic,A2780cis,30k,1.47,IC75,0.75,adaptation_theta_logistic_growth,densities=20k/30k;doses=0.67/1.0/1.47
5.0,1170.9108796666667,629.0669702757908,false,joint_ic_effect_hill_ramp,independent_diagnostic,A2780cis,30k,1.47,IC75,0.75,adaptation_theta_logistic_growth,densities=20k/30k;doses=0.67/1.0/1.47
6.0,1348.3380016666667,1041.6870195834988,false,joint_ic_effect_hill_ramp,independent_diagnostic,A2780cis,30k,1.47,IC75,0.75,adaptation_theta_logistic_growth,densities=20k/30k;doses=0.67/1.0/1.47
7.0,1881.759761,1571.2209899793622,false,joint_ic_effect_hill_ramp,independent_diagnostic,A2780cis,30k,1.47,IC75,0.75,adaptation_theta_logistic_growth,densities=20k/30k;doses=0.67/1.0/1.47
8.0,1606.1887733333333,2076.1064121650898,false,joint_ic_effect_hill_ramp,independent_diagnostic,A2780cis,30k,1.47,IC75,0.75,adaptation_theta_logistic_growth,densities=20k/30k;doses=0.67/1.0/1.47
9.0,2421.258526333333,2422.6047993770244,false,joint_ic_effect_hill_ramp,independent_diagnostic,A2780cis,30k,1.47,IC75,0.75,adaptation_theta_logistic_growth,densities=20k/30k;doses=0.67/1.0/1.47
10.0,1957.2380400000002,2594.532155370292,false,joint_ic_effect_hill_ramp,independent_diagnostic,A2780cis,30k,1.47,IC75,0.75,adaptation_theta_logistic_growth,densities=20k/30k;doses=0.67/1.0/1.47
11.0,2537.103395,2648.5804952585804,false,joint_ic_effect_hill_ramp,independent_diagnostic,A2780cis,30k,1.47,IC75,0.75,adaptation_theta_logistic_growth,densities=20k/30k;doses=0.67/1.0/1.47
12.0,2244.322531,2640.462356514432,false,joint_ic_effect_hill_ramp,independent_diagnostic,A2780cis,30k,1.47,IC75,0.75,adaptation_theta_logistic_growth,densities=20k/30k;doses=0.67/1.0/1.47
13.0,2827.4429400000004,2603.5121444058664,false,joint_ic_effect_hill_ramp,independent_diagnostic,A2780cis,30k,1.47,IC75,0.75,adaptation_theta_logistic_growth,densities=20k/30k;doses=0.67/1.0/1.47
14.0,3433.938387333333,2554.175349792278,false,joint_ic_effect_hill_ramp,independent_diagnostic,A2780cis,30k,1.47,IC75,0.75,adaptation_theta_logistic_growth,densities=20k/30k;doses=0.67/1.0/1.47
0.0,67.0,67.0,true,joint_ic_effect_hill_ramp_onset,independent_diagnostic,A2780cis,20k,0.67,IC25,0.25,adaptation_theta_logistic_growth,densities=20k/30k;doses=0.67/1.0/1.47
1.0,79.832716,75.9824022820412,false,joint_ic_effect_hill_ramp_onset,independent_diagnostic,A2780cis,20k,0.67,IC25,0.25,adaptation_theta_logistic_growth,densities=20k/30k;doses=0.67/1.0/1.47
2.0,136.68186733333332,107.07226099268983,false,joint_ic_effect_hill_ramp_onset,independent_diagnostic,A2780cis,20k,0.67,IC25,0.25,adaptation_theta_logistic_growth,densities=20k/30k;doses=0.67/1.0/1.47
3.0,256.032137,177.8729210244114,false,joint_ic_effect_hill_ramp_onset,independent_diagnostic,A2780cis,20k,0.67,IC25,0.25,adaptation_theta_logistic_growth,densities=20k/30k;doses=0.67/1.0/1.47
4.0,551.4876543333334,329.261533756659,false,joint_ic_effect_hill_ramp_onset,independent_diagnostic,A2780cis,20k,0.67,IC25,0.25,adaptation_theta_logistic_growth,densities=20k/30k;doses=0.67/1.0/1.47
5.0,932.248611,640.8651158684203,false,joint_ic_effect_hill_ramp_onset,independent_diagnostic,A2780cis,20k,0.67,IC25,0.25,adaptation_theta_logistic_growth,densities=20k/30k;doses=0.67/1.0/1.47
6.0,1630.1435956666667,1209.2891741534959,false,joint_ic_effect_hill_ramp_onset,independent_diagnostic,A2780cis,20k,0.67,IC25,0.25,adaptation_theta_logistic_growth,densities=20k/30k;doses=0.67/1.0/1.47
7.0,2349.2489583333336,2005.7003941879962,false,joint_ic_effect_hill_ramp_onset,independent_diagnostic,A2780cis,20k,0.67,IC25,0.25,adaptation_theta_logistic_growth,densities=20k/30k;doses=0.67/1.0/1.47
8.0,2344.200308666667,2756.0049043935205,false,joint_ic_effect_hill_ramp_onset,independent_diagnostic,A2780cis,20k,0.67,IC25,0.25,adaptation_theta_logistic_growth,densities=20k/30k;doses=0.67/1.0/1.47
9.0,3261.814429,3221.7183867595572,false,joint_ic_effect_hill_ramp_onset,independent_diagnostic,A2780cis,20k,0.67,IC25,0.25,adaptation_theta_logistic_growth,densities=20k/30k;doses=0.67/1.0/1.47
10.0,2744.403163333333,3429.9596245601124,false,joint_ic_effect_hill_ramp_onset,independent_diagnostic,A2780cis,20k,0.67,IC25,0.25,adaptation_theta_logistic_growth,densities=20k/30k;doses=0.67/1.0/1.47
11.0,3624.0109566666665,3502.0783151503547,false,joint_ic_effect_hill_ramp_onset,independent_diagnostic,A2780cis,20k,0.67,IC25,0.25,adaptation_theta_logistic_growth,densities=20k/30k;doses=0.67/1.0/1.47
12.0,2656.8393906666665,3518.4384890778,false,joint_ic_effect_hill_ramp_onset,independent_diagnostic,A2780cis,20k,0.67,IC25,0.25,adaptation_theta_logistic_growth,densities=20k/30k;doses=0.67/1.0/1.47
13.0,3902.5750386666664,3514.8634104020775,false,joint_ic_effect_hill_ramp_onset,independent_diagnostic,A2780cis,20k,0.67,IC25,0.25,adaptation_theta_logistic_growth,densities=20k/30k;doses=0.67/1.0/1.47
14.0,2987.771682,3504.958776087534,false,joint_ic_effect_hill_ramp_onset,independent_diagnostic,A2780cis,20k,0.67,IC25,0.25,adaptation_theta_logistic_growth,densities=20k/30k;doses=0.67/1.0/1.47
0.0,67.0,67.0,true,joint_ic_effect_hill_ramp_onset,independent_diagnostic,A2780cis,20k,1.0,IC50,0.5,adaptation_theta_logistic_growth,densities=20k/30k;doses=0.67/1.0/1.47
1.0,82.57476866666666,75.9824022820412,false,joint_ic_effect_hill_ramp_onset,independent_diagnostic,A2780cis,20k,1.0,IC50,0.5,adaptation_theta_logistic_growth,densities=20k/30k;doses=0.67/1.0/1.47
2.0,153.74926733333334,107.07226099268983,false,joint_ic_effect_hill_ramp_onset,independent_diagnostic,A2780cis,20k,1.0,IC50,0.5,adaptation_theta_logistic_growth,densities=20k/30k;doses=0.67/1.0/1.47
3.0,298.6227236666667,176.77720638245606,false,joint_ic_effect_hill_ramp_onset,independent_diagnostic,A2780cis,20k,1.0,IC50,0.5,adaptation_theta_logistic_growth,densities=20k/30k;doses=0.67/1.0/1.47
4.0,584.2937496666667,319.8930777413233,false,joint_ic_effect_hill_ramp_onset,independent_diagnostic,A2780cis,20k,1.0,IC50,0.5,adaptation_theta_logistic_growth,densities=20k/30k;doses=0.67/1.0/1.47
5.0,1028.8575233333333,601.2704435356426,false,joint_ic_effect_hill_ramp_onset,independent_diagnostic,A2780cis,20k,1.0,IC50,0.5,adaptation_theta_logistic_growth,densities=20k/30k;doses=0.67/1.0/1.47
6.0,1728.4681713333332,1093.3552981937878,false,joint_ic_effect_hill_ramp_onset,independent_diagnostic,A2780cis,20k,1.0,IC50,0.5,adaptation_theta_logistic_growth,densities=20k/30k;doses=0.67/1.0/1.47
7.0,2346.5103780000004,1770.8293639218857,false,joint_ic_effect_hill_ramp_onset,independent_diagnostic,A2780cis,20k,1.0,IC50,0.5,adaptation_theta_logistic_growth,densities=20k/30k;doses=0.67/1.0/1.47
8.0,2305.3690973333332,2424.8124928199504,false,joint_ic_effect_hill_ramp_onset,independent_diagnostic,A2780cis,20k,1.0,IC50,0.5,adaptation_theta_logistic_growth,densities=20k/30k;doses=0.67/1.0/1.47
9.0,3049.6326773333335,2853.506351976215,false,joint_ic_effect_hill_ramp_onset,independent_diagnostic,A2780cis,20k,1.0,IC50,0.5,adaptation_theta_logistic_growth,densities=20k/30k;doses=0.67/1.0/1.47
10.0,3134.858873333333,3053.508843892607,false,joint_ic_effect_hill_ramp_onset,independent_diagnostic,A2780cis,20k,1.0,IC50,0.5,adaptation_theta_logistic_growth,densities=20k/30k;doses=0.67/1.0/1.47
11.0,3720.5385029999998,3118.7682797263024,false,joint_ic_effect_hill_ramp_onset,independent_diagnostic,A2780cis,20k,1.0,IC50,0.5,adaptation_theta_logistic_growth,densities=20k/30k;doses=0.67/1.0/1.47
12.0,2824.6677086666664,3123.3788457198834,false,joint_ic_effect_hill_ramp_onset,independent_diagnostic,A2780cis,20k,1.0,IC50,0.5,adaptation_theta_logistic_growth,densities=20k/30k;doses=0.67/1.0/1.47
13.0,3906.9917053333334,3104.6567741117633,false,joint_ic_effect_hill_ramp_onset,independent_diagnostic,A2780cis,20k,1.0,IC50,0.5,adaptation_theta_logistic_growth,densities=20k/30k;doses=0.67/1.0/1.47
14.0,4011.9759260000005,3078.3103261819433,false,joint_ic_effect_hill_ramp_onset,independent_diagnostic,A2780cis,20k,1.0,IC50,0.5,adaptation_theta_logistic_growth,densities=20k/30k;doses=0.67/1.0/1.47
0.0,67.0,67.0,true,joint_ic_effect_hill_ramp_onset,independent_diagnostic,A2780cis,20k,1.47,IC75,0.75,adaptation_theta_logistic_growth,densities=20k/30k;doses=0.67/1.0/1.47
1.0,66.07534733333334,75.9824022820412,false,joint_ic_effect_hill_ramp_onset,independent_diagnostic,A2780cis,20k,1.47,IC75,0.75,adaptation_theta_logistic_growth,densities=20k/30k;doses=0.67/1.0/1.47
2.0,136.019406,107.07226099268983,false,joint_ic_effect_hill_ramp_onset,independent_diagnostic,A2780cis,20k,1.47,IC75,0.75,adaptation_theta_logistic_growth,densities=20k/30k;doses=0.67/1.0/1.47
3.0,262.4119983333333,176.02348378091676,false,joint_ic_effect_hill_ramp_onset,independent_diagnostic,A2780cis,20k,1.47,IC75,0.75,adaptation_theta_logistic_growth,densities=20k/30k;doses=0.67/1.0/1.47
4.0,627.1851849999999,313.56852614954335,false,joint_ic_effect_hill_ramp_onset,independent_diagnostic,A2780cis,20k,1.47,IC75,0.75,adaptation_theta_logistic_growth,densities=20k/30k;doses=0.67/1.0/1.47
5.0,1055.7064813333334,575.2536889742847,false,joint_ic_effect_hill_ramp_onset,independent_diagnostic,A2780cis,20k,1.47,IC75,0.75,adaptation_theta_logistic_growth,densities=20k/30k;doses=0.67/1.0/1.47
6.0,1644.4327546666666,1018.8601771817368,false,joint_ic_effect_hill_ramp_onset,independent_diagnostic,A2780cis,20k,1.47,IC75,0.75,adaptation_theta_logistic_growth,densities=20k/30k;doses=0.67/1.0/1.47
7.0,1888.7926696666666,1619.7892040137083,false,joint_ic_effect_hill_ramp_onset,independent_diagnostic,A2780cis,20k,1.47,IC75,0.75,adaptation_theta_logistic_growth,densities=20k/30k;doses=0.67/1.0/1.47
8.0,1640.846373333333,2206.130183575118,false,joint_ic_effect_hill_ramp_onset,independent_diagnostic,A2780cis,20k,1.47,IC75,0.75,adaptation_theta_logistic_growth,densities=20k/30k;doses=0.67/1.0/1.47
9.0,2390.4506556666665,2603.294300127092,false,joint_ic_effect_hill_ramp_onset,independent_diagnostic,A2780cis,20k,1.47,IC75,0.75,adaptation_theta_logistic_growth,densities=20k/30k;doses=0.67/1.0/1.47
10.0,1885.2126543333334,2794.258559824454,false,joint_ic_effect_hill_ramp_onset,independent_diagnostic,A2780cis,20k,1.47,IC75,0.75,adaptation_theta_logistic_growth,densities=20k/30k;doses=0.67/1.0/1.47
11.0,2693.7878856666666,2854.578231894119,false,joint_ic_effect_hill_ramp_onset,independent_diagnostic,A2780cis,20k,1.47,IC75,0.75,adaptation_theta_logistic_growth,densities=20k/30k;doses=0.67/1.0/1.47
12.0,2554.914467666667,2852.0143127236274,false,joint_ic_effect_hill_ramp_onset,independent_diagnostic,A2780cis,20k,1.47,IC75,0.75,adaptation_theta_logistic_growth,densities=20k/30k;doses=0.67/1.0/1.47
13.0,3229.3090276666667,2823.797552984478,false,joint_ic_effect_hill_ramp_onset,independent_diagnostic,A2780cis,20k,1.47,IC75,0.75,adaptation_theta_logistic_growth,densities=20k/30k;doses=0.67/1.0/1.47
14.0,3171.784760666667,2786.7871036971687,false,joint_ic_effect_hill_ramp_onset,independent_diagnostic,A2780cis,20k,1.47,IC75,0.75,adaptation_theta_logistic_growth,densities=20k/30k;doses=0.67/1.0/1.47
0.0,100.0,100.0,true,joint_ic_effect_hill_ramp_onset,independent_diagnostic,A2780cis,30k,0.67,IC25,0.25,adaptation_theta_logistic_growth,densities=20k/30k;doses=0.67/1.0/1.47
1.0,119.12291633333332,113.26275189781683,false,joint_ic_effect_hill_ramp_onset,independent_diagnostic,A2780cis,30k,0.67,IC25,0.25,adaptation_theta_logistic_growth,densities=20k/30k;doses=0.67/1.0/1.47
2.0,208.10995366666666,158.913515552927,false,joint_ic_effect_hill_ramp_onset,independent_diagnostic,A2780cis,30k,0.67,IC25,0.25,adaptation_theta_logistic_growth,densities=20k/30k;doses=0.67/1.0/1.47
3.0,381.1926696666667,262.58417740621553,false,joint_ic_effect_hill_ramp_onset,independent_diagnostic,A2780cis,30k,0.67,IC25,0.25,adaptation_theta_logistic_growth,densities=20k/30k;doses=0.67/1.0/1.47
4.0,731.6507716666666,483.1900220069209,false,joint_ic_effect_hill_ramp_onset,independent_diagnostic,A2780cis,30k,0.67,IC25,0.25,adaptation_theta_logistic_growth,densities=20k/30k;doses=0.67/1.0/1.47
5.0,1291.6760416666666,909.0544325788219,false,joint_ic_effect_hill_ramp_onset,independent_diagnostic,A2780cis,30k,0.67,IC25,0.25,adaptation_theta_logistic_growth,densities=20k/30k;doses=0.67/1.0/1.47
6.0,1980.2315586666666,1598.3221068570642,false,joint_ic_effect_hill_ramp_onset,independent_diagnostic,A2780cis,30k,0.67,IC25,0.25,adaptation_theta_logistic_growth,densities=20k/30k;doses=0.67/1.0/1.47
7.0,2670.8478393333335,2413.1103862256155,false,joint_ic_effect_hill_ramp_onset,independent_diagnostic,A2780cis,30k,0.67,IC25,0.25,adaptation_theta_logistic_growth,densities=20k/30k;doses=0.67/1.0/1.47
8.0,2545.009915,3056.636572082983,false,joint_ic_effect_hill_ramp_onset,independent_diagnostic,A2780cis,30k,0.67,IC25,0.25,adaptation_theta_logistic_growth,densities=20k/30k;doses=0.67/1.0/1.47
9.0,3548.7987266666664,3410.4680077864587,false,joint_ic_effect_hill_ramp_onset,independent_diagnostic,A2780cis,30k,0.67,IC25,0.25,adaptation_theta_logistic_growth,densities=20k/30k;doses=0.67/1.0/1.47
10.0,2897.7104553333334,3563.908961906225,false,joint_ic_effect_hill_ramp_onset,independent_diagnostic,A2780cis,30k,0.67,IC25,0.25,adaptation_theta_logistic_growth,densities=20k/30k;doses=0.67/1.0/1.47
11.0,3797.833449333333,3623.0324050791614,false,joint_ic_effect_hill_ramp_onset,independent_diagnostic,A2780cis,30k,0.67,IC25,0.25,adaptation_theta_logistic_growth,densities=20k/30k;doses=0.67/1.0/1.47
12.0,2884.930285666667,3645.1834741036073,false,joint_ic_effect_hill_ramp_onset,independent_diagnostic,A2780cis,30k,0.67,IC25,0.25,adaptation_theta_logistic_growth,densities=20k/30k;doses=0.67/1.0/1.47
13.0,4146.366087666666,3653.9897134522935,false,joint_ic_effect_hill_ramp_onset,independent_diagnostic,A2780cis,30k,0.67,IC25,0.25,adaptation_theta_logistic_growth,densities=20k/30k;doses=0.67/1.0/1.47
14.0,3326.884761,3658.0827452747276,false,joint_ic_effect_hill_ramp_onset,independent_diagnostic,A2780cis,30k,0.67,IC25,0.25,adaptation_theta_logistic_growth,densities=20k/30k;doses=0.67/1.0/1.47
0.0,100.0,100.0,true,joint_ic_effect_hill_ramp_onset,independent_diagnostic,A2780cis,30k,1.0,IC50,0.5,adaptation_theta_logistic_growth,densities=20k/30k;doses=0.67/1.0/1.47
1.0,117.62118066666666,113.26275189781683,false,joint_ic_effect_hill_ramp_onset,independent_diagnostic,A2780cis,30k,1.0,IC50,0.5,adaptation_theta_logistic_growth,densities=20k/30k;doses=0.67/1.0/1.47
2.0,206.52970666666667,158.913515552927,false,joint_ic_effect_hill_ramp_onset,independent_diagnostic,A2780cis,30k,1.0,IC50,0.5,adaptation_theta_logistic_growth,densities=20k/30k;doses=0.67/1.0/1.47
3.0,392.79753066666666,262.58417740621553,false,joint_ic_effect_hill_ramp_onset,independent_diagnostic,A2780cis,30k,1.0,IC50,0.5,adaptation_theta_logistic_growth,densities=20k/30k;doses=0.67/1.0/1.47
4.0,793.1631946666666,481.0989224860434,false,joint_ic_effect_hill_ramp_onset,independent_diagnostic,A2780cis,30k,1.0,IC50,0.5,adaptation_theta_logistic_growth,densities=20k/30k;doses=0.67/1.0/1.47
5.0,1328.3501159999998,859.5683975243752,false,joint_ic_effect_hill_ramp_onset,independent_diagnostic,A2780cis,30k,1.0,IC50,0.5,adaptation_theta_logistic_growth,densities=20k/30k;doses=0.67/1.0/1.47
6.0,1947.6582176666668,1407.029588923726,false,joint_ic_effect_hill_ramp_onset,independent_diagnostic,A2780cis,30k,1.0,IC50,0.5,adaptation_theta_logistic_growth,densities=20k/30k;doses=0.67/1.0/1.47
7.0,2594.510609333334,2023.497106378645,false,joint_ic_effect_hill_ramp_onset,independent_diagnostic,A2780cis,30k,1.0,IC50,0.5,adaptation_theta_logistic_growth,densities=20k/30k;doses=0.67/1.0/1.47
8.0,2352.0106483333334,2532.8901935507383,false,joint_ic_effect_hill_ramp_onset,independent_diagnostic,A2780cis,30k,1.0,IC50,0.5,adaptation_theta_logistic_growth,densities=20k/30k;doses=0.67/1.0/1.47
9.0,3220.0850306666666,2850.4607584709024,false,joint_ic_effect_hill_ramp_onset,independent_diagnostic,A2780cis,30k,1.0,IC50,0.5,adaptation_theta_logistic_growth,densities=20k/30k;doses=0.67/1.0/1.47
10.0,2953.806751666667,3014.222853379792,false,joint_ic_effect_hill_ramp_onset,independent_diagnostic,A2780cis,30k,1.0,IC50,0.5,adaptation_theta_logistic_growth,densities=20k/30k;doses=0.67/1.0/1.47
11.0,3595.1114196666663,3091.8973952581214,false,joint_ic_effect_hill_ramp_onset,independent_diagnostic,A2780cis,30k,1.0,IC50,0.5,adaptation_theta_logistic_growth,densities=20k/30k;doses=0.67/1.0/1.47
12.0,2534.660455333333,3129.2826216230555,false,joint_ic_effect_hill_ramp_onset,independent_diagnostic,A2780cis,30k,1.0,IC50,0.5,adaptation_theta_logistic_growth,densities=20k/30k;doses=0.67/1.0/1.47
13.0,3853.449228666667,3149.1408149989575,false,joint_ic_effect_hill_ramp_onset,independent_diagnostic,A2780cis,30k,1.0,IC50,0.5,adaptation_theta_logistic_growth,densities=20k/30k;doses=0.67/1.0/1.47
14.0,4116.669907333334,3161.317748786661,false,joint_ic_effect_hill_ramp_onset,independent_diagnostic,A2780cis,30k,1.0,IC50,0.5,adaptation_theta_logistic_growth,densities=20k/30k;doses=0.67/1.0/1.47
0.0,100.0,100.0,true,joint_ic_effect_hill_ramp_onset,independent_diagnostic,A2780cis,30k,1.47,IC75,0.75,adaptation_theta_logistic_growth,densities=20k/30k;doses=0.67/1.0/1.47
1.0,73.88472200000001,113.26275189781683,false,joint_ic_effect_hill_ramp_onset,independent_diagnostic,A2780cis,30k,1.47,IC75,0.75,adaptation_theta_logistic_growth,densities=20k/30k;doses=0.67/1.0/1.47
2.0,143.64463766666665,158.913515552927,false,joint_ic_effect_hill_ramp_onset,independent_diagnostic,A2780cis,30k,1.47,IC75,0.75,adaptation_theta_logistic_growth,densities=20k/30k;doses=0.67/1.0/1.47
3.0,301.875849,262.58417740621553,false,joint_ic_effect_hill_ramp_onset,independent_diagnostic,A2780cis,30k,1.47,IC75,0.75,adaptation_theta_logistic_growth,densities=20k/30k;doses=0.67/1.0/1.47
4.0,670.1066746666667,479.60049853955167,false,joint_ic_effect_hill_ramp_onset,independent_diagnostic,A2780cis,30k,1.47,IC75,0.75,adaptation_theta_logistic_growth,densities=20k/30k;doses=0.67/1.0/1.47
5.0,1170.9108796666667,825.5756202084458,false,joint_ic_effect_hill_ramp_onset,independent_diagnostic,A2780cis,30k,1.47,IC75,0.75,adaptation_theta_logistic_growth,densities=20k/30k;doses=0.67/1.0/1.47
6.0,1348.3380016666667,1281.8725814281765,false,joint_ic_effect_hill_ramp_onset,independent_diagnostic,A2780cis,30k,1.47,IC75,0.75,adaptation_theta_logistic_growth,densities=20k/30k;doses=0.67/1.0/1.47
7.0,1881.759761,1771.1170468851606,false,joint_ic_effect_hill_ramp_onset,independent_diagnostic,A2780cis,30k,1.47,IC75,0.75,adaptation_theta_logistic_growth,densities=20k/30k;doses=0.67/1.0/1.47
8.0,1606.1887733333333,2182.144008878163,false,joint_ic_effect_hill_ramp_onset,independent_diagnostic,A2780cis,30k,1.47,IC75,0.75,adaptation_theta_logistic_growth,densities=20k/30k;doses=0.67/1.0/1.47
9.0,2421.258526333333,2459.1321602368157,false,joint_ic_effect_hill_ramp_onset,independent_diagnostic,A2780cis,30k,1.47,IC75,0.75,adaptation_theta_logistic_growth,densities=20k/30k;doses=0.67/1.0/1.47
10.0,1957.2380400000002,2619.760487692609,false,joint_ic_effect_hill_ramp_onset,independent_diagnostic,A2780cis,30k,1.47,IC75,0.75,adaptation_theta_logistic_growth,densities=20k/30k;doses=0.67/1.0/1.47
11.0,2537.103395,2707.074610524435,false,joint_ic_effect_hill_ramp_onset,independent_diagnostic,A2780cis,30k,1.47,IC75,0.75,adaptation_theta_logistic_growth,densities=20k/30k;doses=0.67/1.0/1.47
12.0,2244.322531,2755.255306391145,false,joint_ic_effect_hill_ramp_onset,independent_diagnostic,A2780cis,30k,1.47,IC75,0.75,adaptation_theta_logistic_growth,densities=20k/30k;doses=0.67/1.0/1.47
13.0,2827.4429400000004,2783.9220423839715,false,joint_ic_effect_hill_ramp_onset,independent_diagnostic,A2780cis,30k,1.47,IC75,0.75,adaptation_theta_logistic_growth,densities=20k/30k;doses=0.67/1.0/1.47
14.0,3433.938387333333,2802.788048315768,false,joint_ic_effect_hill_ramp_onset,independent_diagnostic,A2780cis,30k,1.47,IC75,0.75,adaptation_theta_logistic_growth,densities=20k/30k;doses=0.67/1.0/1.47
0.0,67.0,67.0,true,joint_ic_effect_logistic_hill,independent_diagnostic,A2780cis,20k,0.67,IC25,0.25,adaptation_theta_logistic_growth,densities=20k/30k;doses=0.67/1.0/1.47
1.0,79.832716,75.97937899518013,false,joint_ic_effect_logistic_hill,independent_diagnostic,A2780cis,20k,0.67,IC25,0.25,adaptation_theta_logistic_growth,densities=20k/30k;doses=0.67/1.0/1.47
2.0,136.68186733333332,107.06379289899722,false,joint_ic_effect_logistic_hill,independent_diagnostic,A2780cis,20k,0.67,IC25,0.25,adaptation_theta_logistic_growth,densities=20k/30k;doses=0.67/1.0/1.47
3.0,256.032137,178.6519489236111,false,joint_ic_effect_logistic_hill,independent_diagnostic,A2780cis,20k,0.67,IC25,0.25,adaptation_theta_logistic_growth,densities=20k/30k;doses=0.67/1.0/1.47
4.0,551.4876543333334,336.1821181446052,false,joint_ic_effect_logistic_hill,independent_diagnostic,A2780cis,20k,0.67,IC25,0.25,adaptation_theta_logistic_growth,densities=20k/30k;doses=0.67/1.0/1.47
5.0,932.248611,671.0246234429636,false,joint_ic_effect_logistic_hill,independent_diagnostic,A2780cis,20k,0.67,IC25,0.25,adaptation_theta_logistic_growth,densities=20k/30k;doses=0.67/1.0/1.47
6.0,1630.1435956666667,1299.6036818042999,false,joint_ic_effect_logistic_hill,independent_diagnostic,A2780cis,20k,0.67,IC25,0.25,adaptation_theta_logistic_growth,densities=20k/30k;doses=0.67/1.0/1.47
7.0,2349.2489583333336,2187.9465422894687,false,joint_ic_effect_logistic_hill,independent_diagnostic,A2780cis,20k,0.67,IC25,0.25,adaptation_theta_logistic_growth,densities=20k/30k;doses=0.67/1.0/1.47
8.0,2344.200308666667,3005.471190954569,false,joint_ic_effect_logistic_hill,independent_diagnostic,A2780cis,20k,0.67,IC25,0.25,adaptation_theta_logistic_growth,densities=20k/30k;doses=0.67/1.0/1.47
9.0,3261.814429,3491.5484976824405,false,joint_ic_effect_logistic_hill,independent_diagnostic,A2780cis,20k,0.67,IC25,0.25,adaptation_theta_logistic_growth,densities=20k/30k;doses=0.67/1.0/1.47
10.0,2744.403163333333,3703.2116888736914,false,joint_ic_effect_logistic_hill,independent_diagnostic,A2780cis,20k,0.67,IC25,0.25,adaptation_theta_logistic_growth,densities=20k/30k;doses=0.67/1.0/1.47
11.0,3624.0109566666665,3780.7791001189466,false,joint_ic_effect_logistic_hill,independent_diagnostic,A2780cis,20k,0.67,IC25,0.25,adaptation_theta_logistic_growth,densities=20k/30k;doses=0.67/1.0/1.47
12.0,2656.8393906666665,3806.8266523181496,false,joint_ic_effect_logistic_hill,independent_diagnostic,A2780cis,20k,0.67,IC25,0.25,adaptation_theta_logistic_growth,densities=20k/30k;doses=0.67/1.0/1.47
13.0,3902.5750386666664,3815.170168718631,false,joint_ic_effect_logistic_hill,independent_diagnostic,A2780cis,20k,0.67,IC25,0.25,adaptation_theta_logistic_growth,densities=20k/30k;doses=0.67/1.0/1.47
14.0,2987.771682,3817.765889298032,false,joint_ic_effect_logistic_hill,independent_diagnostic,A2780cis,20k,0.67,IC25,0.25,adaptation_theta_logistic_growth,densities=20k/30k;doses=0.67/1.0/1.47
0.0,67.0,67.0,true,joint_ic_effect_logistic_hill,independent_diagnostic,A2780cis,20k,1.0,IC50,0.5,adaptation_theta_logistic_growth,densities=20k/30k;doses=0.67/1.0/1.47
1.0,82.57476866666666,73.4730078130214,false,joint_ic_effect_logistic_hill,independent_diagnostic,A2780cis,20k,1.0,IC50,0.5,adaptation_theta_logistic_growth,densities=20k/30k;doses=0.67/1.0/1.47
2.0,153.74926733333334,100.1570997727542,false,joint_ic_effect_logistic_hill,independent_diagnostic,A2780cis,20k,1.0,IC50,0.5,adaptation_theta_logistic_growth,densities=20k/30k;doses=0.67/1.0/1.47
3.0,298.6227236666667,161.8780667673481,false,joint_ic_effect_logistic_hill,independent_diagnostic,A2780cis,20k,1.0,IC50,0.5,adaptation_theta_logistic_growth,densities=20k/30k;doses=0.67/1.0/1.47
4.0,584.2937496666667,296.0478836501823,false,joint_ic_effect_logistic_hill,independent_diagnostic,A2780cis,20k,1.0,IC50,0.5,adaptation_theta_logistic_growth,densities=20k/30k;doses=0.67/1.0/1.47
5.0,1028.8575233333333,579.2462223872175,false,joint_ic_effect_logistic_hill,independent_diagnostic,A2780cis,20k,1.0,IC50,0.5,adaptation_theta_logistic_growth,densities=20k/30k;doses=0.67/1.0/1.47
6.0,1728.4681713333332,1119.8125032651167,false,joint_ic_effect_logistic_hill,independent_diagnostic,A2780cis,20k,1.0,IC50,0.5,adaptation_theta_logistic_growth,densities=20k/30k;doses=0.67/1.0/1.47
7.0,2346.5103780000004,1929.575436033148,false,joint_ic_effect_logistic_hill,independent_diagnostic,A2780cis,20k,1.0,IC50,0.5,adaptation_theta_logistic_growth,densities=20k/30k;doses=0.67/1.0/1.47
8.0,2305.3690973333332,2750.322828627737,false,joint_ic_effect_logistic_hill,independent_diagnostic,A2780cis,20k,1.0,IC50,0.5,adaptation_theta_logistic_growth,densities=20k/30k;doses=0.67/1.0/1.47
9.0,3049.6326773333335,3292.2085427085567,false,joint_ic_effect_logistic_hill,independent_diagnostic,A2780cis,20k,1.0,IC50,0.5,adaptation_theta_logistic_growth,densities=20k/30k;doses=0.67/1.0/1.47
10.0,3134.858873333333,3550.1761283691235,false,joint_ic_effect_logistic_hill,independent_diagnostic,A2780cis,20k,1.0,IC50,0.5,adaptation_theta_logistic_growth,densities=20k/30k;doses=0.67/1.0/1.47
11.0,3720.5385029999998,3652.3731057722416,false,joint_ic_effect_logistic_hill,independent_diagnostic,A2780cis,20k,1.0,IC50,0.5,adaptation_theta_logistic_growth,densities=20k/30k;doses=0.67/1.0/1.47
12.0,2824.6677086666664,3689.91490312641,false,joint_ic_effect_logistic_hill,independent_diagnostic,A2780cis,20k,1.0,IC50,0.5,adaptation_theta_logistic_growth,densities=20k/30k;doses=0.67/1.0/1.47
13.0,3906.9917053333334,3703.7354847108977,false,joint_ic_effect_logistic_hill,independent_diagnostic,A2780cis,20k,1.0,IC50,0.5,adaptation_theta_logistic_growth,densities=20k/30k;doses=0.67/1.0/1.47
14.0,4011.9759260000005,3709.2438154777933,false,joint_ic_effect_logistic_hill,independent_diagnostic,A2780cis,20k,1.0,IC50,0.5,adaptation_theta_logistic_growth,densities=20k/30k;doses=0.67/1.0/1.47
0.0,67.0,67.0,true,joint_ic_effect_logistic_hill,independent_diagnostic,A2780cis,20k,1.47,IC75,0.75,adaptation_theta_logistic_growth,densities=20k/30k;doses=0.67/1.0/1.47
1.0,66.07534733333334,63.678577301565866,false,joint_ic_effect_logistic_hill,independent_diagnostic,A2780cis,20k,1.47,IC75,0.75,adaptation_theta_logistic_growth,densities=20k/30k;doses=0.67/1.0/1.47
2.0,136.019406,75.34542079450617,false,joint_ic_effect_logistic_hill,independent_diagnostic,A2780cis,20k,1.47,IC75,0.75,adaptation_theta_logistic_growth,densities=20k/30k;doses=0.67/1.0/1.47
3.0,262.4119983333333,106.13512343370519,false,joint_ic_effect_logistic_hill,independent_diagnostic,A2780cis,20k,1.47,IC75,0.75,adaptation_theta_logistic_growth,densities=20k/30k;doses=0.67/1.0/1.47
4.0,627.1851849999999,170.95533497376687,false,joint_ic_effect_logistic_hill,independent_diagnostic,A2780cis,20k,1.47,IC75,0.75,adaptation_theta_logistic_growth,densities=20k/30k;doses=0.67/1.0/1.47
5.0,1055.7064813333334,302.26528423540805,false,joint_ic_effect_logistic_hill,independent_diagnostic,A2780cis,20k,1.47,IC75,0.75,adaptation_theta_logistic_growth,densities=20k/30k;doses=0.67/1.0/1.47
6.0,1644.4327546666666,558.4818257243678,false,joint_ic_effect_logistic_hill,independent_diagnostic,A2780cis,20k,1.47,IC75,0.75,adaptation_theta_logistic_growth,densities=20k/30k;doses=0.67/1.0/1.47
7.0,1888.7926696666666,1009.1855060558232,false,joint_ic_effect_logistic_hill,independent_diagnostic,A2780cis,20k,1.47,IC75,0.75,adaptation_theta_logistic_growth,densities=20k/30k;doses=0.67/1.0/1.47
8.0,1640.846373333333,1648.1945827523812,false,joint_ic_effect_logistic_hill,independent_diagnostic,A2780cis,20k,1.47,IC75,0.75,adaptation_theta_logistic_growth,densities=20k/30k;doses=0.67/1.0/1.47
9.0,2390.4506556666665,2303.3527487714605,false,joint_ic_effect_logistic_hill,independent_diagnostic,A2780cis,20k,1.47,IC75,0.75,adaptation_theta_logistic_growth,densities=20k/30k;doses=0.67/1.0/1.47
10.0,1885.2126543333334,2776.485301318685,false,joint_ic_effect_logistic_hill,independent_diagnostic,A2780cis,20k,1.47,IC75,0.75,adaptation_theta_logistic_growth,densities=20k/30k;doses=0.67/1.0/1.47
11.0,2693.7878856666666,3036.5491364375594,false,joint_ic_effect_logistic_hill,independent_diagnostic,A2780cis,20k,1.47,IC75,0.75,adaptation_theta_logistic_growth,densities=20k/30k;doses=0.67/1.0/1.47
12.0,2554.914467666667,3159.3206198420658,false,joint_ic_effect_logistic_hill,independent_diagnostic,A2780cis,20k,1.47,IC75,0.75,adaptation_theta_logistic_growth,densities=20k/30k;doses=0.67/1.0/1.47
13.0,3229.3090276666667,3214.769165561454,false,joint_ic_effect_logistic_hill,independent_diagnostic,A2780cis,20k,1.47,IC75,0.75,adaptation_theta_logistic_growth,densities=20k/30k;doses=0.67/1.0/1.47
14.0,3171.784760666667,3240.870644625234,false,joint_ic_effect_logistic_hill,independent_diagnostic,A2780cis,20k,1.47,IC75,0.75,adaptation_theta_logistic_growth,densities=20k/30k;doses=0.67/1.0/1.47
0.0,100.0,100.0,true,joint_ic_effect_logistic_hill,independent_diagnostic,A2780cis,30k,0.67,IC25,0.25,adaptation_theta_logistic_growth,densities=20k/30k;doses=0.67/1.0/1.47
1.0,119.12291633333332,113.03541735370118,false,joint_ic_effect_logistic_hill,independent_diagnostic,A2780cis,30k,0.67,IC25,0.25,adaptation_theta_logistic_growth,densities=20k/30k;doses=0.67/1.0/1.47
2.0,208.10995366666666,158.28199035363753,false,joint_ic_effect_logistic_hill,independent_diagnostic,A2780cis,30k,0.67,IC25,0.25,adaptation_theta_logistic_growth,densities=20k/30k;doses=0.67/1.0/1.47
3.0,381.1926696666667,261.05425743560926,false,joint_ic_effect_logistic_hill,independent_diagnostic,A2780cis,30k,0.67,IC25,0.25,adaptation_theta_logistic_growth,densities=20k/30k;doses=0.67/1.0/1.47
4.0,731.6507716666666,480.29660726661484,false,joint_ic_effect_logistic_hill,independent_diagnostic,A2780cis,30k,0.67,IC25,0.25,adaptation_theta_logistic_growth,densities=20k/30k;doses=0.67/1.0/1.47
5.0,1291.6760416666666,917.9867635274733,false,joint_ic_effect_logistic_hill,independent_diagnostic,A2780cis,30k,0.67,IC25,0.25,adaptation_theta_logistic_growth,densities=20k/30k;doses=0.67/1.0/1.47
6.0,1980.2315586666666,1651.5827549024816,false,joint_ic_effect_logistic_hill,independent_diagnostic,A2780cis,30k,0.67,IC25,0.25,adaptation_theta_logistic_growth,densities=20k/30k;doses=0.67/1.0/1.47
7.0,2670.8478393333335,2532.7381792968717,false,joint_ic_effect_logistic_hill,independent_diagnostic,A2780cis,30k,0.67,IC25,0.25,adaptation_theta_logistic_growth,densities=20k/30k;doses=0.67/1.0/1.47
8.0,2545.009915,3219.4182527821827,false,joint_ic_effect_logistic_hill,independent_diagnostic,A2780cis,30k,0.67,IC25,0.25,adaptation_theta_logistic_growth,densities=20k/30k;doses=0.67/1.0/1.47
9.0,3548.7987266666664,3582.8437021151876,false,joint_ic_effect_logistic_hill,independent_diagnostic,A2780cis,30k,0.67,IC25,0.25,adaptation_theta_logistic_growth,densities=20k/30k;doses=0.67/1.0/1.47
10.0,2897.7104553333334,3732.3174067584814,false,joint_ic_effect_logistic_hill,independent_diagnostic,A2780cis,30k,0.67,IC25,0.25,adaptation_theta_logistic_growth,densities=20k/30k;doses=0.67/1.0/1.47
11.0,3797.833449333333,3786.0233582730416,false,joint_ic_effect_logistic_hill,independent_diagnostic,A2780cis,30k,0.67,IC25,0.25,adaptation_theta_logistic_growth,densities=20k/30k;doses=0.67/1.0/1.47
12.0,2884.930285666667,3804.04287829994,false,joint_ic_effect_logistic_hill,independent_diagnostic,A2780cis,30k,0.67,IC25,0.25,adaptation_theta_logistic_growth,densities=20k/30k;doses=0.67/1.0/1.47
13.0,4146.366087666666,3809.890388933877,false,joint_ic_effect_logistic_hill,independent_diagnostic,A2780cis,30k,0.67,IC25,0.25,adaptation_theta_logistic_growth,densities=20k/30k;doses=0.67/1.0/1.47
14.0,3326.884761,3811.77492131296,false,joint_ic_effect_logistic_hill,independent_diagnostic,A2780cis,30k,0.67,IC25,0.25,adaptation_theta_logistic_growth,densities=20k/30k;doses=0.67/1.0/1.47
0.0,100.0,100.0,true,joint_ic_effect_logistic_hill,independent_diagnostic,A2780cis,30k,1.0,IC50,0.5,adaptation_theta_logistic_growth,densities=20k/30k;doses=0.67/1.0/1.47
1.0,117.62118066666666,107.7255838580617,false,joint_ic_effect_logistic_hill,independent_diagnostic,A2780cis,30k,1.0,IC50,0.5,adaptation_theta_logistic_growth,densities=20k/30k;doses=0.67/1.0/1.47
2.0,206.52970666666667,143.88085284201122,false,joint_ic_effect_logistic_hill,independent_diagnostic,A2780cis,30k,1.0,IC50,0.5,adaptation_theta_logistic_growth,densities=20k/30k;doses=0.67/1.0/1.47
3.0,392.79753066666666,226.90802725733565,false,joint_ic_effect_logistic_hill,independent_diagnostic,A2780cis,30k,1.0,IC50,0.5,adaptation_theta_logistic_growth,densities=20k/30k;doses=0.67/1.0/1.47
4.0,793.1631946666666,401.81275214324023,false,joint_ic_effect_logistic_hill,independent_diagnostic,A2780cis,30k,1.0,IC50,0.5,adaptation_theta_logistic_growth,densities=20k/30k;doses=0.67/1.0/1.47
5.0,1328.3501159999998,750.7316171848175,false,joint_ic_effect_logistic_hill,independent_diagnostic,A2780cis,30k,1.0,IC50,0.5,adaptation_theta_logistic_growth,densities=20k/30k;doses=0.67/1.0/1.47
6.0,1947.6582176666668,1358.7824585083176,false,joint_ic_effect_logistic_hill,independent_diagnostic,A2780cis,30k,1.0,IC50,0.5,adaptation_theta_logistic_growth,densities=20k/30k;doses=0.67/1.0/1.47
7.0,2594.510609333334,2163.6662030699513,false,joint_ic_effect_logistic_hill,independent_diagnostic,A2780cis,30k,1.0,IC50,0.5,adaptation_theta_logistic_growth,densities=20k/30k;doses=0.67/1.0/1.47
8.0,2352.0106483333334,2884.234450767549,false,joint_ic_effect_logistic_hill,independent_diagnostic,A2780cis,30k,1.0,IC50,0.5,adaptation_theta_logistic_growth,densities=20k/30k;doses=0.67/1.0/1.47
9.0,3220.0850306666666,3322.3630802371554,false,joint_ic_effect_logistic_hill,independent_diagnostic,A2780cis,30k,1.0,IC50,0.5,adaptation_theta_logistic_growth,densities=20k/30k;doses=0.67/1.0/1.47
10.0,2953.806751666667,3525.163736561149,false,joint_ic_effect_logistic_hill,independent_diagnostic,A2780cis,30k,1.0,IC50,0.5,adaptation_theta_logistic_growth,densities=20k/30k;doses=0.67/1.0/1.47
11.0,3595.1114196666663,3606.601714221979,false,joint_ic_effect_logistic_hill,independent_diagnostic,A2780cis,30k,1.0,IC50,0.5,adaptation_theta_logistic_growth,densities=20k/30k;doses=0.67/1.0/1.47
12.0,2534.660455333333,3637.9453823139893,false,joint_ic_effect_logistic_hill,independent_diagnostic,A2780cis,30k,1.0,IC50,0.5,adaptation_theta_logistic_growth,densities=20k/30k;doses=0.67/1.0/1.47
13.0,3853.449228666667,3650.500643089658,false,joint_ic_effect_logistic_hill,independent_diagnostic,A2780cis,30k,1.0,IC50,0.5,adaptation_theta_logistic_growth,densities=20k/30k;doses=0.67/1.0/1.47
14.0,4116.669907333334,3656.1766864686533,false,joint_ic_effect_logistic_hill,independent_diagnostic,A2780cis,30k,1.0,IC50,0.5,adaptation_theta_logistic_growth,densities=20k/30k;doses=0.67/1.0/1.47
0.0,100.0,100.0,true,joint_ic_effect_logistic_hill,independent_diagnostic,A2780cis,30k,1.47,IC75,0.75,adaptation_theta_logistic_growth,densities=20k/30k;doses=0.67/1.0/1.47
1.0,73.88472200000001,91.3355147121942,false,joint_ic_effect_logistic_hill,independent_diagnostic,A2780cis,30k,1.47,IC75,0.75,adaptation_theta_logistic_growth,densities=20k/30k;doses=0.67/1.0/1.47
2.0,143.64463766666665,103.67818380305086,false,joint_ic_effect_logistic_hill,independent_diagnostic,A2780cis,30k,1.47,IC75,0.75,adaptation_theta_logistic_growth,densities=20k/30k;doses=0.67/1.0/1.47
3.0,301.875849,139.8519325762908,false,joint_ic_effect_logistic_hill,independent_diagnostic,A2780cis,30k,1.47,IC75,0.75,adaptation_theta_logistic_growth,densities=20k/30k;doses=0.67/1.0/1.47
4.0,670.1066746666667,215.12994430501092,false,joint_ic_effect_logistic_hill,independent_diagnostic,A2780cis,30k,1.47,IC75,0.75,adaptation_theta_logistic_growth,densities=20k/30k;doses=0.67/1.0/1.47
5.0,1170.9108796666667,361.8035585630328,false,joint_ic_effect_logistic_hill,independent_diagnostic,A2780cis,30k,1.47,IC75,0.75,adaptation_theta_logistic_growth,densities=20k/30k;doses=0.67/1.0/1.47
6.0,1348.3380016666667,632.6836496890702,false,joint_ic_effect_logistic_hill,independent_diagnostic,A2780cis,30k,1.47,IC75,0.75,adaptation_theta_logistic_growth,densities=20k/30k;doses=0.67/1.0/1.47
7.0,1881.759761,1078.8197406944957,false,joint_ic_effect_logistic_hill,independent_diagnostic,A2780cis,30k,1.47,IC75,0.75,adaptation_theta_logistic_growth,densities=20k/30k;doses=0.67/1.0/1.47
8.0,1606.1887733333333,1672.0197377277004,false,joint_ic_effect_logistic_hill,independent_diagnostic,A2780cis,30k,1.47,IC75,0.75,adaptation_theta_logistic_growth,densities=20k/30k;doses=0.67/1.0/1.47
9.0,2421.258526333333,2255.483927416335,false,joint_ic_effect_logistic_hill,independent_diagnostic,A2780cis,30k,1.47,IC75,0.75,adaptation_theta_logistic_growth,densities=20k/30k;doses=0.67/1.0/1.47
10.0,1957.2380400000002,2675.071384924409,false,joint_ic_effect_logistic_hill,independent_diagnostic,A2780cis,30k,1.47,IC75,0.75,adaptation_theta_logistic_growth,densities=20k/30k;doses=0.67/1.0/1.47
11.0,2537.103395,2912.595171693942,false,joint_ic_effect_logistic_hill,independent_diagnostic,A2780cis,30k,1.47,IC75,0.75,adaptation_theta_logistic_growth,densities=20k/30k;doses=0.67/1.0/1.47
12.0,2244.322531,3030.51064376851,false,joint_ic_effect_logistic_hill,independent_diagnostic,A2780cis,30k,1.47,IC75,0.75,adaptation_theta_logistic_growth,densities=20k/30k;doses=0.67/1.0/1.47
13.0,2827.4429400000004,3087.1161177265967,false,joint_ic_effect_logistic_hill,independent_diagnostic,A2780cis,30k,1.47,IC75,0.75,adaptation_theta_logistic_growth,densities=20k/30k;doses=0.67/1.0/1.47
14.0,3433.938387333333,3115.5098686775764,false,joint_ic_effect_logistic_hill,independent_diagnostic,A2780cis,30k,1.47,IC75,0.75,adaptation_theta_logistic_growth,densities=20k/30k;doses=0.67/1.0/1.47
0.0,67.0,67.0,true,joint_ic_effect_transit_death,independent_diagnostic,A2780cis,20k,0.67,IC25,0.25,adaptation_theta_logistic_growth,densities=20k/30k;doses=0.67/1.0/1.47
1.0,79.832716,75.98240186486794,false,joint_ic_effect_transit_death,independent_diagnostic,A2780cis,20k,0.67,IC25,0.25,adaptation_theta_logistic_growth,densities=20k/30k;doses=0.67/1.0/1.47
2.0,136.68186733333332,107.07226125725265,false,joint_ic_effect_transit_death,independent_diagnostic,A2780cis,20k,0.67,IC25,0.25,adaptation_theta_logistic_growth,densities=20k/30k;doses=0.67/1.0/1.47
3.0,256.032137,178.67282815678882,false,joint_ic_effect_transit_death,independent_diagnostic,A2780cis,20k,0.67,IC25,0.25,adaptation_theta_logistic_growth,densities=20k/30k;doses=0.67/1.0/1.47
4.0,551.4876543333334,336.2326704425513,false,joint_ic_effect_transit_death,independent_diagnostic,A2780cis,20k,0.67,IC25,0.25,adaptation_theta_logistic_growth,densities=20k/30k;doses=0.67/1.0/1.47
5.0,932.248611,671.0572073398195,false,joint_ic_effect_transit_death,independent_diagnostic,A2780cis,20k,0.67,IC25,0.25,adaptation_theta_logistic_growth,densities=20k/30k;doses=0.67/1.0/1.47
6.0,1630.1435956666667,1289.8960398423637,false,joint_ic_effect_transit_death,independent_diagnostic,A2780cis,20k,0.67,IC25,0.25,adaptation_theta_logistic_growth,densities=20k/30k;doses=0.67/1.0/1.47
7.0,2349.2489583333336,2146.9772593212347,false,joint_ic_effect_transit_death,independent_diagnostic,A2780cis,20k,0.67,IC25,0.25,adaptation_theta_logistic_growth,densities=20k/30k;doses=0.67/1.0/1.47
8.0,2344.200308666667,2939.266178661672,false,joint_ic_effect_transit_death,independent_diagnostic,A2780cis,20k,0.67,IC25,0.25,adaptation_theta_logistic_growth,densities=20k/30k;doses=0.67/1.0/1.47
9.0,3261.814429,3433.740751703007,false,joint_ic_effect_transit_death,independent_diagnostic,A2780cis,20k,0.67,IC25,0.25,adaptation_theta_logistic_growth,densities=20k/30k;doses=0.67/1.0/1.47
10.0,2744.403163333333,3673.8200263006765,false,joint_ic_effect_transit_death,independent_diagnostic,A2780cis,20k,0.67,IC25,0.25,adaptation_theta_logistic_growth,densities=20k/30k;doses=0.67/1.0/1.47
11.0,3624.0109566666665,3781.4274920622165,false,joint_ic_effect_transit_death,independent_diagnostic,A2780cis,20k,0.67,IC25,0.25,adaptation_theta_logistic_growth,densities=20k/30k;doses=0.67/1.0/1.47
12.0,2656.8393906666665,3832.3967972718137,false,joint_ic_effect_transit_death,independent_diagnostic,A2780cis,20k,0.67,IC25,0.25,adaptation_theta_logistic_growth,densities=20k/30k;doses=0.67/1.0/1.47
13.0,3902.5750386666664,3859.906995880479,false,joint_ic_effect_transit_death,independent_diagnostic,A2780cis,20k,0.67,IC25,0.25,adaptation_theta_logistic_growth,densities=20k/30k;doses=0.67/1.0/1.47
14.0,2987.771682,3876.88710796851,false,joint_ic_effect_transit_death,independent_diagnostic,A2780cis,20k,0.67,IC25,0.25,adaptation_theta_logistic_growth,densities=20k/30k;doses=0.67/1.0/1.47
0.0,67.0,67.0,true,joint_ic_effect_transit_death,independent_diagnostic,A2780cis,20k,1.0,IC50,0.5,adaptation_theta_logistic_growth,densities=20k/30k;doses=0.67/1.0/1.47
1.0,82.57476866666666,75.98240186486794,false,joint_ic_effect_transit_death,independent_diagnostic,A2780cis,20k,1.0,IC50,0.5,adaptation_theta_logistic_growth,densities=20k/30k;doses=0.67/1.0/1.47
2.0,153.74926733333334,107.07226125725265,false,joint_ic_effect_transit_death,independent_diagnostic,A2780cis,20k,1.0,IC50,0.5,adaptation_theta_logistic_growth,densities=20k/30k;doses=0.67/1.0/1.47
3.0,298.6227236666667,178.67282815678882,false,joint_ic_effect_transit_death,independent_diagnostic,A2780cis,20k,1.0,IC50,0.5,adaptation_theta_logistic_growth,densities=20k/30k;doses=0.67/1.0/1.47
4.0,584.2937496666667,336.2326704425513,false,joint_ic_effect_transit_death,independent_diagnostic,A2780cis,20k,1.0,IC50,0.5,adaptation_theta_logistic_growth,densities=20k/30k;doses=0.67/1.0/1.47
5.0,1028.8575233333333,670.4314217859611,false,joint_ic_effect_transit_death,independent_diagnostic,A2780cis,20k,1.0,IC50,0.5,adaptation_theta_logistic_growth,densities=20k/30k;doses=0.67/1.0/1.47
6.0,1728.4681713333332,1218.4263022802065,false,joint_ic_effect_transit_death,independent_diagnostic,A2780cis,20k,1.0,IC50,0.5,adaptation_theta_logistic_growth,densities=20k/30k;doses=0.67/1.0/1.47
7.0,2346.5103780000004,1855.859882503477,false,joint_ic_effect_transit_death,independent_diagnostic,A2780cis,20k,1.0,IC50,0.5,adaptation_theta_logistic_growth,densities=20k/30k;doses=0.67/1.0/1.47
8.0,2305.3690973333332,2425.535687267791,false,joint_ic_effect_transit_death,independent_diagnostic,A2780cis,20k,1.0,IC50,0.5,adaptation_theta_logistic_growth,densities=20k/30k;doses=0.67/1.0/1.47
9.0,3049.6326773333335,2854.6801800496733,false,joint_ic_effect_transit_death,independent_diagnostic,A2780cis,20k,1.0,IC50,0.5,adaptation_theta_logistic_growth,densities=20k/30k;doses=0.67/1.0/1.47
10.0,3134.858873333333,3156.522985640237,false,joint_ic_effect_transit_death,independent_diagnostic,A2780cis,20k,1.0,IC50,0.5,adaptation_theta_logistic_growth,densities=20k/30k;doses=0.67/1.0/1.47
11.0,3720.5385029999998,3368.593133661452,false,joint_ic_effect_transit_death,independent_diagnostic,A2780cis,20k,1.0,IC50,0.5,adaptation_theta_logistic_growth,densities=20k/30k;doses=0.67/1.0/1.47
12.0,2824.6677086666664,3521.3728873432246,false,joint_ic_effect_transit_death,independent_diagnostic,A2780cis,20k,1.0,IC50,0.5,adaptation_theta_logistic_growth,densities=20k/30k;doses=0.67/1.0/1.47
13.0,3906.9917053333334,3634.4550114909534,false,joint_ic_effect_transit_death,independent_diagnostic,A2780cis,20k,1.0,IC50,0.5,adaptation_theta_logistic_growth,densities=20k/30k;doses=0.67/1.0/1.47
14.0,4011.9759260000005,3719.902202696002,false,joint_ic_effect_transit_death,independent_diagnostic,A2780cis,20k,1.0,IC50,0.5,adaptation_theta_logistic_growth,densities=20k/30k;doses=0.67/1.0/1.47
0.0,67.0,67.0,true,joint_ic_effect_transit_death,independent_diagnostic,A2780cis,20k,1.47,IC75,0.75,adaptation_theta_logistic_growth,densities=20k/30k;doses=0.67/1.0/1.47
1.0,66.07534733333334,75.98240186486794,false,joint_ic_effect_transit_death,independent_diagnostic,A2780cis,20k,1.47,IC75,0.75,adaptation_theta_logistic_growth,densities=20k/30k;doses=0.67/1.0/1.47
2.0,136.019406,107.07226125725265,false,joint_ic_effect_transit_death,independent_diagnostic,A2780cis,20k,1.47,IC75,0.75,adaptation_theta_logistic_growth,densities=20k/30k;doses=0.67/1.0/1.47
3.0,262.4119983333333,178.67282815678882,false,joint_ic_effect_transit_death,independent_diagnostic,A2780cis,20k,1.47,IC75,0.75,adaptation_theta_logistic_growth,densities=20k/30k;doses=0.67/1.0/1.47
4.0,627.1851849999999,336.2326704425513,false,joint_ic_effect_transit_death,independent_diagnostic,A2780cis,20k,1.47,IC75,0.75,adaptation_theta_logistic_growth,densities=20k/30k;doses=0.67/1.0/1.47
5.0,1055.7064813333334,669.9568977386831,false,joint_ic_effect_transit_death,independent_diagnostic,A2780cis,20k,1.47,IC75,0.75,adaptation_theta_logistic_growth,densities=20k/30k;doses=0.67/1.0/1.47
6.0,1644.4327546666666,1167.580218628218,false,joint_ic_effect_transit_death,independent_diagnostic,A2780cis,20k,1.47,IC75,0.75,adaptation_theta_logistic_growth,densities=20k/30k;doses=0.67/1.0/1.47
7.0,1888.7926696666666,1657.9809816394077,false,joint_ic_effect_transit_death,independent_diagnostic,A2780cis,20k,1.47,IC75,0.75,adaptation_theta_logistic_growth,densities=20k/30k;doses=0.67/1.0/1.47
8.0,1640.846373333333,2048.185206399608,false,joint_ic_effect_transit_death,independent_diagnostic,A2780cis,20k,1.47,IC75,0.75,adaptation_theta_logistic_growth,densities=20k/30k;doses=0.67/1.0/1.47
9.0,2390.4506556666665,2331.878818309814,false,joint_ic_effect_transit_death,independent_diagnostic,A2780cis,20k,1.47,IC75,0.75,adaptation_theta_logistic_growth,densities=20k/30k;doses=0.67/1.0/1.47
10.0,1885.2126543333334,2534.7430356530394,false,joint_ic_effect_transit_death,independent_diagnostic,A2780cis,20k,1.47,IC75,0.75,adaptation_theta_logistic_growth,densities=20k/30k;doses=0.67/1.0/1.47
11.0,2693.7878856666666,2682.4117476963347,false,joint_ic_effect_transit_death,independent_diagnostic,A2780cis,20k,1.47,IC75,0.75,adaptation_theta_logistic_growth,densities=20k/30k;doses=0.67/1.0/1.47
12.0,2554.914467666667,2793.528255157211,false,joint_ic_effect_transit_death,independent_diagnostic,A2780cis,20k,1.47,IC75,0.75,adaptation_theta_logistic_growth,densities=20k/30k;doses=0.67/1.0/1.47
13.0,3229.3090276666667,2880.4476859246884,false,joint_ic_effect_transit_death,independent_diagnostic,A2780cis,20k,1.47,IC75,0.75,adaptation_theta_logistic_growth,densities=20k/30k;doses=0.67/1.0/1.47
14.0,3171.784760666667,2950.9814974554356,false,joint_ic_effect_transit_death,independent_diagnostic,A2780cis,20k,1.47,IC75,0.75,adaptation_theta_logistic_growth,densities=20k/30k;doses=0.67/1.0/1.47
0.0,100.0,100.0,true,joint_ic_effect_transit_death,independent_diagnostic,A2780cis,30k,0.67,IC25,0.25,adaptation_theta_logistic_growth,densities=20k/30k;doses=0.67/1.0/1.47
1.0,119.12291633333332,113.2627513784825,false,joint_ic_effect_transit_death,independent_diagnostic,A2780cis,30k,0.67,IC25,0.25,adaptation_theta_logistic_growth,densities=20k/30k;doses=0.67/1.0/1.47
2.0,208.10995366666666,158.913516227915,false,joint_ic_effect_transit_death,independent_diagnostic,A2780cis,30k,0.67,IC25,0.25,adaptation_theta_logistic_growth,densities=20k/30k;doses=0.67/1.0/1.47
3.0,381.1926696666667,262.58418739642775,false,joint_ic_effect_transit_death,independent_diagnostic,A2780cis,30k,0.67,IC25,0.25,adaptation_theta_logistic_growth,densities=20k/30k;doses=0.67/1.0/1.47
4.0,731.6507716666666,483.8670248234504,false,joint_ic_effect_transit_death,independent_diagnostic,A2780cis,30k,0.67,IC25,0.25,adaptation_theta_logistic_growth,densities=20k/30k;doses=0.67/1.0/1.47
5.0,1291.6760416666666,923.6418332600981,false,joint_ic_effect_transit_death,independent_diagnostic,A2780cis,30k,0.67,IC25,0.25,adaptation_theta_logistic_growth,densities=20k/30k;doses=0.67/1.0/1.47
6.0,1980.2315586666666,1638.401331200535,false,joint_ic_effect_transit_death,independent_diagnostic,A2780cis,30k,0.67,IC25,0.25,adaptation_theta_logistic_growth,densities=20k/30k;doses=0.67/1.0/1.47
7.0,2670.8478393333335,2481.123971447305,false,joint_ic_effect_transit_death,independent_diagnostic,A2780cis,30k,0.67,IC25,0.25,adaptation_theta_logistic_growth,densities=20k/30k;doses=0.67/1.0/1.47
8.0,2545.009915,3152.019863127982,false,joint_ic_effect_transit_death,independent_diagnostic,A2780cis,30k,0.67,IC25,0.25,adaptation_theta_logistic_growth,densities=20k/30k;doses=0.67/1.0/1.47
9.0,3548.7987266666664,3533.1632154123217,false,joint_ic_effect_transit_death,independent_diagnostic,A2780cis,30k,0.67,IC25,0.25,adaptation_theta_logistic_growth,densities=20k/30k;doses=0.67/1.0/1.47
10.0,2897.7104553333334,3711.0877320996706,false,joint_ic_effect_transit_death,independent_diagnostic,A2780cis,30k,0.67,IC25,0.25,adaptation_theta_logistic_growth,densities=20k/30k;doses=0.67/1.0/1.47
11.0,3797.833449333333,3789.402942737388,false,joint_ic_effect_transit_death,independent_diagnostic,A2780cis,30k,0.67,IC25,0.25,adaptation_theta_logistic_growth,densities=20k/30k;doses=0.67/1.0/1.47
12.0,2884.930285666667,3825.309692537362,false,joint_ic_effect_transit_death,independent_diagnostic,A2780cis,30k,0.67,IC25,0.25,adaptation_theta_logistic_growth,densities=20k/30k;doses=0.67/1.0/1.47
13.0,4146.366087666666,3843.4879940555934,false,joint_ic_effect_transit_death,independent_diagnostic,A2780cis,30k,0.67,IC25,0.25,adaptation_theta_logistic_growth,densities=20k/30k;doses=0.67/1.0/1.47
14.0,3326.884761,3853.792990924281,false,joint_ic_effect_transit_death,independent_diagnostic,A2780cis,30k,0.67,IC25,0.25,adaptation_theta_logistic_growth,densities=20k/30k;doses=0.67/1.0/1.47
0.0,100.0,100.0,true,joint_ic_effect_transit_death,independent_diagnostic,A2780cis,30k,1.0,IC50,0.5,adaptation_theta_logistic_growth,densities=20k/30k;doses=0.67/1.0/1.47
1.0,117.62118066666666,113.2627513784825,false,joint_ic_effect_transit_death,independent_diagnostic,A2780cis,30k,1.0,IC50,0.5,adaptation_theta_logistic_growth,densities=20k/30k;doses=0.67/1.0/1.47
2.0,206.52970666666667,158.913516227915,false,joint_ic_effect_transit_death,independent_diagnostic,A2780cis,30k,1.0,IC50,0.5,adaptation_theta_logistic_growth,densities=20k/30k;doses=0.67/1.0/1.47
3.0,392.79753066666666,262.58418739642775,false,joint_ic_effect_transit_death,independent_diagnostic,A2780cis,30k,1.0,IC50,0.5,adaptation_theta_logistic_growth,densities=20k/30k;doses=0.67/1.0/1.47
4.0,793.1631946666666,483.8670248234504,false,joint_ic_effect_transit_death,independent_diagnostic,A2780cis,30k,1.0,IC50,0.5,adaptation_theta_logistic_growth,densities=20k/30k;doses=0.67/1.0/1.47
5.0,1328.3501159999998,909.1603014214107,false,joint_ic_effect_transit_death,independent_diagnostic,A2780cis,30k,1.0,IC50,0.5,adaptation_theta_logistic_growth,densities=20k/30k;doses=0.67/1.0/1.47
6.0,1947.6582176666668,1455.921791645633,false,joint_ic_effect_transit_death,independent_diagnostic,A2780cis,30k,1.0,IC50,0.5,adaptation_theta_logistic_growth,densities=20k/30k;doses=0.67/1.0/1.47
7.0,2594.510609333334,2004.0820013131306,false,joint_ic_effect_transit_death,independent_diagnostic,A2780cis,30k,1.0,IC50,0.5,adaptation_theta_logistic_growth,densities=20k/30k;doses=0.67/1.0/1.47
8.0,2352.0106483333334,2478.702868181961,false,joint_ic_effect_transit_death,independent_diagnostic,A2780cis,30k,1.0,IC50,0.5,adaptation_theta_logistic_growth,densities=20k/30k;doses=0.67/1.0/1.47
9.0,3220.0850306666666,2850.8169333911924,false,joint_ic_effect_transit_death,independent_diagnostic,A2780cis,30k,1.0,IC50,0.5,adaptation_theta_logistic_growth,densities=20k/30k;doses=0.67/1.0/1.47
10.0,2953.806751666667,3125.7654812131705,false,joint_ic_effect_transit_death,independent_diagnostic,A2780cis,30k,1.0,IC50,0.5,adaptation_theta_logistic_growth,densities=20k/30k;doses=0.67/1.0/1.47
11.0,3595.1114196666663,3323.2607938154547,false,joint_ic_effect_transit_death,independent_diagnostic,A2780cis,30k,1.0,IC50,0.5,adaptation_theta_logistic_growth,densities=20k/30k;doses=0.67/1.0/1.47
12.0,2534.660455333333,3464.005596201779,false,joint_ic_effect_transit_death,independent_diagnostic,A2780cis,30k,1.0,IC50,0.5,adaptation_theta_logistic_growth,densities=20k/30k;doses=0.67/1.0/1.47
13.0,3853.449228666667,3564.6546396050235,false,joint_ic_effect_transit_death,independent_diagnostic,A2780cis,30k,1.0,IC50,0.5,adaptation_theta_logistic_growth,densities=20k/30k;doses=0.67/1.0/1.47
14.0,4116.669907333334,3637.2704157812077,false,joint_ic_effect_transit_death,independent_diagnostic,A2780cis,30k,1.0,IC50,0.5,adaptation_theta_logistic_growth,densities=20k/30k;doses=0.67/1.0/1.47
0.0,100.0,100.0,true,joint_ic_effect_transit_death,independent_diagnostic,A2780cis,30k,1.47,IC75,0.75,adaptation_theta_logistic_growth,densities=20k/30k;doses=0.67/1.0/1.47
1.0,73.88472200000001,113.2627513784825,false,joint_ic_effect_transit_death,independent_diagnostic,A2780cis,30k,1.47,IC75,0.75,adaptation_theta_logistic_growth,densities=20k/30k;doses=0.67/1.0/1.47
2.0,143.64463766666665,158.913516227915,false,joint_ic_effect_transit_death,independent_diagnostic,A2780cis,30k,1.47,IC75,0.75,adaptation_theta_logistic_growth,densities=20k/30k;doses=0.67/1.0/1.47
3.0,301.875849,262.58418739642775,false,joint_ic_effect_transit_death,independent_diagnostic,A2780cis,30k,1.47,IC75,0.75,adaptation_theta_logistic_growth,densities=20k/30k;doses=0.67/1.0/1.47
4.0,670.1066746666667,483.8670248234504,false,joint_ic_effect_transit_death,independent_diagnostic,A2780cis,30k,1.47,IC75,0.75,adaptation_theta_logistic_growth,densities=20k/30k;doses=0.67/1.0/1.47
5.0,1170.9108796666667,898.4084439745793,false,joint_ic_effect_transit_death,independent_diagnostic,A2780cis,30k,1.47,IC75,0.75,adaptation_theta_logistic_growth,densities=20k/30k;doses=0.67/1.0/1.47
6.0,1348.3380016666667,1332.9316312713443,false,joint_ic_effect_transit_death,independent_diagnostic,A2780cis,30k,1.47,IC75,0.75,adaptation_theta_logistic_growth,densities=20k/30k;doses=0.67/1.0/1.47
7.0,1881.759761,1685.9470017697213,false,joint_ic_effect_transit_death,independent_diagnostic,A2780cis,30k,1.47,IC75,0.75,adaptation_theta_logistic_growth,densities=20k/30k;doses=0.67/1.0/1.47
8.0,1606.1887733333333,1965.712461118785,false,joint_ic_effect_transit_death,independent_diagnostic,A2780cis,30k,1.47,IC75,0.75,adaptation_theta_logistic_growth,densities=20k/30k;doses=0.67/1.0/1.47
9.0,2421.258526333333,2193.9924162026255,false,joint_ic_effect_transit_death,independent_diagnostic,A2780cis,30k,1.47,IC75,0.75,adaptation_theta_logistic_growth,densities=20k/30k;doses=0.67/1.0/1.47
10.0,1957.2380400000002,2386.015331699345,false,joint_ic_effect_transit_death,independent_diagnostic,A2780cis,30k,1.47,IC75,0.75,adaptation_theta_logistic_growth,densities=20k/30k;doses=0.67/1.0/1.47
11.0,2537.103395,2550.052667548008,false,joint_ic_effect_transit_death,independent_diagnostic,A2780cis,30k,1.47,IC75,0.75,adaptation_theta_logistic_growth,densities=20k/30k;doses=0.67/1.0/1.47
12.0,2244.322531,2690.2276436753373,false,joint_ic_effect_transit_death,independent_diagnostic,A2780cis,30k,1.47,IC75,0.75,adaptation_theta_logistic_growth,densities=20k/30k;doses=0.67/1.0/1.47
13.0,2827.4429400000004,2808.913941729552,false,joint_ic_effect_transit_death,independent_diagnostic,A2780cis,30k,1.47,IC75,0.75,adaptation_theta_logistic_growth,densities=20k/30k;doses=0.67/1.0/1.47
14.0,3433.938387333333,2908.1044942086774,false,joint_ic_effect_transit_death,independent_diagnostic,A2780cis,30k,1.47,IC75,0.75,adaptation_theta_logistic_growth,densities=20k/30k;doses=0.67/1.0/1.47
0.0,67.0,67.0,true,joint_ic_effect_two_population,independent_diagnostic,A2780cis,20k,0.67,IC25,0.25,adaptation_theta_logistic_growth,densities=20k/30k;doses=0.67/1.0/1.47
1.0,79.832716,75.98240229294882,false,joint_ic_effect_two_population,independent_diagnostic,A2780cis,20k,0.67,IC25,0.25,adaptation_theta_logistic_growth,densities=20k/30k;doses=0.67/1.0/1.47
2.0,136.68186733333332,107.07226279790014,false,joint_ic_effect_two_population,independent_diagnostic,A2780cis,20k,0.67,IC25,0.25,adaptation_theta_logistic_growth,densities=20k/30k;doses=0.67/1.0/1.47
3.0,256.032137,178.67282550585725,false,joint_ic_effect_two_population,independent_diagnostic,A2780cis,20k,0.67,IC25,0.25,adaptation_theta_logistic_growth,densities=20k/30k;doses=0.67/1.0/1.47
4.0,551.4876543333334,336.23266574524285,false,joint_ic_effect_two_population,independent_diagnostic,A2780cis,20k,0.67,IC25,0.25,adaptation_theta_logistic_growth,densities=20k/30k;doses=0.67/1.0/1.47
5.0,932.248611,671.1407171410611,false,joint_ic_effect_two_population,independent_diagnostic,A2780cis,20k,0.67,IC25,0.25,adaptation_theta_logistic_growth,densities=20k/30k;doses=0.67/1.0/1.47
6.0,1630.1435956666667,1299.8284072023412,false,joint_ic_effect_two_population,independent_diagnostic,A2780cis,20k,0.67,IC25,0.25,adaptation_theta_logistic_growth,densities=20k/30k;doses=0.67/1.0/1.47
7.0,2349.2489583333336,2163.149881518687,false,joint_ic_effect_two_population,independent_diagnostic,A2780cis,20k,0.67,IC25,0.25,adaptation_theta_logistic_growth,densities=20k/30k;doses=0.67/1.0/1.47
8.0,2344.200308666667,2906.7194903350273,false,joint_ic_effect_two_population,independent_diagnostic,A2780cis,20k,0.67,IC25,0.25,adaptation_theta_logistic_growth,densities=20k/30k;doses=0.67/1.0/1.47
9.0,3261.814429,3336.2103110416656,false,joint_ic_effect_two_population,independent_diagnostic,A2780cis,20k,0.67,IC25,0.25,adaptation_theta_logistic_growth,densities=20k/30k;doses=0.67/1.0/1.47
10.0,2744.403163333333,3526.6539177024924,false,joint_ic_effect_two_population,independent_diagnostic,A2780cis,20k,0.67,IC25,0.25,adaptation_theta_logistic_growth,densities=20k/30k;doses=0.67/1.0/1.47
11.0,3624.0109566666665,3602.094905144333,false,joint_ic_effect_two_population,independent_diagnostic,A2780cis,20k,0.67,IC25,0.25,adaptation_theta_logistic_growth,densities=20k/30k;doses=0.67/1.0/1.47
12.0,2656.8393906666665,3632.759790010465,false,joint_ic_effect_two_population,independent_diagnostic,A2780cis,20k,0.67,IC25,0.25,adaptation_theta_logistic_growth,densities=20k/30k;doses=0.67/1.0/1.47
13.0,3902.5750386666664,3647.4862268557335,false,joint_ic_effect_two_population,independent_diagnostic,A2780cis,20k,0.67,IC25,0.25,adaptation_theta_logistic_growth,densities=20k/30k;doses=0.67/1.0/1.47
14.0,2987.771682,3656.616703161246,false,joint_ic_effect_two_population,independent_diagnostic,A2780cis,20k,0.67,IC25,0.25,adaptation_theta_logistic_growth,densities=20k/30k;doses=0.67/1.0/1.47
0.0,67.0,67.0,true,joint_ic_effect_two_population,independent_diagnostic,A2780cis,20k,1.0,IC50,0.5,adaptation_theta_logistic_growth,densities=20k/30k;doses=0.67/1.0/1.47
1.0,82.57476866666666,75.98240229294882,false,joint_ic_effect_two_population,independent_diagnostic,A2780cis,20k,1.0,IC50,0.5,adaptation_theta_logistic_growth,densities=20k/30k;doses=0.67/1.0/1.47
2.0,153.74926733333334,107.07226279790014,false,joint_ic_effect_two_population,independent_diagnostic,A2780cis,20k,1.0,IC50,0.5,adaptation_theta_logistic_growth,densities=20k/30k;doses=0.67/1.0/1.47
3.0,298.6227236666667,178.67282550585725,false,joint_ic_effect_two_population,independent_diagnostic,A2780cis,20k,1.0,IC50,0.5,adaptation_theta_logistic_growth,densities=20k/30k;doses=0.67/1.0/1.47
4.0,584.2937496666667,336.23266574524285,false,joint_ic_effect_two_population,independent_diagnostic,A2780cis,20k,1.0,IC50,0.5,adaptation_theta_logistic_growth,densities=20k/30k;doses=0.67/1.0/1.47
5.0,1028.8575233333333,671.1407171410611,false,joint_ic_effect_two_population,independent_diagnostic,A2780cis,20k,1.0,IC50,0.5,adaptation_theta_logistic_growth,densities=20k/30k;doses=0.67/1.0/1.47
6.0,1728.4681713333332,1299.8284072023412,false,joint_ic_effect_two_population,independent_diagnostic,A2780cis,20k,1.0,IC50,0.5,adaptation_theta_logistic_growth,densities=20k/30k;doses=0.67/1.0/1.47
7.0,2346.5103780000004,1987.1128069604151,false,joint_ic_effect_two_population,independent_diagnostic,A2780cis,20k,1.0,IC50,0.5,adaptation_theta_logistic_growth,densities=20k/30k;doses=0.67/1.0/1.47
8.0,2305.3690973333332,2300.449898837742,false,joint_ic_effect_two_population,independent_diagnostic,A2780cis,20k,1.0,IC50,0.5,adaptation_theta_logistic_growth,densities=20k/30k;doses=0.67/1.0/1.47
9.0,3049.6326773333335,2497.4578899018206,false,joint_ic_effect_two_population,independent_diagnostic,A2780cis,20k,1.0,IC50,0.5,adaptation_theta_logistic_growth,densities=20k/30k;doses=0.67/1.0/1.47
10.0,3134.858873333333,2713.7271388556173,false,joint_ic_effect_two_population,independent_diagnostic,A2780cis,20k,1.0,IC50,0.5,adaptation_theta_logistic_growth,densities=20k/30k;doses=0.67/1.0/1.47
11.0,3720.5385029999998,2940.632779102368,false,joint_ic_effect_two_population,independent_diagnostic,A2780cis,20k,1.0,IC50,0.5,adaptation_theta_logistic_growth,densities=20k/30k;doses=0.67/1.0/1.47
12.0,2824.6677086666664,3134.822610653898,false,joint_ic_effect_two_population,independent_diagnostic,A2780cis,20k,1.0,IC50,0.5,adaptation_theta_logistic_growth,densities=20k/30k;doses=0.67/1.0/1.47
13.0,3906.9917053333334,3274.36088108182,false,joint_ic_effect_two_population,independent_diagnostic,A2780cis,20k,1.0,IC50,0.5,adaptation_theta_logistic_growth,densities=20k/30k;doses=0.67/1.0/1.47
14.0,4011.9759260000005,3363.227229679392,false,joint_ic_effect_two_population,independent_diagnostic,A2780cis,20k,1.0,IC50,0.5,adaptation_theta_logistic_growth,densities=20k/30k;doses=0.67/1.0/1.47
0.0,67.0,67.0,true,joint_ic_effect_two_population,independent_diagnostic,A2780cis,20k,1.47,IC75,0.75,adaptation_theta_logistic_growth,densities=20k/30k;doses=0.67/1.0/1.47
1.0,66.07534733333334,75.98240229294882,false,joint_ic_effect_two_population,independent_diagnostic,A2780cis,20k,1.47,IC75,0.75,adaptation_theta_logistic_growth,densities=20k/30k;doses=0.67/1.0/1.47
2.0,136.019406,107.07226279790014,false,joint_ic_effect_two_population,independent_diagnostic,A2780cis,20k,1.47,IC75,0.75,adaptation_theta_logistic_growth,densities=20k/30k;doses=0.67/1.0/1.47
3.0,262.4119983333333,178.67282550585725,false,joint_ic_effect_two_population,independent_diagnostic,A2780cis,20k,1.47,IC75,0.75,adaptation_theta_logistic_growth,densities=20k/30k;doses=0.67/1.0/1.47
4.0,627.1851849999999,336.23266574524285,false,joint_ic_effect_two_population,independent_diagnostic,A2780cis,20k,1.47,IC75,0.75,adaptation_theta_logistic_growth,densities=20k/30k;doses=0.67/1.0/1.47
5.0,1055.7064813333334,671.1407171410611,false,joint_ic_effect_two_population,independent_diagnostic,A2780cis,20k,1.47,IC75,0.75,adaptation_theta_logistic_growth,densities=20k/30k;doses=0.67/1.0/1.47
6.0,1644.4327546666666,1299.8284072023412,false,joint_ic_effect_two_population,independent_diagnostic,A2780cis,20k,1.47,IC75,0.75,adaptation_theta_logistic_growth,densities=20k/30k;doses=0.67/1.0/1.47
7.0,1888.7926696666666,1866.870926517432,false,joint_ic_effect_two_population,independent_diagnostic,A2780cis,20k,1.47,IC75,0.75,adaptation_theta_logistic_growth,densities=20k/30k;doses=0.67/1.0/1.47
8.0,1640.846373333333,1972.2293319049309,false,joint_ic_effect_two_population,independent_diagnostic,A2780cis,20k,1.47,IC75,0.75,adaptation_theta_logistic_growth,densities=20k/30k;doses=0.67/1.0/1.47
9.0,2390.4506556666665,2144.142442245211,false,joint_ic_effect_two_population,independent_diagnostic,A2780cis,20k,1.47,IC75,0.75,adaptation_theta_logistic_growth,densities=20k/30k;doses=0.67/1.0/1.47
10.0,1885.2126543333334,2458.713659760608,false,joint_ic_effect_two_population,independent_diagnostic,A2780cis,20k,1.47,IC75,0.75,adaptation_theta_logistic_growth,densities=20k/30k;doses=0.67/1.0/1.47
11.0,2693.7878856666666,2778.618754123169,false,joint_ic_effect_two_population,independent_diagnostic,A2780cis,20k,1.47,IC75,0.75,adaptation_theta_logistic_growth,densities=20k/30k;doses=0.67/1.0/1.47
12.0,2554.914467666667,3004.010916338033,false,joint_ic_effect_two_population,independent_diagnostic,A2780cis,20k,1.47,IC75,0.75,adaptation_theta_logistic_growth,densities=20k/30k;doses=0.67/1.0/1.47
13.0,3229.3090276666667,3130.8253508185576,false,joint_ic_effect_two_population,independent_diagnostic,A2780cis,20k,1.47,IC75,0.75,adaptation_theta_logistic_growth,densities=20k/30k;doses=0.67/1.0/1.47
14.0,3171.784760666667,3194.3426165558767,false,joint_ic_effect_two_population,independent_diagnostic,A2780cis,20k,1.47,IC75,0.75,adaptation_theta_logistic_growth,densities=20k/30k;doses=0.67/1.0/1.47
0.0,100.0,100.0,true,joint_ic_effect_two_population,independent_diagnostic,A2780cis,30k,0.67,IC25,0.25,adaptation_theta_logistic_growth,densities=20k/30k;doses=0.67/1.0/1.47
1.0,119.12291633333332,113.26275191131172,false,joint_ic_effect_two_population,independent_diagnostic,A2780cis,30k,0.67,IC25,0.25,adaptation_theta_logistic_growth,densities=20k/30k;doses=0.67/1.0/1.47
2.0,208.10995366666666,158.91351756330872,false,joint_ic_effect_two_population,independent_diagnostic,A2780cis,30k,0.67,IC25,0.25,adaptation_theta_logistic_growth,densities=20k/30k;doses=0.67/1.0/1.47
3.0,381.1926696666667,262.58418198785597,false,joint_ic_effect_two_population,independent_diagnostic,A2780cis,30k,0.67,IC25,0.25,adaptation_theta_logistic_growth,densities=20k/30k;doses=0.67/1.0/1.47
4.0,731.6507716666666,483.86701894279975,false,joint_ic_effect_two_population,independent_diagnostic,A2780cis,30k,0.67,IC25,0.25,adaptation_theta_logistic_growth,densities=20k/30k;doses=0.67/1.0/1.47
5.0,1291.6760416666666,925.3122675305921,false,joint_ic_effect_two_population,independent_diagnostic,A2780cis,30k,0.67,IC25,0.25,adaptation_theta_logistic_growth,densities=20k/30k;doses=0.67/1.0/1.47
6.0,1980.2315586666666,1650.9875470469278,false,joint_ic_effect_two_population,independent_diagnostic,A2780cis,30k,0.67,IC25,0.25,adaptation_theta_logistic_growth,densities=20k/30k;doses=0.67/1.0/1.47
7.0,2670.8478393333335,2496.5852591822077,false,joint_ic_effect_two_population,independent_diagnostic,A2780cis,30k,0.67,IC25,0.25,adaptation_theta_logistic_growth,densities=20k/30k;doses=0.67/1.0/1.47
8.0,2545.009915,3136.911438482592,false,joint_ic_effect_two_population,independent_diagnostic,A2780cis,30k,0.67,IC25,0.25,adaptation_theta_logistic_growth,densities=20k/30k;doses=0.67/1.0/1.47
9.0,3548.7987266666664,3465.802959618002,false,joint_ic_effect_two_population,independent_diagnostic,A2780cis,30k,0.67,IC25,0.25,adaptation_theta_logistic_growth,densities=20k/30k;doses=0.67/1.0/1.47
10.0,2897.7104553333334,3593.2342675703762,false,joint_ic_effect_two_population,independent_diagnostic,A2780cis,30k,0.67,IC25,0.25,adaptation_theta_logistic_growth,densities=20k/30k;doses=0.67/1.0/1.47
11.0,3797.833449333333,3631.6644557587124,false,joint_ic_effect_two_population,independent_diagnostic,A2780cis,30k,0.67,IC25,0.25,adaptation_theta_logistic_growth,densities=20k/30k;doses=0.67/1.0/1.47
12.0,2884.930285666667,3638.088522629059,false,joint_ic_effect_two_population,independent_diagnostic,A2780cis,30k,0.67,IC25,0.25,adaptation_theta_logistic_growth,densities=20k/30k;doses=0.67/1.0/1.47
13.0,4146.366087666666,3634.903418184477,false,joint_ic_effect_two_population,independent_diagnostic,A2780cis,30k,0.67,IC25,0.25,adaptation_theta_logistic_growth,densities=20k/30k;doses=0.67/1.0/1.47
14.0,3326.884761,3629.863830444292,false,joint_ic_effect_two_population,independent_diagnostic,A2780cis,30k,0.67,IC25,0.25,adaptation_theta_logistic_growth,densities=20k/30k;doses=0.67/1.0/1.47
0.0,100.0,100.0,true,joint_ic_effect_two_population,independent_diagnostic,A2780cis,30k,1.0,IC50,0.5,adaptation_theta_logistic_growth,densities=20k/30k;doses=0.67/1.0/1.47
1.0,117.62118066666666,113.26275191131172,false,joint_ic_effect_two_population,independent_diagnostic,A2780cis,30k,1.0,IC50,0.5,adaptation_theta_logistic_growth,densities=20k/30k;doses=0.67/1.0/1.47
2.0,206.52970666666667,158.91351756330872,false,joint_ic_effect_two_population,independent_diagnostic,A2780cis,30k,1.0,IC50,0.5,adaptation_theta_logistic_growth,densities=20k/30k;doses=0.67/1.0/1.47
3.0,392.79753066666666,262.58418198785597,false,joint_ic_effect_two_population,independent_diagnostic,A2780cis,30k,1.0,IC50,0.5,adaptation_theta_logistic_growth,densities=20k/30k;doses=0.67/1.0/1.47
4.0,793.1631946666666,483.86701894279975,false,joint_ic_effect_two_population,independent_diagnostic,A2780cis,30k,1.0,IC50,0.5,adaptation_theta_logistic_growth,densities=20k/30k;doses=0.67/1.0/1.47
5.0,1328.3501159999998,923.1502909139126,false,joint_ic_effect_two_population,independent_diagnostic,A2780cis,30k,1.0,IC50,0.5,adaptation_theta_logistic_growth,densities=20k/30k;doses=0.67/1.0/1.47
6.0,1947.6582176666668,1552.8692134258947,false,joint_ic_effect_two_population,independent_diagnostic,A2780cis,30k,1.0,IC50,0.5,adaptation_theta_logistic_growth,densities=20k/30k;doses=0.67/1.0/1.47
7.0,2594.510609333334,2141.7473089235937,false,joint_ic_effect_two_population,independent_diagnostic,A2780cis,30k,1.0,IC50,0.5,adaptation_theta_logistic_growth,densities=20k/30k;doses=0.67/1.0/1.47
8.0,2352.0106483333334,2503.103479870497,false,joint_ic_effect_two_population,independent_diagnostic,A2780cis,30k,1.0,IC50,0.5,adaptation_theta_logistic_growth,densities=20k/30k;doses=0.67/1.0/1.47
9.0,3220.0850306666666,2660.2442858302393,false,joint_ic_effect_two_population,independent_diagnostic,A2780cis,30k,1.0,IC50,0.5,adaptation_theta_logistic_growth,densities=20k/30k;doses=0.67/1.0/1.47
10.0,2953.806751666667,2728.876318432355,false,joint_ic_effect_two_population,independent_diagnostic,A2780cis,30k,1.0,IC50,0.5,adaptation_theta_logistic_growth,densities=20k/30k;doses=0.67/1.0/1.47
11.0,3595.1114196666663,2795.066543405875,false,joint_ic_effect_two_population,independent_diagnostic,A2780cis,30k,1.0,IC50,0.5,adaptation_theta_logistic_growth,densities=20k/30k;doses=0.67/1.0/1.47
12.0,2534.660455333333,2895.485088788468,false,joint_ic_effect_two_population,independent_diagnostic,A2780cis,30k,1.0,IC50,0.5,adaptation_theta_logistic_growth,densities=20k/30k;doses=0.67/1.0/1.47
13.0,3853.449228666667,3029.2970265542453,false,joint_ic_effect_two_population,independent_diagnostic,A2780cis,30k,1.0,IC50,0.5,adaptation_theta_logistic_growth,densities=20k/30k;doses=0.67/1.0/1.47
14.0,4116.669907333334,3173.7186284650543,false,joint_ic_effect_two_population,independent_diagnostic,A2780cis,30k,1.0,IC50,0.5,adaptation_theta_logistic_growth,densities=20k/30k;doses=0.67/1.0/1.47
0.0,100.0,100.0,true,joint_ic_effect_two_population,independent_diagnostic,A2780cis,30k,1.47,IC75,0.75,adaptation_theta_logistic_growth,densities=20k/30k;doses=0.67/1.0/1.47
1.0,73.88472200000001,113.26275191131172,false,joint_ic_effect_two_population,independent_diagnostic,A2780cis,30k,1.47,IC75,0.75,adaptation_theta_logistic_growth,densities=20k/30k;doses=0.67/1.0/1.47
2.0,143.64463766666665,158.91351756330872,false,joint_ic_effect_two_population,independent_diagnostic,A2780cis,30k,1.47,IC75,0.75,adaptation_theta_logistic_growth,densities=20k/30k;doses=0.67/1.0/1.47
3.0,301.875849,262.58418198785597,false,joint_ic_effect_two_population,independent_diagnostic,A2780cis,30k,1.47,IC75,0.75,adaptation_theta_logistic_growth,densities=20k/30k;doses=0.67/1.0/1.47
4.0,670.1066746666667,483.86701894279975,false,joint_ic_effect_two_population,independent_diagnostic,A2780cis,30k,1.47,IC75,0.75,adaptation_theta_logistic_growth,densities=20k/30k;doses=0.67/1.0/1.47
5.0,1170.9108796666667,921.5122687935572,false,joint_ic_effect_two_population,independent_diagnostic,A2780cis,30k,1.47,IC75,0.75,adaptation_theta_logistic_growth,densities=20k/30k;doses=0.67/1.0/1.47
6.0,1348.3380016666667,1482.7156915257076,false,joint_ic_effect_two_population,independent_diagnostic,A2780cis,30k,1.47,IC75,0.75,adaptation_theta_logistic_growth,densities=20k/30k;doses=0.67/1.0/1.47
7.0,1881.759761,1909.1652676412962,false,joint_ic_effect_two_population,independent_diagnostic,A2780cis,30k,1.47,IC75,0.75,adaptation_theta_logistic_growth,densities=20k/30k;doses=0.67/1.0/1.47
8.0,1606.1887733333333,2120.9133630656224,false,joint_ic_effect_two_population,independent_diagnostic,A2780cis,30k,1.47,IC75,0.75,adaptation_theta_logistic_growth,densities=20k/30k;doses=0.67/1.0/1.47
9.0,2421.258526333333,2229.5205365687075,false,joint_ic_effect_two_population,independent_diagnostic,A2780cis,30k,1.47,IC75,0.75,adaptation_theta_logistic_growth,densities=20k/30k;doses=0.67/1.0/1.47
10.0,1957.2380400000002,2367.7630499897214,false,joint_ic_effect_two_population,independent_diagnostic,A2780cis,30k,1.47,IC75,0.75,adaptation_theta_logistic_growth,densities=20k/30k;doses=0.67/1.0/1.47
11.0,2537.103395,2591.2536676139716,false,joint_ic_effect_two_population,independent_diagnostic,A2780cis,30k,1.47,IC75,0.75,adaptation_theta_logistic_growth,densities=20k/30k;doses=0.67/1.0/1.47
12.0,2244.322531,2862.205783366236,false,joint_ic_effect_two_population,independent_diagnostic,A2780cis,30k,1.47,IC75,0.75,adaptation_theta_logistic_growth,densities=20k/30k;doses=0.67/1.0/1.47
13.0,2827.4429400000004,3099.8541484777975,false,joint_ic_effect_two_population,independent_diagnostic,A2780cis,30k,1.47,IC75,0.75,adaptation_theta_logistic_growth,densities=20k/30k;doses=0.67/1.0/1.47
14.0,3433.938387333333,3257.45099641152,false,joint_ic_effect_two_population,independent_diagnostic,A2780cis,30k,1.47,IC75,0.75,adaptation_theta_logistic_growth,densities=20k/30k;doses=0.67/1.0/1.47
0.0,67.0,67.0,true,joint_intracellular_platinum_pkpd,independent_diagnostic,A2780cis,20k,0.67,IC25,0.25,adaptation_theta_logistic_growth,densities=20k/30k;doses=0.67/1.0/1.47
1.0,79.832716,75.96346591697849,false,joint_intracellular_platinum_pkpd,independent_diagnostic,A2780cis,20k,0.67,IC25,0.25,adaptation_theta_logistic_growth,densities=20k/30k;doses=0.67/1.0/1.47
2.0,136.68186733333332,106.66279509504477,false,joint_intracellular_platinum_pkpd,independent_diagnostic,A2780cis,20k,0.67,IC25,0.25,adaptation_theta_logistic_growth,densities=20k/30k;doses=0.67/1.0/1.47
3.0,256.032137,175.8832611929437,false,joint_intracellular_platinum_pkpd,independent_diagnostic,A2780cis,20k,0.67,IC25,0.25,adaptation_theta_logistic_growth,densities=20k/30k;doses=0.67/1.0/1.47
4.0,551.4876543333334,323.5283392693598,false,joint_intracellular_platinum_pkpd,independent_diagnostic,A2780cis,20k,0.67,IC25,0.25,adaptation_theta_logistic_growth,densities=20k/30k;doses=0.67/1.0/1.47
5.0,932.248611,625.6119801931429,false,joint_intracellular_platinum_pkpd,independent_diagnostic,A2780cis,20k,0.67,IC25,0.25,adaptation_theta_logistic_growth,densities=20k/30k;doses=0.67/1.0/1.47
6.0,1630.1435956666667,1173.9386667943652,false,joint_intracellular_platinum_pkpd,independent_diagnostic,A2780cis,20k,0.67,IC25,0.25,adaptation_theta_logistic_growth,densities=20k/30k;doses=0.67/1.0/1.47
7.0,2349.2489583333336,1943.3469540367475,false,joint_intracellular_platinum_pkpd,independent_diagnostic,A2780cis,20k,0.67,IC25,0.25,adaptation_theta_logistic_growth,densities=20k/30k;doses=0.67/1.0/1.47
8.0,2344.200308666667,2676.263507368163,false,joint_intracellular_platinum_pkpd,independent_diagnostic,A2780cis,20k,0.67,IC25,0.25,adaptation_theta_logistic_growth,densities=20k/30k;doses=0.67/1.0/1.47
9.0,3261.814429,3138.9174296742813,false,joint_intracellular_platinum_pkpd,independent_diagnostic,A2780cis,20k,0.67,IC25,0.25,adaptation_theta_logistic_growth,densities=20k/30k;doses=0.67/1.0/1.47
10.0,2744.403163333333,3348.939189274103,false,joint_intracellular_platinum_pkpd,independent_diagnostic,A2780cis,20k,0.67,IC25,0.25,adaptation_theta_logistic_growth,densities=20k/30k;doses=0.67/1.0/1.47
11.0,3624.0109566666665,3422.19799211906,false,joint_intracellular_platinum_pkpd,independent_diagnostic,A2780cis,20k,0.67,IC25,0.25,adaptation_theta_logistic_growth,densities=20k/30k;doses=0.67/1.0/1.47
12.0,2656.8393906666665,3438.6610118131566,false,joint_intracellular_platinum_pkpd,independent_diagnostic,A2780cis,20k,0.67,IC25,0.25,adaptation_theta_logistic_growth,densities=20k/30k;doses=0.67/1.0/1.47
13.0,3902.5750386666664,3434.8913994252002,false,joint_intracellular_platinum_pkpd,independent_diagnostic,A2780cis,20k,0.67,IC25,0.25,adaptation_theta_logistic_growth,densities=20k/30k;doses=0.67/1.0/1.47
14.0,2987.771682,3425.0054478659395,false,joint_intracellular_platinum_pkpd,independent_diagnostic,A2780cis,20k,0.67,IC25,0.25,adaptation_theta_logistic_growth,densities=20k/30k;doses=0.67/1.0/1.47
0.0,67.0,67.0,true,joint_intracellular_platinum_pkpd,independent_diagnostic,A2780cis,20k,1.0,IC50,0.5,adaptation_theta_logistic_growth,densities=20k/30k;doses=0.67/1.0/1.47
1.0,82.57476866666666,75.94081827863401,false,joint_intracellular_platinum_pkpd,independent_diagnostic,A2780cis,20k,1.0,IC50,0.5,adaptation_theta_logistic_growth,densities=20k/30k;doses=0.67/1.0/1.47
2.0,153.74926733333334,106.18507106357617,false,joint_intracellular_platinum_pkpd,independent_diagnostic,A2780cis,20k,1.0,IC50,0.5,adaptation_theta_logistic_growth,densities=20k/30k;doses=0.67/1.0/1.47
3.0,298.6227236666667,172.78888434972174,false,joint_intracellular_platinum_pkpd,independent_diagnostic,A2780cis,20k,1.0,IC50,0.5,adaptation_theta_logistic_growth,densities=20k/30k;doses=0.67/1.0/1.47
4.0,584.2937496666667,310.3948985787039,false,joint_intracellular_platinum_pkpd,independent_diagnostic,A2780cis,20k,1.0,IC50,0.5,adaptation_theta_logistic_growth,densities=20k/30k;doses=0.67/1.0/1.47
5.0,1028.8575233333333,582.1894052180043,false,joint_intracellular_platinum_pkpd,independent_diagnostic,A2780cis,20k,1.0,IC50,0.5,adaptation_theta_logistic_growth,densities=20k/30k;doses=0.67/1.0/1.47
6.0,1728.4681713333332,1062.4727536877272,false,joint_intracellular_platinum_pkpd,independent_diagnostic,A2780cis,20k,1.0,IC50,0.5,adaptation_theta_logistic_growth,densities=20k/30k;doses=0.67/1.0/1.47
7.0,2346.5103780000004,1737.1077630141804,false,joint_intracellular_platinum_pkpd,independent_diagnostic,A2780cis,20k,1.0,IC50,0.5,adaptation_theta_logistic_growth,densities=20k/30k;doses=0.67/1.0/1.47
8.0,2305.3690973333332,2407.6592481444973,false,joint_intracellular_platinum_pkpd,independent_diagnostic,A2780cis,20k,1.0,IC50,0.5,adaptation_theta_logistic_growth,densities=20k/30k;doses=0.67/1.0/1.47
9.0,3049.6326773333335,2863.9784176958096,false,joint_intracellular_platinum_pkpd,independent_diagnostic,A2780cis,20k,1.0,IC50,0.5,adaptation_theta_logistic_growth,densities=20k/30k;doses=0.67/1.0/1.47
10.0,3134.858873333333,3090.3387079091844,false,joint_intracellular_platinum_pkpd,independent_diagnostic,A2780cis,20k,1.0,IC50,0.5,adaptation_theta_logistic_growth,densities=20k/30k;doses=0.67/1.0/1.47
11.0,3720.5385029999998,3178.0724820109676,false,joint_intracellular_platinum_pkpd,independent_diagnostic,A2780cis,20k,1.0,IC50,0.5,adaptation_theta_logistic_growth,densities=20k/30k;doses=0.67/1.0/1.47
12.0,2824.6677086666664,3202.8667268216273,false,joint_intracellular_platinum_pkpd,independent_diagnostic,A2780cis,20k,1.0,IC50,0.5,adaptation_theta_logistic_growth,densities=20k/30k;doses=0.67/1.0/1.47
13.0,3906.9917053333334,3203.3340331466416,false,joint_intracellular_platinum_pkpd,independent_diagnostic,A2780cis,20k,1.0,IC50,0.5,adaptation_theta_logistic_growth,densities=20k/30k;doses=0.67/1.0/1.47
14.0,4011.9759260000005,3195.665639894724,false,joint_intracellular_platinum_pkpd,independent_diagnostic,A2780cis,20k,1.0,IC50,0.5,adaptation_theta_logistic_growth,densities=20k/30k;doses=0.67/1.0/1.47
0.0,67.0,67.0,true,joint_intracellular_platinum_pkpd,independent_diagnostic,A2780cis,20k,1.47,IC75,0.75,adaptation_theta_logistic_growth,densities=20k/30k;doses=0.67/1.0/1.47
1.0,66.07534733333334,75.89397481894055,false,joint_intracellular_platinum_pkpd,independent_diagnostic,A2780cis,20k,1.47,IC75,0.75,adaptation_theta_logistic_growth,densities=20k/30k;doses=0.67/1.0/1.47
2.0,136.019406,105.23599099985249,false,joint_intracellular_platinum_pkpd,independent_diagnostic,A2780cis,20k,1.47,IC75,0.75,adaptation_theta_logistic_growth,densities=20k/30k;doses=0.67/1.0/1.47
3.0,262.4119983333333,167.0947257467117,false,joint_intracellular_platinum_pkpd,independent_diagnostic,A2780cis,20k,1.47,IC75,0.75,adaptation_theta_logistic_growth,densities=20k/30k;doses=0.67/1.0/1.47
4.0,627.1851849999999,288.4762077374566,false,joint_intracellular_platinum_pkpd,independent_diagnostic,A2780cis,20k,1.47,IC75,0.75,adaptation_theta_logistic_growth,densities=20k/30k;doses=0.67/1.0/1.47
5.0,1055.7064813333334,516.7005581095596,false,joint_intracellular_platinum_pkpd,independent_diagnostic,A2780cis,20k,1.47,IC75,0.75,adaptation_theta_logistic_growth,densities=20k/30k;doses=0.67/1.0/1.47
6.0,1644.4327546666666,907.997722223539,false,joint_intracellular_platinum_pkpd,independent_diagnostic,A2780cis,20k,1.47,IC75,0.75,adaptation_theta_logistic_growth,densities=20k/30k;doses=0.67/1.0/1.47
7.0,1888.7926696666666,1465.1148205287989,false,joint_intracellular_platinum_pkpd,independent_diagnostic,A2780cis,20k,1.47,IC75,0.75,adaptation_theta_logistic_growth,densities=20k/30k;doses=0.67/1.0/1.47
8.0,1640.846373333333,2061.1921525839316,false,joint_intracellular_platinum_pkpd,independent_diagnostic,A2780cis,20k,1.47,IC75,0.75,adaptation_theta_logistic_growth,densities=20k/30k;doses=0.67/1.0/1.47
9.0,2390.4506556666665,2519.929822988324,false,joint_intracellular_platinum_pkpd,independent_diagnostic,A2780cis,20k,1.47,IC75,0.75,adaptation_theta_logistic_growth,densities=20k/30k;doses=0.67/1.0/1.47
10.0,1885.2126543333334,2784.322594175188,false,joint_intracellular_platinum_pkpd,independent_diagnostic,A2780cis,20k,1.47,IC75,0.75,adaptation_theta_logistic_growth,densities=20k/30k;doses=0.67/1.0/1.47
11.0,2693.7878856666666,2907.858741269518,false,joint_intracellular_platinum_pkpd,independent_diagnostic,A2780cis,20k,1.47,IC75,0.75,adaptation_theta_logistic_growth,densities=20k/30k;doses=0.67/1.0/1.47
12.0,2554.914467666667,2957.1010496755744,false,joint_intracellular_platinum_pkpd,independent_diagnostic,A2780cis,20k,1.47,IC75,0.75,adaptation_theta_logistic_growth,densities=20k/30k;doses=0.67/1.0/1.47
13.0,3229.3090276666667,2973.20587896666,false,joint_intracellular_platinum_pkpd,independent_diagnostic,A2780cis,20k,1.47,IC75,0.75,adaptation_theta_logistic_growth,densities=20k/30k;doses=0.67/1.0/1.47
14.0,3171.784760666667,2975.9417072946094,false,joint_intracellular_platinum_pkpd,independent_diagnostic,A2780cis,20k,1.47,IC75,0.75,adaptation_theta_logistic_growth,densities=20k/30k;doses=0.67/1.0/1.47
0.0,100.0,100.0,true,joint_intracellular_platinum_pkpd,independent_diagnostic,A2780cis,30k,0.67,IC25,0.25,adaptation_theta_logistic_growth,densities=20k/30k;doses=0.67/1.0/1.47
1.0,119.12291633333332,113.26135361853167,false,joint_intracellular_platinum_pkpd,independent_diagnostic,A2780cis,30k,0.67,IC25,0.25,adaptation_theta_logistic_growth,densities=20k/30k;doses=0.67/1.0/1.47
2.0,208.10995366666666,158.80806394139125,false,joint_intracellular_platinum_pkpd,independent_diagnostic,A2780cis,30k,0.67,IC25,0.25,adaptation_theta_logistic_growth,densities=20k/30k;doses=0.67/1.0/1.47
3.0,381.1926696666667,261.36105906538614,false,joint_intracellular_platinum_pkpd,independent_diagnostic,A2780cis,30k,0.67,IC25,0.25,adaptation_theta_logistic_growth,densities=20k/30k;doses=0.67/1.0/1.47
4.0,731.6507716666666,476.79103544942404,false,joint_intracellular_platinum_pkpd,independent_diagnostic,A2780cis,30k,0.67,IC25,0.25,adaptation_theta_logistic_growth,densities=20k/30k;doses=0.67/1.0/1.47
5.0,1291.6760416666666,898.3702302026325,false,joint_intracellular_platinum_pkpd,independent_diagnostic,A2780cis,30k,0.67,IC25,0.25,adaptation_theta_logistic_growth,densities=20k/30k;doses=0.67/1.0/1.47
6.0,1980.2315586666666,1592.9701752075387,false,joint_intracellular_platinum_pkpd,independent_diagnostic,A2780cis,30k,0.67,IC25,0.25,adaptation_theta_logistic_growth,densities=20k/30k;doses=0.67/1.0/1.47
7.0,2670.8478393333335,2424.8884615760926,false,joint_intracellular_platinum_pkpd,independent_diagnostic,A2780cis,30k,0.67,IC25,0.25,adaptation_theta_logistic_growth,densities=20k/30k;doses=0.67/1.0/1.47
8.0,2545.009915,3084.5706365033748,false,joint_intracellular_platinum_pkpd,independent_diagnostic,A2780cis,30k,0.67,IC25,0.25,adaptation_theta_logistic_growth,densities=20k/30k;doses=0.67/1.0/1.47
9.0,3548.7987266666664,3444.9460759015196,false,joint_intracellular_platinum_pkpd,independent_diagnostic,A2780cis,30k,0.67,IC25,0.25,adaptation_theta_logistic_growth,densities=20k/30k;doses=0.67/1.0/1.47
10.0,2897.7104553333334,3598.8114688417395,false,joint_intracellular_platinum_pkpd,independent_diagnostic,A2780cis,30k,0.67,IC25,0.25,adaptation_theta_logistic_growth,densities=20k/30k;doses=0.67/1.0/1.47
11.0,3797.833449333333,3656.5703008028477,false,joint_intracellular_platinum_pkpd,independent_diagnostic,A2780cis,30k,0.67,IC25,0.25,adaptation_theta_logistic_growth,densities=20k/30k;doses=0.67/1.0/1.47
12.0,2884.930285666667,3677.2807086873827,false,joint_intracellular_platinum_pkpd,independent_diagnostic,A2780cis,30k,0.67,IC25,0.25,adaptation_theta_logistic_growth,densities=20k/30k;doses=0.67/1.0/1.47
13.0,4146.366087666666,3684.9500327367296,false,joint_intracellular_platinum_pkpd,independent_diagnostic,A2780cis,30k,0.67,IC25,0.25,adaptation_theta_logistic_growth,densities=20k/30k;doses=0.67/1.0/1.47
14.0,3326.884761,3688.2047324895334,false,joint_intracellular_platinum_pkpd,independent_diagnostic,A2780cis,30k,0.67,IC25,0.25,adaptation_theta_logistic_growth,densities=20k/30k;doses=0.67/1.0/1.47
0.0,100.0,100.0,true,joint_intracellular_platinum_pkpd,independent_diagnostic,A2780cis,30k,1.0,IC50,0.5,adaptation_theta_logistic_growth,densities=20k/30k;doses=0.67/1.0/1.47
1.0,117.62118066666666,113.25775825689315,false,joint_intracellular_platinum_pkpd,independent_diagnostic,A2780cis,30k,1.0,IC50,0.5,adaptation_theta_logistic_growth,densities=20k/30k;doses=0.67/1.0/1.47
2.0,206.52970666666667,158.5380824549333,false,joint_intracellular_platinum_pkpd,independent_diagnostic,A2780cis,30k,1.0,IC50,0.5,adaptation_theta_logistic_growth,densities=20k/30k;doses=0.67/1.0/1.47
3.0,392.79753066666666,258.2874949448947,false,joint_intracellular_platinum_pkpd,independent_diagnostic,A2780cis,30k,1.0,IC50,0.5,adaptation_theta_logistic_growth,densities=20k/30k;doses=0.67/1.0/1.47
4.0,793.1631946666666,459.6182819574639,false,joint_intracellular_platinum_pkpd,independent_diagnostic,A2780cis,30k,1.0,IC50,0.5,adaptation_theta_logistic_growth,densities=20k/30k;doses=0.67/1.0/1.47
5.0,1328.3501159999998,835.0034771141965,false,joint_intracellular_platinum_pkpd,independent_diagnostic,A2780cis,30k,1.0,IC50,0.5,adaptation_theta_logistic_growth,densities=20k/30k;doses=0.67/1.0/1.47
6.0,1947.6582176666668,1431.4474431560777,false,joint_intracellular_platinum_pkpd,independent_diagnostic,A2780cis,30k,1.0,IC50,0.5,adaptation_theta_logistic_growth,densities=20k/30k;doses=0.67/1.0/1.47
7.0,2594.510609333334,2147.852245027561,false,joint_intracellular_platinum_pkpd,independent_diagnostic,A2780cis,30k,1.0,IC50,0.5,adaptation_theta_logistic_growth,densities=20k/30k;doses=0.67/1.0/1.47
8.0,2352.0106483333334,2747.6625880194442,false,joint_intracellular_platinum_pkpd,independent_diagnostic,A2780cis,30k,1.0,IC50,0.5,adaptation_theta_logistic_growth,densities=20k/30k;doses=0.67/1.0/1.47
9.0,3220.0850306666666,3106.2832781155234,false,joint_intracellular_platinum_pkpd,independent_diagnostic,A2780cis,30k,1.0,IC50,0.5,adaptation_theta_logistic_growth,densities=20k/30k;doses=0.67/1.0/1.47
10.0,2953.806751666667,3276.3364445420307,false,joint_intracellular_platinum_pkpd,independent_diagnostic,A2780cis,30k,1.0,IC50,0.5,adaptation_theta_logistic_growth,densities=20k/30k;doses=0.67/1.0/1.47
11.0,3595.1114196666663,3348.1112597604333,false,joint_intracellular_platinum_pkpd,independent_diagnostic,A2780cis,30k,1.0,IC50,0.5,adaptation_theta_logistic_growth,densities=20k/30k;doses=0.67/1.0/1.47
12.0,2534.660455333333,3377.9450187919206,false,joint_intracellular_platinum_pkpd,independent_diagnostic,A2780cis,30k,1.0,IC50,0.5,adaptation_theta_logistic_growth,densities=20k/30k;doses=0.67/1.0/1.47
13.0,3853.449228666667,3391.4695829758443,false,joint_intracellular_platinum_pkpd,independent_diagnostic,A2780cis,30k,1.0,IC50,0.5,adaptation_theta_logistic_growth,densities=20k/30k;doses=0.67/1.0/1.47
14.0,4116.669907333334,3398.792256624205,false,joint_intracellular_platinum_pkpd,independent_diagnostic,A2780cis,30k,1.0,IC50,0.5,adaptation_theta_logistic_growth,densities=20k/30k;doses=0.67/1.0/1.47
0.0,100.0,100.0,true,joint_intracellular_platinum_pkpd,independent_diagnostic,A2780cis,30k,1.47,IC75,0.75,adaptation_theta_logistic_growth,densities=20k/30k;doses=0.67/1.0/1.47
1.0,73.88472200000001,113.24576208554896,false,joint_intracellular_platinum_pkpd,independent_diagnostic,A2780cis,30k,1.47,IC75,0.75,adaptation_theta_logistic_growth,densities=20k/30k;doses=0.67/1.0/1.47
2.0,143.64463766666665,157.65025519598734,false,joint_intracellular_platinum_pkpd,independent_diagnostic,A2780cis,30k,1.47,IC75,0.75,adaptation_theta_logistic_growth,densities=20k/30k;doses=0.67/1.0/1.47
3.0,301.875849,248.7303927919375,false,joint_intracellular_platinum_pkpd,independent_diagnostic,A2780cis,30k,1.47,IC75,0.75,adaptation_theta_logistic_growth,densities=20k/30k;doses=0.67/1.0/1.47
4.0,670.1066746666667,411.23108251095874,false,joint_intracellular_platinum_pkpd,independent_diagnostic,A2780cis,30k,1.47,IC75,0.75,adaptation_theta_logistic_growth,densities=20k/30k;doses=0.67/1.0/1.47
5.0,1170.9108796666667,675.38878319806,false,joint_intracellular_platinum_pkpd,independent_diagnostic,A2780cis,30k,1.47,IC75,0.75,adaptation_theta_logistic_growth,densities=20k/30k;doses=0.67/1.0/1.47
6.0,1348.3380016666667,1056.5492013840678,false,joint_intracellular_platinum_pkpd,independent_diagnostic,A2780cis,30k,1.47,IC75,0.75,adaptation_theta_logistic_growth,densities=20k/30k;doses=0.67/1.0/1.47
7.0,1881.759761,1516.0997915509413,false,joint_intracellular_platinum_pkpd,independent_diagnostic,A2780cis,30k,1.47,IC75,0.75,adaptation_theta_logistic_growth,densities=20k/30k;doses=0.67/1.0/1.47
8.0,1606.1887733333333,1955.7509260128957,false,joint_intracellular_platinum_pkpd,independent_diagnostic,A2780cis,30k,1.47,IC75,0.75,adaptation_theta_logistic_growth,densities=20k/30k;doses=0.67/1.0/1.47
9.0,2421.258526333333,2288.1117261376107,false,joint_intracellular_platinum_pkpd,independent_diagnostic,A2780cis,30k,1.47,IC75,0.75,adaptation_theta_logistic_growth,densities=20k/30k;doses=0.67/1.0/1.47
10.0,1957.2380400000002,2496.6856840821606,false,joint_intracellular_platinum_pkpd,independent_diagnostic,A2780cis,30k,1.47,IC75,0.75,adaptation_theta_logistic_growth,densities=20k/30k;doses=0.67/1.0/1.47
11.0,2537.103395,2614.066268708973,false,joint_intracellular_platinum_pkpd,independent_diagnostic,A2780cis,30k,1.47,IC75,0.75,adaptation_theta_logistic_growth,densities=20k/30k;doses=0.67/1.0/1.47
12.0,2244.322531,2678.1734258883957,false,joint_intracellular_platinum_pkpd,independent_diagnostic,A2780cis,30k,1.47,IC75,0.75,adaptation_theta_logistic_growth,densities=20k/30k;doses=0.67/1.0/1.47
13.0,2827.4429400000004,2714.532903105479,false,joint_intracellular_platinum_pkpd,independent_diagnostic,A2780cis,30k,1.47,IC75,0.75,adaptation_theta_logistic_growth,densities=20k/30k;doses=0.67/1.0/1.47
14.0,3433.938387333333,2736.9483108675686,false,joint_intracellular_platinum_pkpd,independent_diagnostic,A2780cis,30k,1.47,IC75,0.75,adaptation_theta_logistic_growth,densities=20k/30k;doses=0.67/1.0/1.47
0.0,67.0,67.0,true,joint_time_decay_dose_scaled,independent_diagnostic,A2780cis,20k,0.67,IC25,0.25,adaptation_theta_logistic_growth,densities=20k/30k;doses=0.67/1.0/1.47
1.0,79.832716,71.18539147361277,false,joint_time_decay_dose_scaled,independent_diagnostic,A2780cis,20k,0.67,IC25,0.25,adaptation_theta_logistic_growth,densities=20k/30k;doses=0.67/1.0/1.47
2.0,136.68186733333332,94.05112324716116,false,joint_time_decay_dose_scaled,independent_diagnostic,A2780cis,20k,0.67,IC25,0.25,adaptation_theta_logistic_growth,densities=20k/30k;doses=0.67/1.0/1.47
3.0,256.032137,147.48540133277606,false,joint_time_decay_dose_scaled,independent_diagnostic,A2780cis,20k,0.67,IC25,0.25,adaptation_theta_logistic_growth,densities=20k/30k;doses=0.67/1.0/1.47
4.0,551.4876543333334,262.43892111776483,false,joint_time_decay_dose_scaled,independent_diagnostic,A2780cis,20k,0.67,IC25,0.25,adaptation_theta_logistic_growth,densities=20k/30k;doses=0.67/1.0/1.47
5.0,932.248611,503.17098290548495,false,joint_time_decay_dose_scaled,independent_diagnostic,A2780cis,20k,0.67,IC25,0.25,adaptation_theta_logistic_growth,densities=20k/30k;doses=0.67/1.0/1.47
6.0,1630.1435956666667,967.859335642447,false,joint_time_decay_dose_scaled,independent_diagnostic,A2780cis,20k,0.67,IC25,0.25,adaptation_theta_logistic_growth,densities=20k/30k;doses=0.67/1.0/1.47
7.0,2349.2489583333336,1697.9216104828388,false,joint_time_decay_dose_scaled,independent_diagnostic,A2780cis,20k,0.67,IC25,0.25,adaptation_theta_logistic_growth,densities=20k/30k;doses=0.67/1.0/1.47
8.0,2344.200308666667,2504.3165215178524,false,joint_time_decay_dose_scaled,independent_diagnostic,A2780cis,20k,0.67,IC25,0.25,adaptation_theta_logistic_growth,densities=20k/30k;doses=0.67/1.0/1.47
9.0,3261.814429,3092.4475811237344,false,joint_time_decay_dose_scaled,independent_diagnostic,A2780cis,20k,0.67,IC25,0.25,adaptation_theta_logistic_growth,densities=20k/30k;doses=0.67/1.0/1.47
10.0,2744.403163333333,3397.6488750764624,false,joint_time_decay_dose_scaled,independent_diagnostic,A2780cis,20k,0.67,IC25,0.25,adaptation_theta_logistic_growth,densities=20k/30k;doses=0.67/1.0/1.47
11.0,3624.0109566666665,3527.1938406706004,false,joint_time_decay_dose_scaled,independent_diagnostic,A2780cis,20k,0.67,IC25,0.25,adaptation_theta_logistic_growth,densities=20k/30k;doses=0.67/1.0/1.47
12.0,2656.8393906666665,3577.9000735948302,false,joint_time_decay_dose_scaled,independent_diagnostic,A2780cis,20k,0.67,IC25,0.25,adaptation_theta_logistic_growth,densities=20k/30k;doses=0.67/1.0/1.47
13.0,3902.5750386666664,3597.9460450854685,false,joint_time_decay_dose_scaled,independent_diagnostic,A2780cis,20k,0.67,IC25,0.25,adaptation_theta_logistic_growth,densities=20k/30k;doses=0.67/1.0/1.47
14.0,2987.771682,3606.645079804838,false,joint_time_decay_dose_scaled,independent_diagnostic,A2780cis,20k,0.67,IC25,0.25,adaptation_theta_logistic_growth,densities=20k/30k;doses=0.67/1.0/1.47
0.0,67.0,67.0,true,joint_time_decay_dose_scaled,independent_diagnostic,A2780cis,20k,1.0,IC50,0.5,adaptation_theta_logistic_growth,densities=20k/30k;doses=0.67/1.0/1.47
1.0,82.57476866666666,68.93508867614148,false,joint_time_decay_dose_scaled,independent_diagnostic,A2780cis,20k,1.0,IC50,0.5,adaptation_theta_logistic_growth,densities=20k/30k;doses=0.67/1.0/1.47
2.0,153.74926733333334,88.22936131205557,false,joint_time_decay_dose_scaled,independent_diagnostic,A2780cis,20k,1.0,IC50,0.5,adaptation_theta_logistic_growth,densities=20k/30k;doses=0.67/1.0/1.47
3.0,298.6227236666667,134.1604330173841,false,joint_time_decay_dose_scaled,independent_diagnostic,A2780cis,20k,1.0,IC50,0.5,adaptation_theta_logistic_growth,densities=20k/30k;doses=0.67/1.0/1.47
4.0,584.2937496666667,232.0793020680765,false,joint_time_decay_dose_scaled,independent_diagnostic,A2780cis,20k,1.0,IC50,0.5,adaptation_theta_logistic_growth,densities=20k/30k;doses=0.67/1.0/1.47
5.0,1028.8575233333333,435.3065253105664,false,joint_time_decay_dose_scaled,independent_diagnostic,A2780cis,20k,1.0,IC50,0.5,adaptation_theta_logistic_growth,densities=20k/30k;doses=0.67/1.0/1.47
6.0,1728.4681713333332,830.4860650973369,false,joint_time_decay_dose_scaled,independent_diagnostic,A2780cis,20k,1.0,IC50,0.5,adaptation_theta_logistic_growth,densities=20k/30k;doses=0.67/1.0/1.47
7.0,2346.5103780000004,1477.43397365537,false,joint_time_decay_dose_scaled,independent_diagnostic,A2780cis,20k,1.0,IC50,0.5,adaptation_theta_logistic_growth,densities=20k/30k;doses=0.67/1.0/1.47
8.0,2305.3690973333332,2252.4681121091903,false,joint_time_decay_dose_scaled,independent_diagnostic,A2780cis,20k,1.0,IC50,0.5,adaptation_theta_logistic_growth,densities=20k/30k;doses=0.67/1.0/1.47
9.0,3049.6326773333335,2877.746743710824,false,joint_time_decay_dose_scaled,independent_diagnostic,A2780cis,20k,1.0,IC50,0.5,adaptation_theta_logistic_growth,densities=20k/30k;doses=0.67/1.0/1.47
10.0,3134.858873333333,3233.1016637635157,false,joint_time_decay_dose_scaled,independent_diagnostic,A2780cis,20k,1.0,IC50,0.5,adaptation_theta_logistic_growth,densities=20k/30k;doses=0.67/1.0/1.47
11.0,3720.5385029999998,3394.8694869049054,false,joint_time_decay_dose_scaled,independent_diagnostic,A2780cis,20k,1.0,IC50,0.5,adaptation_theta_logistic_growth,densities=20k/30k;doses=0.67/1.0/1.47
12.0,2824.6677086666664,3461.781356603664,false,joint_time_decay_dose_scaled,independent_diagnostic,A2780cis,20k,1.0,IC50,0.5,adaptation_theta_logistic_growth,densities=20k/30k;doses=0.67/1.0/1.47
13.0,3906.9917053333334,3489.524894336053,false,joint_time_decay_dose_scaled,independent_diagnostic,A2780cis,20k,1.0,IC50,0.5,adaptation_theta_logistic_growth,densities=20k/30k;doses=0.67/1.0/1.47
14.0,4011.9759260000005,3502.0631714375268,false,joint_time_decay_dose_scaled,independent_diagnostic,A2780cis,20k,1.0,IC50,0.5,adaptation_theta_logistic_growth,densities=20k/30k;doses=0.67/1.0/1.47
0.0,67.0,67.0,true,joint_time_decay_dose_scaled,independent_diagnostic,A2780cis,20k,1.47,IC75,0.75,adaptation_theta_logistic_growth,densities=20k/30k;doses=0.67/1.0/1.47
1.0,66.07534733333334,65.85222895654931,false,joint_time_decay_dose_scaled,independent_diagnostic,A2780cis,20k,1.47,IC75,0.75,adaptation_theta_logistic_growth,densities=20k/30k;doses=0.67/1.0/1.47
2.0,136.019406,80.55152033500003,false,joint_time_decay_dose_scaled,independent_diagnostic,A2780cis,20k,1.47,IC75,0.75,adaptation_theta_logistic_growth,densities=20k/30k;doses=0.67/1.0/1.47
3.0,262.4119983333333,117.20863313888121,false,joint_time_decay_dose_scaled,independent_diagnostic,A2780cis,20k,1.47,IC75,0.75,adaptation_theta_logistic_growth,densities=20k/30k;doses=0.67/1.0/1.47
4.0,627.1851849999999,194.6292782806252,false,joint_time_decay_dose_scaled,independent_diagnostic,A2780cis,20k,1.47,IC75,0.75,adaptation_theta_logistic_growth,densities=20k/30k;doses=0.67/1.0/1.47
5.0,1055.7064813333334,353.1068480392491,false,joint_time_decay_dose_scaled,independent_diagnostic,A2780cis,20k,1.47,IC75,0.75,adaptation_theta_logistic_growth,densities=20k/30k;doses=0.67/1.0/1.47
6.0,1644.4327546666666,662.5857234073274,false,joint_time_decay_dose_scaled,independent_diagnostic,A2780cis,20k,1.47,IC75,0.75,adaptation_theta_logistic_growth,densities=20k/30k;doses=0.67/1.0/1.47
7.0,1888.7926696666666,1193.3082432270621,false,joint_time_decay_dose_scaled,independent_diagnostic,A2780cis,20k,1.47,IC75,0.75,adaptation_theta_logistic_growth,densities=20k/30k;doses=0.67/1.0/1.47
8.0,1640.846373333333,1898.2087987203608,false,joint_time_decay_dose_scaled,independent_diagnostic,A2780cis,20k,1.47,IC75,0.75,adaptation_theta_logistic_growth,densities=20k/30k;doses=0.67/1.0/1.47
9.0,2390.4506556666665,2552.921430807763,false,joint_time_decay_dose_scaled,independent_diagnostic,A2780cis,20k,1.47,IC75,0.75,adaptation_theta_logistic_growth,densities=20k/30k;doses=0.67/1.0/1.47
10.0,1885.2126543333334,2979.140643698006,false,joint_time_decay_dose_scaled,independent_diagnostic,A2780cis,20k,1.47,IC75,0.75,adaptation_theta_logistic_growth,densities=20k/30k;doses=0.67/1.0/1.47
11.0,2693.7878856666666,3194.643650319427,false,joint_time_decay_dose_scaled,independent_diagnostic,A2780cis,20k,1.47,IC75,0.75,adaptation_theta_logistic_growth,densities=20k/30k;doses=0.67/1.0/1.47
12.0,2554.914467666667,3290.693536310221,false,joint_time_decay_dose_scaled,independent_diagnostic,A2780cis,20k,1.47,IC75,0.75,adaptation_theta_logistic_growth,densities=20k/30k;doses=0.67/1.0/1.47
13.0,3229.3090276666667,3332.600724138518,false,joint_time_decay_dose_scaled,independent_diagnostic,A2780cis,20k,1.47,IC75,0.75,adaptation_theta_logistic_growth,densities=20k/30k;doses=0.67/1.0/1.47
14.0,3171.784760666667,3352.0755904515227,false,joint_time_decay_dose_scaled,independent_diagnostic,A2780cis,20k,1.47,IC75,0.75,adaptation_theta_logistic_growth,densities=20k/30k;doses=0.67/1.0/1.47
0.0,100.0,100.0,true,joint_time_decay_dose_scaled,independent_diagnostic,A2780cis,30k,0.67,IC25,0.25,adaptation_theta_logistic_growth,densities=20k/30k;doses=0.67/1.0/1.47
1.0,119.12291633333332,105.01985945053441,false,joint_time_decay_dose_scaled,independent_diagnostic,A2780cis,30k,0.67,IC25,0.25,adaptation_theta_logistic_growth,densities=20k/30k;doses=0.67/1.0/1.47
2.0,208.10995366666666,136.80073603628782,false,joint_time_decay_dose_scaled,independent_diagnostic,A2780cis,30k,0.67,IC25,0.25,adaptation_theta_logistic_growth,densities=20k/30k;doses=0.67/1.0/1.47
3.0,381.1926696666667,210.66072963499548,false,joint_time_decay_dose_scaled,independent_diagnostic,A2780cis,30k,0.67,IC25,0.25,adaptation_theta_logistic_growth,densities=20k/30k;doses=0.67/1.0/1.47
4.0,731.6507716666666,365.3635638062203,false,joint_time_decay_dose_scaled,independent_diagnostic,A2780cis,30k,0.67,IC25,0.25,adaptation_theta_logistic_growth,densities=20k/30k;doses=0.67/1.0/1.47
5.0,1291.6760416666666,673.3713997340851,false,joint_time_decay_dose_scaled,independent_diagnostic,A2780cis,30k,0.67,IC25,0.25,adaptation_theta_logistic_growth,densities=20k/30k;doses=0.67/1.0/1.47
6.0,1980.2315586666666,1218.830934552935,false,joint_time_decay_dose_scaled,independent_diagnostic,A2780cis,30k,0.67,IC25,0.25,adaptation_theta_logistic_growth,densities=20k/30k;doses=0.67/1.0/1.47
7.0,2670.8478393333335,1974.4220784414442,false,joint_time_decay_dose_scaled,independent_diagnostic,A2780cis,30k,0.67,IC25,0.25,adaptation_theta_logistic_growth,densities=20k/30k;doses=0.67/1.0/1.47
8.0,2545.009915,2700.1816570161564,false,joint_time_decay_dose_scaled,independent_diagnostic,A2780cis,30k,0.67,IC25,0.25,adaptation_theta_logistic_growth,densities=20k/30k;doses=0.67/1.0/1.47
9.0,3548.7987266666664,3175.5905051309046,false,joint_time_decay_dose_scaled,independent_diagnostic,A2780cis,30k,0.67,IC25,0.25,adaptation_theta_logistic_growth,densities=20k/30k;doses=0.67/1.0/1.47
10.0,2897.7104553333334,3409.886398268333,false,joint_time_decay_dose_scaled,independent_diagnostic,A2780cis,30k,0.67,IC25,0.25,adaptation_theta_logistic_growth,densities=20k/30k;doses=0.67/1.0/1.47
11.0,3797.833449333333,3508.9245400800673,false,joint_time_decay_dose_scaled,independent_diagnostic,A2780cis,30k,0.67,IC25,0.25,adaptation_theta_logistic_growth,densities=20k/30k;doses=0.67/1.0/1.47
12.0,2884.930285666667,3548.9043349413205,false,joint_time_decay_dose_scaled,independent_diagnostic,A2780cis,30k,0.67,IC25,0.25,adaptation_theta_logistic_growth,densities=20k/30k;doses=0.67/1.0/1.47
13.0,4146.366087666666,3565.733358443796,false,joint_time_decay_dose_scaled,independent_diagnostic,A2780cis,30k,0.67,IC25,0.25,adaptation_theta_logistic_growth,densities=20k/30k;doses=0.67/1.0/1.47
14.0,3326.884761,3573.7239639505824,false,joint_time_decay_dose_scaled,independent_diagnostic,A2780cis,30k,0.67,IC25,0.25,adaptation_theta_logistic_growth,densities=20k/30k;doses=0.67/1.0/1.47
0.0,100.0,100.0,true,joint_time_decay_dose_scaled,independent_diagnostic,A2780cis,30k,1.0,IC50,0.5,adaptation_theta_logistic_growth,densities=20k/30k;doses=0.67/1.0/1.47
1.0,117.62118066666666,101.18283838060475,false,joint_time_decay_dose_scaled,independent_diagnostic,A2780cis,30k,1.0,IC50,0.5,adaptation_theta_logistic_growth,densities=20k/30k;doses=0.67/1.0/1.47
2.0,206.52970666666667,127.06018845483412,false,joint_time_decay_dose_scaled,independent_diagnostic,A2780cis,30k,1.0,IC50,0.5,adaptation_theta_logistic_growth,densities=20k/30k;doses=0.67/1.0/1.47
3.0,392.79753066666666,188.92145457604474,false,joint_time_decay_dose_scaled,independent_diagnostic,A2780cis,30k,1.0,IC50,0.5,adaptation_theta_logistic_growth,densities=20k/30k;doses=0.67/1.0/1.47
4.0,793.1631946666666,317.6316699752825,false,joint_time_decay_dose_scaled,independent_diagnostic,A2780cis,30k,1.0,IC50,0.5,adaptation_theta_logistic_growth,densities=20k/30k;doses=0.67/1.0/1.47
5.0,1328.3501159999998,572.7556237901251,false,joint_time_decay_dose_scaled,independent_diagnostic,A2780cis,30k,1.0,IC50,0.5,adaptation_theta_logistic_growth,densities=20k/30k;doses=0.67/1.0/1.47
6.0,1947.6582176666668,1032.9277937411853,false,joint_time_decay_dose_scaled,independent_diagnostic,A2780cis,30k,1.0,IC50,0.5,adaptation_theta_logistic_growth,densities=20k/30k;doses=0.67/1.0/1.47
7.0,2594.510609333334,1708.9494456066016,false,joint_time_decay_dose_scaled,independent_diagnostic,A2780cis,30k,1.0,IC50,0.5,adaptation_theta_logistic_growth,densities=20k/30k;doses=0.67/1.0/1.47
8.0,2352.0106483333334,2425.1161878473117,false,joint_time_decay_dose_scaled,independent_diagnostic,A2780cis,30k,1.0,IC50,0.5,adaptation_theta_logistic_growth,densities=20k/30k;doses=0.67/1.0/1.47
9.0,3220.0850306666666,2948.7676607609897,false,joint_time_decay_dose_scaled,independent_diagnostic,A2780cis,30k,1.0,IC50,0.5,adaptation_theta_logistic_growth,densities=20k/30k;doses=0.67/1.0/1.47
10.0,2953.806751666667,3232.4003088361615,false,joint_time_decay_dose_scaled,independent_diagnostic,A2780cis,30k,1.0,IC50,0.5,adaptation_theta_logistic_growth,densities=20k/30k;doses=0.67/1.0/1.47
11.0,3595.1114196666663,3361.3512259566137,false,joint_time_decay_dose_scaled,independent_diagnostic,A2780cis,30k,1.0,IC50,0.5,adaptation_theta_logistic_growth,densities=20k/30k;doses=0.67/1.0/1.47
12.0,2534.660455333333,3416.489187773566,false,joint_time_decay_dose_scaled,independent_diagnostic,A2780cis,30k,1.0,IC50,0.5,adaptation_theta_logistic_growth,densities=20k/30k;doses=0.67/1.0/1.47
13.0,3853.449228666667,3440.796631420038,false,joint_time_decay_dose_scaled,independent_diagnostic,A2780cis,30k,1.0,IC50,0.5,adaptation_theta_logistic_growth,densities=20k/30k;doses=0.67/1.0/1.47
14.0,4116.669907333334,3452.7171306493337,false,joint_time_decay_dose_scaled,independent_diagnostic,A2780cis,30k,1.0,IC50,0.5,adaptation_theta_logistic_growth,densities=20k/30k;doses=0.67/1.0/1.47
0.0,100.0,100.0,true,joint_time_decay_dose_scaled,independent_diagnostic,A2780cis,30k,1.47,IC75,0.75,adaptation_theta_logistic_growth,densities=20k/30k;doses=0.67/1.0/1.47
1.0,73.88472200000001,95.95835744870627,false,joint_time_decay_dose_scaled,independent_diagnostic,A2780cis,30k,1.47,IC75,0.75,adaptation_theta_logistic_growth,densities=20k/30k;doses=0.67/1.0/1.47
2.0,143.64463766666665,114.3646069961048,false,joint_time_decay_dose_scaled,independent_diagnostic,A2780cis,30k,1.47,IC75,0.75,adaptation_theta_logistic_growth,densities=20k/30k;doses=0.67/1.0/1.47
3.0,301.875849,161.70984482845182,false,joint_time_decay_dose_scaled,independent_diagnostic,A2780cis,30k,1.47,IC75,0.75,adaptation_theta_logistic_growth,densities=20k/30k;doses=0.67/1.0/1.47
4.0,670.1066746666667,259.7966355086966,false,joint_time_decay_dose_scaled,independent_diagnostic,A2780cis,30k,1.47,IC75,0.75,adaptation_theta_logistic_growth,densities=20k/30k;doses=0.67/1.0/1.47
5.0,1170.9108796666667,452.5835774215541,false,joint_time_decay_dose_scaled,independent_diagnostic,A2780cis,30k,1.47,IC75,0.75,adaptation_theta_logistic_growth,densities=20k/30k;doses=0.67/1.0/1.47
6.0,1348.3380016666667,806.1435412581914,false,joint_time_decay_dose_scaled,independent_diagnostic,A2780cis,30k,1.47,IC75,0.75,adaptation_theta_logistic_growth,densities=20k/30k;doses=0.67/1.0/1.47
7.0,1881.759761,1361.9190665449303,false,joint_time_decay_dose_scaled,independent_diagnostic,A2780cis,30k,1.47,IC75,0.75,adaptation_theta_logistic_growth,densities=20k/30k;doses=0.67/1.0/1.47
8.0,1606.1887733333333,2030.0575942875869,false,joint_time_decay_dose_scaled,independent_diagnostic,A2780cis,30k,1.47,IC75,0.75,adaptation_theta_logistic_growth,densities=20k/30k;doses=0.67/1.0/1.47
9.0,2421.258526333333,2601.1625166970452,false,joint_time_decay_dose_scaled,independent_diagnostic,A2780cis,30k,1.47,IC75,0.75,adaptation_theta_logistic_growth,densities=20k/30k;doses=0.67/1.0/1.47
10.0,1957.2380400000002,2957.8473549357277,false,joint_time_decay_dose_scaled,independent_diagnostic,A2780cis,30k,1.47,IC75,0.75,adaptation_theta_logistic_growth,densities=20k/30k;doses=0.67/1.0/1.47
11.0,2537.103395,3138.4736622089863,false,joint_time_decay_dose_scaled,independent_diagnostic,A2780cis,30k,1.47,IC75,0.75,adaptation_theta_logistic_growth,densities=20k/30k;doses=0.67/1.0/1.47
12.0,2244.322531,3221.694148038102,false,joint_time_decay_dose_scaled,independent_diagnostic,A2780cis,30k,1.47,IC75,0.75,adaptation_theta_logistic_growth,densities=20k/30k;doses=0.67/1.0/1.47
13.0,2827.4429400000004,3260.077580654821,false,joint_time_decay_dose_scaled,independent_diagnostic,A2780cis,30k,1.47,IC75,0.75,adaptation_theta_logistic_growth,densities=20k/30k;doses=0.67/1.0/1.47
14.0,3433.938387333333,3279.1951701296075,false,joint_time_decay_dose_scaled,independent_diagnostic,A2780cis,30k,1.47,IC75,0.75,adaptation_theta_logistic_growth,densities=20k/30k;doses=0.67/1.0/1.47
