time,observed,predicted,fixed_day0_anchor,model,pooling_mode,density,mix,component
0.0,16.75,16.75,true,lv_asymmetric_competition,shared,20k,25-75,sensitive
1.0,12.806666666666667,40.133444930776946,false,lv_asymmetric_competition,shared,20k,25-75,sensitive
2.0,36.586666666666666,94.48049679210945,false,lv_asymmetric_competition,shared,20k,25-75,sensitive
3.0,105.55666666666667,215.01901997666928,false,lv_asymmetric_competition,shared,20k,25-75,sensitive
4.0,270.2266666666667,459.010886902575,false,lv_asymmetric_competition,shared,20k,25-75,sensitive
5.0,849.8733333333333,875.624949436379,false,lv_asymmetric_competition,shared,20k,25-75,sensitive
6.0,860.2633333333333,1412.0149465644793,false,lv_asymmetric_competition,shared,20k,25-75,sensitive
7.0,1553.246666666667,1883.3702167162464,false,lv_asymmetric_competition,shared,20k,25-75,sensitive
8.0,1776.5566666666666,2171.206858043273,false,lv_asymmetric_competition,shared,20k,25-75,sensitive
9.0,1648.9166666666667,2322.016329959252,false,lv_asymmetric_competition,shared,20k,25-75,sensitive
10.0,2098.65,2412.3405726076676,false,lv_asymmetric_competition,shared,20k,25-75,sensitive
11.0,2367.1166666666663,2481.801746737837,false,lv_asymmetric_competition,shared,20k,25-75,sensitive
12.0,2250.2233333333334,2545.104025997209,false,lv_asymmetric_competition,shared,20k,25-75,sensitive
13.0,2750.683333333333,2607.098264941173,false,lv_asymmetric_competition,shared,20k,25-75,sensitive
14.0,2685.1666666666665,2669.273133653489,false,lv_asymmetric_competition,shared,20k,25-75,sensitive
0.0,50.25,50.25,true,lv_asymmetric_competition,shared,20k,25-75,resistant
1.0,31.28333333333333,81.76663489979637,false,lv_asymmetric_competition,shared,20k,25-75,resistant
2.0,54.129999999999995,133.046237147765,false,lv_asymmetric_competition,shared,20k,25-75,resistant
3.0,91.82,216.43688116192965,false,lv_asymmetric_competition,shared,20k,25-75,resistant
4.0,189.74333333333334,351.52927894392064,false,lv_asymmetric_competition,shared,20k,25-75,resistant
5.0,391.3,565.2477852480322,false,lv_asymmetric_competition,shared,20k,25-75,resistant
6.0,609.6966666666667,868.8683835881945,false,lv_asymmetric_competition,shared,20k,25-75,resistant
7.0,844.84,1186.3612917842734,false,lv_asymmetric_competition,shared,20k,25-75,resistant
8.0,1041.4766666666667,1381.684542194321,false,lv_asymmetric_competition,shared,20k,25-75,resistant
9.0,1339.68,1438.558004495088,false,lv_asymmetric_competition,shared,20k,25-75,resistant
10.0,1081.78,1423.5002161144873,false,lv_asymmetric_competition,shared,20k,25-75,resistant
11.0,1735.1733333333334,1381.5442451075342,false,lv_asymmetric_competition,shared,20k,25-75,resistant
12.0,986.3433333333332,1330.337054920537,false,lv_asymmetric_competition,shared,20k,25-75,resistant
13.0,1465.8533333333335,1275.7442836551932,false,lv_asymmetric_competition,shared,20k,25-75,resistant
14.0,1085.67,1219.6851646628838,false,lv_asymmetric_competition,shared,20k,25-75,resistant
0.0,33.5,33.5,true,lv_asymmetric_competition,shared,20k,50-50,sensitive
1.0,19.429999999999996,80.20528761434281,false,lv_asymmetric_competition,shared,20k,50-50,sensitive
2.0,55.28333333333334,187.77293200153255,false,lv_asymmetric_competition,shared,20k,50-50,sensitive
3.0,144.22333333333333,419.8131341089614,false,lv_asymmetric_competition,shared,20k,50-50,sensitive
4.0,405.09,858.7893162682986,false,lv_asymmetric_competition,shared,20k,50-50,sensitive
5.0,1191.8633333333332,1515.691751902554,false,lv_asymmetric_competition,shared,20k,50-50,sensitive
6.0,947.3433333333334,2213.3377597151966,false,lv_asymmetric_competition,shared,20k,50-50,sensitive
7.0,1698.1066666666666,2722.741926377539,false,lv_asymmetric_competition,shared,20k,50-50,sensitive
8.0,2026.4033333333334,3008.8152449165264,false,lv_asymmetric_competition,shared,20k,50-50,sensitive
9.0,1937.7299999999998,3162.333374051309,false,lv_asymmetric_competition,shared,20k,50-50,sensitive
10.0,2396.2833333333333,3257.535765673849,false,lv_asymmetric_competition,shared,20k,50-50,sensitive
11.0,2527.3933333333334,3329.370087419871,false,lv_asymmetric_competition,shared,20k,50-50,sensitive
12.0,2748.9966666666664,3391.4058035000303,false,lv_asymmetric_competition,shared,20k,50-50,sensitive
13.0,2943.03,3448.5078570243722,false,lv_asymmetric_competition,shared,20k,50-50,sensitive
14.0,2942.056666666667,3502.3104711328047,false,lv_asymmetric_competition,shared,20k,50-50,sensitive
0.0,33.5,33.5,true,lv_asymmetric_competition,shared,20k,50-50,resistant
1.0,28.166666666666668,54.51101966104206,false,lv_asymmetric_competition,shared,20k,50-50,resistant
2.0,47.166666666666664,88.6951875033953,false,lv_asymmetric_competition,shared,20k,50-50,resistant
3.0,85.17,144.24398765106557,false,lv_asymmetric_competition,shared,20k,50-50,resistant
4.0,162.80333333333334,233.62832906681186,false,lv_asymmetric_competition,shared,20k,50-50,resistant
5.0,316.40666666666664,369.37201354606987,false,lv_asymmetric_competition,shared,20k,50-50,resistant
6.0,379.49,536.4810820982124,false,lv_asymmetric_competition,shared,20k,50-50,resistant
7.0,534.9,667.6267752484804,false,lv_asymmetric_competition,shared,20k,50-50,resistant
8.0,767.0866666666666,716.9709060196549,false,lv_asymmetric_competition,shared,20k,50-50,resistant
9.0,892.32,706.3131345520859,false,lv_asymmetric_competition,shared,20k,50-50,resistant
10.0,674.7666666666665,669.0693539510565,false,lv_asymmetric_competition,shared,20k,50-50,resistant
11.0,1008.0999999999999,623.019308336042,false,lv_asymmetric_competition,shared,20k,50-50,resistant
12.0,618.9333333333333,575.1870472941961,false,lv_asymmetric_competition,shared,20k,50-50,resistant
13.0,826.9333333333333,528.1448166652974,false,lv_asymmetric_competition,shared,20k,50-50,resistant
14.0,519.14,482.8677137230274,false,lv_asymmetric_competition,shared,20k,50-50,resistant
0.0,50.25,50.25,true,lv_asymmetric_competition,shared,20k,75-25,sensitive
1.0,20.683333333333334,120.21591187545627,false,lv_asymmetric_competition,shared,20k,75-25,sensitive
2.0,64.20333333333333,279.9142888867104,false,lv_asymmetric_competition,shared,20k,75-25,sensitive
3.0,168.48666666666668,615.3470155737076,false,lv_asymmetric_competition,shared,20k,75-25,sensitive
4.0,473.56666666666666,1212.4913660074033,false,lv_asymmetric_competition,shared,20k,75-25,sensitive
5.0,1202.4333333333334,2017.0476507720248,false,lv_asymmetric_competition,shared,20k,75-25,sensitive
6.0,748.59,2769.5435666923227,false,lv_asymmetric_competition,shared,20k,75-25,sensitive
7.0,1784.08,3267.2169831987526,false,lv_asymmetric_competition,shared,20k,75-25,sensitive
8.0,2094.6200000000003,3532.3555265769746,false,lv_asymmetric_competition,shared,20k,75-25,sensitive
9.0,2307.6466666666665,3667.1011198132624,false,lv_asymmetric_competition,shared,20k,75-25,sensitive
10.0,2381.6866666666665,3742.142139169605,false,lv_asymmetric_competition,shared,20k,75-25,sensitive
11.0,2366.4933333333333,3791.1641006869104,false,lv_asymmetric_competition,shared,20k,75-25,sensitive
12.0,2527.433333333333,3828.241667671707,false,lv_asymmetric_competition,shared,20k,75-25,sensitive
13.0,2828.8733333333334,3859.030109380306,false,lv_asymmetric_competition,shared,20k,75-25,sensitive
14.0,2795.03,3885.821598819101,false,lv_asymmetric_competition,shared,20k,75-25,sensitive
0.0,16.75,16.75,true,lv_asymmetric_competition,shared,20k,75-25,resistant
1.0,11.136666666666665,27.25546881130897,false,lv_asymmetric_competition,shared,20k,75-25,resistant
2.0,19.916666666666664,44.34603855956951,false,lv_asymmetric_competition,shared,20k,75-25,resistant
3.0,30.603333333333335,72.08714706581809,false,lv_asymmetric_competition,shared,20k,75-25,resistant
4.0,72.57666666666667,116.29243898946676,false,lv_asymmetric_competition,shared,20k,75-25,resistant
5.0,135.09,180.16706477400177,false,lv_asymmetric_competition,shared,20k,75-25,resistant
6.0,172.97000000000003,248.81023362803788,false,lv_asymmetric_competition,shared,20k,75-25,resistant
7.0,227.50666666666666,290.94535679715966,false,lv_asymmetric_competition,shared,20k,75-25,resistant
8.0,317.33,297.15853161614325,false,lv_asymmetric_competition,shared,20k,75-25,resistant
9.0,369.6333333333334,281.4948532507142,false,lv_asymmetric_competition,shared,20k,75-25,resistant
10.0,281.56666666666666,257.47006396942265,false,lv_asymmetric_competition,shared,20k,75-25,resistant
11.0,418.8633333333333,231.77629102417694,false,lv_asymmetric_competition,shared,20k,75-25,resistant
12.0,261.56,207.0080161234107,false,lv_asymmetric_competition,shared,20k,75-25,resistant
13.0,309.22666666666663,184.03815824685682,false,lv_asymmetric_competition,shared,20k,75-25,resistant
14.0,194.61333333333332,163.093128085011,false,lv_asymmetric_competition,shared,20k,75-25,resistant
0.0,25.0,25.0,true,lv_asymmetric_competition,shared,30k,25-75,sensitive
1.0,13.089999999999998,56.68024203877799,false,lv_asymmetric_competition,shared,30k,25-75,sensitive
2.0,39.300000000000004,125.43017189672203,false,lv_asymmetric_competition,shared,30k,25-75,sensitive
3.0,123.18,265.54881991502697,false,lv_asymmetric_competition,shared,30k,25-75,sensitive
4.0,301.8933333333333,519.8939114322063,false,lv_asymmetric_competition,shared,30k,25-75,sensitive
5.0,791.3033333333333,897.1463114051278,false,lv_asymmetric_competition,shared,30k,25-75,sensitive
6.0,726.0500000000001,1305.5002696769154,false,lv_asymmetric_competition,shared,30k,25-75,sensitive
7.0,1318.3600000000001,1600.180730526316,false,lv_asymmetric_competition,shared,30k,25-75,sensitive
8.0,1513.7366666666667,1745.7736177258498,false,lv_asymmetric_competition,shared,30k,25-75,sensitive
9.0,1434.7733333333333,1804.8951345728124,false,lv_asymmetric_competition,shared,30k,25-75,sensitive
10.0,1640.7866666666666,1830.4304187575492,false,lv_asymmetric_competition,shared,30k,25-75,sensitive
11.0,2289.8999999999996,1845.028031770679,false,lv_asymmetric_competition,shared,30k,25-75,sensitive
12.0,1768.0933333333332,1856.3791741784273,false,lv_asymmetric_competition,shared,30k,25-75,sensitive
13.0,2427.37,1866.9074857237608,false,lv_asymmetric_competition,shared,30k,25-75,sensitive
14.0,1996.9099999999999,1877.3627733162987,false,lv_asymmetric_competition,shared,30k,25-75,sensitive
0.0,75.0,75.0,true,lv_asymmetric_competition,shared,30k,25-75,resistant
1.0,61.04666666666666,122.03819306715393,false,lv_asymmetric_competition,shared,30k,25-75,resistant
2.0,103.61333333333334,198.55876240675815,false,lv_asymmetric_competition,shared,30k,25-75,resistant
3.0,178.24333333333334,322.8646086625399,false,lv_asymmetric_competition,shared,30k,25-75,resistant
4.0,362.33,523.0903675747561,false,lv_asymmetric_competition,shared,30k,25-75,resistant
5.0,757.4333333333334,832.1714138418419,false,lv_asymmetric_competition,shared,30k,25-75,resistant
6.0,1086.1066666666666,1241.2759597783229,false,lv_asymmetric_competition,shared,30k,25-75,resistant
7.0,1566.3499999999997,1621.8911574252659,false,lv_asymmetric_competition,shared,30k,25-75,resistant
8.0,1943.8999999999999,1840.4070265840414,false,lv_asymmetric_competition,shared,30k,25-75,resistant
9.0,2446.5499999999997,1922.939522066807,false,lv_asymmetric_competition,shared,30k,25-75,resistant
10.0,1824.6066666666666,1944.3508058151517,false,lv_asymmetric_competition,shared,30k,25-75,resistant
11.0,3249.733333333333,1944.5338637664127,false,lv_asymmetric_competition,shared,30k,25-75,resistant
12.0,1631.7300000000002,1937.8814236381988,false,lv_asymmetric_competition,shared,30k,25-75,resistant
13.0,2673.606666666667,1928.973856789507,false,lv_asymmetric_competition,shared,30k,25-75,resistant
14.0,1684.9133333333332,1919.2113343573988,false,lv_asymmetric_competition,shared,30k,25-75,resistant
0.0,50.0,50.0,true,lv_asymmetric_competition,shared,30k,50-50,sensitive
1.0,28.156666666666666,113.26322575636043,false,lv_asymmetric_competition,shared,30k,50-50,sensitive
2.0,81.69666666666666,249.06287099725822,false,lv_asymmetric_competition,shared,30k,50-50,sensitive
3.0,213.96666666666667,517.2875870853178,false,lv_asymmetric_competition,shared,30k,50-50,sensitive
4.0,573.2333333333333,971.104343917481,false,lv_asymmetric_competition,shared,30k,50-50,sensitive
5.0,1365.6900000000003,1566.3536362044515,false,lv_asymmetric_competition,shared,30k,50-50,sensitive
6.0,954.6966666666666,2119.3064857022473,false,lv_asymmetric_competition,shared,30k,50-50,sensitive
7.0,1763.55,2479.462472317368,false,lv_asymmetric_competition,shared,30k,50-50,sensitive
8.0,2032.53,2664.234212291227,false,lv_asymmetric_competition,shared,30k,50-50,sensitive
9.0,2097.9933333333333,2755.7080213729914,false,lv_asymmetric_competition,shared,30k,50-50,sensitive
10.0,2401.5633333333335,2808.7183452172235,false,lv_asymmetric_competition,shared,30k,50-50,sensitive
11.0,2836.11,2847.540642026011,false,lv_asymmetric_competition,shared,30k,50-50,sensitive
12.0,2551.1033333333335,2881.4269467236804,false,lv_asymmetric_competition,shared,30k,50-50,sensitive
13.0,2884.48,2913.713138211313,false,lv_asymmetric_competition,shared,30k,50-50,sensitive
14.0,2778.18,2945.5669703005788,false,lv_asymmetric_competition,shared,30k,50-50,sensitive
0.0,50.0,50.0,true,lv_asymmetric_competition,shared,30k,50-50,resistant
1.0,34.93,81.35850200936278,false,lv_asymmetric_competition,shared,30k,50-50,resistant
2.0,59.400000000000006,132.36393497036275,false,lv_asymmetric_competition,shared,30k,50-50,resistant
3.0,105.14666666666666,215.0935603571069,false,lv_asymmetric_competition,shared,30k,50-50,resistant
4.0,218.2733333333333,346.87747366348566,false,lv_asymmetric_competition,shared,30k,50-50,resistant
5.0,401.89333333333326,540.0428944004186,false,lv_asymmetric_competition,shared,30k,50-50,resistant
6.0,348.3999999999999,762.7958161700576,false,lv_asymmetric_competition,shared,30k,50-50,resistant
7.0,538.1766666666666,931.6903252360245,false,lv_asymmetric_competition,shared,30k,50-50,resistant
8.0,748.25,1009.006542272227,false,lv_asymmetric_competition,shared,30k,50-50,resistant
9.0,815.8333333333334,1024.612531900347,false,lv_asymmetric_competition,shared,30k,50-50,resistant
10.0,605.9166666666666,1012.4397286425944,false,lv_asymmetric_competition,shared,30k,50-50,resistant
11.0,905.2933333333334,989.6349613233339,false,lv_asymmetric_competition,shared,30k,50-50,resistant
12.0,496.23333333333335,962.9256940045275,false,lv_asymmetric_competition,shared,30k,50-50,resistant
13.0,678.3233333333334,934.743646828667,false,lv_asymmetric_competition,shared,30k,50-50,resistant
14.0,422.30999999999995,905.9598775900527,false,lv_asymmetric_competition,shared,30k,50-50,resistant
0.0,75.0,75.0,true,lv_asymmetric_competition,shared,30k,75-25,sensitive
1.0,30.916666666666668,169.7497133578004,false,lv_asymmetric_competition,shared,30k,75-25,sensitive
2.0,96.72000000000001,370.96853998221474,false,lv_asymmetric_competition,shared,30k,75-25,sensitive
3.0,246.36666666666665,756.7605962163506,false,lv_asymmetric_competition,shared,30k,75-25,sensitive
4.0,733.8966666666665,1370.414495261986,false,lv_asymmetric_competition,shared,30k,75-25,sensitive
5.0,1349.2333333333333,2103.1831779632657,false,lv_asymmetric_competition,shared,30k,75-25,sensitive
6.0,546.62,2722.9142524504155,false,lv_asymmetric_competition,shared,30k,75-25,sensitive
7.0,1863.1599999999999,3108.8032192966984,false,lv_asymmetric_competition,shared,30k,75-25,sensitive
8.0,2329.103333333334,3309.4514505019906,false,lv_asymmetric_competition,shared,30k,75-25,sensitive
9.0,2218.3366666666666,3410.980529549411,false,lv_asymmetric_competition,shared,30k,75-25,sensitive
10.0,2795.08,3468.037090100652,false,lv_asymmetric_competition,shared,30k,75-25,sensitive
11.0,2773.2100000000005,3506.309001860509,false,lv_asymmetric_competition,shared,30k,75-25,sensitive
12.0,3011.9733333333334,3536.564252797958,false,lv_asymmetric_competition,shared,30k,75-25,sensitive
13.0,3099.58,3563.1220103471924,false,lv_asymmetric_competition,shared,30k,75-25,sensitive
14.0,3017.2899999999995,3587.6831462325677,false,lv_asymmetric_competition,shared,30k,75-25,sensitive
0.0,25.0,25.0,true,lv_asymmetric_competition,shared,30k,75-25,resistant
1.0,25.46666666666667,40.67908359785135,false,lv_asymmetric_competition,shared,30k,75-25,resistant
2.0,43.82333333333333,66.176476034899,false,lv_asymmetric_competition,shared,30k,75-25,resistant
3.0,67.24000000000001,107.44545750131054,false,lv_asymmetric_competition,shared,30k,75-25,resistant
4.0,122.13666666666666,172.24759714665004,false,lv_asymmetric_competition,shared,30k,75-25,resistant
5.0,212.86333333333332,262.0873932049988,false,lv_asymmetric_competition,shared,30k,75-25,resistant
6.0,182.01333333333332,354.2188494853197,false,lv_asymmetric_competition,shared,30k,75-25,resistant
7.0,271.34666666666664,413.6466535669203,false,lv_asymmetric_competition,shared,30k,75-25,resistant
8.0,426.9066666666667,433.2692938202471,false,lv_asymmetric_competition,shared,30k,75-25,resistant
9.0,422.00333333333333,428.1286942564065,false,lv_asymmetric_competition,shared,30k,75-25,resistant
10.0,362.82666666666665,411.9161981157171,false,lv_asymmetric_competition,shared,30k,75-25,resistant
11.0,419.54333333333335,391.6686001579265,false,lv_asymmetric_competition,shared,30k,75-25,resistant
12.0,522.54,370.3507752345836,false,lv_asymmetric_competition,shared,30k,75-25,resistant
13.0,327.18666666666667,349.1280743540662,false,lv_asymmetric_competition,shared,30k,75-25,resistant
14.0,212.1833333333333,328.4520230897058,false,lv_asymmetric_competition,shared,30k,75-25,resistant
0.0,16.75,16.75,true,lv_asymmetric_competition_death,shared,20k,25-75,sensitive
1.0,12.806666666666667,32.754092620683465,false,lv_asymmetric_competition_death,shared,20k,25-75,sensitive
2.0,36.586666666666666,63.51564395601704,false,lv_asymmetric_competition_death,shared,20k,25-75,sensitive
3.0,105.55666666666667,121.39038361173401,false,lv_asymmetric_competition_death,shared,20k,25-75,sensitive
4.0,270.2266666666667,226.26383738276948,false,lv_asymmetric_competition_death,shared,20k,25-75,sensitive
5.0,849.8733333333333,404.4332026017773,false,lv_asymmetric_competition_death,shared,20k,25-75,sensitive
6.0,860.2633333333333,676.7741127600984,false,lv_asymmetric_competition_death,shared,20k,25-75,sensitive
7.0,1553.246666666667,1032.0035212616135,false,lv_asymmetric_competition_death,shared,20k,25-75,sensitive
8.0,1776.5566666666666,1409.5572737064006,false,lv_asymmetric_competition_death,shared,20k,25-75,sensitive
9.0,1648.9166666666667,1737.2995479216165,false,lv_asymmetric_competition_death,shared,20k,25-75,sensitive
10.0,2098.65,1989.2699764733102,false,lv_asymmetric_competition_death,shared,20k,25-75,sensitive
11.0,2367.1166666666663,2179.9924175256187,false,lv_asymmetric_competition_death,shared,20k,25-75,sensitive
12.0,2250.2233333333334,2329.3307512535443,false,lv_asymmetric_competition_death,shared,20k,25-75,sensitive
13.0,2750.683333333333,2450.0539438558817,false,lv_asymmetric_competition_death,shared,20k,25-75,sensitive
14.0,2685.1666666666665,2549.422513521584,false,lv_asymmetric_competition_death,shared,20k,25-75,sensitive
0.0,50.25,50.25,true,lv_asymmetric_competition_death,shared,20k,25-75,resistant
1.0,31.28333333333333,75.244085037689,false,lv_asymmetric_competition_death,shared,20k,25-75,resistant
2.0,54.129999999999995,112.66796657192505,false,lv_asymmetric_competition_death,shared,20k,25-75,resistant
3.0,91.82,168.6898396810463,false,lv_asymmetric_competition_death,shared,20k,25-75,resistant
4.0,189.74333333333334,252.45519347732815,false,lv_asymmetric_competition_death,shared,20k,25-75,resistant
5.0,391.3,377.0224861655486,false,lv_asymmetric_competition_death,shared,20k,25-75,resistant
6.0,609.6966666666667,558.005930304368,false,lv_asymmetric_competition_death,shared,20k,25-75,resistant
7.0,844.84,800.0437021294009,false,lv_asymmetric_competition_death,shared,20k,25-75,resistant
8.0,1041.4766666666667,1057.472209505208,false,lv_asymmetric_competition_death,shared,20k,25-75,resistant
9.0,1339.68,1223.7263581781444,false,lv_asymmetric_competition_death,shared,20k,25-75,resistant
10.0,1081.78,1242.6461733093454,false,lv_asymmetric_competition_death,shared,20k,25-75,resistant
11.0,1735.1733333333334,1161.252980642177,false,lv_asymmetric_competition_death,shared,20k,25-75,resistant
12.0,986.3433333333332,1042.2449451491152,false,lv_asymmetric_competition_death,shared,20k,25-75,resistant
13.0,1465.8533333333335,919.5090339930596,false,lv_asymmetric_competition_death,shared,20k,25-75,resistant
14.0,1085.67,806.0099420924357,false,lv_asymmetric_competition_death,shared,20k,25-75,resistant
0.0,33.5,33.5,true,lv_asymmetric_competition_death,shared,20k,50-50,sensitive
1.0,19.429999999999996,65.31763126948965,false,lv_asymmetric_competition_death,shared,20k,50-50,sensitive
2.0,55.28333333333334,125.82751841543039,false,lv_asymmetric_competition_death,shared,20k,50-50,sensitive
3.0,144.22333333333333,237.18567499686236,false,lv_asymmetric_competition_death,shared,20k,50-50,sensitive
4.0,405.09,430.50443118758193,false,lv_asymmetric_competition_death,shared,20k,50-50,sensitive
5.0,1191.8633333333332,734.6818363811791,false,lv_asymmetric_competition_death,shared,20k,50-50,sensitive
6.0,947.3433333333334,1146.121493225987,false,lv_asymmetric_competition_death,shared,20k,50-50,sensitive
7.0,1698.1066666666666,1600.5927868694905,false,lv_asymmetric_competition_death,shared,20k,50-50,sensitive
8.0,2026.4033333333334,2002.1107122475685,false,lv_asymmetric_competition_death,shared,20k,50-50,sensitive
9.0,1937.7299999999998,2296.4706913481054,false,lv_asymmetric_competition_death,shared,20k,50-50,sensitive
10.0,2396.2833333333333,2491.9121865956945,false,lv_asymmetric_competition_death,shared,20k,50-50,sensitive
11.0,2527.3933333333334,2620.632240987119,false,lv_asymmetric_competition_death,shared,20k,50-50,sensitive
12.0,2748.9966666666664,2709.365838143069,false,lv_asymmetric_competition_death,shared,20k,50-50,sensitive
13.0,2943.03,2774.2831557667137,false,lv_asymmetric_competition_death,shared,20k,50-50,sensitive
14.0,2942.056666666667,2824.2940829326444,false,lv_asymmetric_competition_death,shared,20k,50-50,sensitive
0.0,33.5,33.5,true,lv_asymmetric_competition_death,shared,20k,50-50,resistant
1.0,28.166666666666668,50.16263431775152,false,lv_asymmetric_competition_death,shared,20k,50-50,resistant
2.0,47.166666666666664,75.1106726357372,false,lv_asymmetric_competition_death,shared,20k,50-50,resistant
3.0,85.17,112.44534551298311,false,lv_asymmetric_competition_death,shared,20k,50-50,resistant
4.0,162.80333333333334,168.1647415265714,false,lv_asymmetric_competition_death,shared,20k,50-50,resistant
5.0,316.40666666666664,250.2386881080756,false,lv_asymmetric_competition_death,shared,20k,50-50,resistant
6.0,379.49,365.11546728101933,false,lv_asymmetric_competition_death,shared,20k,50-50,resistant
7.0,534.9,503.68372408535265,false,lv_asymmetric_competition_death,shared,20k,50-50,resistant
8.0,767.0866666666666,624.9565892027092,false,lv_asymmetric_competition_death,shared,20k,50-50,resistant
9.0,892.32,682.2721854189099,false,lv_asymmetric_competition_death,shared,20k,50-50,resistant
10.0,674.7666666666665,672.2580622053276,false,lv_asymmetric_competition_death,shared,20k,50-50,resistant
11.0,1008.0999999999999,623.5013021455184,false,lv_asymmetric_competition_death,shared,20k,50-50,resistant
12.0,618.9333333333333,561.540648076966,false,lv_asymmetric_competition_death,shared,20k,50-50,resistant
13.0,826.9333333333333,499.53829813172223,false,lv_asymmetric_competition_death,shared,20k,50-50,resistant
14.0,519.14,442.5568823792947,false,lv_asymmetric_competition_death,shared,20k,50-50,resistant
0.0,50.25,50.25,true,lv_asymmetric_competition_death,shared,20k,75-25,sensitive
1.0,20.683333333333334,97.6928717626612,false,lv_asymmetric_competition_death,shared,20k,75-25,sensitive
2.0,64.20333333333333,186.97818027371216,false,lv_asymmetric_competition_death,shared,20k,75-25,sensitive
3.0,168.48666666666668,347.8337602995363,false,lv_asymmetric_competition_death,shared,20k,75-25,sensitive
4.0,473.56666666666666,616.2066097244384,false,lv_asymmetric_competition_death,shared,20k,75-25,sensitive
5.0,1202.4333333333334,1011.3880115057802,false,lv_asymmetric_competition_death,shared,20k,75-25,sensitive
6.0,748.59,1497.5405359318866,false,lv_asymmetric_competition_death,shared,20k,75-25,sensitive
7.0,1784.08,1977.92845660347,false,lv_asymmetric_competition_death,shared,20k,75-25,sensitive
8.0,2094.6200000000003,2359.727040800794,false,lv_asymmetric_competition_death,shared,20k,75-25,sensitive
9.0,2307.6466666666665,2615.6063423020887,false,lv_asymmetric_competition_death,shared,20k,75-25,sensitive
10.0,2381.6866666666665,2771.086037103489,false,lv_asymmetric_competition_death,shared,20k,75-25,sensitive
11.0,2366.4933333333333,2862.9910321771704,false,lv_asymmetric_competition_death,shared,20k,75-25,sensitive
12.0,2527.433333333333,2918.763629515398,false,lv_asymmetric_competition_death,shared,20k,75-25,sensitive
13.0,2828.8733333333334,2954.7123367292015,false,lv_asymmetric_competition_death,shared,20k,75-25,sensitive
14.0,2795.03,2979.6736211526472,false,lv_asymmetric_competition_death,shared,20k,75-25,sensitive
0.0,16.75,16.75,true,lv_asymmetric_competition_death,shared,20k,75-25,resistant
1.0,11.136666666666665,25.081263637679804,false,lv_asymmetric_competition_death,shared,20k,75-25,resistant
2.0,19.916666666666664,37.554480117383115,false,lv_asymmetric_competition_death,shared,20k,75-25,resistant
3.0,30.603333333333335,56.21254145780461,false,lv_asymmetric_competition_death,shared,20k,75-25,resistant
4.0,72.57666666666667,83.98538457443262,false,lv_asymmetric_competition_death,shared,20k,75-25,resistant
5.0,135.09,124.4020857227007,false,lv_asymmetric_competition_death,shared,20k,75-25,resistant
6.0,172.97000000000003,178.83327130842716,false,lv_asymmetric_competition_death,shared,20k,75-25,resistant
7.0,227.50666666666666,239.5570456518051,false,lv_asymmetric_competition_death,shared,20k,75-25,resistant
8.0,317.33,287.8427257944425,false,lv_asymmetric_competition_death,shared,20k,75-25,resistant
9.0,369.6333333333334,309.18929137913574,false,lv_asymmetric_competition_death,shared,20k,75-25,resistant
10.0,281.56666666666666,305.4606407249496,false,lv_asymmetric_competition_death,shared,20k,75-25,resistant
11.0,418.8633333333333,287.07807282694233,false,lv_asymmetric_competition_death,shared,20k,75-25,resistant
12.0,261.56,262.92324588003896,false,lv_asymmetric_competition_death,shared,20k,75-25,resistant
13.0,309.22666666666663,237.92194016265427,false,lv_asymmetric_competition_death,shared,20k,75-25,resistant
14.0,194.61333333333332,214.23879534113544,false,lv_asymmetric_competition_death,shared,20k,75-25,resistant
0.0,25.0,25.0,true,lv_asymmetric_competition_death,shared,30k,25-75,sensitive
1.0,13.089999999999998,46.44769800456482,false,lv_asymmetric_competition_death,shared,30k,25-75,sensitive
2.0,39.300000000000004,85.32863879839852,false,lv_asymmetric_competition_death,shared,30k,25-75,sensitive
3.0,123.18,153.85429276779558,false,lv_asymmetric_competition_death,shared,30k,25-75,sensitive
4.0,301.8933333333333,269.0861058289444,false,lv_asymmetric_competition_death,shared,30k,25-75,sensitive
5.0,791.3033333333333,448.64515032153054,false,lv_asymmetric_competition_death,shared,30k,25-75,sensitive
6.0,726.0500000000001,697.4914248528434,false,lv_asymmetric_competition_death,shared,30k,25-75,sensitive
7.0,1318.3600000000001,990.227219933758,false,lv_asymmetric_competition_death,shared,30k,25-75,sensitive
8.0,1513.7366666666667,1274.8125513194036,false,lv_asymmetric_competition_death,shared,30k,25-75,sensitive
9.0,1434.7733333333333,1512.3755602290787,false,lv_asymmetric_competition_death,shared,30k,25-75,sensitive
10.0,1640.7866666666666,1701.1766583420292,false,lv_asymmetric_competition_death,shared,30k,25-75,sensitive
11.0,2289.8999999999996,1855.6249164678693,false,lv_asymmetric_competition_death,shared,30k,25-75,sensitive
12.0,1768.0933333333332,1986.8432635040576,false,lv_asymmetric_competition_death,shared,30k,25-75,sensitive
13.0,2427.37,2100.552177738644,false,lv_asymmetric_competition_death,shared,30k,25-75,sensitive
14.0,1996.9099999999999,2199.6491446028454,false,lv_asymmetric_competition_death,shared,30k,25-75,sensitive
0.0,75.0,75.0,true,lv_asymmetric_competition_death,shared,30k,25-75,resistant
1.0,61.04666666666666,112.30324024217185,false,lv_asymmetric_competition_death,shared,30k,25-75,resistant
2.0,103.61333333333334,168.15052136946187,false,lv_asymmetric_competition_death,shared,30k,25-75,resistant
3.0,178.24333333333334,251.70623709248534,false,lv_asymmetric_competition_death,shared,30k,25-75,resistant
4.0,362.33,376.36851243588234,false,lv_asymmetric_competition_death,shared,30k,25-75,resistant
5.0,757.4333333333334,560.2503963670732,false,lv_asymmetric_competition_death,shared,30k,25-75,resistant
6.0,1086.1066666666666,820.4574871302278,false,lv_asymmetric_competition_death,shared,30k,25-75,resistant
7.0,1566.3499999999997,1145.1752873770852,false,lv_asymmetric_competition_death,shared,30k,25-75,resistant
8.0,1943.8999999999999,1446.0064163085374,false,lv_asymmetric_competition_death,shared,30k,25-75,resistant
9.0,2446.5499999999997,1602.050871642543,false,lv_asymmetric_competition_death,shared,30k,25-75,resistant
10.0,1824.6066666666666,1599.8096841131414,false,lv_asymmetric_competition_death,shared,30k,25-75,resistant
11.0,3249.733333333333,1509.6942499274758,false,lv_asymmetric_competition_death,shared,30k,25-75,resistant
12.0,1631.7300000000002,1389.1429682971457,false,lv_asymmetric_competition_death,shared,30k,25-75,resistant
13.0,2673.606666666667,1265.1724021027799,false,lv_asymmetric_competition_death,shared,30k,25-75,resistant
14.0,1684.9133333333332,1148.1225021617695,false,lv_asymmetric_competition_death,shared,30k,25-75,resistant
0.0,50.0,50.0,true,lv_asymmetric_competition_death,shared,30k,50-50,sensitive
1.0,28.156666666666666,92.52184153858586,false,lv_asymmetric_competition_death,shared,30k,50-50,sensitive
2.0,81.69666666666666,168.54166434418215,false,lv_asymmetric_competition_death,shared,30k,50-50,sensitive
3.0,213.96666666666667,298.95879353259204,false,lv_asymmetric_competition_death,shared,30k,50-50,sensitive
4.0,573.2333333333333,507.8267705243128,false,lv_asymmetric_competition_death,shared,30k,50-50,sensitive
5.0,1365.6900000000003,808.0503981195114,false,lv_asymmetric_competition_death,shared,30k,50-50,sensitive
6.0,954.6966666666666,1177.661466910746,false,lv_asymmetric_competition_death,shared,30k,50-50,sensitive
7.0,1763.55,1552.616060001826,false,lv_asymmetric_competition_death,shared,30k,50-50,sensitive
8.0,2032.53,1864.7316286448627,false,lv_asymmetric_competition_death,shared,30k,50-50,sensitive
9.0,2097.9933333333333,2089.230346146637,false,lv_asymmetric_competition_death,shared,30k,50-50,sensitive
10.0,2401.5633333333335,2242.1872275479204,false,lv_asymmetric_competition_death,shared,30k,50-50,sensitive
11.0,2836.11,2349.045721561237,false,lv_asymmetric_competition_death,shared,30k,50-50,sensitive
12.0,2551.1033333333335,2428.195474917044,false,lv_asymmetric_competition_death,shared,30k,50-50,sensitive
13.0,2884.48,2490.2074633129228,false,lv_asymmetric_competition_death,shared,30k,50-50,sensitive
14.0,2778.18,2540.8388333467124,false,lv_asymmetric_competition_death,shared,30k,50-50,sensitive
0.0,50.0,50.0,true,lv_asymmetric_competition_death,shared,30k,50-50,resistant
1.0,34.93,74.86843291758412,false,lv_asymmetric_competition_death,shared,30k,50-50,resistant
2.0,59.400000000000006,112.09531318260106,false,lv_asymmetric_competition_death,shared,30k,50-50,resistant
3.0,105.14666666666666,167.75571717815532,false,lv_asymmetric_competition_death,shared,30k,50-50,resistant
4.0,218.2733333333333,250.5219802145726,false,lv_asymmetric_competition_death,shared,30k,50-50,resistant
5.0,401.89333333333326,370.92611010912657,false,lv_asymmetric_competition_death,shared,30k,50-50,resistant
6.0,348.3999999999999,534.10541014598,false,lv_asymmetric_competition_death,shared,30k,50-50,resistant
7.0,538.1766666666666,719.6704702850571,false,lv_asymmetric_competition_death,shared,30k,50-50,resistant
8.0,748.25,870.9112626152458,false,lv_asymmetric_competition_death,shared,30k,50-50,resistant
9.0,815.8333333333334,940.108838205183,false,lv_asymmetric_competition_death,shared,30k,50-50,resistant
10.0,605.9166666666666,933.7421701413627,false,lv_asymmetric_competition_death,shared,30k,50-50,resistant
11.0,905.2933333333334,885.7490238742026,false,lv_asymmetric_competition_death,shared,30k,50-50,resistant
12.0,496.23333333333335,822.6435099585366,false,lv_asymmetric_competition_death,shared,30k,50-50,resistant
13.0,678.3233333333334,757.804793491108,false,lv_asymmetric_competition_death,shared,30k,50-50,resistant
14.0,422.30999999999995,696.6374877561773,false,lv_asymmetric_competition_death,shared,30k,50-50,resistant
0.0,75.0,75.0,true,lv_asymmetric_competition_death,shared,30k,75-25,sensitive
1.0,30.916666666666668,138.22864477652695,false,lv_asymmetric_competition_death,shared,30k,75-25,sensitive
2.0,96.72000000000001,249.739276520376,false,lv_asymmetric_competition_death,shared,30k,75-25,sensitive
3.0,246.36666666666665,436.2001217195267,false,lv_asymmetric_competition_death,shared,30k,75-25,sensitive
4.0,733.8966666666665,721.9266835403532,false,lv_asymmetric_competition_death,shared,30k,75-25,sensitive
5.0,1349.2333333333333,1105.8482639632834,false,lv_asymmetric_competition_death,shared,30k,75-25,sensitive
6.0,546.62,1538.8122815734098,false,lv_asymmetric_competition_death,shared,30k,75-25,sensitive
7.0,1863.1599999999999,1938.708166812096,false,lv_asymmetric_competition_death,shared,30k,75-25,sensitive
8.0,2329.103333333334,2244.6124090762332,false,lv_asymmetric_competition_death,shared,30k,75-25,sensitive
9.0,2218.3366666666666,2447.755208810188,false,lv_asymmetric_competition_death,shared,30k,75-25,sensitive
10.0,2795.08,2572.8215849189965,false,lv_asymmetric_competition_death,shared,30k,75-25,sensitive
11.0,2773.2100000000005,2648.886828276591,false,lv_asymmetric_competition_death,shared,30k,75-25,sensitive
12.0,3011.9733333333334,2696.8859216417654,false,lv_asymmetric_competition_death,shared,30k,75-25,sensitive
13.0,3099.58,2729.264685515558,false,lv_asymmetric_competition_death,shared,30k,75-25,sensitive
14.0,3017.2899999999995,2752.84156934322,false,lv_asymmetric_competition_death,shared,30k,75-25,sensitive
0.0,25.0,25.0,true,lv_asymmetric_competition_death,shared,30k,75-25,resistant
1.0,25.46666666666667,37.433985632662946,false,lv_asymmetric_competition_death,shared,30k,75-25,resistant
2.0,43.82333333333333,56.044538927289146,false,lv_asymmetric_competition_death,shared,30k,75-25,resistant
3.0,67.24000000000001,83.84710694585068,false,lv_asymmetric_competition_death,shared,30k,75-25,resistant
4.0,122.13666666666666,125.02100047045789,false,lv_asymmetric_competition_death,shared,30k,75-25,resistant
5.0,212.86333333333332,184.04904505702515,false,lv_asymmetric_competition_death,shared,30k,75-25,resistant
6.0,182.01333333333332,261.30130018249764,false,lv_asymmetric_competition_death,shared,30k,75-25,resistant
7.0,271.34666666666664,345.1356245311657,false,lv_asymmetric_competition_death,shared,30k,75-25,resistant
8.0,426.9066666666667,413.0316611124375,false,lv_asymmetric_competition_death,shared,30k,75-25,resistant
9.0,422.00333333333333,449.48368301315224,false,lv_asymmetric_competition_death,shared,30k,75-25,resistant
10.0,362.82666666666665,456.56080169722554,false,lv_asymmetric_competition_death,shared,30k,75-25,resistant
11.0,419.54333333333335,445.14073004138777,false,lv_asymmetric_competition_death,shared,30k,75-25,resistant
12.0,522.54,424.88520298091225,false,lv_asymmetric_competition_death,shared,30k,75-25,resistant
13.0,327.18666666666667,401.5780300585764,false,lv_asymmetric_competition_death,shared,30k,75-25,resistant
14.0,212.1833333333333,378.08076956256855,false,lv_asymmetric_competition_death,shared,30k,75-25,resistant
0.0,16.75,16.75,true,lv_symmetric_competition,shared,20k,25-75,sensitive
1.0,12.806666666666667,40.18002550682501,false,lv_symmetric_competition,shared,20k,25-75,sensitive
2.0,36.586666666666666,94.76657834125479,false,lv_symmetric_competition,shared,20k,25-75,sensitive
3.0,105.55666666666667,216.30349056626045,false,lv_symmetric_competition,shared,20k,25-75,sensitive
4.0,270.2266666666667,463.7967686049987,false,lv_symmetric_competition,shared,20k,25-75,sensitive
5.0,849.8733333333333,890.2030211173362,false,lv_symmetric_competition,shared,20k,25-75,sensitive
6.0,860.2633333333333,1446.5270205389209,false,lv_symmetric_competition,shared,20k,25-75,sensitive
7.0,1553.246666666667,1946.0623777093663,false,lv_symmetric_competition,shared,20k,25-75,sensitive
8.0,1776.5566666666666,2264.130566325759,false,lv_symmetric_competition,shared,20k,25-75,sensitive
9.0,1648.9166666666667,2443.8174148066423,false,lv_symmetric_competition,shared,20k,25-75,sensitive
10.0,2098.65,2560.7829579455984,false,lv_symmetric_competition,shared,20k,25-75,sensitive
11.0,2367.1166666666663,2654.414668915962,false,lv_symmetric_competition,shared,20k,25-75,sensitive
12.0,2250.2233333333334,2739.314744430901,false,lv_symmetric_competition,shared,20k,25-75,sensitive
13.0,2750.683333333333,2820.243414045391,false,lv_symmetric_competition,shared,20k,25-75,sensitive
14.0,2685.1666666666665,2898.5946874172428,false,lv_symmetric_competition,shared,20k,25-75,sensitive
0.0,50.25,50.25,true,lv_symmetric_competition,shared,20k,25-75,resistant
1.0,31.28333333333333,81.76664052671168,false,lv_symmetric_competition,shared,20k,25-75,resistant
2.0,54.129999999999995,133.0463154871687,false,lv_symmetric_competition,shared,20k,25-75,resistant
3.0,91.82,216.43777959006874,false,lv_symmetric_competition,shared,20k,25-75,resistant
4.0,189.74333333333334,351.5368390672227,false,lv_symmetric_competition,shared,20k,25-75,resistant
5.0,391.3,565.2608367557815,false,lv_symmetric_competition,shared,20k,25-75,resistant
6.0,609.6966666666667,868.2559933960401,false,lv_symmetric_competition,shared,20k,25-75,resistant
7.0,844.84,1180.2809542190255,false,lv_symmetric_competition,shared,20k,25-75,resistant
8.0,1041.4766666666667,1359.6707782183219,false,lv_symmetric_competition,shared,20k,25-75,resistant
9.0,1339.68,1393.6182608073568,false,lv_symmetric_competition,shared,20k,25-75,resistant
10.0,1081.78,1354.719704472644,false,lv_symmetric_competition,shared,20k,25-75,resistant
11.0,1735.1733333333334,1290.4553304298508,false,lv_symmetric_competition,shared,20k,25-75,resistant
12.0,986.3433333333332,1219.0823080176592,false,lv_symmetric_competition,shared,20k,25-75,resistant
13.0,1465.8533333333335,1146.650762064749,false,lv_symmetric_competition,shared,20k,25-75,resistant
14.0,1085.67,1075.1864774353783,false,lv_symmetric_competition,shared,20k,25-75,resistant
0.0,33.5,33.5,true,lv_symmetric_competition,shared,20k,50-50,sensitive
1.0,19.429999999999996,80.26714262784783,false,lv_symmetric_competition,shared,20k,50-50,sensitive
2.0,55.28333333333334,188.14765828557503,false,lv_symmetric_competition,shared,20k,50-50,sensitive
3.0,144.22333333333333,421.43550209625465,false,lv_symmetric_competition,shared,20k,50-50,sensitive
4.0,405.09,864.367791344164,false,lv_symmetric_competition,shared,20k,50-50,sensitive
5.0,1191.8633333333332,1530.449331228777,false,lv_symmetric_competition,shared,20k,50-50,sensitive
6.0,947.3433333333334,2242.3222226903276,false,lv_symmetric_competition,shared,20k,50-50,sensitive
7.0,1698.1066666666666,2766.1649753807333,false,lv_symmetric_competition,shared,20k,50-50,sensitive
8.0,2026.4033333333334,3062.603495205722,false,lv_symmetric_competition,shared,20k,50-50,sensitive
9.0,1937.7299999999998,3221.9516634363854,false,lv_symmetric_competition,shared,20k,50-50,sensitive
10.0,2396.2833333333333,3319.5851024270214,false,lv_symmetric_competition,shared,20k,50-50,sensitive
11.0,2527.3933333333334,3391.459145373995,false,lv_symmetric_competition,shared,20k,50-50,sensitive
12.0,2748.9966666666664,3451.791268786125,false,lv_symmetric_competition,shared,20k,50-50,sensitive
13.0,2943.03,3505.8729360365164,false,lv_symmetric_competition,shared,20k,50-50,sensitive
14.0,2942.056666666667,3555.6561044547934,false,lv_symmetric_competition,shared,20k,50-50,sensitive
0.0,33.5,33.5,true,lv_symmetric_competition,shared,20k,50-50,resistant
1.0,28.166666666666668,54.511028449955205,false,lv_symmetric_competition,shared,20k,50-50,resistant
2.0,47.166666666666664,88.69533996991822,false,lv_symmetric_competition,shared,20k,50-50,resistant
3.0,85.17,144.2462282084275,false,lv_symmetric_competition,shared,20k,50-50,resistant
4.0,162.80333333333334,233.65435908271908,false,lv_symmetric_competition,shared,20k,50-50,resistant
5.0,316.40666666666664,369.56250611996273,false,lv_symmetric_competition,shared,20k,50-50,resistant
6.0,379.49,537.1195023616926,false,lv_symmetric_competition,shared,20k,50-50,resistant
7.0,534.9,668.1487635625443,false,lv_symmetric_competition,shared,20k,50-50,resistant
8.0,767.0866666666666,715.6657081812292,false,lv_symmetric_competition,shared,20k,50-50,resistant
9.0,892.32,702.2405320829141,false,lv_symmetric_competition,shared,20k,50-50,resistant
10.0,674.7666666666665,662.5574385275432,false,lv_symmetric_competition,shared,20k,50-50,resistant
11.0,1008.0999999999999,614.9802379866918,false,lv_symmetric_competition,shared,20k,50-50,resistant
12.0,618.9333333333333,566.6339644097145,false,lv_symmetric_competition,shared,20k,50-50,resistant
13.0,826.9333333333333,519.9983921995453,false,lv_symmetric_competition,shared,20k,50-50,resistant
14.0,519.14,475.8914928842421,false,lv_symmetric_competition,shared,20k,50-50,resistant
0.0,50.25,50.25,true,lv_symmetric_competition,shared,20k,75-25,sensitive
1.0,20.683333333333334,120.26211502867056,false,lv_symmetric_competition,shared,20k,75-25,sensitive
2.0,64.20333333333333,280.1904438246404,false,lv_symmetric_competition,shared,20k,75-25,sensitive
3.0,168.48666666666668,616.5019464378126,false,lv_symmetric_competition,shared,20k,75-25,sensitive
4.0,473.56666666666666,1216.1911795905949,false,lv_symmetric_competition,shared,20k,75-25,sensitive
5.0,1202.4333333333334,2025.8141145817854,false,lv_symmetric_competition,shared,20k,75-25,sensitive
6.0,748.59,2784.613352763915,false,lv_symmetric_competition,shared,20k,75-25,sensitive
7.0,1784.08,3286.690107191504,false,lv_symmetric_competition,shared,20k,75-25,sensitive
8.0,2094.6200000000003,3552.6524052638133,false,lv_symmetric_competition,shared,20k,75-25,sensitive
9.0,2307.6466666666665,3685.3593043472233,false,lv_symmetric_competition,shared,20k,75-25,sensitive
10.0,2381.6866666666665,3756.8675219443353,false,lv_symmetric_competition,shared,20k,75-25,sensitive
11.0,2366.4933333333333,3801.8358818338797,false,lv_symmetric_competition,shared,20k,75-25,sensitive
12.0,2527.433333333333,3834.866217037084,false,lv_symmetric_competition,shared,20k,75-25,sensitive
13.0,2828.8733333333334,3861.8720134668,false,lv_symmetric_competition,shared,20k,75-25,sensitive
14.0,2795.03,3885.2648937015633,false,lv_symmetric_competition,shared,20k,75-25,sensitive
0.0,16.75,16.75,true,lv_symmetric_competition,shared,20k,75-25,resistant
1.0,11.136666666666665,27.255476472793184,false,lv_symmetric_competition,shared,20k,75-25,resistant
2.0,19.916666666666664,44.34619766010039,false,lv_symmetric_competition,shared,20k,75-25,resistant
3.0,30.603333333333335,72.08989897135747,false,lv_symmetric_competition,shared,20k,75-25,resistant
4.0,72.57666666666667,116.32908818998504,false,lv_symmetric_competition,shared,20k,75-25,resistant
5.0,135.09,180.4791214699922,false,lv_symmetric_competition,shared,20k,75-25,resistant
6.0,172.97000000000003,250.26639749831963,false,lv_symmetric_competition,shared,20k,75-25,resistant
7.0,227.50666666666666,294.73375555830677,false,lv_symmetric_competition,shared,20k,75-25,resistant
8.0,317.33,303.7515421963567,false,lv_symmetric_competition,shared,20k,75-25,resistant
9.0,369.6333333333334,290.7140069302643,false,lv_symmetric_competition,shared,20k,75-25,resistant
10.0,281.56666666666666,268.9886738666197,false,lv_symmetric_competition,shared,20k,75-25,resistant
11.0,418.8633333333333,245.28711654951337,false,lv_symmetric_competition,shared,20k,75-25,resistant
12.0,261.56,222.22377259113486,false,lv_symmetric_competition,shared,20k,75-25,resistant
13.0,309.22666666666663,200.67521054201845,false,lv_symmetric_competition,shared,20k,75-25,resistant
14.0,194.61333333333332,180.8669589457488,false,lv_symmetric_competition,shared,20k,75-25,resistant
0.0,25.0,25.0,true,lv_symmetric_competition,shared,30k,25-75,sensitive
1.0,13.089999999999998,56.77608079505102,false,lv_symmetric_competition,shared,30k,25-75,sensitive
2.0,39.300000000000004,125.98233484225923,false,lv_symmetric_competition,shared,30k,25-75,sensitive
3.0,123.18,267.84693077546143,false,lv_symmetric_competition,shared,30k,25-75,sensitive
4.0,301.8933333333333,527.7133019157042,false,lv_symmetric_competition,shared,30k,25-75,sensitive
5.0,791.3033333333333,918.6726306395385,false,lv_symmetric_competition,shared,30k,25-75,sensitive
6.0,726.0500000000001,1351.9753658015084,false,lv_symmetric_competition,shared,30k,25-75,sensitive
7.0,1318.3600000000001,1679.9880531826996,false,lv_symmetric_competition,shared,30k,25-75,sensitive
8.0,1513.7366666666667,1862.3699319762982,false,lv_symmetric_competition,shared,30k,25-75,sensitive
9.0,1434.7733333333333,1959.2715354721736,false,lv_symmetric_competition,shared,30k,25-75,sensitive
10.0,1640.7866666666666,2022.6833507143199,false,lv_symmetric_competition,shared,30k,25-75,sensitive
11.0,2289.8999999999996,2074.996957134562,false,lv_symmetric_competition,shared,30k,25-75,sensitive
12.0,1768.0933333333332,2123.861690178734,false,lv_symmetric_competition,shared,30k,25-75,sensitive
13.0,2427.37,2171.689924528539,false,lv_symmetric_competition,shared,30k,25-75,sensitive
14.0,1996.9099999999999,2219.2048916507906,false,lv_symmetric_competition,shared,30k,25-75,sensitive
0.0,75.0,75.0,true,lv_symmetric_competition,shared,30k,25-75,resistant
1.0,61.04666666666666,122.03821964540339,false,lv_symmetric_competition,shared,30k,25-75,resistant
2.0,103.61333333333334,198.5590790613284,false,lv_symmetric_competition,shared,30k,25-75,resistant
3.0,178.24333333333334,322.86734600790606,false,lv_symmetric_competition,shared,30k,25-75,resistant
4.0,362.33,523.1007813153219,false,lv_symmetric_competition,shared,30k,25-75,resistant
5.0,757.4333333333334,832.0108740594661,false,lv_symmetric_competition,shared,30k,25-75,resistant
6.0,1086.1066666666666,1238.4238313261078,false,lv_symmetric_competition,shared,30k,25-75,resistant
7.0,1566.3499999999997,1605.5440856052849,false,lv_symmetric_competition,shared,30k,25-75,resistant
8.0,1943.8999999999999,1795.80720453411,false,lv_symmetric_competition,shared,30k,25-75,resistant
9.0,2446.5499999999997,1843.1965897238242,false,lv_symmetric_competition,shared,30k,25-75,resistant
10.0,1824.6066666666666,1828.3207334603776,false,lv_symmetric_competition,shared,30k,25-75,resistant
11.0,3249.733333333333,1792.3922614092016,false,lv_symmetric_competition,shared,30k,25-75,resistant
12.0,1631.7300000000002,1749.8907004476005,false,lv_symmetric_competition,shared,30k,25-75,resistant
13.0,2673.606666666667,1705.3677866491234,false,lv_symmetric_competition,shared,30k,25-75,resistant
14.0,1684.9133333333332,1660.2348364277786,false,lv_symmetric_competition,shared,30k,25-75,resistant
0.0,50.0,50.0,true,lv_symmetric_competition,shared,30k,50-50,sensitive
1.0,28.156666666666666,113.39030977345782,false,lv_symmetric_competition,shared,30k,50-50,sensitive
2.0,81.69666666666666,249.78268563611454,false,lv_symmetric_competition,shared,30k,50-50,sensitive
3.0,213.96666666666667,520.1608685876989,false,lv_symmetric_competition,shared,30k,50-50,sensitive
4.0,573.2333333333333,980.0932616753764,false,lv_symmetric_competition,shared,30k,50-50,sensitive
5.0,1365.6900000000003,1588.0223059274108,false,lv_symmetric_competition,shared,30k,50-50,sensitive
6.0,954.6966666666666,2159.2041291480105,false,lv_symmetric_competition,shared,30k,50-50,sensitive
7.0,1763.55,2538.3270864310734,false,lv_symmetric_competition,shared,30k,50-50,sensitive
8.0,2032.53,2739.6311265356285,false,lv_symmetric_competition,shared,30k,50-50,sensitive
9.0,2097.9933333333333,2844.9843510651867,false,lv_symmetric_competition,shared,30k,50-50,sensitive
10.0,2401.5633333333335,2909.818831897136,false,lv_symmetric_competition,shared,30k,50-50,sensitive
11.0,2836.11,2958.8627802077226,false,lv_symmetric_competition,shared,30k,50-50,sensitive
12.0,2551.1033333333335,3001.614860430546,false,lv_symmetric_competition,shared,30k,50-50,sensitive
13.0,2884.48,3041.535997033006,false,lv_symmetric_competition,shared,30k,50-50,sensitive
14.0,2778.18,3079.8598279231473,false,lv_symmetric_competition,shared,30k,50-50,sensitive
0.0,50.0,50.0,true,lv_symmetric_competition,shared,30k,50-50,resistant
1.0,34.93,81.35854297314741,false,lv_symmetric_competition,shared,30k,50-50,resistant
2.0,59.400000000000006,132.3645364673872,false,lv_symmetric_competition,shared,30k,50-50,resistant
3.0,105.14666666666666,215.10047189482304,false,lv_symmetric_competition,shared,30k,50-50,resistant
4.0,218.2733333333333,346.93321997088213,false,lv_symmetric_competition,shared,30k,50-50,resistant
5.0,401.89333333333326,540.2518951714328,false,lv_symmetric_competition,shared,30k,50-50,resistant
6.0,348.3999999999999,762.5166827467613,false,lv_symmetric_competition,shared,30k,50-50,resistant
7.0,538.1766666666666,927.5965500570898,false,lv_symmetric_competition,shared,30k,50-50,resistant
8.0,748.25,996.734859729772,false,lv_symmetric_competition,shared,30k,50-50,resistant
9.0,815.8333333333334,1001.9920190639103,false,lv_symmetric_competition,shared,30k,50-50,resistant
10.0,605.9166666666666,979.2888434165599,false,lv_symmetric_competition,shared,30k,50-50,resistant
11.0,905.2933333333334,946.6112065679356,false,lv_symmetric_competition,shared,30k,50-50,resistant
12.0,496.23333333333335,910.9520015517559,false,lv_symmetric_competition,shared,30k,50-50,resistant
13.0,678.3233333333334,874.8152114713404,false,lv_symmetric_competition,shared,30k,50-50,resistant
14.0,422.30999999999995,839.0841255540265,false,lv_symmetric_competition,shared,30k,50-50,resistant
0.0,75.0,75.0,true,lv_symmetric_competition,shared,30k,75-25,sensitive
1.0,30.916666666666668,169.84450507224847,false,lv_symmetric_competition,shared,30k,75-25,sensitive
2.0,96.72000000000001,371.4965484780699,false,lv_symmetric_competition,shared,30k,75-25,sensitive
3.0,246.36666666666665,758.7868939169426,false,lv_symmetric_competition,shared,30k,75-25,sensitive
4.0,733.8966666666665,1376.3074456913855,false,lv_symmetric_competition,shared,30k,75-25,sensitive
5.0,1349.2333333333333,2115.988049176414,false,lv_symmetric_competition,shared,30k,75-25,sensitive
6.0,546.62,2743.818923570515,false,lv_symmetric_competition,shared,30k,75-25,sensitive
7.0,1863.1599999999999,3135.764321614868,false,lv_symmetric_competition,shared,30k,75-25,sensitive
8.0,2329.103333333334,3339.0185394390815,false,lv_symmetric_competition,shared,30k,75-25,sensitive
9.0,2218.3366666666666,3440.3728999922787,false,lv_symmetric_competition,shared,30k,75-25,sensitive
10.0,2795.08,3495.5865809094694,false,lv_symmetric_competition,shared,30k,75-25,sensitive
11.0,2773.2100000000005,3531.1250437861445,false,lv_symmetric_competition,shared,30k,75-25,sensitive
12.0,3011.9733333333334,3558.1886755944843,false,lv_symmetric_competition,shared,30k,75-25,sensitive
13.0,3099.58,3581.3259283830957,false,lv_symmetric_competition,shared,30k,75-25,sensitive
14.0,3017.2899999999995,3602.3653165644964,false,lv_symmetric_competition,shared,30k,75-25,sensitive
0.0,25.0,25.0,true,lv_symmetric_competition,shared,30k,75-25,resistant
1.0,25.46666666666667,40.67911890145099,false,lv_symmetric_competition,shared,30k,75-25,resistant
2.0,43.82333333333333,66.17709349563849,false,lv_symmetric_competition,shared,30k,75-25,resistant
3.0,67.24000000000001,107.4539927024324,false,lv_symmetric_competition,shared,30k,75-25,resistant
4.0,122.13666666666666,172.33435878983116,false,lv_symmetric_competition,shared,30k,75-25,resistant
5.0,212.86333333333332,262.63788449776956,false,lv_symmetric_competition,shared,30k,75-25,resistant
6.0,182.01333333333332,356.17936955439524,false,lv_symmetric_competition,shared,30k,75-25,resistant
7.0,271.34666666666664,417.8136603294847,false,lv_symmetric_competition,shared,30k,75-25,resistant
8.0,426.9066666666667,439.6388977940325,false,lv_symmetric_competition,shared,30k,75-25,resistant
9.0,422.00333333333333,436.4024129356525,false,lv_symmetric_competition,shared,30k,75-25,resistant
10.0,362.82666666666665,421.9246550423775,false,lv_symmetric_competition,shared,30k,75-25,resistant
11.0,419.54333333333335,403.3875739617188,false,lv_symmetric_competition,shared,30k,75-25,resistant
12.0,522.54,383.8207835171509,false,lv_symmetric_competition,shared,30k,75-25,resistant
13.0,327.18666666666667,364.3989121254036,false,lv_symmetric_competition,shared,30k,75-25,resistant
14.0,212.1833333333333,345.55655331508257,false,lv_symmetric_competition,shared,30k,75-25,resistant
0.0,16.75,16.75,true,lv_asymmetric_competition,partial_5pct,20k,25-75,sensitive
1.0,12.806666666666667,40.15671927304441,false,lv_asymmetric_competition,partial_5pct,20k,25-75,sensitive
2.0,36.586666666666666,94.6233720305713,false,lv_asymmetric_competition,partial_5pct,20k,25-75,sensitive
3.0,105.55666666666667,215.66000089703311,false,lv_asymmetric_competition,partial_5pct,20k,25-75,sensitive
4.0,270.2266666666667,461.3950872086329,false,lv_asymmetric_competition,partial_5pct,20k,25-75,sensitive
5.0,849.8733333333333,882.8408229115909,false,lv_asymmetric_competition,partial_5pct,20k,25-75,sensitive
6.0,860.2633333333333,1428.557736997657,false,lv_asymmetric_competition,partial_5pct,20k,25-75,sensitive
7.0,1553.246666666667,1909.9383831827474,false,lv_asymmetric_competition,partial_5pct,20k,25-75,sensitive
8.0,1776.5566666666666,2200.3901010597947,false,lv_asymmetric_competition,partial_5pct,20k,25-75,sensitive
9.0,1648.9166666666667,2344.4193449291233,false,lv_asymmetric_competition,partial_5pct,20k,25-75,sensitive
10.0,2098.65,2422.0472482210016,false,lv_asymmetric_competition,partial_5pct,20k,25-75,sensitive
11.0,2367.1166666666663,2475.684877485206,false,lv_asymmetric_competition,partial_5pct,20k,25-75,sensitive
12.0,2250.2233333333334,2521.2564820663993,false,lv_asymmetric_competition,partial_5pct,20k,25-75,sensitive
13.0,2750.683333333333,2564.083707886331,false,lv_asymmetric_competition,partial_5pct,20k,25-75,sensitive
14.0,2685.1666666666665,2605.8704136671145,false,lv_asymmetric_competition,partial_5pct,20k,25-75,sensitive
0.0,50.25,50.25,true,lv_asymmetric_competition,partial_5pct,20k,25-75,resistant
1.0,31.28333333333333,81.76665400937877,false,lv_asymmetric_competition,partial_5pct,20k,25-75,resistant
2.0,54.129999999999995,133.04652928956793,false,lv_asymmetric_competition,partial_5pct,20k,25-75,resistant
3.0,91.82,216.44093586422898,false,lv_asymmetric_competition,partial_5pct,20k,25-75,resistant
4.0,189.74333333333334,351.58169060053154,false,lv_asymmetric_competition,partial_5pct,20k,25-75,resistant
5.0,391.3,565.8090305953588,false,lv_asymmetric_competition,partial_5pct,20k,25-75,resistant
6.0,609.6966666666667,872.9638174770434,false,lv_asymmetric_competition,partial_5pct,20k,25-75,resistant
7.0,844.84,1202.9781187987548,false,lv_asymmetric_competition,partial_5pct,20k,25-75,resistant
8.0,1041.4766666666667,1418.7499509446125,false,lv_asymmetric_competition,partial_5pct,20k,25-75,resistant
9.0,1339.68,1495.4202869007097,false,lv_asymmetric_competition,partial_5pct,20k,25-75,resistant
10.0,1081.78,1497.5761909029359,false,lv_asymmetric_competition,partial_5pct,20k,25-75,resistant
11.0,1735.1733333333334,1471.943661161689,false,lv_asymmetric_competition,partial_5pct,20k,25-75,resistant
12.0,986.3433333333332,1437.327807932456,false,lv_asymmetric_competition,partial_5pct,20k,25-75,resistant
13.0,1465.8533333333335,1400.0242229600512,false,lv_asymmetric_competition,partial_5pct,20k,25-75,resistant
14.0,1085.67,1362.0409024288015,false,lv_asymmetric_competition,partial_5pct,20k,25-75,resistant
0.0,33.5,33.5,true,lv_asymmetric_competition,partial_5pct,20k,50-50,sensitive
1.0,19.429999999999996,80.23619689114925,false,lv_asymmetric_competition,partial_5pct,20k,50-50,sensitive
2.0,55.28333333333334,187.96012279194193,false,lv_asymmetric_competition,partial_5pct,20k,50-50,sensitive
3.0,144.22333333333333,420.62299311135195,false,lv_asymmetric_competition,partial_5pct,20k,50-50,sensitive
4.0,405.09,861.565565853428,false,lv_asymmetric_competition,partial_5pct,20k,50-50,sensitive
5.0,1191.8633333333332,1522.8956849514193,false,lv_asymmetric_competition,partial_5pct,20k,50-50,sensitive
6.0,947.3433333333334,2226.1104078550566,false,lv_asymmetric_competition,partial_5pct,20k,50-50,sensitive
7.0,1698.1066666666666,2735.6865414202452,false,lv_asymmetric_competition,partial_5pct,20k,50-50,sensitive
8.0,2026.4033333333334,3010.888629461529,false,lv_asymmetric_competition,partial_5pct,20k,50-50,sensitive
9.0,1937.7299999999998,3144.367274475557,false,lv_asymmetric_competition,partial_5pct,20k,50-50,sensitive
10.0,2396.2833333333333,3215.047122956137,false,lv_asymmetric_competition,partial_5pct,20k,50-50,sensitive
11.0,2527.3933333333334,3261.0418023325374,false,lv_asymmetric_competition,partial_5pct,20k,50-50,sensitive
12.0,2748.9966666666664,3297.4774831668474,false,lv_asymmetric_competition,partial_5pct,20k,50-50,sensitive
13.0,2943.03,3329.9568409119884,false,lv_asymmetric_competition,partial_5pct,20k,50-50,sensitive
14.0,2942.056666666667,3360.5078162544028,false,lv_asymmetric_competition,partial_5pct,20k,50-50,sensitive
0.0,33.5,33.5,true,lv_asymmetric_competition,partial_5pct,20k,50-50,resistant
1.0,28.166666666666668,54.51104881468675,false,lv_asymmetric_competition,partial_5pct,20k,50-50,resistant
2.0,47.166666666666664,88.69572420180683,false,lv_asymmetric_competition,partial_5pct,20k,50-50,resistant
3.0,85.17,144.25278852275852,false,lv_asymmetric_competition,partial_5pct,20k,50-50,resistant
4.0,162.80333333333334,233.75231956727316,false,lv_asymmetric_competition,partial_5pct,20k,50-50,resistant
5.0,316.40666666666664,370.63725443771824,false,lv_asymmetric_competition,partial_5pct,20k,50-50,resistant
6.0,379.49,544.129605737227,false,lv_asymmetric_competition,partial_5pct,20k,50-50,resistant
7.0,534.9,692.6691780119681,false,lv_asymmetric_competition,partial_5pct,20k,50-50,resistant
8.0,767.0866666666666,767.3528025202164,false,lv_asymmetric_competition,partial_5pct,20k,50-50,resistant
9.0,892.32,782.8980245449397,false,lv_asymmetric_competition,partial_5pct,20k,50-50,resistant
10.0,674.7666666666665,770.1223511924157,false,lv_asymmetric_competition,partial_5pct,20k,50-50,resistant
11.0,1008.0999999999999,746.7425842409251,false,lv_asymmetric_competition,partial_5pct,20k,50-50,resistant
12.0,618.9333333333333,720.0185006617215,false,lv_asymmetric_competition,partial_5pct,20k,50-50,resistant
13.0,826.9333333333333,692.5977885983859,false,lv_asymmetric_competition,partial_5pct,20k,50-50,resistant
14.0,519.14,665.4120147295148,false,lv_asymmetric_competition,partial_5pct,20k,50-50,resistant
0.0,50.25,50.25,true,lv_asymmetric_competition,partial_5pct,20k,75-25,sensitive
1.0,20.683333333333334,120.23900200217926,false,lv_asymmetric_competition,partial_5pct,20k,75-25,sensitive
2.0,64.20333333333333,280.05226948605724,false,lv_asymmetric_competition,partial_5pct,20k,75-25,sensitive
3.0,168.48666666666668,615.9236111740099,false,lv_asymmetric_competition,partial_5pct,20k,75-25,sensitive
4.0,473.56666666666666,1214.3276722975293,false,lv_asymmetric_competition,partial_5pct,20k,75-25,sensitive
5.0,1202.4333333333334,2021.2219669949352,false,lv_asymmetric_competition,partial_5pct,20k,75-25,sensitive
6.0,748.59,2775.332048328612,false,lv_asymmetric_competition,partial_5pct,20k,75-25,sensitive
7.0,1784.08,3269.6279047441208,false,lv_asymmetric_competition,partial_5pct,20k,75-25,sensitive
8.0,2094.6200000000003,3524.360242211978,false,lv_asymmetric_competition,partial_5pct,20k,75-25,sensitive
9.0,2307.6466666666665,3644.0079950200566,false,lv_asymmetric_competition,partial_5pct,20k,75-25,sensitive
10.0,2381.6866666666665,3702.4988442685785,false,lv_asymmetric_competition,partial_5pct,20k,75-25,sensitive
11.0,2366.4933333333333,3735.5462707870274,false,lv_asymmetric_competition,partial_5pct,20k,75-25,sensitive
12.0,2527.433333333333,3758.1432473300347,false,lv_asymmetric_competition,partial_5pct,20k,75-25,sensitive
13.0,2828.8733333333334,3776.2679505557016,false,lv_asymmetric_competition,partial_5pct,20k,75-25,sensitive
14.0,2795.03,3792.2668170396055,false,lv_asymmetric_competition,partial_5pct,20k,75-25,sensitive
0.0,16.75,16.75,true,lv_asymmetric_competition,partial_5pct,20k,75-25,resistant
1.0,11.136666666666665,27.25549365465205,false,lv_asymmetric_competition,partial_5pct,20k,75-25,resistant
2.0,19.916666666666664,44.346569197746085,false,lv_asymmetric_competition,partial_5pct,20k,75-25,resistant
3.0,30.603333333333335,72.09677171737339,false,lv_asymmetric_competition,partial_5pct,20k,75-25,resistant
4.0,72.57666666666667,116.42996550535648,false,lv_asymmetric_competition,partial_5pct,20k,75-25,resistant
5.0,135.09,181.44946273671812,false,lv_asymmetric_competition,partial_5pct,20k,75-25,resistant
6.0,172.97000000000003,255.43455031953843,false,lv_asymmetric_competition,partial_5pct,20k,75-25,resistant
7.0,227.50666666666666,309.9313610709933,false,lv_asymmetric_competition,partial_5pct,20k,75-25,resistant
8.0,317.33,332.8019805442732,false,lv_asymmetric_competition,partial_5pct,20k,75-25,resistant
9.0,369.6333333333334,333.8628929303928,false,lv_asymmetric_competition,partial_5pct,20k,75-25,resistant
10.0,281.56666666666666,324.78078394444117,false,lv_asymmetric_competition,partial_5pct,20k,75-25,resistant
11.0,418.8633333333333,311.9318730093454,false,lv_asymmetric_competition,partial_5pct,20k,75-25,resistant
12.0,261.56,298.02293390065927,false,lv_asymmetric_competition,partial_5pct,20k,75-25,resistant
13.0,309.22666666666663,284.09405257815615,false,lv_asymmetric_competition,partial_5pct,20k,75-25,resistant
14.0,194.61333333333332,270.52483794968714,false,lv_asymmetric_competition,partial_5pct,20k,75-25,resistant
0.0,25.0,25.0,true,lv_asymmetric_competition,partial_5pct,30k,25-75,sensitive
1.0,13.089999999999998,56.60733282484635,false,lv_asymmetric_competition,partial_5pct,30k,25-75,sensitive
2.0,39.300000000000004,125.01111012369265,false,lv_asymmetric_competition,partial_5pct,30k,25-75,sensitive
3.0,123.18,263.81117492694636,false,lv_asymmetric_competition,partial_5pct,30k,25-75,sensitive
4.0,301.8933333333333,514.0174762737213,false,lv_asymmetric_competition,partial_5pct,30k,25-75,sensitive
5.0,791.3033333333333,881.1708172321197,false,lv_asymmetric_competition,partial_5pct,30k,25-75,sensitive
6.0,726.0500000000001,1272.1710014052987,false,lv_asymmetric_competition,partial_5pct,30k,25-75,sensitive
7.0,1318.3600000000001,1547.3604434319566,false,lv_asymmetric_competition,partial_5pct,30k,25-75,sensitive
8.0,1513.7366666666667,1677.2544823340222,false,lv_asymmetric_competition,partial_5pct,30k,25-75,sensitive
9.0,1434.7733333333333,1724.328326622814,false,lv_asymmetric_competition,partial_5pct,30k,25-75,sensitive
10.0,1640.7866666666666,1739.3657458190564,false,lv_asymmetric_competition,partial_5pct,30k,25-75,sensitive
11.0,2289.8999999999996,1743.8590532718138,false,lv_asymmetric_competition,partial_5pct,30k,25-75,sensitive
12.0,1768.0933333333332,1745.0667621197422,false,lv_asymmetric_competition,partial_5pct,30k,25-75,sensitive
13.0,2427.37,1745.2629671265775,false,lv_asymmetric_competition,partial_5pct,30k,25-75,sensitive
14.0,1996.9099999999999,1745.1432690137224,false,lv_asymmetric_competition,partial_5pct,30k,25-75,sensitive
0.0,75.0,75.0,true,lv_asymmetric_competition,partial_5pct,30k,25-75,resistant
1.0,61.04666666666666,122.03809447030511,false,lv_asymmetric_competition,partial_5pct,30k,25-75,resistant
2.0,103.61333333333334,198.55741755245722,false,lv_asymmetric_competition,partial_5pct,30k,25-75,resistant
3.0,178.24333333333334,322.84888425278814,false,lv_asymmetric_competition,partial_5pct,30k,25-75,resistant
4.0,362.33,522.9309325372175,false,lv_asymmetric_competition,partial_5pct,30k,25-75,resistant
5.0,757.4333333333334,830.9482294065259,false,lv_asymmetric_competition,partial_5pct,30k,25-75,resistant
6.0,1086.1066666666666,1235.5499327156624,false,lv_asymmetric_competition,partial_5pct,30k,25-75,resistant
7.0,1566.3499999999997,1608.3861685328002,false,lv_asymmetric_competition,partial_5pct,30k,25-75,resistant
8.0,1943.8999999999999,1823.7757061098555,false,lv_asymmetric_competition,partial_5pct,30k,25-75,resistant
9.0,2446.5499999999997,1910.2954543648962,false,lv_asymmetric_competition,partial_5pct,30k,25-75,resistant
10.0,1824.6066666666666,1939.3837538363505,false,lv_asymmetric_competition,partial_5pct,30k,25-75,resistant
11.0,3249.733333333333,1948.6324464285567,false,lv_asymmetric_competition,partial_5pct,30k,25-75,resistant
12.0,1631.7300000000002,1951.622699424999,false,lv_asymmetric_competition,partial_5pct,30k,25-75,resistant
13.0,2673.606666666667,1952.700684994008,false,lv_asymmetric_competition,partial_5pct,30k,25-75,resistant
14.0,1684.9133333333332,1953.2057714823677,false,lv_asymmetric_competition,partial_5pct,30k,25-75,resistant
0.0,50.0,50.0,true,lv_asymmetric_competition,partial_5pct,30k,50-50,sensitive
1.0,28.156666666666666,113.16649876292996,false,lv_asymmetric_competition,partial_5pct,30k,50-50,sensitive
2.0,81.69666666666666,248.51586484023383,false,lv_asymmetric_competition,partial_5pct,30k,50-50,sensitive
3.0,213.96666666666667,515.1098931991826,false,lv_asymmetric_competition,partial_5pct,30k,50-50,sensitive
4.0,573.2333333333333,964.3343333122417,false,lv_asymmetric_competition,partial_5pct,30k,50-50,sensitive
5.0,1365.6900000000003,1550.421877117301,false,lv_asymmetric_competition,partial_5pct,30k,50-50,sensitive
6.0,954.6966666666666,2092.466726900504,false,lv_asymmetric_competition,partial_5pct,30k,50-50,sensitive
7.0,1763.55,2448.063936285367,false,lv_asymmetric_competition,partial_5pct,30k,50-50,sensitive
8.0,2032.53,2638.912240440369,false,lv_asymmetric_competition,partial_5pct,30k,50-50,sensitive
9.0,2097.9933333333333,2744.558938801764,false,lv_asymmetric_competition,partial_5pct,30k,50-50,sensitive
10.0,2401.5633333333335,2816.277543441104,false,lv_asymmetric_competition,partial_5pct,30k,50-50,sensitive
11.0,2836.11,2876.2954186149213,false,lv_asymmetric_competition,partial_5pct,30k,50-50,sensitive
12.0,2551.1033333333335,2932.9163524690516,false,lv_asymmetric_competition,partial_5pct,30k,50-50,sensitive
13.0,2884.48,2989.00551789103,false,lv_asymmetric_competition,partial_5pct,30k,50-50,sensitive
14.0,2778.18,3045.421293209193,false,lv_asymmetric_competition,partial_5pct,30k,50-50,sensitive
0.0,50.0,50.0,true,lv_asymmetric_competition,partial_5pct,30k,50-50,resistant
1.0,34.93,81.35835042335484,false,lv_asymmetric_competition,partial_5pct,30k,50-50,resistant
2.0,59.400000000000006,132.3615094329026,false,lv_asymmetric_competition,partial_5pct,30k,50-50,resistant
3.0,105.14666666666666,215.0608693749656,false,lv_asymmetric_competition,partial_5pct,30k,50-50,resistant
4.0,218.2733333333333,346.5192781045967,false,lv_asymmetric_competition,partial_5pct,30k,50-50,resistant
5.0,401.89333333333326,537.3293085440134,false,lv_asymmetric_competition,partial_5pct,30k,50-50,resistant
6.0,348.3999999999999,750.7694922061409,false,lv_asymmetric_competition,partial_5pct,30k,50-50,resistant
7.0,538.1766666666666,901.2818342863239,false,lv_asymmetric_competition,partial_5pct,30k,50-50,resistant
8.0,748.25,957.1750967689159,false,lv_asymmetric_competition,partial_5pct,30k,50-50,resistant
9.0,815.8333333333334,952.4822888546043,false,lv_asymmetric_competition,partial_5pct,30k,50-50,resistant
10.0,605.9166666666666,921.0417512469259,false,lv_asymmetric_competition,partial_5pct,30k,50-50,resistant
11.0,905.2933333333334,879.1641422086707,false,lv_asymmetric_competition,partial_5pct,30k,50-50,resistant
12.0,496.23333333333335,833.1470674802965,false,lv_asymmetric_competition,partial_5pct,30k,50-50,resistant
13.0,678.3233333333334,785.3365511721307,false,lv_asymmetric_competition,partial_5pct,30k,50-50,resistant
14.0,422.30999999999995,736.7001858633862,false,lv_asymmetric_competition,partial_5pct,30k,50-50,resistant
0.0,75.0,75.0,true,lv_asymmetric_competition,partial_5pct,30k,75-25,sensitive
1.0,30.916666666666668,169.6775296879023,false,lv_asymmetric_competition,partial_5pct,30k,75-25,sensitive
2.0,96.72000000000001,370.56680814879485,false,lv_asymmetric_competition,partial_5pct,30k,75-25,sensitive
3.0,246.36666666666665,755.2220702039597,false,lv_asymmetric_competition,partial_5pct,30k,75-25,sensitive
4.0,733.8966666666665,1365.981123460265,false,lv_asymmetric_competition,partial_5pct,30k,75-25,sensitive
5.0,1349.2333333333333,2093.996633316394,false,lv_asymmetric_competition,partial_5pct,30k,75-25,sensitive
6.0,546.62,2710.477382068693,false,lv_asymmetric_competition,partial_5pct,30k,75-25,sensitive
7.0,1863.1599999999999,3100.208663871557,false,lv_asymmetric_competition,partial_5pct,30k,75-25,sensitive
8.0,2329.103333333334,3313.275555753574,false,lv_asymmetric_competition,partial_5pct,30k,75-25,sensitive
9.0,2218.3366666666666,3432.6550243845013,false,lv_asymmetric_competition,partial_5pct,30k,75-25,sensitive
10.0,2795.08,3509.4434658534105,false,lv_asymmetric_competition,partial_5pct,30k,75-25,sensitive
11.0,2773.2100000000005,3567.1182687972446,false,lv_asymmetric_competition,partial_5pct,30k,75-25,sensitive
12.0,3011.9733333333334,3615.3210248557684,false,lv_asymmetric_competition,partial_5pct,30k,75-25,sensitive
13.0,3099.58,3657.8329766206807,false,lv_asymmetric_competition,partial_5pct,30k,75-25,sensitive
14.0,3017.2899999999995,3696.1113058913975,false,lv_asymmetric_competition,partial_5pct,30k,75-25,sensitive
0.0,25.0,25.0,true,lv_asymmetric_competition,partial_5pct,30k,75-25,resistant
1.0,25.46666666666667,40.67895349504598,false,lv_asymmetric_competition,partial_5pct,30k,75-25,resistant
2.0,43.82333333333333,66.17410644468585,false,lv_asymmetric_competition,partial_5pct,30k,75-25,resistant
3.0,67.24000000000001,107.41052487863463,false,lv_asymmetric_competition,partial_5pct,30k,75-25,resistant
4.0,122.13666666666666,171.85800564270122,false,lv_asymmetric_competition,partial_5pct,30k,75-25,resistant
5.0,212.86333333333332,259.305918377098,false,lv_asymmetric_competition,partial_5pct,30k,75-25,resistant
6.0,182.01333333333332,342.9231440775542,false,lv_asymmetric_competition,partial_5pct,30k,75-25,resistant
7.0,271.34666666666664,386.337279426025,false,lv_asymmetric_competition,partial_5pct,30k,75-25,resistant
8.0,426.9066666666667,386.76954608902423,false,lv_asymmetric_competition,partial_5pct,30k,75-25,resistant
9.0,422.00333333333333,363.1569883908089,false,lv_asymmetric_competition,partial_5pct,30k,75-25,resistant
10.0,362.82666666666665,330.47370306861666,false,lv_asymmetric_competition,partial_5pct,30k,75-25,resistant
11.0,419.54333333333335,295.91731786440556,false,lv_asymmetric_competition,partial_5pct,30k,75-25,resistant
12.0,522.54,262.40248782578317,false,lv_asymmetric_competition,partial_5pct,30k,75-25,resistant
13.0,327.18666666666667,231.04359836803016,false,lv_asymmetric_competition,partial_5pct,30k,75-25,resistant
14.0,212.1833333333333,202.24519662886777,false,lv_asymmetric_competition,partial_5pct,30k,75-25,resistant
0.0,16.75,16.75,true,lv_asymmetric_competition_death,partial_5pct,20k,25-75,sensitive
1.0,12.806666666666667,32.998667861010304,false,lv_asymmetric_competition_death,partial_5pct,20k,25-75,sensitive
2.0,36.586666666666666,64.44550449015242,false,lv_asymmetric_competition_death,partial_5pct,20k,25-75,sensitive
3.0,105.55666666666667,123.96577963919988,false,lv_asymmetric_competition_death,partial_5pct,20k,25-75,sensitive
4.0,270.2266666666667,232.2936994547161,false,lv_asymmetric_competition_death,partial_5pct,20k,25-75,sensitive
5.0,849.8733333333333,416.58915910485064,false,lv_asymmetric_competition_death,partial_5pct,20k,25-75,sensitive
6.0,860.2633333333333,697.2720275426639,false,lv_asymmetric_competition_death,partial_5pct,20k,25-75,sensitive
7.0,1553.246666666667,1059.3121985255843,false,lv_asymmetric_competition_death,partial_5pct,20k,25-75,sensitive
8.0,1776.5566666666666,1436.157746740996,false,lv_asymmetric_competition_death,partial_5pct,20k,25-75,sensitive
9.0,1648.9166666666667,1753.3290468094115,false,lv_asymmetric_competition_death,partial_5pct,20k,25-75,sensitive
10.0,2098.65,1988.4795304511626,false,lv_asymmetric_competition_death,partial_5pct,20k,25-75,sensitive
11.0,2367.1166666666663,2161.136871589363,false,lv_asymmetric_competition_death,partial_5pct,20k,25-75,sensitive
12.0,2250.2233333333334,2294.251248400041,false,lv_asymmetric_competition_death,partial_5pct,20k,25-75,sensitive
13.0,2750.683333333333,2401.7943145658496,false,lv_asymmetric_competition_death,partial_5pct,20k,25-75,sensitive
14.0,2685.1666666666665,2491.1846767426223,false,lv_asymmetric_competition_death,partial_5pct,20k,25-75,sensitive
0.0,50.25,50.25,true,lv_asymmetric_competition_death,partial_5pct,20k,25-75,resistant
1.0,31.28333333333333,75.48848584683914,false,lv_asymmetric_competition_death,partial_5pct,20k,25-75,resistant
2.0,54.129999999999995,113.40114242841256,false,lv_asymmetric_competition_death,partial_5pct,20k,25-75,resistant
3.0,91.82,170.33959262923926,false,lv_asymmetric_competition_death,partial_5pct,20k,25-75,resistant
4.0,189.74333333333334,255.75533340712153,false,lv_asymmetric_competition_death,partial_5pct,20k,25-75,resistant
5.0,391.3,383.20868033261513,false,lv_asymmetric_competition_death,partial_5pct,20k,25-75,resistant
6.0,609.6966666666667,569.0970051784323,false,lv_asymmetric_competition_death,partial_5pct,20k,25-75,resistant
7.0,844.84,819.1596052847383,false,lv_asymmetric_competition_death,partial_5pct,20k,25-75,resistant
8.0,1041.4766666666667,1089.2466525086923,false,lv_asymmetric_competition_death,partial_5pct,20k,25-75,resistant
9.0,1339.68,1274.3504547707098,false,lv_asymmetric_competition_death,partial_5pct,20k,25-75,resistant
10.0,1081.78,1316.8925925103438,false,lv_asymmetric_competition_death,partial_5pct,20k,25-75,resistant
11.0,1735.1733333333334,1259.5041446920939,false,lv_asymmetric_competition_death,partial_5pct,20k,25-75,resistant
12.0,986.3433333333332,1161.7511680700372,false,lv_asymmetric_competition_death,partial_5pct,20k,25-75,resistant
13.0,1465.8533333333335,1056.4476534834012,false,lv_asymmetric_competition_death,partial_5pct,20k,25-75,resistant
14.0,1085.67,956.5229788398708,false,lv_asymmetric_competition_death,partial_5pct,20k,25-75,resistant
0.0,33.5,33.5,true,lv_asymmetric_competition_death,partial_5pct,20k,50-50,sensitive
1.0,19.429999999999996,65.81333485831767,false,lv_asymmetric_competition_death,partial_5pct,20k,50-50,sensitive
2.0,55.28333333333334,127.69885589757983,false,lv_asymmetric_competition_death,partial_5pct,20k,50-50,sensitive
3.0,144.22333333333333,242.27338546601982,false,lv_asymmetric_competition_death,partial_5pct,20k,50-50,sensitive
4.0,405.09,441.9551226225263,false,lv_asymmetric_competition_death,partial_5pct,20k,50-50,sensitive
5.0,1191.8633333333332,756.1755123449008,false,lv_asymmetric_competition_death,partial_5pct,20k,50-50,sensitive
6.0,947.3433333333334,1178.7164468339972,false,lv_asymmetric_competition_death,partial_5pct,20k,50-50,sensitive
7.0,1698.1066666666666,1639.174210408053,false,lv_asymmetric_competition_death,partial_5pct,20k,50-50,sensitive
8.0,2026.4033333333334,2037.132249139113,false,lv_asymmetric_competition_death,partial_5pct,20k,50-50,sensitive
9.0,1937.7299999999998,2320.0362752397905,false,lv_asymmetric_competition_death,partial_5pct,20k,50-50,sensitive
10.0,2396.2833333333333,2500.8434459135174,false,lv_asymmetric_competition_death,partial_5pct,20k,50-50,sensitive
11.0,2527.3933333333334,2615.4277893770022,false,lv_asymmetric_competition_death,partial_5pct,20k,50-50,sensitive
12.0,2748.9966666666664,2692.2214015115974,false,lv_asymmetric_competition_death,partial_5pct,20k,50-50,sensitive
13.0,2943.03,2747.777939615914,false,lv_asymmetric_competition_death,partial_5pct,20k,50-50,sensitive
14.0,2942.056666666667,2790.79809575807,false,lv_asymmetric_competition_death,partial_5pct,20k,50-50,sensitive
0.0,33.5,33.5,true,lv_asymmetric_competition_death,partial_5pct,20k,50-50,resistant
1.0,28.166666666666668,50.32558452225153,false,lv_asymmetric_competition_death,partial_5pct,20k,50-50,resistant
2.0,47.166666666666664,75.59961662432684,false,lv_asymmetric_competition_death,partial_5pct,20k,50-50,resistant
3.0,85.17,113.54644738757514,false,lv_asymmetric_competition_death,partial_5pct,20k,50-50,resistant
4.0,162.80333333333334,170.3736626951376,false,lv_asymmetric_competition_death,partial_5pct,20k,50-50,resistant
5.0,316.40666666666664,254.41741106242776,false,lv_asymmetric_competition_death,partial_5pct,20k,50-50,resistant
6.0,379.49,372.8140292035182,false,lv_asymmetric_competition_death,partial_5pct,20k,50-50,resistant
7.0,534.9,517.8688260540819,false,lv_asymmetric_competition_death,partial_5pct,20k,50-50,resistant
8.0,767.0866666666666,650.9003375168268,false,lv_asymmetric_competition_death,partial_5pct,20k,50-50,resistant
9.0,892.32,725.9371045073731,false,lv_asymmetric_competition_death,partial_5pct,20k,50-50,resistant
10.0,674.7666666666665,736.2551192917609,false,lv_asymmetric_competition_death,partial_5pct,20k,50-50,resistant
11.0,1008.0999999999999,706.4082881317987,false,lv_asymmetric_competition_death,partial_5pct,20k,50-50,resistant
12.0,618.9333333333333,660.1148804280057,false,lv_asymmetric_competition_death,partial_5pct,20k,50-50,resistant
13.0,826.9333333333333,610.3677691147903,false,lv_asymmetric_competition_death,partial_5pct,20k,50-50,resistant
14.0,519.14,562.6533235592859,false,lv_asymmetric_competition_death,partial_5pct,20k,50-50,resistant
0.0,50.25,50.25,true,lv_asymmetric_competition_death,partial_5pct,20k,75-25,sensitive
1.0,20.683333333333334,98.4461458756486,false,lv_asymmetric_competition_death,partial_5pct,20k,75-25,sensitive
2.0,64.20333333333333,189.80189470163765,false,lv_asymmetric_competition_death,partial_5pct,20k,75-25,sensitive
3.0,168.48666666666668,355.3762988019012,false,lv_asymmetric_competition_death,partial_5pct,20k,75-25,sensitive
4.0,473.56666666666666,632.5950798658541,false,lv_asymmetric_competition_death,partial_5pct,20k,75-25,sensitive
5.0,1202.4333333333334,1040.452678566997,false,lv_asymmetric_competition_death,partial_5pct,20k,75-25,sensitive
6.0,748.59,1538.6806303353906,false,lv_asymmetric_competition_death,partial_5pct,20k,75-25,sensitive
7.0,1784.08,2024.271683220988,false,lv_asymmetric_competition_death,partial_5pct,20k,75-25,sensitive
8.0,2094.6200000000003,2402.6430061442657,false,lv_asymmetric_competition_death,partial_5pct,20k,75-25,sensitive
9.0,2307.6466666666665,2649.794325102664,false,lv_asymmetric_competition_death,partial_5pct,20k,75-25,sensitive
10.0,2381.6866666666665,2795.1242932639807,false,lv_asymmetric_competition_death,partial_5pct,20k,75-25,sensitive
11.0,2366.4933333333333,2877.63619042189,false,lv_asymmetric_competition_death,partial_5pct,20k,75-25,sensitive
12.0,2527.433333333333,2925.540457110314,false,lv_asymmetric_competition_death,partial_5pct,20k,75-25,sensitive
13.0,2828.8733333333334,2955.213110640222,false,lv_asymmetric_competition_death,partial_5pct,20k,75-25,sensitive
14.0,2795.03,2975.299994482074,false,lv_asymmetric_competition_death,partial_5pct,20k,75-25,sensitive
0.0,16.75,16.75,true,lv_asymmetric_competition_death,partial_5pct,20k,75-25,resistant
1.0,11.136666666666665,25.16274957881708,false,lv_asymmetric_competition_death,partial_5pct,20k,75-25,resistant
2.0,19.916666666666664,37.799072387396315,false,lv_asymmetric_competition_death,partial_5pct,20k,75-25,resistant
3.0,30.603333333333335,56.76413992665458,false,lv_asymmetric_competition_death,partial_5pct,20k,75-25,resistant
4.0,72.57666666666667,85.0975523843053,false,lv_asymmetric_competition_death,partial_5pct,20k,75-25,resistant
5.0,135.09,126.53922245198622,false,lv_asymmetric_competition_death,partial_5pct,20k,75-25,resistant
6.0,172.97000000000003,182.92584498943936,false,lv_asymmetric_competition_death,partial_5pct,20k,75-25,resistant
7.0,227.50666666666666,247.5658555158947,false,lv_asymmetric_competition_death,partial_5pct,20k,75-25,resistant
8.0,317.33,303.12231448974484,false,lv_asymmetric_competition_death,partial_5pct,20k,75-25,resistant
9.0,369.6333333333334,335.1818845504309,false,lv_asymmetric_competition_death,partial_5pct,20k,75-25,resistant
10.0,281.56666666666666,343.70556299786347,false,lv_asymmetric_competition_death,partial_5pct,20k,75-25,resistant
11.0,418.8633333333333,337.01705517154954,false,lv_asymmetric_competition_death,partial_5pct,20k,75-25,resistant
12.0,261.56,322.93391653368275,false,lv_asymmetric_competition_death,partial_5pct,20k,75-25,resistant
13.0,309.22666666666663,306.1629316043049,false,lv_asymmetric_competition_death,partial_5pct,20k,75-25,resistant
14.0,194.61333333333332,289.0199803364859,false,lv_asymmetric_competition_death,partial_5pct,20k,75-25,resistant
0.0,25.0,25.0,true,lv_asymmetric_competition_death,partial_5pct,30k,25-75,sensitive
1.0,13.089999999999998,46.73397534478642,false,lv_asymmetric_competition_death,partial_5pct,30k,25-75,sensitive
2.0,39.300000000000004,86.29630164765534,false,lv_asymmetric_competition_death,partial_5pct,30k,25-75,sensitive
3.0,123.18,156.1487005122643,false,lv_asymmetric_competition_death,partial_5pct,30k,25-75,sensitive
4.0,301.8933333333333,273.38313017734794,false,lv_asymmetric_competition_death,partial_5pct,30k,25-75,sensitive
5.0,791.3033333333333,454.6310308750509,false,lv_asymmetric_competition_death,partial_5pct,30k,25-75,sensitive
6.0,726.0500000000001,701.6730510811265,false,lv_asymmetric_competition_death,partial_5pct,30k,25-75,sensitive
7.0,1318.3600000000001,984.3303399420889,false,lv_asymmetric_competition_death,partial_5pct,30k,25-75,sensitive
8.0,1513.7366666666667,1249.288454485244,false,lv_asymmetric_competition_death,partial_5pct,30k,25-75,sensitive
9.0,1434.7733333333333,1463.560958228267,false,lv_asymmetric_competition_death,partial_5pct,30k,25-75,sensitive
10.0,1640.7866666666666,1632.4293878413314,false,lv_asymmetric_competition_death,partial_5pct,30k,25-75,sensitive
11.0,2289.8999999999996,1773.386783601364,false,lv_asymmetric_competition_death,partial_5pct,30k,25-75,sensitive
12.0,1768.0933333333332,1897.9447262914455,false,lv_asymmetric_competition_death,partial_5pct,30k,25-75,sensitive
13.0,2427.37,2011.1882423866232,false,lv_asymmetric_competition_death,partial_5pct,30k,25-75,sensitive
14.0,1996.9099999999999,2114.989195574243,false,lv_asymmetric_competition_death,partial_5pct,30k,25-75,sensitive
0.0,75.0,75.0,true,lv_asymmetric_competition_death,partial_5pct,30k,25-75,resistant
1.0,61.04666666666666,112.66787977514467,false,lv_asymmetric_competition_death,partial_5pct,30k,25-75,resistant
2.0,103.61333333333334,169.24342115712832,false,lv_asymmetric_competition_death,partial_5pct,30k,25-75,resistant
3.0,178.24333333333334,254.15692655332174,false,lv_asymmetric_competition_death,partial_5pct,30k,25-75,resistant
4.0,362.33,381.20564405639016,false,lv_asymmetric_competition_death,partial_5pct,30k,25-75,resistant
5.0,757.4333333333334,568.8831469955817,false,lv_asymmetric_competition_death,partial_5pct,30k,25-75,resistant
6.0,1086.1066666666666,833.6089058178035,false,lv_asymmetric_competition_death,partial_5pct,30k,25-75,resistant
7.0,1566.3499999999997,1159.237929922793,false,lv_asymmetric_competition_death,partial_5pct,30k,25-75,resistant
8.0,1943.8999999999999,1452.094476597723,false,lv_asymmetric_competition_death,partial_5pct,30k,25-75,resistant
9.0,2446.5499999999997,1598.3316338386517,false,lv_asymmetric_competition_death,partial_5pct,30k,25-75,resistant
10.0,1824.6066666666666,1594.3535494841158,false,lv_asymmetric_competition_death,partial_5pct,30k,25-75,resistant
11.0,3249.733333333333,1508.0170129294534,false,lv_asymmetric_competition_death,partial_5pct,30k,25-75,resistant
12.0,1631.7300000000002,1391.0430396326592,false,lv_asymmetric_competition_death,partial_5pct,30k,25-75,resistant
13.0,2673.606666666667,1267.5824350715407,false,lv_asymmetric_competition_death,partial_5pct,30k,25-75,resistant
14.0,1684.9133333333332,1147.34022007133,false,lv_asymmetric_competition_death,partial_5pct,30k,25-75,resistant
0.0,50.0,50.0,true,lv_asymmetric_competition_death,partial_5pct,30k,50-50,sensitive
1.0,28.156666666666666,93.14276131490591,false,lv_asymmetric_competition_death,partial_5pct,30k,50-50,sensitive
2.0,81.69666666666666,170.6703747379268,false,lv_asymmetric_competition_death,partial_5pct,30k,50-50,sensitive
3.0,213.96666666666667,304.08840523219715,false,lv_asymmetric_competition_death,partial_5pct,30k,50-50,sensitive
4.0,573.2333333333333,517.6882601411052,false,lv_asymmetric_competition_death,partial_5pct,30k,50-50,sensitive
5.0,1365.6900000000003,822.9540005655844,false,lv_asymmetric_competition_death,partial_5pct,30k,50-50,sensitive
6.0,954.6966666666666,1193.9436402959589,false,lv_asymmetric_competition_death,partial_5pct,30k,50-50,sensitive
7.0,1763.55,1563.0077273260833,false,lv_asymmetric_competition_death,partial_5pct,30k,50-50,sensitive
8.0,2032.53,1864.3441139000615,false,lv_asymmetric_competition_death,partial_5pct,30k,50-50,sensitive
9.0,2097.9933333333333,2080.0272372986096,false,lv_asymmetric_competition_death,partial_5pct,30k,50-50,sensitive
10.0,2401.5633333333335,2230.1114070091967,false,lv_asymmetric_competition_death,partial_5pct,30k,50-50,sensitive
11.0,2836.11,2339.730502920168,false,lv_asymmetric_competition_death,partial_5pct,30k,50-50,sensitive
12.0,2551.1033333333335,2425.4618562665114,false,lv_asymmetric_competition_death,partial_5pct,30k,50-50,sensitive
13.0,2884.48,2496.2179862956664,false,lv_asymmetric_competition_death,partial_5pct,30k,50-50,sensitive
14.0,2778.18,2556.5826287448967,false,lv_asymmetric_competition_death,partial_5pct,30k,50-50,sensitive
0.0,50.0,50.0,true,lv_asymmetric_competition_death,partial_5pct,30k,50-50,resistant
1.0,34.93,75.1114285146814,false,lv_asymmetric_competition_death,partial_5pct,30k,50-50,resistant
2.0,59.400000000000006,112.82276772751533,false,lv_asymmetric_competition_death,partial_5pct,30k,50-50,resistant
3.0,105.14666666666666,169.37841028344317,false,lv_asymmetric_competition_death,partial_5pct,30k,50-50,resistant
4.0,218.2733333333333,253.65408648916616,false,lv_asymmetric_competition_death,partial_5pct,30k,50-50,resistant
5.0,401.89333333333326,376.05596350122795,false,lv_asymmetric_competition_death,partial_5pct,30k,50-50,resistant
6.0,348.3999999999999,539.785355160384,false,lv_asymmetric_competition_death,partial_5pct,30k,50-50,resistant
7.0,538.1766666666666,718.9720799116253,false,lv_asymmetric_competition_death,partial_5pct,30k,50-50,resistant
8.0,748.25,853.2317624505512,false,lv_asymmetric_competition_death,partial_5pct,30k,50-50,resistant
9.0,815.8333333333334,901.3615144650248,false,lv_asymmetric_competition_death,partial_5pct,30k,50-50,resistant
10.0,605.9166666666666,877.7338363406059,false,lv_asymmetric_competition_death,partial_5pct,30k,50-50,resistant
11.0,905.2933333333334,817.208408839945,false,lv_asymmetric_competition_death,partial_5pct,30k,50-50,resistant
12.0,496.23333333333335,744.2725439281647,false,lv_asymmetric_competition_death,partial_5pct,30k,50-50,resistant
13.0,678.3233333333334,670.8038092232997,false,lv_asymmetric_competition_death,partial_5pct,30k,50-50,resistant
14.0,422.30999999999995,601.5967787570274,false,lv_asymmetric_competition_death,partial_5pct,30k,50-50,resistant
0.0,75.0,75.0,true,lv_asymmetric_competition_death,partial_5pct,30k,75-25,sensitive
1.0,30.916666666666668,139.2314803510157,false,lv_asymmetric_competition_death,partial_5pct,30k,75-25,sensitive
2.0,96.72000000000001,253.20936594055274,false,lv_asymmetric_competition_death,partial_5pct,30k,75-25,sensitive
3.0,246.36666666666665,444.6250365631487,false,lv_asymmetric_competition_death,partial_5pct,30k,75-25,sensitive
4.0,733.8966666666665,738.2658959050777,false,lv_asymmetric_competition_death,partial_5pct,30k,75-25,sensitive
5.0,1349.2333333333333,1131.2872737910427,false,lv_asymmetric_competition_death,partial_5pct,30k,75-25,sensitive
6.0,546.62,1570.1489240275735,false,lv_asymmetric_competition_death,partial_5pct,30k,75-25,sensitive
7.0,1863.1599999999999,1969.7924551976419,false,lv_asymmetric_competition_death,partial_5pct,30k,75-25,sensitive
8.0,2329.103333333334,2271.893280566274,false,lv_asymmetric_competition_death,partial_5pct,30k,75-25,sensitive
9.0,2218.3366666666666,2472.763673736954,false,lv_asymmetric_competition_death,partial_5pct,30k,75-25,sensitive
10.0,2795.08,2599.5111015928396,false,lv_asymmetric_competition_death,partial_5pct,30k,75-25,sensitive
11.0,2773.2100000000005,2680.6401840621406,false,lv_asymmetric_competition_death,partial_5pct,30k,75-25,sensitive
12.0,3011.9733333333334,2735.5636906232726,false,lv_asymmetric_competition_death,partial_5pct,30k,75-25,sensitive
13.0,3099.58,2775.4622200069316,false,lv_asymmetric_competition_death,partial_5pct,30k,75-25,sensitive
14.0,3017.2899999999995,2806.3808613753786,false,lv_asymmetric_competition_death,partial_5pct,30k,75-25,sensitive
0.0,25.0,25.0,true,lv_asymmetric_competition_death,partial_5pct,30k,75-25,resistant
1.0,25.46666666666667,37.555418032626974,false,lv_asymmetric_competition_death,partial_5pct,30k,75-25,resistant
2.0,43.82333333333333,56.40742944788895,false,lv_asymmetric_competition_death,partial_5pct,30k,75-25,resistant
3.0,67.24000000000001,84.64997394014975,false,lv_asymmetric_competition_death,partial_5pct,30k,75-25,resistant
4.0,122.13666666666666,126.51726430890595,false,lv_asymmetric_competition_death,partial_5pct,30k,75-25,resistant
5.0,212.86333333333332,186.1808133966589,false,lv_asymmetric_competition_death,partial_5pct,30k,75-25,resistant
6.0,182.01333333333332,262.284132195787,false,lv_asymmetric_competition_death,partial_5pct,30k,75-25,resistant
7.0,271.34666666666664,339.46834351490764,false,lv_asymmetric_competition_death,partial_5pct,30k,75-25,resistant
8.0,426.9066666666667,393.0566566816326,false,lv_asymmetric_competition_death,partial_5pct,30k,75-25,resistant
9.0,422.00333333333333,410.792201262824,false,lv_asymmetric_competition_death,partial_5pct,30k,75-25,resistant
10.0,362.82666666666665,399.72109680689385,false,lv_asymmetric_competition_death,partial_5pct,30k,75-25,resistant
11.0,419.54333333333335,373.0971294003597,false,lv_asymmetric_competition_death,partial_5pct,30k,75-25,resistant
12.0,522.54,340.71213134802645,false,lv_asymmetric_competition_death,partial_5pct,30k,75-25,resistant
13.0,327.18666666666667,307.77332320162714,false,lv_asymmetric_competition_death,partial_5pct,30k,75-25,resistant
14.0,212.1833333333333,276.5776074071327,false,lv_asymmetric_competition_death,partial_5pct,30k,75-25,resistant
0.0,16.75,16.75,true,lv_symmetric_competition,partial_5pct,20k,25-75,sensitive
1.0,12.806666666666667,40.20532961630209,false,lv_symmetric_competition,partial_5pct,20k,25-75,sensitive
2.0,36.586666666666666,94.922206882737,false,lv_symmetric_competition,partial_5pct,20k,25-75,sensitive
3.0,105.55666666666667,217.0037217498687,false,lv_symmetric_competition,partial_5pct,20k,25-75,sensitive
4.0,270.2266666666667,466.41245541980595,false,lv_symmetric_competition,partial_5pct,20k,25-75,sensitive
5.0,849.8733333333333,898.167468528504,false,lv_symmetric_competition,partial_5pct,20k,25-75,sensitive
6.0,860.2633333333333,1464.9786764023454,false,lv_symmetric_competition,partial_5pct,20k,25-75,sensitive
7.0,1553.246666666667,1976.4472724422533,false,lv_symmetric_competition,partial_5pct,20k,25-75,sensitive
8.0,1776.5566666666666,2299.56472436507,false,lv_symmetric_competition,partial_5pct,20k,25-75,sensitive
9.0,1648.9166666666667,2475.040115695149,false,lv_symmetric_competition,partial_5pct,20k,25-75,sensitive
10.0,2098.65,2581.7323885399896,false,lv_symmetric_competition,partial_5pct,20k,25-75,sensitive
11.0,2367.1166666666663,2661.7893761399796,false,lv_symmetric_competition,partial_5pct,20k,25-75,sensitive
12.0,2250.2233333333334,2731.163330114048,false,lv_symmetric_competition,partial_5pct,20k,25-75,sensitive
13.0,2750.683333333333,2795.2664303080132,false,lv_symmetric_competition,partial_5pct,20k,25-75,sensitive
14.0,2685.1666666666665,2855.8913507510083,false,lv_symmetric_competition,partial_5pct,20k,25-75,sensitive
0.0,50.25,50.25,true,lv_symmetric_competition,partial_5pct,20k,25-75,resistant
1.0,31.28333333333333,81.76665849129117,false,lv_symmetric_competition,partial_5pct,20k,25-75,resistant
2.0,54.129999999999995,133.04658974773108,false,lv_symmetric_competition,partial_5pct,20k,25-75,resistant
3.0,91.82,216.4415835786197,false,lv_symmetric_competition,partial_5pct,20k,25-75,resistant
4.0,189.74333333333334,351.58604691229635,false,lv_symmetric_competition,partial_5pct,20k,25-75,resistant
5.0,391.3,565.7888116929073,false,lv_symmetric_competition,partial_5pct,20k,25-75,resistant
6.0,609.6966666666667,872.1101501231096,false,lv_symmetric_competition,partial_5pct,20k,25-75,resistant
7.0,844.84,1195.7956634825714,false,lv_symmetric_competition,partial_5pct,20k,25-75,resistant
8.0,1041.4766666666667,1393.6588539486659,false,lv_symmetric_competition,partial_5pct,20k,25-75,resistant
9.0,1339.68,1444.7942620267115,false,lv_symmetric_competition,partial_5pct,20k,25-75,resistant
10.0,1081.78,1420.5349344917238,false,lv_symmetric_competition,partial_5pct,20k,25-75,resistant
11.0,1735.1733333333334,1370.163742484232,false,lv_symmetric_competition,partial_5pct,20k,25-75,resistant
12.0,986.3433333333332,1312.9588547976614,false,lv_symmetric_competition,partial_5pct,20k,25-75,resistant
13.0,1465.8533333333335,1255.234268909972,false,lv_symmetric_competition,partial_5pct,20k,25-75,resistant
14.0,1085.67,1198.9543070046213,false,lv_symmetric_competition,partial_5pct,20k,25-75,resistant
0.0,33.5,33.5,true,lv_symmetric_competition,partial_5pct,20k,50-50,sensitive
1.0,19.429999999999996,80.30073415835442,false,lv_symmetric_competition,partial_5pct,20k,50-50,sensitive
2.0,55.28333333333334,188.35134336020587,false,lv_symmetric_competition,partial_5pct,20k,50-50,sensitive
3.0,144.22333333333333,422.31834451272226,false,lv_symmetric_competition,partial_5pct,20k,50-50,sensitive
4.0,405.09,867.4027074197031,false,lv_symmetric_competition,partial_5pct,20k,50-50,sensitive
5.0,1191.8633333333332,1538.3748682120392,false,lv_symmetric_competition,partial_5pct,20k,50-50,sensitive
6.0,947.3433333333334,2256.72263025655,false,lv_symmetric_competition,partial_5pct,20k,50-50,sensitive
7.0,1698.1066666666666,2782.3482568595637,false,lv_symmetric_competition,partial_5pct,20k,50-50,sensitive
8.0,2026.4033333333334,3070.435853109722,false,lv_symmetric_competition,partial_5pct,20k,50-50,sensitive
9.0,1937.7299999999998,3213.071593614359,false,lv_symmetric_competition,partial_5pct,20k,50-50,sensitive
10.0,2396.2833333333333,3290.1174888728465,false,lv_symmetric_competition,partial_5pct,20k,50-50,sensitive
11.0,2527.3933333333334,3340.540157974112,false,lv_symmetric_competition,partial_5pct,20k,50-50,sensitive
12.0,2748.9966666666664,3379.987153704511,false,lv_symmetric_competition,partial_5pct,20k,50-50,sensitive
13.0,2943.03,3414.362929515759,false,lv_symmetric_competition,partial_5pct,20k,50-50,sensitive
14.0,2942.056666666667,3445.8828078659817,false,lv_symmetric_competition,partial_5pct,20k,50-50,sensitive
0.0,33.5,33.5,true,lv_symmetric_competition,partial_5pct,20k,50-50,resistant
1.0,28.166666666666668,54.511055662608484,false,lv_symmetric_competition,partial_5pct,20k,50-50,resistant
2.0,47.166666666666664,88.69584033874135,false,lv_symmetric_competition,partial_5pct,20k,50-50,resistant
3.0,85.17,144.2544330139377,false,lv_symmetric_competition,partial_5pct,20k,50-50,resistant
4.0,162.80333333333334,233.77013268971524,false,lv_symmetric_competition,partial_5pct,20k,50-50,resistant
5.0,316.40666666666664,370.7474339187241,false,lv_symmetric_competition,partial_5pct,20k,50-50,resistant
6.0,379.49,544.3029992391772,false,lv_symmetric_competition,partial_5pct,20k,50-50,resistant
7.0,534.9,691.6457278734031,false,lv_symmetric_competition,partial_5pct,20k,50-50,resistant
8.0,767.0866666666666,762.622076511447,false,lv_symmetric_competition,partial_5pct,20k,50-50,resistant
9.0,892.32,772.8892123678688,false,lv_symmetric_competition,partial_5pct,20k,50-50,resistant
10.0,674.7666666666665,754.7309614222959,false,lv_symmetric_competition,partial_5pct,20k,50-50,resistant
11.0,1008.0999999999999,726.5876920415698,false,lv_symmetric_competition,partial_5pct,20k,50-50,resistant
12.0,618.9333333333333,695.9273447316551,false,lv_symmetric_competition,partial_5pct,20k,50-50,resistant
13.0,826.9333333333333,665.4074255913479,false,lv_symmetric_competition,partial_5pct,20k,50-50,resistant
14.0,519.14,635.9067265629158,false,lv_symmetric_competition,partial_5pct,20k,50-50,resistant
0.0,50.25,50.25,true,lv_symmetric_competition,partial_5pct,20k,75-25,sensitive
1.0,20.683333333333334,120.28719900778367,false,lv_symmetric_competition,partial_5pct,20k,75-25,sensitive
2.0,64.20333333333333,280.3404306649318,false,lv_symmetric_competition,partial_5pct,20k,75-25,sensitive
3.0,168.48666666666668,617.1293238518425,false,lv_symmetric_competition,partial_5pct,20k,75-25,sensitive
4.0,473.56666666666666,1218.1939125106062,false,lv_symmetric_competition,partial_5pct,20k,75-25,sensitive
5.0,1202.4333333333334,2030.4182552502418,false,lv_symmetric_competition,partial_5pct,20k,75-25,sensitive
6.0,748.59,2791.386178784506,false,lv_symmetric_competition,partial_5pct,20k,75-25,sensitive
7.0,1784.08,3291.214753234094,false,lv_symmetric_competition,partial_5pct,20k,75-25,sensitive
8.0,2094.6200000000003,3548.5292290048933,false,lv_symmetric_competition,partial_5pct,20k,75-25,sensitive
9.0,2307.6466666666665,3668.214238243515,false,lv_symmetric_competition,partial_5pct,20k,75-25,sensitive
10.0,2381.6866666666665,3725.2333963128494,false,lv_symmetric_competition,partial_5pct,20k,75-25,sensitive
11.0,2366.4933333333333,3756.06928077145,false,lv_symmetric_competition,partial_5pct,20k,75-25,sensitive
12.0,2527.433333333333,3776.135502595163,false,lv_symmetric_competition,partial_5pct,20k,75-25,sensitive
13.0,2828.8733333333334,3791.616493031656,false,lv_symmetric_competition,partial_5pct,20k,75-25,sensitive
14.0,2795.03,3804.9576912798034,false,lv_symmetric_competition,partial_5pct,20k,75-25,sensitive
0.0,16.75,16.75,true,lv_symmetric_competition,partial_5pct,20k,75-25,resistant
1.0,11.136666666666665,27.255499510233427,false,lv_symmetric_competition,partial_5pct,20k,75-25,resistant
2.0,19.916666666666664,44.34668940170316,false,lv_symmetric_competition,partial_5pct,20k,75-25,resistant
3.0,30.603333333333335,72.09881966795204,false,lv_symmetric_competition,partial_5pct,20k,75-25,resistant
4.0,72.57666666666667,116.45671380991759,false,lv_symmetric_competition,partial_5pct,20k,75-25,resistant
5.0,135.09,181.67249860460439,false,lv_symmetric_competition,partial_5pct,20k,75-25,resistant
6.0,172.97000000000003,256.46055097960107,false,lv_symmetric_competition,partial_5pct,20k,75-25,resistant
7.0,227.50666666666666,312.5869301385117,false,lv_symmetric_competition,partial_5pct,20k,75-25,resistant
8.0,317.33,337.4208872977387,false,lv_symmetric_competition,partial_5pct,20k,75-25,resistant
9.0,369.6333333333334,340.3459856533564,false,lv_symmetric_competition,partial_5pct,20k,75-25,resistant
10.0,281.56666666666666,332.9721557113426,false,lv_symmetric_competition,partial_5pct,20k,75-25,resistant
11.0,418.8633333333333,321.7383109524025,false,lv_symmetric_competition,partial_5pct,20k,75-25,resistant
12.0,261.56,309.39864461329455,false,lv_symmetric_competition,partial_5pct,20k,75-25,resistant
13.0,309.22666666666663,297.0119642780333,false,lv_symmetric_competition,partial_5pct,20k,75-25,resistant
14.0,194.61333333333332,284.95969184520413,false,lv_symmetric_competition,partial_5pct,20k,75-25,resistant
0.0,25.0,25.0,true,lv_symmetric_competition,partial_5pct,30k,25-75,sensitive
1.0,13.089999999999998,56.72488946661058,false,lv_symmetric_competition,partial_5pct,30k,25-75,sensitive
2.0,39.300000000000004,125.68722870167491,false,lv_symmetric_competition,partial_5pct,30k,25-75,sensitive
3.0,123.18,266.6177916508647,false,lv_symmetric_competition,partial_5pct,30k,25-75,sensitive
4.0,301.8933333333333,523.5313858986982,false,lv_symmetric_competition,partial_5pct,30k,25-75,sensitive
5.0,791.3033333333333,907.2368567843445,false,lv_symmetric_competition,partial_5pct,30k,25-75,sensitive
6.0,726.0500000000001,1328.15862601235,false,lv_symmetric_competition,partial_5pct,30k,25-75,sensitive
7.0,1318.3600000000001,1643.1765461904595,false,lv_symmetric_competition,partial_5pct,30k,25-75,sensitive
8.0,1513.7366666666667,1817.347142985249,false,lv_symmetric_competition,partial_5pct,30k,25-75,sensitive
9.0,1434.7733333333333,1910.7878956991146,false,lv_symmetric_competition,partial_5pct,30k,25-75,sensitive
10.0,1640.7866666666666,1973.5667562410583,false,lv_symmetric_competition,partial_5pct,30k,25-75,sensitive
11.0,2289.8999999999996,2027.0240380841224,false,lv_symmetric_competition,partial_5pct,30k,25-75,sensitive
12.0,1768.0933333333332,2078.448211171577,false,lv_symmetric_competition,partial_5pct,30k,25-75,sensitive
13.0,2427.37,2130.158764181204,false,lv_symmetric_competition,partial_5pct,30k,25-75,sensitive
14.0,1996.9099999999999,2182.8697602829707,false,lv_symmetric_competition,partial_5pct,30k,25-75,sensitive
0.0,75.0,75.0,true,lv_symmetric_competition,partial_5pct,30k,25-75,resistant
1.0,61.04666666666666,122.03813218572807,false,lv_symmetric_competition,partial_5pct,30k,25-75,resistant
2.0,103.61333333333334,198.55787415392453,false,lv_symmetric_competition,partial_5pct,30k,25-75,resistant
3.0,178.24333333333334,322.8529782991465,false,lv_symmetric_competition,partial_5pct,30k,25-75,resistant
4.0,362.33,522.9498992452275,false,lv_symmetric_competition,partial_5pct,30k,25-75,resistant
5.0,757.4333333333334,830.7840342958624,false,lv_symmetric_competition,partial_5pct,30k,25-75,resistant
6.0,1086.1066666666666,1232.1403964372764,false,lv_symmetric_competition,partial_5pct,30k,25-75,resistant
7.0,1566.3499999999997,1588.5245882870192,false,lv_symmetric_competition,partial_5pct,30k,25-75,resistant
8.0,1943.8999999999999,1769.2719431921419,false,lv_symmetric_competition,partial_5pct,30k,25-75,resistant
9.0,2446.5499999999997,1811.9213660541263,false,lv_symmetric_competition,partial_5pct,30k,25-75,resistant
10.0,1824.6066666666666,1794.515777618308,false,lv_symmetric_competition,partial_5pct,30k,25-75,resistant
11.0,3249.733333333333,1756.1658301354519,false,lv_symmetric_competition,partial_5pct,30k,25-75,resistant
12.0,1631.7300000000002,1710.5195876307487,false,lv_symmetric_competition,partial_5pct,30k,25-75,resistant
13.0,2673.606666666667,1661.8456778025306,false,lv_symmetric_competition,partial_5pct,30k,25-75,resistant
14.0,1684.9133333333332,1611.4568885167598,false,lv_symmetric_competition,partial_5pct,30k,25-75,resistant
0.0,50.0,50.0,true,lv_symmetric_competition,partial_5pct,30k,50-50,sensitive
1.0,28.156666666666666,113.32243854400842,false,lv_symmetric_competition,partial_5pct,30k,50-50,sensitive
2.0,81.69666666666666,249.39813484115052,false,lv_symmetric_competition,partial_5pct,30k,50-50,sensitive
3.0,213.96666666666667,518.625931725214,false,lv_symmetric_competition,partial_5pct,30k,50-50,sensitive
4.0,573.2333333333333,975.3094822715625,false,lv_symmetric_competition,partial_5pct,30k,50-50,sensitive
5.0,1365.6900000000003,1576.7882777846355,false,lv_symmetric_competition,partial_5pct,30k,50-50,sensitive
6.0,954.6966666666666,2140.714318096315,false,lv_symmetric_competition,partial_5pct,30k,50-50,sensitive
7.0,1763.55,2518.5591411058667,false,lv_symmetric_competition,partial_5pct,30k,50-50,sensitive
8.0,2032.53,2728.119064818384,false,lv_symmetric_competition,partial_5pct,30k,50-50,sensitive
9.0,2097.9933333333333,2848.7310728322186,false,lv_symmetric_competition,partial_5pct,30k,50-50,sensitive
10.0,2401.5633333333335,2932.368669806655,false,lv_symmetric_competition,partial_5pct,30k,50-50,sensitive
11.0,2836.11,3001.727485410104,false,lv_symmetric_competition,partial_5pct,30k,50-50,sensitive
12.0,2551.1033333333335,3065.324811383933,false,lv_symmetric_competition,partial_5pct,30k,50-50,sensitive
13.0,2884.48,3126.1131336773096,false,lv_symmetric_competition,partial_5pct,30k,50-50,sensitive
14.0,2778.18,3184.9991420518536,false,lv_symmetric_competition,partial_5pct,30k,50-50,sensitive
0.0,50.0,50.0,true,lv_symmetric_competition,partial_5pct,30k,50-50,resistant
1.0,34.93,81.35840991765198,false,lv_symmetric_competition,partial_5pct,30k,50-50,resistant
2.0,59.400000000000006,132.36239338323534,false,lv_symmetric_competition,partial_5pct,30k,50-50,resistant
3.0,105.14666666666666,215.07121064859578,false,lv_symmetric_competition,partial_5pct,30k,50-50,resistant
4.0,218.2733333333333,346.60576741039324,false,lv_symmetric_competition,partial_5pct,30k,50-50,resistant
5.0,401.89333333333326,537.6983152490764,false,lv_symmetric_competition,partial_5pct,30k,50-50,resistant
6.0,348.3999999999999,750.8334868091143,false,lv_symmetric_competition,partial_5pct,30k,50-50,resistant
7.0,538.1766666666666,897.2853600305483,false,lv_symmetric_competition,partial_5pct,30k,50-50,resistant
8.0,748.25,944.2956141150127,false,lv_symmetric_competition,partial_5pct,30k,50-50,resistant
9.0,815.8333333333334,928.6487628771822,false,lv_symmetric_competition,partial_5pct,30k,50-50,resistant
10.0,605.9166666666666,886.5771310726,false,lv_symmetric_competition,partial_5pct,30k,50-50,resistant
11.0,905.2933333333334,835.4184954036635,false,lv_symmetric_competition,partial_5pct,30k,50-50,resistant
12.0,496.23333333333335,781.8253149535014,false,lv_symmetric_competition,partial_5pct,30k,50-50,resistant
13.0,678.3233333333334,728.2557929217369,false,lv_symmetric_competition,partial_5pct,30k,50-50,resistant
14.0,422.30999999999995,675.6921764423856,false,lv_symmetric_competition,partial_5pct,30k,50-50,resistant
0.0,75.0,75.0,true,lv_symmetric_competition,partial_5pct,30k,75-25,sensitive
1.0,30.916666666666668,169.7938870684896,false,lv_symmetric_competition,partial_5pct,30k,75-25,sensitive
2.0,96.72000000000001,371.21458463055006,false,lv_symmetric_competition,partial_5pct,30k,75-25,sensitive
3.0,246.36666666666665,757.7059176979848,false,lv_symmetric_competition,partial_5pct,30k,75-25,sensitive
4.0,733.8966666666665,1373.1928543909353,false,lv_symmetric_competition,partial_5pct,30k,75-25,sensitive
5.0,1349.2333333333333,2109.5852590798168,false,lv_symmetric_competition,partial_5pct,30k,75-25,sensitive
6.0,546.62,2735.5288544617706,false,lv_symmetric_competition,partial_5pct,30k,75-25,sensitive
7.0,1863.1599999999999,3131.4635132107,false,lv_symmetric_competition,partial_5pct,30k,75-25,sensitive
8.0,2329.103333333334,3345.7555301984785,false,lv_symmetric_competition,partial_5pct,30k,75-25,sensitive
9.0,2218.3366666666666,3462.5191284491066,false,lv_symmetric_competition,partial_5pct,30k,75-25,sensitive
10.0,2795.08,3534.5225941362487,false,lv_symmetric_competition,partial_5pct,30k,75-25,sensitive
11.0,2773.2100000000005,3586.427642118195,false,lv_symmetric_competition,partial_5pct,30k,75-25,sensitive
12.0,3011.9733333333334,3628.5831209683447,false,lv_symmetric_competition,partial_5pct,30k,75-25,sensitive
13.0,3099.58,3665.189169424305,false,lv_symmetric_competition,partial_5pct,30k,75-25,sensitive
14.0,3017.2899999999995,3697.9607503946404,false,lv_symmetric_competition,partial_5pct,30k,75-25,sensitive
0.0,25.0,25.0,true,lv_symmetric_competition,partial_5pct,30k,75-25,resistant
1.0,25.46666666666667,40.67900583748191,false,lv_symmetric_competition,partial_5pct,30k,75-25,resistant
2.0,43.82333333333333,66.17502750275833,false,lv_symmetric_competition,partial_5pct,30k,75-25,resistant
3.0,67.24000000000001,107.42334140043276,false,lv_symmetric_competition,partial_5pct,30k,75-25,resistant
4.0,122.13666666666666,171.98913534570093,false,lv_symmetric_competition,partial_5pct,30k,75-25,resistant
5.0,212.86333333333332,260.1405102990971,false,lv_symmetric_competition,partial_5pct,30k,75-25,resistant
6.0,182.01333333333332,345.8868943270356,false,lv_symmetric_competition,partial_5pct,30k,75-25,resistant
7.0,271.34666666666664,392.6238955666921,false,lv_symmetric_competition,partial_5pct,30k,75-25,resistant
8.0,426.9066666666667,396.438795633076,false,lv_symmetric_competition,partial_5pct,30k,75-25,resistant
9.0,422.00333333333333,375.84953363807557,false,lv_symmetric_competition,partial_5pct,30k,75-25,resistant
10.0,362.82666666666665,345.92337888650457,false,lv_symmetric_competition,partial_5pct,30k,75-25,resistant
11.0,419.54333333333335,313.9385865291082,false,lv_symmetric_competition,partial_5pct,30k,75-25,resistant
12.0,522.54,282.7922812267467,false,lv_symmetric_competition,partial_5pct,30k,75-25,resistant
13.0,327.18666666666667,253.53363349357483,false,lv_symmetric_competition,partial_5pct,30k,75-25,resistant
14.0,212.1833333333333,226.4972669162513,false,lv_symmetric_competition,partial_5pct,30k,75-25,resistant
0.0,16.75,16.75,true,lv_asymmetric_competition,independent_diagnostic,20k,25-75,sensitive
1.0,12.806666666666667,40.11582227770076,false,lv_asymmetric_competition,independent_diagnostic,20k,25-75,sensitive
2.0,36.586666666666666,94.37240011143214,false,lv_asymmetric_competition,independent_diagnostic,20k,25-75,sensitive
3.0,105.55666666666667,214.53456103118862,false,lv_asymmetric_competition,independent_diagnostic,20k,25-75,sensitive
4.0,270.2266666666667,457.2089200494399,false,lv_asymmetric_competition,independent_diagnostic,20k,25-75,sensitive
5.0,849.8733333333333,870.1122494549263,false,lv_asymmetric_competition,independent_diagnostic,20k,25-75,sensitive
6.0,860.2633333333333,1398.4280776024323,false,lv_asymmetric_competition,independent_diagnostic,20k,25-75,sensitive
7.0,1553.246666666667,1854.9305040241309,false,lv_asymmetric_competition,independent_diagnostic,20k,25-75,sensitive
8.0,1776.5566666666666,2117.812102961048,false,lv_asymmetric_competition,independent_diagnostic,20k,25-75,sensitive
9.0,1648.9166666666667,2234.0808543642397,false,lv_asymmetric_competition,independent_diagnostic,20k,25-75,sensitive
10.0,2098.65,2284.396368494591,false,lv_asymmetric_competition,independent_diagnostic,20k,25-75,sensitive
11.0,2367.1166666666663,2311.326583321047,false,lv_asymmetric_competition,independent_diagnostic,20k,25-75,sensitive
12.0,2250.2233333333334,2330.8045822880404,false,lv_asymmetric_competition,independent_diagnostic,20k,25-75,sensitive
13.0,2750.683333333333,2348.137316694966,false,lv_asymmetric_competition,independent_diagnostic,20k,25-75,sensitive
14.0,2685.1666666666665,2365.0308421468512,false,lv_asymmetric_competition,independent_diagnostic,20k,25-75,sensitive
0.0,50.25,50.25,true,lv_asymmetric_competition,independent_diagnostic,20k,25-75,resistant
1.0,31.28333333333333,81.76665031708404,false,lv_asymmetric_competition,independent_diagnostic,20k,25-75,resistant
2.0,54.129999999999995,133.0464798206379,false,lv_asymmetric_competition,independent_diagnostic,20k,25-75,resistant
3.0,91.82,216.44041533758738,false,lv_asymmetric_competition,independent_diagnostic,20k,25-75,resistant
4.0,189.74333333333334,351.57842724683434,false,lv_asymmetric_competition,independent_diagnostic,20k,25-75,resistant
5.0,391.3,565.8309336562,false,lv_asymmetric_competition,independent_diagnostic,20k,25-75,resistant
6.0,609.6966666666667,873.7136394778588,false,lv_asymmetric_competition,independent_diagnostic,20k,25-75,resistant
7.0,844.84,1209.1278298606499,false,lv_asymmetric_competition,independent_diagnostic,20k,25-75,resistant
8.0,1041.4766666666667,1440.3221095649576,false,lv_asymmetric_competition,independent_diagnostic,20k,25-75,resistant
9.0,1339.68,1539.7397084762918,false,lv_asymmetric_competition,independent_diagnostic,20k,25-75,resistant
10.0,1081.78,1566.6516491038833,false,lv_asymmetric_competition,independent_diagnostic,20k,25-75,resistant
11.0,1735.1733333333334,1565.6872517249014,false,lv_asymmetric_competition,independent_diagnostic,20k,25-75,resistant
12.0,986.3433333333332,1555.2447628469772,false,lv_asymmetric_competition,independent_diagnostic,20k,25-75,resistant
13.0,1465.8533333333335,1541.5763307510117,false,lv_asymmetric_competition,independent_diagnostic,20k,25-75,resistant
14.0,1085.67,1526.6781432938371,false,lv_asymmetric_competition,independent_diagnostic,20k,25-75,resistant
0.0,33.5,33.5,true,lv_asymmetric_competition,independent_diagnostic,20k,50-50,sensitive
1.0,19.429999999999996,80.18187987089922,false,lv_asymmetric_competition,independent_diagnostic,20k,50-50,sensitive
2.0,55.28333333333334,187.63123470304436,false,lv_asymmetric_competition,independent_diagnostic,20k,50-50,sensitive
3.0,144.22333333333333,419.2001333522439,false,lv_asymmetric_competition,independent_diagnostic,20k,50-50,sensitive
4.0,405.09,856.6767766432822,false,lv_asymmetric_competition,independent_diagnostic,20k,50-50,sensitive
5.0,1191.8633333333332,1509.95601940155,false,lv_asymmetric_competition,independent_diagnostic,20k,50-50,sensitive
6.0,947.3433333333334,2200.5360924074926,false,lv_asymmetric_competition,independent_diagnostic,20k,50-50,sensitive
7.0,1698.1066666666666,2696.602900809079,false,lv_asymmetric_competition,independent_diagnostic,20k,50-50,sensitive
8.0,2026.4033333333334,2960.62396346919,false,lv_asymmetric_competition,independent_diagnostic,20k,50-50,sensitive
9.0,1937.7299999999998,3085.620705377781,false,lv_asymmetric_competition,independent_diagnostic,20k,50-50,sensitive
10.0,2396.2833333333333,3149.7855960543216,false,lv_asymmetric_competition,independent_diagnostic,20k,50-50,sensitive
11.0,2527.3933333333334,3190.6202999409497,false,lv_asymmetric_competition,independent_diagnostic,20k,50-50,sensitive
12.0,2748.9966666666664,3222.9083223277567,false,lv_asymmetric_competition,independent_diagnostic,20k,50-50,sensitive
13.0,2943.03,3252.075794534713,false,lv_asymmetric_competition,independent_diagnostic,20k,50-50,sensitive
14.0,2942.056666666667,3280.0555098724226,false,lv_asymmetric_competition,independent_diagnostic,20k,50-50,sensitive
0.0,33.5,33.5,true,lv_asymmetric_competition,independent_diagnostic,20k,50-50,resistant
1.0,28.166666666666668,54.51104313351968,false,lv_asymmetric_competition,independent_diagnostic,20k,50-50,resistant
2.0,47.166666666666664,88.69562824060411,false,lv_asymmetric_competition,independent_diagnostic,20k,50-50,resistant
3.0,85.17,144.25144296126408,false,lv_asymmetric_competition,independent_diagnostic,20k,50-50,resistant
4.0,162.80333333333334,233.73806004726768,false,lv_asymmetric_competition,independent_diagnostic,20k,50-50,resistant
5.0,316.40666666666664,370.5540789185276,false,lv_asymmetric_competition,independent_diagnostic,20k,50-50,resistant
6.0,379.49,544.0514223425184,false,lv_asymmetric_competition,independent_diagnostic,20k,50-50,resistant
7.0,534.9,693.7801785269812,false,lv_asymmetric_competition,independent_diagnostic,20k,50-50,resistant
8.0,767.0866666666666,771.9253628217801,false,lv_asymmetric_competition,independent_diagnostic,20k,50-50,resistant
9.0,892.32,792.4411460579674,false,lv_asymmetric_competition,independent_diagnostic,20k,50-50,resistant
10.0,674.7666666666665,784.930049696046,false,lv_asymmetric_competition,independent_diagnostic,20k,50-50,resistant
11.0,1008.0999999999999,766.4837397822515,false,lv_asymmetric_competition,independent_diagnostic,20k,50-50,resistant
12.0,618.9333333333333,744.1488580304059,false,lv_asymmetric_competition,independent_diagnostic,20k,50-50,resistant
13.0,826.9333333333333,720.5204075126162,false,lv_asymmetric_competition,independent_diagnostic,20k,50-50,resistant
14.0,519.14,696.5305599664059,false,lv_asymmetric_competition,independent_diagnostic,20k,50-50,resistant
0.0,50.25,50.25,true,lv_asymmetric_competition,independent_diagnostic,20k,75-25,sensitive
1.0,20.683333333333334,120.19842253125277,false,lv_asymmetric_competition,independent_diagnostic,20k,75-25,sensitive
2.0,64.20333333333333,279.8097879022722,false,lv_asymmetric_competition,independent_diagnostic,20k,75-25,sensitive
3.0,168.48666666666668,614.9098142676947,false,lv_asymmetric_competition,independent_diagnostic,20k,75-25,sensitive
4.0,473.56666666666666,1211.0797569304866,false,lv_asymmetric_competition,independent_diagnostic,20k,75-25,sensitive
5.0,1202.4333333333334,2013.504050773544,false,lv_asymmetric_competition,independent_diagnostic,20k,75-25,sensitive
6.0,748.59,2761.8797440924955,false,lv_asymmetric_competition,independent_diagnostic,20k,75-25,sensitive
7.0,1784.08,3251.5863967672312,false,lv_asymmetric_competition,independent_diagnostic,20k,75-25,sensitive
8.0,2094.6200000000003,3504.2281037990915,false,lv_asymmetric_competition,independent_diagnostic,20k,75-25,sensitive
9.0,2307.6466666666665,3623.9268350646166,false,lv_asymmetric_competition,independent_diagnostic,20k,75-25,sensitive
10.0,2381.6866666666665,3683.741412198111,false,lv_asymmetric_competition,independent_diagnostic,20k,75-25,sensitive
11.0,2366.4933333333333,3718.7460440684636,false,lv_asymmetric_competition,independent_diagnostic,20k,75-25,sensitive
12.0,2527.433333333333,3743.583104735236,false,lv_asymmetric_competition,independent_diagnostic,20k,75-25,sensitive
13.0,2828.8733333333334,3764.0556381186916,false,lv_asymmetric_competition,independent_diagnostic,20k,75-25,sensitive
14.0,2795.03,3782.4222592681813,false,lv_asymmetric_competition,independent_diagnostic,20k,75-25,sensitive
0.0,16.75,16.75,true,lv_asymmetric_competition,independent_diagnostic,20k,75-25,resistant
1.0,11.136666666666665,27.25548876420318,false,lv_asymmetric_competition,independent_diagnostic,20k,75-25,resistant
2.0,19.916666666666664,44.34646898906064,false,lv_asymmetric_competition,independent_diagnostic,20k,75-25,resistant
3.0,30.603333333333335,72.09507149429761,false,lv_asymmetric_competition,independent_diagnostic,20k,75-25,resistant
4.0,72.57666666666667,116.40791777239718,false,lv_asymmetric_competition,independent_diagnostic,20k,75-25,resistant
5.0,135.09,181.2675884279,false,lv_asymmetric_competition,independent_diagnostic,20k,75-25,resistant
6.0,172.97000000000003,254.6094126113078,false,lv_asymmetric_competition,independent_diagnostic,20k,75-25,resistant
7.0,227.50666666666666,307.825401181481,false,lv_asymmetric_competition,independent_diagnostic,20k,75-25,resistant
8.0,317.33,329.1766834573699,false,lv_asymmetric_competition,independent_diagnostic,20k,75-25,resistant
9.0,369.6333333333334,328.80151778432423,false,lv_asymmetric_competition,independent_diagnostic,20k,75-25,resistant
10.0,281.56666666666666,318.3942760272517,false,lv_asymmetric_competition,independent_diagnostic,20k,75-25,resistant
11.0,418.8633333333333,304.2778843076763,false,lv_asymmetric_competition,independent_diagnostic,20k,75-25,resistant
12.0,261.56,289.1246331410427,false,lv_asymmetric_competition,independent_diagnostic,20k,75-25,resistant
13.0,309.22666666666663,273.96480935903446,false,lv_asymmetric_competition,independent_diagnostic,20k,75-25,resistant
14.0,194.61333333333332,259.1818480503597,false,lv_asymmetric_competition,independent_diagnostic,20k,75-25,resistant
0.0,25.0,25.0,true,lv_asymmetric_competition,independent_diagnostic,30k,25-75,sensitive
1.0,13.089999999999998,56.65404029516912,false,lv_asymmetric_competition,independent_diagnostic,30k,25-75,sensitive
2.0,39.300000000000004,125.27948000699368,false,lv_asymmetric_competition,independent_diagnostic,30k,25-75,sensitive
3.0,123.18,264.92352922247983,false,lv_asymmetric_competition,independent_diagnostic,30k,25-75,sensitive
4.0,301.8933333333333,517.7802453117419,false,lv_asymmetric_competition,independent_diagnostic,30k,25-75,sensitive
5.0,791.3033333333333,891.454011757661,false,lv_asymmetric_competition,independent_diagnostic,30k,25-75,sensitive
6.0,726.0500000000001,1294.2094908508836,false,lv_asymmetric_competition,independent_diagnostic,30k,25-75,sensitive
7.0,1318.3600000000001,1585.0523589699403,false,lv_asymmetric_competition,independent_diagnostic,30k,25-75,sensitive
8.0,1513.7366666666667,1732.4596864037087,false,lv_asymmetric_competition,independent_diagnostic,30k,25-75,sensitive
9.0,1434.7733333333333,1798.0842275008165,false,lv_asymmetric_competition,independent_diagnostic,30k,25-75,sensitive
10.0,1640.7866666666666,1832.4864829302567,false,lv_asymmetric_competition,independent_diagnostic,30k,25-75,sensitive
11.0,2289.8999999999996,1857.1384939515176,false,lv_asymmetric_competition,independent_diagnostic,30k,25-75,sensitive
12.0,1768.0933333333332,1879.3503647749503,false,lv_asymmetric_competition,independent_diagnostic,30k,25-75,sensitive
13.0,2427.37,1901.458550402552,false,lv_asymmetric_competition,independent_diagnostic,30k,25-75,sensitive
14.0,1996.9099999999999,1924.2158409080068,false,lv_asymmetric_competition,independent_diagnostic,30k,25-75,sensitive
0.0,75.0,75.0,true,lv_asymmetric_competition,independent_diagnostic,30k,25-75,resistant
1.0,61.04666666666666,122.03810927519477,false,lv_asymmetric_competition,independent_diagnostic,30k,25-75,resistant
2.0,103.61333333333334,198.55759601412106,false,lv_asymmetric_competition,independent_diagnostic,30k,25-75,resistant
3.0,178.24333333333334,322.850465982622,false,lv_asymmetric_competition,independent_diagnostic,30k,25-75,resistant
4.0,362.33,522.9378707980071,false,lv_asymmetric_competition,independent_diagnostic,30k,25-75,resistant
5.0,757.4333333333334,830.8775056000203,false,lv_asymmetric_competition,independent_diagnostic,30k,25-75,resistant
6.0,1086.1066666666666,1234.1698222646955,false,lv_asymmetric_competition,independent_diagnostic,30k,25-75,resistant
7.0,1566.3499999999997,1600.428112896431,false,lv_asymmetric_competition,independent_diagnostic,30k,25-75,resistant
8.0,1943.8999999999999,1801.9141978276075,false,lv_asymmetric_competition,independent_diagnostic,30k,25-75,resistant
9.0,2446.5499999999997,1870.6383203128926,false,lv_asymmetric_competition,independent_diagnostic,30k,25-75,resistant
10.0,1824.6066666666666,1880.6080884513697,false,lv_asymmetric_competition,independent_diagnostic,30k,25-75,resistant
11.0,3249.733333333333,1869.9836619756952,false,lv_asymmetric_competition,independent_diagnostic,30k,25-75,resistant
12.0,1631.7300000000002,1852.3302378918756,false,lv_asymmetric_competition,independent_diagnostic,30k,25-75,resistant
13.0,2673.606666666667,1831.9155965103998,false,lv_asymmetric_competition,independent_diagnostic,30k,25-75,resistant
14.0,1684.9133333333332,1810.017255408526,false,lv_asymmetric_competition,independent_diagnostic,30k,25-75,resistant
0.0,50.0,50.0,true,lv_asymmetric_competition,independent_diagnostic,30k,50-50,sensitive
1.0,28.156666666666666,113.22846963540347,false,lv_asymmetric_competition,independent_diagnostic,30k,50-50,sensitive
2.0,81.69666666666666,248.86625885379647,false,lv_asymmetric_competition,independent_diagnostic,30k,50-50,sensitive
3.0,213.96666666666667,516.505030792071,false,lv_asymmetric_competition,independent_diagnostic,30k,50-50,sensitive
4.0,573.2333333333333,968.6844072870346,false,lv_asymmetric_competition,independent_diagnostic,30k,50-50,sensitive
5.0,1365.6900000000003,1560.8621285873253,false,lv_asymmetric_competition,independent_diagnostic,30k,50-50,sensitive
6.0,954.6966666666666,2111.5691625109102,false,lv_asymmetric_competition,independent_diagnostic,30k,50-50,sensitive
7.0,1763.55,2476.0304963993262,false,lv_asymmetric_competition,independent_diagnostic,30k,50-50,sensitive
8.0,2032.53,2674.4717091306916,false,lv_asymmetric_competition,independent_diagnostic,30k,50-50,sensitive
9.0,2097.9933333333333,2786.3831726759986,false,lv_asymmetric_competition,independent_diagnostic,30k,50-50,sensitive
10.0,2401.5633333333335,2863.3024753508,false,lv_asymmetric_competition,independent_diagnostic,30k,50-50,sensitive
11.0,2836.11,2927.6159165824097,false,lv_asymmetric_competition,independent_diagnostic,30k,50-50,sensitive
12.0,2551.1033333333335,2987.6817419237873,false,lv_asymmetric_competition,independent_diagnostic,30k,50-50,sensitive
13.0,2884.48,3046.3675706569147,false,lv_asymmetric_competition,independent_diagnostic,30k,50-50,sensitive
14.0,2778.18,3104.517040831911,false,lv_asymmetric_competition,independent_diagnostic,30k,50-50,sensitive
0.0,50.0,50.0,true,lv_asymmetric_competition,independent_diagnostic,30k,50-50,resistant
1.0,34.93,81.35837386319932,false,lv_asymmetric_competition,independent_diagnostic,30k,50-50,resistant
2.0,59.400000000000006,132.36185677626153,false,lv_asymmetric_competition,independent_diagnostic,30k,50-50,resistant
3.0,105.14666666666666,215.06490847275367,false,lv_asymmetric_competition,independent_diagnostic,30k,50-50,resistant
4.0,218.2733333333333,346.5526052117646,false,lv_asymmetric_competition,independent_diagnostic,30k,50-50,resistant
5.0,401.89333333333326,537.4658094723253,false,lv_asymmetric_competition,independent_diagnostic,30k,50-50,resistant
6.0,348.3999999999999,750.7419132936523,false,lv_asymmetric_competition,independent_diagnostic,30k,50-50,resistant
7.0,538.1766666666666,899.5395743540571,false,lv_asymmetric_competition,independent_diagnostic,30k,50-50,resistant
8.0,748.25,951.7365280619199,false,lv_asymmetric_competition,independent_diagnostic,30k,50-50,resistant
9.0,815.8333333333334,942.4434657486236,false,lv_asymmetric_competition,independent_diagnostic,30k,50-50,resistant
10.0,605.9166666666666,906.4416493644039,false,lv_asymmetric_competition,independent_diagnostic,30k,50-50,resistant
11.0,905.2933333333334,860.4574423608182,false,lv_asymmetric_competition,independent_diagnostic,30k,50-50,resistant
12.0,496.23333333333335,810.9471816010388,false,lv_asymmetric_competition,independent_diagnostic,30k,50-50,resistant
13.0,678.3233333333334,760.3247874583633,false,lv_asymmetric_competition,independent_diagnostic,30k,50-50,resistant
14.0,422.30999999999995,709.5899930486065,false,lv_asymmetric_competition,independent_diagnostic,30k,50-50,resistant
0.0,75.0,75.0,true,lv_asymmetric_competition,independent_diagnostic,30k,75-25,sensitive
1.0,30.916666666666668,169.72378001269792,false,lv_asymmetric_competition,independent_diagnostic,30k,75-25,sensitive
2.0,96.72000000000001,370.82421060799396,false,lv_asymmetric_competition,independent_diagnostic,30k,75-25,sensitive
3.0,246.36666666666665,756.2086482719509,false,lv_asymmetric_competition,independent_diagnostic,30k,75-25,sensitive
4.0,733.8966666666665,1368.8441762427128,false,lv_asymmetric_competition,independent_diagnostic,30k,75-25,sensitive
5.0,1349.2333333333333,2100.181535196669,false,lv_asymmetric_competition,independent_diagnostic,30k,75-25,sensitive
6.0,546.62,2720.408694072801,false,lv_asymmetric_competition,independent_diagnostic,30k,75-25,sensitive
7.0,1863.1599999999999,3112.589205211306,false,lv_asymmetric_competition,independent_diagnostic,30k,75-25,sensitive
8.0,2329.103333333334,3326.1331984721505,false,lv_asymmetric_competition,independent_diagnostic,30k,75-25,sensitive
9.0,2218.3366666666666,3444.467070400328,false,lv_asymmetric_competition,independent_diagnostic,30k,75-25,sensitive
10.0,2795.08,3519.3444409250487,false,lv_asymmetric_competition,independent_diagnostic,30k,75-25,sensitive
11.0,2773.2100000000005,3574.710501133074,false,lv_asymmetric_competition,independent_diagnostic,30k,75-25,sensitive
12.0,3011.9733333333334,3620.490322252713,false,lv_asymmetric_competition,independent_diagnostic,30k,75-25,sensitive
13.0,3099.58,3660.6369628229777,false,lv_asymmetric_competition,independent_diagnostic,30k,75-25,sensitive
14.0,3017.2899999999995,3696.716069636975,false,lv_asymmetric_competition,independent_diagnostic,30k,75-25,sensitive
0.0,25.0,25.0,true,lv_asymmetric_competition,independent_diagnostic,30k,75-25,resistant
1.0,25.46666666666667,40.67897418804562,false,lv_asymmetric_competition,independent_diagnostic,30k,75-25,resistant
2.0,43.82333333333333,66.17447012899937,false,lv_asymmetric_competition,independent_diagnostic,30k,75-25,resistant
3.0,67.24000000000001,107.41557290011804,false,lv_asymmetric_competition,independent_diagnostic,30k,75-25,resistant
4.0,122.13666666666666,171.90943715208618,false,lv_asymmetric_competition,independent_diagnostic,30k,75-25,resistant
5.0,212.86333333333332,259.63120961841355,false,lv_asymmetric_competition,independent_diagnostic,30k,75-25,resistant
6.0,182.01333333333332,344.0692652749642,false,lv_asymmetric_competition,independent_diagnostic,30k,75-25,resistant
7.0,271.34666666666664,388.7507227318085,false,lv_asymmetric_competition,independent_diagnostic,30k,75-25,resistant
8.0,426.9066666666667,390.4641380493339,false,lv_asymmetric_competition,independent_diagnostic,30k,75-25,resistant
9.0,422.00333333333333,367.9975103431395,false,lv_asymmetric_competition,independent_diagnostic,30k,75-25,resistant
10.0,362.82666666666665,336.36488886843216,false,lv_asymmetric_competition,independent_diagnostic,30k,75-25,resistant
11.0,419.54333333333335,302.7921662270416,false,lv_asymmetric_competition,independent_diagnostic,30k,75-25,resistant
12.0,522.54,270.18221475995466,false,lv_asymmetric_competition,independent_diagnostic,30k,75-25,resistant
13.0,327.18666666666667,239.61937763849704,false,lv_asymmetric_competition,independent_diagnostic,30k,75-25,resistant
14.0,212.1833333333333,211.47749299674282,false,lv_asymmetric_competition,independent_diagnostic,30k,75-25,resistant
0.0,16.75,16.75,true,lv_asymmetric_competition_death,independent_diagnostic,20k,25-75,sensitive
1.0,12.806666666666667,31.476616622950633,false,lv_asymmetric_competition_death,independent_diagnostic,20k,25-75,sensitive
2.0,36.586666666666666,58.789592833237926,false,lv_asymmetric_competition_death,independent_diagnostic,20k,25-75,sensitive
3.0,105.55666666666667,108.63257537012896,false,lv_asymmetric_competition_death,independent_diagnostic,20k,25-75,sensitive
4.0,270.2266666666667,197.0471465122153,false,lv_asymmetric_competition_death,independent_diagnostic,20k,25-75,sensitive
5.0,849.8733333333333,346.4363312204441,false,lv_asymmetric_competition_death,independent_diagnostic,20k,25-75,sensitive
6.0,860.2633333333333,579.4436160973668,false,lv_asymmetric_competition_death,independent_diagnostic,20k,25-75,sensitive
7.0,1553.246666666667,901.0826755477216,false,lv_asymmetric_competition_death,independent_diagnostic,20k,25-75,sensitive
8.0,1776.5566666666666,1277.701323425468,false,lv_asymmetric_competition_death,independent_diagnostic,20k,25-75,sensitive
9.0,1648.9166666666667,1646.0425882541213,false,lv_asymmetric_competition_death,independent_diagnostic,20k,25-75,sensitive
10.0,2098.65,1957.848847565107,false,lv_asymmetric_competition_death,independent_diagnostic,20k,25-75,sensitive
11.0,2367.1166666666663,2200.4885127022135,false,lv_asymmetric_competition_death,independent_diagnostic,20k,25-75,sensitive
12.0,2250.2233333333334,2381.147833080294,false,lv_asymmetric_competition_death,independent_diagnostic,20k,25-75,sensitive
13.0,2750.683333333333,2512.352460336198,false,lv_asymmetric_competition_death,independent_diagnostic,20k,25-75,sensitive
14.0,2685.1666666666665,2606.4759031019234,false,lv_asymmetric_competition_death,independent_diagnostic,20k,25-75,sensitive
0.0,50.25,50.25,true,lv_asymmetric_competition_death,independent_diagnostic,20k,25-75,resistant
1.0,31.28333333333333,75.6297369267061,false,lv_asymmetric_competition_death,independent_diagnostic,20k,25-75,resistant
2.0,54.129999999999995,113.82593143203921,false,lv_asymmetric_competition_death,independent_diagnostic,20k,25-75,resistant
3.0,91.82,171.29848394769516,false,lv_asymmetric_competition_death,independent_diagnostic,20k,25-75,resistant
4.0,189.74333333333334,257.6901254638048,false,lv_asymmetric_competition_death,independent_diagnostic,20k,25-75,resistant
5.0,391.3,386.97283277152576,false,lv_asymmetric_competition_death,independent_diagnostic,20k,25-75,resistant
6.0,609.6966666666667,576.8205179629028,false,lv_asymmetric_competition_death,independent_diagnostic,20k,25-75,resistant
7.0,844.84,836.777834402095,false,lv_asymmetric_competition_death,independent_diagnostic,20k,25-75,resistant
8.0,1041.4766666666667,1124.593095760683,false,lv_asymmetric_competition_death,independent_diagnostic,20k,25-75,resistant
9.0,1339.68,1311.2653821980032,false,lv_asymmetric_competition_death,independent_diagnostic,20k,25-75,resistant
10.0,1081.78,1308.747080888455,false,lv_asymmetric_competition_death,independent_diagnostic,20k,25-75,resistant
11.0,1735.1733333333334,1178.7166072339055,false,lv_asymmetric_competition_death,independent_diagnostic,20k,25-75,resistant
12.0,986.3433333333332,1013.313952065347,false,lv_asymmetric_competition_death,independent_diagnostic,20k,25-75,resistant
13.0,1465.8533333333335,858.8610567607953,false,lv_asymmetric_competition_death,independent_diagnostic,20k,25-75,resistant
14.0,1085.67,728.7061993843243,false,lv_asymmetric_competition_death,independent_diagnostic,20k,25-75,resistant
0.0,33.5,33.5,true,lv_asymmetric_competition_death,independent_diagnostic,20k,50-50,sensitive
1.0,19.429999999999996,62.7026080353885,false,lv_asymmetric_competition_death,independent_diagnostic,20k,50-50,sensitive
2.0,55.28333333333334,116.20512594328517,false,lv_asymmetric_competition_death,independent_diagnostic,20k,50-50,sensitive
3.0,144.22333333333333,211.61040391889736,false,lv_asymmetric_competition_death,independent_diagnostic,20k,50-50,sensitive
4.0,405.09,373.8849173521942,false,lv_asymmetric_competition_death,independent_diagnostic,20k,50-50,sensitive
5.0,1191.8633333333332,629.0041964660245,false,lv_asymmetric_competition_death,independent_diagnostic,20k,50-50,sensitive
6.0,947.3433333333334,984.2479449028921,false,lv_asymmetric_competition_death,independent_diagnostic,20k,50-50,sensitive
7.0,1698.1066666666666,1402.99136292009,false,lv_asymmetric_competition_death,independent_diagnostic,20k,50-50,sensitive
8.0,2026.4033333333334,1809.2853782798707,false,lv_asymmetric_competition_death,independent_diagnostic,20k,50-50,sensitive
9.0,1937.7299999999998,2137.5563618709025,false,lv_asymmetric_competition_death,independent_diagnostic,20k,50-50,sensitive
10.0,2396.2833333333333,2370.575435000561,false,lv_asymmetric_competition_death,independent_diagnostic,20k,50-50,sensitive
11.0,2527.3933333333334,2525.857654292043,false,lv_asymmetric_competition_death,independent_diagnostic,20k,50-50,sensitive
12.0,2748.9966666666664,2627.8455424673775,false,lv_asymmetric_competition_death,independent_diagnostic,20k,50-50,sensitive
13.0,2943.03,2695.635068637157,false,lv_asymmetric_competition_death,independent_diagnostic,20k,50-50,sensitive
14.0,2942.056666666667,2741.8199833733906,false,lv_asymmetric_competition_death,independent_diagnostic,20k,50-50,sensitive
0.0,33.5,33.5,true,lv_asymmetric_competition_death,independent_diagnostic,20k,50-50,resistant
1.0,28.166666666666668,50.41973574151118,false,lv_asymmetric_competition_death,independent_diagnostic,20k,50-50,resistant
2.0,47.166666666666664,75.8827897561704,false,lv_asymmetric_competition_death,independent_diagnostic,20k,50-50,resistant
3.0,85.17,114.18711515432568,false,lv_asymmetric_competition_death,independent_diagnostic,20k,50-50,resistant
4.0,162.80333333333334,171.6880617941996,false,lv_asymmetric_competition_death,independent_diagnostic,20k,50-50,resistant
5.0,316.40666666666664,257.1778626676425,false,lv_asymmetric_competition_death,independent_diagnostic,20k,50-50,resistant
6.0,379.49,379.5961640407782,false,lv_asymmetric_competition_death,independent_diagnostic,20k,50-50,resistant
7.0,534.9,535.7410659844063,false,lv_asymmetric_competition_death,independent_diagnostic,20k,50-50,resistant
8.0,767.0866666666666,687.0087656538943,false,lv_asymmetric_competition_death,independent_diagnostic,20k,50-50,resistant
9.0,892.32,770.0979948459826,false,lv_asymmetric_competition_death,independent_diagnostic,20k,50-50,resistant
10.0,674.7666666666665,763.9983548883569,false,lv_asymmetric_competition_death,independent_diagnostic,20k,50-50,resistant
11.0,1008.0999999999999,702.3921154664858,false,lv_asymmetric_competition_death,independent_diagnostic,20k,50-50,resistant
12.0,618.9333333333333,623.4761587081737,false,lv_asymmetric_competition_death,independent_diagnostic,20k,50-50,resistant
13.0,826.9333333333333,547.3194641547378,false,lv_asymmetric_competition_death,independent_diagnostic,20k,50-50,resistant
14.0,519.14,480.6852895645369,false,lv_asymmetric_competition_death,independent_diagnostic,20k,50-50,resistant
0.0,50.25,50.25,true,lv_asymmetric_competition_death,independent_diagnostic,20k,75-25,sensitive
1.0,20.683333333333334,93.68134422150197,false,lv_asymmetric_competition_death,independent_diagnostic,20k,75-25,sensitive
2.0,64.20333333333333,172.29919819970428,false,lv_asymmetric_competition_death,independent_diagnostic,20k,75-25,sensitive
3.0,168.48666666666668,309.3997579177588,false,lv_asymmetric_competition_death,independent_diagnostic,20k,75-25,sensitive
4.0,473.56666666666666,533.6681041083318,false,lv_asymmetric_competition_death,independent_diagnostic,20k,75-25,sensitive
5.0,1202.4333333333334,864.7453075731233,false,lv_asymmetric_competition_death,independent_diagnostic,20k,75-25,sensitive
6.0,748.59,1286.055620891837,false,lv_asymmetric_competition_death,independent_diagnostic,20k,75-25,sensitive
7.0,1784.08,1730.9100805164435,false,lv_asymmetric_competition_death,independent_diagnostic,20k,75-25,sensitive
8.0,2094.6200000000003,2116.470926707565,false,lv_asymmetric_competition_death,independent_diagnostic,20k,75-25,sensitive
9.0,2307.6466666666665,2397.861934337427,false,lv_asymmetric_competition_death,independent_diagnostic,20k,75-25,sensitive
10.0,2381.6866666666665,2579.867188957304,false,lv_asymmetric_competition_death,independent_diagnostic,20k,75-25,sensitive
11.0,2366.4933333333333,2690.1914726468403,false,lv_asymmetric_competition_death,independent_diagnostic,20k,75-25,sensitive
12.0,2527.433333333333,2755.8121210836002,false,lv_asymmetric_competition_death,independent_diagnostic,20k,75-25,sensitive
13.0,2828.8733333333334,2795.4038368373645,false,lv_asymmetric_competition_death,independent_diagnostic,20k,75-25,sensitive
14.0,2795.03,2820.194851596831,false,lv_asymmetric_competition_death,independent_diagnostic,20k,75-25,sensitive
0.0,16.75,16.75,true,lv_asymmetric_competition_death,independent_diagnostic,20k,75-25,resistant
1.0,11.136666666666665,25.20981494669388,false,lv_asymmetric_competition_death,independent_diagnostic,20k,75-25,resistant
2.0,19.916666666666664,37.94065697456812,false,lv_asymmetric_competition_death,independent_diagnostic,20k,75-25,resistant
3.0,30.603333333333335,57.08574132160666,false,lv_asymmetric_competition_death,independent_diagnostic,20k,75-25,resistant
4.0,72.57666666666667,85.77544114603847,false,lv_asymmetric_competition_death,independent_diagnostic,20k,75-25,resistant
5.0,135.09,128.10864562863526,false,lv_asymmetric_competition_death,independent_diagnostic,20k,75-25,resistant
6.0,172.97000000000003,187.34086645241632,false,lv_asymmetric_competition_death,independent_diagnostic,20k,75-25,resistant
7.0,227.50666666666666,259.71188600750935,false,lv_asymmetric_competition_death,independent_diagnostic,20k,75-25,resistant
8.0,317.33,328.02585088190034,false,lv_asymmetric_competition_death,independent_diagnostic,20k,75-25,resistant
9.0,369.6333333333334,370.6539596868384,false,lv_asymmetric_competition_death,independent_diagnostic,20k,75-25,resistant
10.0,281.56666666666666,380.8034785231021,false,lv_asymmetric_competition_death,independent_diagnostic,20k,75-25,resistant
11.0,418.8633333333333,367.5680138870011,false,lv_asymmetric_competition_death,independent_diagnostic,20k,75-25,resistant
12.0,261.56,343.10473119101215,false,lv_asymmetric_competition_death,independent_diagnostic,20k,75-25,resistant
13.0,309.22666666666663,315.5131523613948,false,lv_asymmetric_competition_death,independent_diagnostic,20k,75-25,resistant
14.0,194.61333333333332,288.7346886266009,false,lv_asymmetric_competition_death,independent_diagnostic,20k,75-25,resistant
0.0,25.0,25.0,true,lv_asymmetric_competition_death,independent_diagnostic,30k,25-75,sensitive
1.0,13.089999999999998,50.079741560973275,false,lv_asymmetric_competition_death,independent_diagnostic,30k,25-75,sensitive
2.0,39.300000000000004,98.6747325598922,false,lv_asymmetric_competition_death,independent_diagnostic,30k,25-75,sensitive
3.0,123.18,189.13441202433668,false,lv_asymmetric_competition_death,independent_diagnostic,30k,25-75,sensitive
4.0,301.8933333333333,346.4668994879628,false,lv_asymmetric_competition_death,independent_diagnostic,30k,25-75,sensitive
5.0,791.3033333333333,591.2291353632808,false,lv_asymmetric_competition_death,independent_diagnostic,30k,25-75,sensitive
6.0,726.0500000000001,912.0084522056997,false,lv_asymmetric_competition_death,independent_diagnostic,30k,25-75,sensitive
7.0,1318.3600000000001,1243.9235714845934,false,lv_asymmetric_competition_death,independent_diagnostic,30k,25-75,sensitive
8.0,1513.7366666666667,1504.5868467777648,false,lv_asymmetric_competition_death,independent_diagnostic,30k,25-75,sensitive
9.0,1434.7733333333333,1664.131142527798,false,lv_asymmetric_competition_death,independent_diagnostic,30k,25-75,sensitive
10.0,1640.7866666666666,1748.7070543152727,false,lv_asymmetric_competition_death,independent_diagnostic,30k,25-75,sensitive
11.0,2289.8999999999996,1793.754393467587,false,lv_asymmetric_competition_death,independent_diagnostic,30k,25-75,sensitive
12.0,1768.0933333333332,1821.3082172845063,false,lv_asymmetric_competition_death,independent_diagnostic,30k,25-75,sensitive
13.0,2427.37,1841.7545366623863,false,lv_asymmetric_competition_death,independent_diagnostic,30k,25-75,sensitive
14.0,1996.9099999999999,1859.4679250494146,false,lv_asymmetric_competition_death,independent_diagnostic,30k,25-75,sensitive
0.0,75.0,75.0,true,lv_asymmetric_competition_death,independent_diagnostic,30k,25-75,resistant
1.0,61.04666666666666,110.49047281109479,false,lv_asymmetric_competition_death,independent_diagnostic,30k,25-75,resistant
2.0,103.61333333333334,162.76615821268012,false,lv_asymmetric_competition_death,independent_diagnostic,30k,25-75,resistant
3.0,178.24333333333334,239.71176575961331,false,lv_asymmetric_competition_death,independent_diagnostic,30k,25-75,resistant
4.0,362.33,352.6029563161894,false,lv_asymmetric_competition_death,independent_diagnostic,30k,25-75,resistant
5.0,757.4333333333334,515.9680005474058,false,lv_asymmetric_competition_death,independent_diagnostic,30k,25-75,resistant
6.0,1086.1066666666666,741.1094843409403,false,lv_asymmetric_competition_death,independent_diagnostic,30k,25-75,resistant
7.0,1566.3499999999997,1013.1302198445517,false,lv_asymmetric_competition_death,independent_diagnostic,30k,25-75,resistant
8.0,1943.8999999999999,1268.7288530651888,false,lv_asymmetric_competition_death,independent_diagnostic,30k,25-75,resistant
9.0,2446.5499999999997,1440.7869879049563,false,lv_asymmetric_competition_death,independent_diagnostic,30k,25-75,resistant
10.0,1824.6066666666666,1523.961635392333,false,lv_asymmetric_competition_death,independent_diagnostic,30k,25-75,resistant
11.0,3249.733333333333,1551.9777156084144,false,lv_asymmetric_competition_death,independent_diagnostic,30k,25-75,resistant
12.0,1631.7300000000002,1553.7935173522635,false,lv_asymmetric_competition_death,independent_diagnostic,30k,25-75,resistant
13.0,2673.606666666667,1544.5285972000881,false,lv_asymmetric_competition_death,independent_diagnostic,30k,25-75,resistant
14.0,1684.9133333333332,1530.738190104001,false,lv_asymmetric_competition_death,independent_diagnostic,30k,25-75,resistant
0.0,50.0,50.0,true,lv_asymmetric_competition_death,independent_diagnostic,30k,50-50,sensitive
1.0,28.156666666666666,100.0156655221126,false,lv_asymmetric_competition_death,independent_diagnostic,30k,50-50,sensitive
2.0,81.69666666666666,195.89450318403556,false,lv_asymmetric_competition_death,independent_diagnostic,30k,50-50,sensitive
3.0,213.96666666666667,369.77968086608735,false,lv_asymmetric_competition_death,independent_diagnostic,30k,50-50,sensitive
4.0,573.2333333333333,656.3666211934102,false,lv_asymmetric_competition_death,independent_diagnostic,30k,50-50,sensitive
5.0,1365.6900000000003,1061.7884258055683,false,lv_asymmetric_competition_death,independent_diagnostic,30k,50-50,sensitive
6.0,954.6966666666666,1524.1424592597841,false,lv_asymmetric_competition_death,independent_diagnostic,30k,50-50,sensitive
7.0,1763.55,1932.3833126647485,false,lv_asymmetric_competition_death,independent_diagnostic,30k,50-50,sensitive
8.0,2032.53,2215.074170648358,false,lv_asymmetric_competition_death,independent_diagnostic,30k,50-50,sensitive
9.0,2097.9933333333333,2380.21509147899,false,lv_asymmetric_competition_death,independent_diagnostic,30k,50-50,sensitive
10.0,2401.5633333333335,2470.8500198062875,false,lv_asymmetric_competition_death,independent_diagnostic,30k,50-50,sensitive
11.0,2836.11,2522.9786535041353,false,lv_asymmetric_competition_death,independent_diagnostic,30k,50-50,sensitive
12.0,2551.1033333333335,2557.0713173545237,false,lv_asymmetric_competition_death,independent_diagnostic,30k,50-50,sensitive
13.0,2884.48,2583.0542538991845,false,lv_asymmetric_competition_death,independent_diagnostic,30k,50-50,sensitive
14.0,2778.18,2605.422113040776,false,lv_asymmetric_competition_death,independent_diagnostic,30k,50-50,sensitive
0.0,50.0,50.0,true,lv_asymmetric_competition_death,independent_diagnostic,30k,50-50,resistant
1.0,34.93,73.66002223771747,false,lv_asymmetric_competition_death,independent_diagnostic,30k,50-50,resistant
2.0,59.400000000000006,108.50579210947382,false,lv_asymmetric_competition_death,independent_diagnostic,30k,50-50,resistant
3.0,105.14666666666666,159.7506859627064,false,lv_asymmetric_competition_death,independent_diagnostic,30k,50-50,resistant
4.0,218.2733333333333,234.54953388056114,false,lv_asymmetric_competition_death,independent_diagnostic,30k,50-50,resistant
5.0,401.89333333333326,340.3511311469299,false,lv_asymmetric_competition_death,independent_diagnostic,30k,50-50,resistant
6.0,348.3999999999999,476.1967911920438,false,lv_asymmetric_competition_death,independent_diagnostic,30k,50-50,resistant
7.0,538.1766666666666,618.197792718703,false,lv_asymmetric_competition_death,independent_diagnostic,30k,50-50,resistant
8.0,748.25,727.8103961874997,false,lv_asymmetric_competition_death,independent_diagnostic,30k,50-50,resistant
9.0,815.8333333333334,787.6538749140017,false,lv_asymmetric_competition_death,independent_diagnostic,30k,50-50,resistant
10.0,605.9166666666666,808.363096074101,false,lv_asymmetric_competition_death,independent_diagnostic,30k,50-50,resistant
11.0,905.2933333333334,806.9901159940399,false,lv_asymmetric_competition_death,independent_diagnostic,30k,50-50,resistant
12.0,496.23333333333335,795.0773486923772,false,lv_asymmetric_competition_death,independent_diagnostic,30k,50-50,resistant
13.0,678.3233333333334,778.5374504260294,false,lv_asymmetric_competition_death,independent_diagnostic,30k,50-50,resistant
14.0,422.30999999999995,760.0738023616974,false,lv_asymmetric_competition_death,independent_diagnostic,30k,50-50,resistant
0.0,75.0,75.0,true,lv_asymmetric_competition_death,independent_diagnostic,30k,75-25,sensitive
1.0,30.916666666666668,149.80936782466125,false,lv_asymmetric_competition_death,independent_diagnostic,30k,75-25,sensitive
2.0,96.72000000000001,291.7143918200046,false,lv_asymmetric_competition_death,independent_diagnostic,30k,75-25,sensitive
3.0,246.36666666666665,542.7340885231704,false,lv_asymmetric_competition_death,independent_diagnostic,30k,75-25,sensitive
4.0,733.8966666666665,936.7737751291643,false,lv_asymmetric_competition_death,independent_diagnostic,30k,75-25,sensitive
5.0,1349.2333333333333,1452.2478334525981,false,lv_asymmetric_competition_death,independent_diagnostic,30k,75-25,sensitive
6.0,546.62,1984.7579376274314,false,lv_asymmetric_competition_death,independent_diagnostic,30k,75-25,sensitive
7.0,1863.1599999999999,2413.5217522116986,false,lv_asymmetric_competition_death,independent_diagnostic,30k,75-25,sensitive
8.0,2329.103333333334,2693.899901498077,false,lv_asymmetric_competition_death,independent_diagnostic,30k,75-25,sensitive
9.0,2218.3366666666666,2854.6646905094003,false,lv_asymmetric_competition_death,independent_diagnostic,30k,75-25,sensitive
10.0,2795.08,2942.4699589054944,false,lv_asymmetric_competition_death,independent_diagnostic,30k,75-25,sensitive
11.0,2773.2100000000005,2991.6804900541633,false,lv_asymmetric_competition_death,independent_diagnostic,30k,75-25,sensitive
12.0,3011.9733333333334,3021.778696923789,false,lv_asymmetric_competition_death,independent_diagnostic,30k,75-25,sensitive
13.0,3099.58,3042.6198725556574,false,lv_asymmetric_competition_death,independent_diagnostic,30k,75-25,sensitive
14.0,3017.2899999999995,3058.941949963116,false,lv_asymmetric_competition_death,independent_diagnostic,30k,75-25,sensitive
0.0,25.0,25.0,true,lv_asymmetric_competition_death,independent_diagnostic,30k,75-25,resistant
1.0,25.46666666666667,36.829840608944316,false,lv_asymmetric_competition_death,independent_diagnostic,30k,75-25,resistant
2.0,43.82333333333333,54.2496696963695,false,lv_asymmetric_competition_death,independent_diagnostic,30k,75-25,resistant
3.0,67.24000000000001,79.8357488620023,false,lv_asymmetric_competition_death,independent_diagnostic,30k,75-25,resistant
4.0,122.13666666666666,116.91740356470807,false,lv_asymmetric_competition_death,independent_diagnostic,30k,75-25,resistant
5.0,212.86333333333332,167.9217433020383,false,lv_asymmetric_competition_death,independent_diagnostic,30k,75-25,resistant
6.0,182.01333333333332,228.9431115068995,false,lv_asymmetric_competition_death,independent_diagnostic,30k,75-25,resistant
7.0,271.34666666666664,285.8143125528144,false,lv_asymmetric_competition_death,independent_diagnostic,30k,75-25,resistant
8.0,426.9066666666667,324.0624200035961,false,lv_asymmetric_competition_death,independent_diagnostic,30k,75-25,resistant
9.0,422.00333333333333,341.2100337709633,false,lv_asymmetric_competition_death,independent_diagnostic,30k,75-25,resistant
10.0,362.82666666666665,343.47553214764486,false,lv_asymmetric_competition_death,independent_diagnostic,30k,75-25,resistant
11.0,419.54333333333335,337.59750794173533,false,lv_asymmetric_competition_death,independent_diagnostic,30k,75-25,resistant
12.0,522.54,327.88050267719353,false,lv_asymmetric_competition_death,independent_diagnostic,30k,75-25,resistant
13.0,327.18666666666667,316.5678357792738,false,lv_asymmetric_competition_death,independent_diagnostic,30k,75-25,resistant
14.0,212.1833333333333,304.7282812710749,false,lv_asymmetric_competition_death,independent_diagnostic,30k,75-25,resistant
0.0,16.75,16.75,true,lv_symmetric_competition,independent_diagnostic,20k,25-75,sensitive
1.0,12.806666666666667,40.20532800364641,false,lv_symmetric_competition,independent_diagnostic,20k,25-75,sensitive
2.0,36.586666666666666,94.9221969594122,false,lv_symmetric_competition,independent_diagnostic,20k,25-75,sensitive
3.0,105.55666666666667,217.00367706662965,false,lv_symmetric_competition,independent_diagnostic,20k,25-75,sensitive
4.0,270.2266666666667,466.4122883199174,false,lv_symmetric_competition,independent_diagnostic,20k,25-75,sensitive
5.0,849.8733333333333,898.1669589410119,false,lv_symmetric_competition,independent_diagnostic,20k,25-75,sensitive
6.0,860.2633333333333,1464.977493043487,false,lv_symmetric_competition,independent_diagnostic,20k,25-75,sensitive
7.0,1553.246666666667,1976.4453162899586,false,lv_symmetric_competition,independent_diagnostic,20k,25-75,sensitive
8.0,1776.5566666666666,2299.562431249938,false,lv_symmetric_competition,independent_diagnostic,20k,25-75,sensitive
9.0,1648.9166666666667,2475.0380771490886,false,lv_symmetric_competition,independent_diagnostic,20k,25-75,sensitive
10.0,2098.65,2581.730984838623,false,lv_symmetric_competition,independent_diagnostic,20k,25-75,sensitive
11.0,2367.1166666666663,2661.7888038732603,false,lv_symmetric_competition,independent_diagnostic,20k,25-75,sensitive
12.0,2250.2233333333334,2731.1636970974705,false,lv_symmetric_competition,independent_diagnostic,20k,25-75,sensitive
13.0,2750.683333333333,2795.2678035901195,false,lv_symmetric_competition,independent_diagnostic,20k,25-75,sensitive
14.0,2685.1666666666665,2855.8937747813466,false,lv_symmetric_competition,independent_diagnostic,20k,25-75,sensitive
0.0,50.25,50.25,true,lv_symmetric_competition,independent_diagnostic,20k,25-75,resistant
1.0,31.28333333333333,81.7666584901622,false,lv_symmetric_competition,independent_diagnostic,20k,25-75,resistant
2.0,54.129999999999995,133.0465897305382,false,lv_symmetric_competition,independent_diagnostic,20k,25-75,resistant
3.0,91.82,216.44158334060975,false,lv_symmetric_competition,independent_diagnostic,20k,25-75,resistant
4.0,189.74333333333334,351.5860438335567,false,lv_symmetric_competition,independent_diagnostic,20k,25-75,resistant
5.0,391.3,565.788778551401,false,lv_symmetric_competition,independent_diagnostic,20k,25-75,resistant
6.0,609.6966666666667,872.1099062062515,false,lv_symmetric_competition,independent_diagnostic,20k,25-75,resistant
7.0,844.84,1195.794669221933,false,lv_symmetric_competition,independent_diagnostic,20k,25-75,resistant
8.0,1041.4766666666667,1393.6566535913748,false,lv_symmetric_competition,independent_diagnostic,20k,25-75,resistant
9.0,1339.68,1444.7909396660812,false,lv_symmetric_competition,independent_diagnostic,20k,25-75,resistant
10.0,1081.78,1420.5306732595297,false,lv_symmetric_competition,independent_diagnostic,20k,25-75,resistant
11.0,1735.1733333333334,1370.1586085245979,false,lv_symmetric_competition,independent_diagnostic,20k,25-75,resistant
12.0,986.3433333333332,1312.952844034926,false,lv_symmetric_competition,independent_diagnostic,20k,25-75,resistant
13.0,1465.8533333333335,1255.2273562588723,false,lv_symmetric_competition,independent_diagnostic,20k,25-75,resistant
14.0,1085.67,1198.9464673354419,false,lv_symmetric_competition,independent_diagnostic,20k,25-75,resistant
0.0,33.5,33.5,true,lv_symmetric_competition,independent_diagnostic,20k,50-50,sensitive
1.0,19.429999999999996,80.30073201775937,false,lv_symmetric_competition,independent_diagnostic,20k,50-50,sensitive
2.0,55.28333333333334,188.35133037628964,false,lv_symmetric_competition,independent_diagnostic,20k,50-50,sensitive
3.0,144.22333333333333,422.3182882083703,false,lv_symmetric_competition,independent_diagnostic,20k,50-50,sensitive
4.0,405.09,867.4025137197532,false,lv_symmetric_competition,independent_diagnostic,20k,50-50,sensitive
5.0,1191.8633333333332,1538.374361514107,false,lv_symmetric_competition,independent_diagnostic,20k,50-50,sensitive
6.0,947.3433333333334,2256.721704108957,false,lv_symmetric_competition,independent_diagnostic,20k,50-50,sensitive
7.0,1698.1066666666666,2782.3471957243282,false,lv_symmetric_competition,independent_diagnostic,20k,50-50,sensitive
8.0,2026.4033333333334,3070.4352904066077,false,lv_symmetric_competition,independent_diagnostic,20k,50-50,sensitive
9.0,1937.7299999999998,3213.0720617557276,false,lv_symmetric_competition,independent_diagnostic,20k,50-50,sensitive
10.0,2396.2833333333333,3290.1192407848207,false,lv_symmetric_competition,independent_diagnostic,20k,50-50,sensitive
11.0,2527.3933333333334,3340.5432586013326,false,lv_symmetric_competition,independent_diagnostic,20k,50-50,sensitive
12.0,2748.9966666666664,3379.9915817108786,false,lv_symmetric_competition,independent_diagnostic,20k,50-50,sensitive
13.0,2943.03,3414.36862979201,false,lv_symmetric_competition,independent_diagnostic,20k,50-50,sensitive
14.0,2942.056666666667,3445.889713301957,false,lv_symmetric_competition,independent_diagnostic,20k,50-50,sensitive
0.0,33.5,33.5,true,lv_symmetric_competition,independent_diagnostic,20k,50-50,resistant
1.0,28.166666666666668,54.51105566092006,false,lv_symmetric_competition,independent_diagnostic,20k,50-50,resistant
2.0,47.166666666666664,88.69584030778887,false,lv_symmetric_competition,independent_diagnostic,20k,50-50,resistant
3.0,85.17,144.25443250735972,false,lv_symmetric_competition,independent_diagnostic,20k,50-50,resistant
4.0,162.80333333333334,233.7701255406417,false,lv_symmetric_competition,independent_diagnostic,20k,50-50,resistant
5.0,316.40666666666664,370.74736049992,false,lv_symmetric_competition,independent_diagnostic,20k,50-50,resistant
6.0,379.49,544.302550219751,false,lv_symmetric_competition,independent_diagnostic,20k,50-50,resistant
7.0,534.9,691.6442392033524,false,lv_symmetric_competition,independent_diagnostic,20k,50-50,resistant
8.0,767.0866666666666,762.6190640745458,false,lv_symmetric_competition,independent_diagnostic,20k,50-50,resistant
9.0,892.32,772.8846404825938,false,lv_symmetric_competition,independent_diagnostic,20k,50-50,resistant
10.0,674.7666666666665,754.7249595948471,false,lv_symmetric_competition,independent_diagnostic,20k,50-50,resistant
11.0,1008.0999999999999,726.5803843432387,false,lv_symmetric_competition,independent_diagnostic,20k,50-50,resistant
12.0,618.9333333333333,695.9188278589223,false,lv_symmetric_competition,independent_diagnostic,20k,50-50,resistant
13.0,826.9333333333333,665.3977795078364,false,lv_symmetric_competition,independent_diagnostic,20k,50-50,resistant
14.0,519.14,635.8960232419404,false,lv_symmetric_competition,independent_diagnostic,20k,50-50,resistant
0.0,50.25,50.25,true,lv_symmetric_competition,independent_diagnostic,20k,75-25,sensitive
1.0,20.683333333333334,120.28719740949288,false,lv_symmetric_competition,independent_diagnostic,20k,75-25,sensitive
2.0,64.20333333333333,280.3404211065772,false,lv_symmetric_competition,independent_diagnostic,20k,75-25,sensitive
3.0,168.48666666666668,617.1292838598442,false,lv_symmetric_competition,independent_diagnostic,20k,75-25,sensitive
4.0,473.56666666666666,1218.1937847614352,false,lv_symmetric_competition,independent_diagnostic,20k,75-25,sensitive
5.0,1202.4333333333334,2030.417960612384,false,lv_symmetric_competition,independent_diagnostic,20k,75-25,sensitive
6.0,748.59,2791.385738784608,false,lv_symmetric_competition,independent_diagnostic,20k,75-25,sensitive
7.0,1784.08,3291.214436489356,false,lv_symmetric_competition,independent_diagnostic,20k,75-25,sensitive
8.0,2094.6200000000003,3548.5294401228166,false,lv_symmetric_competition,independent_diagnostic,20k,75-25,sensitive
9.0,2307.6466666666665,3668.2152740150914,false,lv_symmetric_competition,independent_diagnostic,20k,75-25,sensitive
10.0,2381.6866666666665,3725.2353818478523,false,lv_symmetric_competition,independent_diagnostic,20k,75-25,sensitive
11.0,2366.4933333333333,3756.072229087003,false,lv_symmetric_competition,independent_diagnostic,20k,75-25,sensitive
12.0,2527.433333333333,3776.139374546083,false,lv_symmetric_competition,independent_diagnostic,20k,75-25,sensitive
13.0,2828.8733333333334,3791.6212300359116,false,lv_symmetric_competition,independent_diagnostic,20k,75-25,sensitive
14.0,2795.03,3804.963229719123,false,lv_symmetric_competition,independent_diagnostic,20k,75-25,sensitive
0.0,16.75,16.75,true,lv_symmetric_competition,independent_diagnostic,20k,75-25,resistant
1.0,11.136666666666665,27.255499508820435,false,lv_symmetric_competition,independent_diagnostic,20k,75-25,resistant
2.0,19.916666666666664,44.346689371600576,false,lv_symmetric_competition,independent_diagnostic,20k,75-25,resistant
3.0,30.603333333333335,72.09881912238768,false,lv_symmetric_competition,independent_diagnostic,20k,75-25,resistant
4.0,72.57666666666667,116.45670600037153,false,lv_symmetric_competition,independent_diagnostic,20k,75-25,resistant
5.0,135.09,181.67242529990685,false,lv_symmetric_competition,independent_diagnostic,20k,75-25,resistant
6.0,172.97000000000003,256.46016644572967,false,lv_symmetric_competition,independent_diagnostic,20k,75-25,resistant
7.0,227.50666666666666,312.58580192688436,false,lv_symmetric_competition,independent_diagnostic,20k,75-25,resistant
8.0,317.33,337.4187147518312,false,lv_symmetric_competition,independent_diagnostic,20k,75-25,resistant
9.0,369.6333333333334,340.3427153242336,false,lv_symmetric_competition,independent_diagnostic,20k,75-25,resistant
10.0,281.56666666666666,332.9678521939886,false,lv_symmetric_competition,independent_diagnostic,20k,75-25,resistant
11.0,418.8633333333333,321.7330621872775,false,lv_symmetric_competition,independent_diagnostic,20k,75-25,resistant
12.0,261.56,309.39253343092514,false,lv_symmetric_competition,independent_diagnostic,20k,75-25,resistant
13.0,309.22666666666663,297.0050648332817,false,lv_symmetric_competition,independent_diagnostic,20k,75-25,resistant
14.0,194.61333333333332,284.9520712216664,false,lv_symmetric_competition,independent_diagnostic,20k,75-25,resistant
0.0,25.0,25.0,true,lv_symmetric_competition,independent_diagnostic,30k,25-75,sensitive
1.0,13.089999999999998,56.724891759852284,false,lv_symmetric_competition,independent_diagnostic,30k,25-75,sensitive
2.0,39.300000000000004,125.68724191225817,false,lv_symmetric_competition,independent_diagnostic,30k,25-75,sensitive
3.0,123.18,266.6178466139113,false,lv_symmetric_competition,independent_diagnostic,30k,25-75,sensitive
4.0,301.8933333333333,523.5315726046531,false,lv_symmetric_competition,independent_diagnostic,30k,25-75,sensitive
5.0,791.3033333333333,907.2373662377664,false,lv_symmetric_competition,independent_diagnostic,30k,25-75,sensitive
6.0,726.0500000000001,1328.1596841020544,false,lv_symmetric_competition,independent_diagnostic,30k,25-75,sensitive
7.0,1318.3600000000001,1643.1781778918462,false,lv_symmetric_competition,independent_diagnostic,30k,25-75,sensitive
8.0,1513.7366666666667,1817.3491388893658,false,lv_symmetric_competition,independent_diagnostic,30k,25-75,sensitive
9.0,1434.7733333333333,1910.7900503964242,false,lv_symmetric_competition,independent_diagnostic,30k,25-75,sensitive
10.0,1640.7866666666666,1973.5689473909567,false,lv_symmetric_competition,independent_diagnostic,30k,25-75,sensitive
11.0,2289.8999999999996,2027.0261875070314,false,lv_symmetric_competition,independent_diagnostic,30k,25-75,sensitive
12.0,1768.0933333333332,2078.450254798554,false,lv_symmetric_competition,independent_diagnostic,30k,25-75,sensitive
13.0,2427.37,2130.1606403942214,false,lv_symmetric_competition,independent_diagnostic,30k,25-75,sensitive
14.0,1996.9099999999999,2182.8714062455592,false,lv_symmetric_competition,independent_diagnostic,30k,25-75,sensitive
0.0,75.0,75.0,true,lv_symmetric_competition,independent_diagnostic,30k,25-75,resistant
1.0,61.04666666666666,122.03813218969736,false,lv_symmetric_competition,independent_diagnostic,30k,25-75,resistant
2.0,103.61333333333334,198.55787420867267,false,lv_symmetric_competition,independent_diagnostic,30k,25-75,resistant
3.0,178.24333333333334,322.8529789519946,false,lv_symmetric_competition,independent_diagnostic,30k,25-75,resistant
4.0,362.33,522.9499060841503,false,lv_symmetric_competition,independent_diagnostic,30k,25-75,resistant
5.0,757.4333333333334,830.7840895383191,false,lv_symmetric_competition,independent_diagnostic,30k,25-75,resistant
6.0,1086.1066666666666,1232.1406759924923,false,lv_symmetric_competition,independent_diagnostic,30k,25-75,resistant
7.0,1566.3499999999997,1588.5253343307331,false,lv_symmetric_competition,independent_diagnostic,30k,25-75,resistant
8.0,1943.8999999999999,1769.273092425528,false,lv_symmetric_competition,independent_diagnostic,30k,25-75,resistant
9.0,2446.5499999999997,1811.9227093952604,false,lv_symmetric_competition,independent_diagnostic,30k,25-75,resistant
10.0,1824.6066666666666,1794.5172212113696,false,lv_symmetric_competition,independent_diagnostic,30k,25-75,resistant
11.0,3249.733333333333,1756.1673717827127,false,lv_symmetric_competition,independent_diagnostic,30k,25-75,resistant
12.0,1631.7300000000002,1710.5212618241737,false,lv_symmetric_competition,independent_diagnostic,30k,25-75,resistant
13.0,2673.606666666667,1661.8475322893287,false,lv_symmetric_competition,independent_diagnostic,30k,25-75,resistant
14.0,1684.9133333333332,1611.4589764233524,false,lv_symmetric_competition,independent_diagnostic,30k,25-75,resistant
0.0,50.0,50.0,true,lv_symmetric_competition,independent_diagnostic,30k,50-50,sensitive
1.0,28.156666666666666,113.32244158492809,false,lv_symmetric_competition,independent_diagnostic,30k,50-50,sensitive
2.0,81.69666666666666,249.39815206267508,false,lv_symmetric_competition,independent_diagnostic,30k,50-50,sensitive
3.0,213.96666666666667,518.626000417311,false,lv_symmetric_competition,independent_diagnostic,30k,50-50,sensitive
4.0,573.2333333333333,975.3096961207968,false,lv_symmetric_competition,independent_diagnostic,30k,50-50,sensitive
5.0,1365.6900000000003,1576.7887787590405,false,lv_symmetric_competition,independent_diagnostic,30k,50-50,sensitive
6.0,954.6966666666666,2140.715137291098,false,lv_symmetric_competition,independent_diagnostic,30k,50-50,sensitive
7.0,1763.55,2518.5600029085435,false,lv_symmetric_competition,independent_diagnostic,30k,50-50,sensitive
8.0,2032.53,2728.119537344142,false,lv_symmetric_competition,independent_diagnostic,30k,50-50,sensitive
9.0,2097.9933333333333,2848.730838587867,false,lv_symmetric_competition,independent_diagnostic,30k,50-50,sensitive
10.0,2401.5633333333335,2932.3675648776143,false,lv_symmetric_competition,independent_diagnostic,30k,50-50,sensitive
11.0,2836.11,3001.725437975816,false,lv_symmetric_competition,independent_diagnostic,30k,50-50,sensitive
12.0,2551.1033333333335,3065.3217973711967,false,lv_symmetric_competition,independent_diagnostic,30k,50-50,sensitive
13.0,2884.48,3126.109157201216,false,lv_symmetric_competition,independent_diagnostic,30k,50-50,sensitive
14.0,2778.18,3184.9942280678047,false,lv_symmetric_competition,independent_diagnostic,30k,50-50,sensitive
0.0,50.0,50.0,true,lv_symmetric_competition,independent_diagnostic,30k,50-50,resistant
1.0,34.93,81.35840992376212,false,lv_symmetric_competition,independent_diagnostic,30k,50-50,resistant
2.0,59.400000000000006,132.3623934818183,false,lv_symmetric_competition,independent_diagnostic,30k,50-50,resistant
3.0,105.14666666666666,215.0712119951605,false,lv_symmetric_competition,independent_diagnostic,30k,50-50,resistant
4.0,218.2733333333333,346.6057824504319,false,lv_symmetric_competition,independent_diagnostic,30k,50-50,resistant
5.0,401.89333333333326,537.698431875887,false,lv_symmetric_competition,independent_diagnostic,30k,50-50,resistant
6.0,348.3999999999999,750.8340149119622,false,lv_symmetric_competition,independent_diagnostic,30k,50-50,resistant
7.0,538.1766666666666,897.2867146543797,false,lv_symmetric_competition,independent_diagnostic,30k,50-50,resistant
8.0,748.25,944.2979412894924,false,lv_symmetric_competition,independent_diagnostic,30k,50-50,resistant
9.0,815.8333333333334,928.6520098918078,false,lv_symmetric_competition,independent_diagnostic,30k,50-50,resistant
10.0,605.9166666666666,886.5812343741495,false,lv_symmetric_competition,independent_diagnostic,30k,50-50,resistant
11.0,905.2933333333334,835.4234161293333,false,lv_symmetric_competition,independent_diagnostic,30k,50-50,resistant
12.0,496.23333333333335,781.8310236099259,false,lv_symmetric_competition,independent_diagnostic,30k,50-50,resistant
13.0,678.3233333333334,728.262256216614,false,lv_symmetric_competition,independent_diagnostic,30k,50-50,resistant
14.0,422.30999999999995,675.6993510548866,false,lv_symmetric_competition,independent_diagnostic,30k,50-50,resistant
0.0,75.0,75.0,true,lv_symmetric_competition,independent_diagnostic,30k,75-25,sensitive
1.0,30.916666666666668,169.79388933672925,false,lv_symmetric_competition,independent_diagnostic,30k,75-25,sensitive
2.0,96.72000000000001,371.21459726264675,false,lv_symmetric_competition,independent_diagnostic,30k,75-25,sensitive
3.0,246.36666666666665,757.7059661064018,false,lv_symmetric_competition,independent_diagnostic,30k,75-25,sensitive
4.0,733.8966666666665,1373.1929937068696,false,lv_symmetric_competition,independent_diagnostic,30k,75-25,sensitive
5.0,1349.2333333333333,2109.585544058907,false,lv_symmetric_competition,independent_diagnostic,30k,75-25,sensitive
6.0,546.62,2735.5292162779306,false,lv_symmetric_competition,independent_diagnostic,30k,75-25,sensitive
7.0,1863.1599999999999,3131.463680030237,false,lv_symmetric_competition,independent_diagnostic,30k,75-25,sensitive
8.0,2329.103333333334,3345.7551870127263,false,lv_symmetric_competition,independent_diagnostic,30k,75-25,sensitive
9.0,2218.3366666666666,3462.5180927501883,false,lv_symmetric_competition,independent_diagnostic,30k,75-25,sensitive
10.0,2795.08,3534.520824985489,false,lv_symmetric_competition,independent_diagnostic,30k,75-25,sensitive
11.0,2773.2100000000005,3586.4251830835883,false,lv_symmetric_competition,independent_diagnostic,30k,75-25,sensitive
12.0,3011.9733333333334,3628.580055364523,false,lv_symmetric_competition,independent_diagnostic,30k,75-25,sensitive
13.0,3099.58,3665.1855962063864,false,lv_symmetric_competition,independent_diagnostic,30k,75-25,sensitive
14.0,3017.2899999999995,3697.956772220868,false,lv_symmetric_competition,independent_diagnostic,30k,75-25,sensitive
0.0,25.0,25.0,true,lv_symmetric_competition,independent_diagnostic,30k,75-25,resistant
1.0,25.46666666666667,40.6790058427288,false,lv_symmetric_competition,independent_diagnostic,30k,75-25,resistant
2.0,43.82333333333333,66.17502759874178,false,lv_symmetric_competition,independent_diagnostic,30k,75-25,resistant
3.0,67.24000000000001,107.42334282465606,false,lv_symmetric_competition,independent_diagnostic,30k,75-25,resistant
4.0,122.13666666666666,171.9891513599837,false,lv_symmetric_competition,independent_diagnostic,30k,75-25,resistant
5.0,212.86333333333332,260.14062550270364,false,lv_symmetric_competition,independent_diagnostic,30k,75-25,resistant
6.0,182.01333333333332,345.88736351334154,false,lv_symmetric_competition,independent_diagnostic,30k,75-25,resistant
7.0,271.34666666666664,392.6250250792179,false,lv_symmetric_competition,independent_diagnostic,30k,75-25,resistant
8.0,426.9066666666667,396.44069943784666,false,lv_symmetric_competition,independent_diagnostic,30k,75-25,resistant
9.0,422.00333333333333,375.8521570512205,false,lv_symmetric_competition,independent_diagnostic,30k,75-25,resistant
10.0,362.82666666666665,345.92661445787303,false,lv_symmetric_competition,independent_diagnostic,30k,75-25,resistant
11.0,419.54333333333335,313.9423235559913,false,lv_symmetric_competition,independent_diagnostic,30k,75-25,resistant
12.0,522.54,282.79641550289233,false,lv_symmetric_competition,independent_diagnostic,30k,75-25,resistant
13.0,327.18666666666667,253.53806774694635,false,lv_symmetric_competition,independent_diagnostic,30k,75-25,resistant
14.0,212.1833333333333,226.50191072414555,false,lv_symmetric_competition,independent_diagnostic,30k,75-25,resistant
