time,observed,predicted,fixed_day0_anchor,model,pooling_mode,density,mix,component
0.0,16.75,16.75,true,dual_constant_kill,shared,20k,25-75,sensitive
1.0,99.62333333333333,28.005783422082647,false,dual_constant_kill,shared,20k,25-75,sensitive
2.0,151.64666666666665,46.5048644351929,false,dual_constant_kill,shared,20k,25-75,sensitive
3.0,256.715,76.39985363189223,false,dual_constant_kill,shared,20k,25-75,sensitive
4.0,308.39166666666665,123.44793387872444,false,dual_constant_kill,shared,20k,25-75,sensitive
5.0,458.41,194.50016052424695,false,dual_constant_kill,shared,20k,25-75,sensitive
6.0,443.1983333333333,295.2260131724662,false,dual_constant_kill,shared,20k,25-75,sensitive
7.0,684.745,425.0820274270468,false,dual_constant_kill,shared,20k,25-75,sensitive
8.0,381.4466666666667,570.9280921314604,false,dual_constant_kill,shared,20k,25-75,sensitive
9.0,434.4266666666667,706.7123041709979,false,dual_constant_kill,shared,20k,25-75,sensitive
10.0,381.8066666666667,808.4557340695959,false,dual_constant_kill,shared,20k,25-75,sensitive
11.0,827.9266666666667,873.0110878330618,false,dual_constant_kill,shared,20k,25-75,sensitive
12.0,564.2466666666667,913.3476585586287,false,dual_constant_kill,shared,20k,25-75,sensitive
13.0,1105.2716666666665,941.8229832727443,false,dual_constant_kill,shared,20k,25-75,sensitive
14.0,404.80333333333334,964.930179455087,false,dual_constant_kill,shared,20k,25-75,sensitive
0.0,50.25,50.25,true,dual_constant_kill,shared,20k,25-75,resistant
1.0,88.58666666666666,75.48852045789985,false,dual_constant_kill,shared,20k,25-75,resistant
2.0,143.335,113.40184290136342,false,dual_constant_kill,shared,20k,25-75,resistant
3.0,247.62666666666667,170.3482048972329,false,dual_constant_kill,shared,20k,25-75,resistant
4.0,494.3083333333334,255.8422517372609,false,dual_constant_kill,shared,20k,25-75,resistant
5.0,903.3716666666666,383.9723842870122,false,dual_constant_kill,shared,20k,25-75,resistant
6.0,1360.0966666666666,574.8287905436753,false,dual_constant_kill,shared,20k,25-75,resistant
7.0,2438.3766666666666,853.4724402489082,false,dual_constant_kill,shared,20k,25-75,resistant
8.0,1945.3233333333335,1237.0395830048456,false,dual_constant_kill,shared,20k,25-75,resistant
9.0,3250.286666666667,1693.4245304080457,false,dual_constant_kill,shared,20k,25-75,resistant
10.0,3135.64,2104.0829218439344,false,dual_constant_kill,shared,20k,25-75,resistant
11.0,3987.5866666666666,2356.334451394991,false,dual_constant_kill,shared,20k,25-75,resistant
12.0,2308.2483333333334,2461.280963015891,false,dual_constant_kill,shared,20k,25-75,resistant
13.0,3826.773333333333,2487.432638235112,false,dual_constant_kill,shared,20k,25-75,resistant
14.0,2159.3716666666664,2481.6702108250634,false,dual_constant_kill,shared,20k,25-75,resistant
0.0,33.5,33.5,true,dual_constant_kill,shared,20k,50-50,sensitive
1.0,154.28,55.88051235682291,false,dual_constant_kill,shared,20k,50-50,sensitive
2.0,285.20666666666665,92.39853375550264,false,dual_constant_kill,shared,20k,50-50,sensitive
3.0,425.075,150.67430329519837,false,dual_constant_kill,shared,20k,50-50,sensitive
4.0,562.615,240.47129545995898,false,dual_constant_kill,shared,20k,50-50,sensitive
5.0,850.4516666666667,371.5896745870026,false,dual_constant_kill,shared,20k,50-50,sensitive
6.0,932.2550000000001,548.360980522787,false,dual_constant_kill,shared,20k,50-50,sensitive
7.0,1392.045,761.263655748714,false,dual_constant_kill,shared,20k,50-50,sensitive
8.0,999.73,981.835150943193,false,dual_constant_kill,shared,20k,50-50,sensitive
9.0,1287.6316666666664,1170.9913997682863,false,dual_constant_kill,shared,20k,50-50,sensitive
10.0,1285.185,1300.944464334288,false,dual_constant_kill,shared,20k,50-50,sensitive
11.0,1589.9216666666669,1370.8232942752384,false,dual_constant_kill,shared,20k,50-50,sensitive
12.0,1183.66,1398.81379892714,false,dual_constant_kill,shared,20k,50-50,sensitive
13.0,1283.0133333333333,1404.326375521053,false,dual_constant_kill,shared,20k,50-50,sensitive
14.0,1010.3066666666667,1399.7758138878125,false,dual_constant_kill,shared,20k,50-50,sensitive
0.0,33.5,33.5,true,dual_constant_kill,shared,20k,50-50,resistant
1.0,51.281666666666666,50.32563826586026,false,dual_constant_kill,shared,20k,50-50,resistant
2.0,89.81333333333333,75.60079514828155,false,dual_constant_kill,shared,20k,50-50,resistant
3.0,141.95833333333334,113.56201071765402,false,dual_constant_kill,shared,20k,50-50,resistant
4.0,269.67333333333335,170.53740001272809,false,dual_constant_kill,shared,20k,50-50,resistant
5.0,503.14333333333326,255.83384475412285,false,dual_constant_kill,shared,20k,50-50,resistant
6.0,640.2366666666667,382.44687215859443,false,dual_constant_kill,shared,20k,50-50,resistant
7.0,1228.7583333333334,565.7632010178567,false,dual_constant_kill,shared,20k,50-50,resistant
8.0,1159.7433333333333,815.3096673400361,false,dual_constant_kill,shared,20k,50-50,resistant
9.0,2141.5383333333334,1115.1294448061226,false,dual_constant_kill,shared,20k,50-50,resistant
10.0,2331.901666666666,1410.034959983367,false,dual_constant_kill,shared,20k,50-50,resistant
11.0,3319.126666666667,1637.8805466369715,false,dual_constant_kill,shared,20k,50-50,resistant
12.0,1939.1216666666667,1781.049742323055,false,dual_constant_kill,shared,20k,50-50,resistant
13.0,3037.8416666666667,1861.7952644992058,false,dual_constant_kill,shared,20k,50-50,resistant
14.0,1923.26,1907.5468739737616,false,dual_constant_kill,shared,20k,50-50,resistant
0.0,50.25,50.25,true,dual_constant_kill,shared,20k,75-25,sensitive
1.0,216.94833333333335,83.62556239611745,false,dual_constant_kill,shared,20k,75-25,sensitive
2.0,395.03833333333336,137.69808290923274,false,dual_constant_kill,shared,20k,75-25,sensitive
3.0,575.9033333333333,222.94299980801074,false,dual_constant_kill,shared,20k,75-25,sensitive
4.0,750.965,351.7164358325096,false,dual_constant_kill,shared,20k,75-25,sensitive
5.0,1098.7666666666667,534.1531526237635,false,dual_constant_kill,shared,20k,75-25,sensitive
6.0,1222.9466666666665,770.062245474347,false,dual_constant_kill,shared,20k,75-25,sensitive
7.0,1636.885,1040.3833368061523,false,dual_constant_kill,shared,20k,75-25,sensitive
8.0,1417.09,1307.6465674533465,false,dual_constant_kill,shared,20k,75-25,sensitive
9.0,1830.3733333333337,1531.1201563446264,false,dual_constant_kill,shared,20k,75-25,sensitive
10.0,2137.61,1686.3871571467032,false,dual_constant_kill,shared,20k,75-25,sensitive
11.0,2132.978333333333,1772.629666586339,false,dual_constant_kill,shared,20k,75-25,sensitive
12.0,1500.195,1804.9426510971912,false,dual_constant_kill,shared,20k,75-25,sensitive
13.0,1762.6516666666669,1802.3398388267694,false,dual_constant_kill,shared,20k,75-25,sensitive
14.0,1454.5266666666666,1780.33667018691,false,dual_constant_kill,shared,20k,75-25,sensitive
0.0,16.75,16.75,true,dual_constant_kill,shared,20k,75-25,resistant
1.0,26.93166666666667,25.16279594190872,false,dual_constant_kill,shared,20k,75-25,resistant
2.0,42.105,37.80015350828914,false,dual_constant_kill,shared,20k,75-25,resistant
3.0,64.44166666666668,56.779043884491536,false,dual_constant_kill,shared,20k,75-25,resistant
4.0,128.0016666666667,85.2553111336851,false,dual_constant_kill,shared,20k,75-25,resistant
5.0,186.15166666666664,127.84000579061343,false,dual_constant_kill,shared,20k,75-25,resistant
6.0,262.3983333333333,190.87171995162072,false,dual_constant_kill,shared,20k,75-25,resistant
7.0,430.875,281.74324819813233,false,dual_constant_kill,shared,20k,75-25,resistant
8.0,525.69,405.85220215561276,false,dual_constant_kill,shared,20k,75-25,resistant
9.0,900.48,561.0368372943054,false,dual_constant_kill,shared,20k,75-25,resistant
10.0,1261.5033333333333,733.9768154922675,false,dual_constant_kill,shared,20k,75-25,resistant
11.0,1896.801666666667,904.7899274339158,false,dual_constant_kill,shared,20k,75-25,resistant
12.0,1271.0700000000004,1057.4438811736659,false,dual_constant_kill,shared,20k,75-25,resistant
13.0,2274.6516666666666,1185.7779723748833,false,dual_constant_kill,shared,20k,75-25,resistant
14.0,1507.9783333333335,1291.479695295339,false,dual_constant_kill,shared,20k,75-25,resistant
0.0,25.0,25.0,true,dual_constant_kill,shared,30k,25-75,sensitive
1.0,92.28666666666668,39.67013476901388,false,dual_constant_kill,shared,30k,25-75,sensitive
2.0,166.93666666666667,62.332337143570726,false,dual_constant_kill,shared,30k,25-75,sensitive
3.0,254.01833333333335,96.49464218443859,false,dual_constant_kill,shared,30k,25-75,sensitive
4.0,304.3333333333333,146.1012633097943,false,dual_constant_kill,shared,30k,25-75,sensitive
5.0,467.26833333333326,214.14494522613077,false,dual_constant_kill,shared,30k,25-75,sensitive
6.0,478.9883333333334,299.7611088118582,false,dual_constant_kill,shared,30k,25-75,sensitive
7.0,644.6283333333333,394.36273163446737,false,dual_constant_kill,shared,30k,25-75,sensitive
8.0,433.00666666666666,480.6313213672686,false,dual_constant_kill,shared,30k,25-75,sensitive
9.0,360.13166666666666,540.9640398192047,false,dual_constant_kill,shared,30k,25-75,sensitive
10.0,420.3900000000001,571.7347011740475,false,dual_constant_kill,shared,30k,25-75,sensitive
11.0,492.47499999999997,582.9787661941017,false,dual_constant_kill,shared,30k,25-75,sensitive
12.0,788.84,585.252779313338,false,dual_constant_kill,shared,30k,25-75,sensitive
13.0,1077.7166666666667,584.159741187189,false,dual_constant_kill,shared,30k,25-75,sensitive
14.0,921.545,581.9395583124309,false,dual_constant_kill,shared,30k,25-75,sensitive
0.0,75.0,75.0,true,dual_constant_kill,shared,30k,25-75,resistant
1.0,87.41333333333334,112.66807536930834,false,dual_constant_kill,shared,30k,25-75,resistant
2.0,146.07000000000002,169.2470820741474,false,dual_constant_kill,shared,30k,25-75,resistant
3.0,261.51,254.19771644229417,false,dual_constant_kill,shared,30k,25-75,resistant
4.0,490.7949999999999,381.5705166609401,false,dual_constant_kill,shared,30k,25-75,resistant
5.0,872.2133333333333,571.654166289018,false,dual_constant_kill,shared,30k,25-75,resistant
6.0,1398.1966666666667,851.0700210801828,false,dual_constant_kill,shared,30k,25-75,resistant
7.0,2656.3349999999996,1243.8526743325335,false,dual_constant_kill,shared,30k,25-75,resistant
8.0,2187.6316666666667,1735.70081426504,false,dual_constant_kill,shared,30k,25-75,resistant
9.0,3209.313333333333,2220.7032097216756,false,dual_constant_kill,shared,30k,25-75,resistant
10.0,3193.9033333333336,2557.800206279457,false,dual_constant_kill,shared,30k,25-75,resistant
11.0,3624.1133333333332,2725.8972915205236,false,dual_constant_kill,shared,30k,25-75,resistant
12.0,2743.473333333334,2794.946409783912,false,dual_constant_kill,shared,30k,25-75,resistant
13.0,3918.6783333333333,2822.1706849901843,false,dual_constant_kill,shared,30k,25-75,resistant
14.0,3231.2383333333332,2833.992751829659,false,dual_constant_kill,shared,30k,25-75,resistant
0.0,50.0,50.0,true,dual_constant_kill,shared,30k,50-50,sensitive
1.0,165.45833333333334,79.11406677209376,false,dual_constant_kill,shared,30k,50-50,sensitive
2.0,282.01500000000004,123.72292118023263,false,dual_constant_kill,shared,30k,50-50,sensitive
3.0,432.8383333333333,190.0987946666404,false,dual_constant_kill,shared,30k,50-50,sensitive
4.0,607.8166666666667,284.5993901510034,false,dual_constant_kill,shared,30k,50-50,sensitive
5.0,879.0050000000001,410.6750787951461,false,dual_constant_kill,shared,30k,50-50,sensitive
6.0,947.1116666666667,563.9094370357332,false,dual_constant_kill,shared,30k,50-50,sensitive
7.0,1412.7849999999999,727.4682511941473,false,dual_constant_kill,shared,30k,50-50,sensitive
8.0,1018.185,873.80473792001,false,dual_constant_kill,shared,30k,50-50,sensitive
9.0,1172.4866666666667,977.2946768736754,false,dual_constant_kill,shared,30k,50-50,sensitive
10.0,1294.5683333333334,1030.359215320769,false,dual_constant_kill,shared,30k,50-50,sensitive
11.0,1082.5033333333333,1044.84841582306,false,dual_constant_kill,shared,30k,50-50,sensitive
12.0,1456.9150000000002,1037.9414115942218,false,dual_constant_kill,shared,30k,50-50,sensitive
13.0,1700.3266666666666,1021.68836019441,false,dual_constant_kill,shared,30k,50-50,sensitive
14.0,1370.07,1002.2072194488059,false,dual_constant_kill,shared,30k,50-50,sensitive
0.0,50.0,50.0,true,dual_constant_kill,shared,30k,50-50,resistant
1.0,53.36166666666666,75.11174162492281,false,dual_constant_kill,shared,30k,50-50,resistant
2.0,85.83833333333332,112.82893220684637,false,dual_constant_kill,shared,30k,50-50,resistant
3.0,136.93666666666667,169.44968838985451,false,dual_constant_kill,shared,30k,50-50,resistant
4.0,278.0416666666667,254.295052648548,false,dual_constant_kill,shared,30k,50-50,resistant
5.0,439.5783333333333,380.69740440282635,false,dual_constant_kill,shared,30k,50-50,resistant
6.0,738.2216666666667,565.84383650724,false,dual_constant_kill,shared,30k,50-50,resistant
7.0,1333.6733333333334,825.4665526904096,false,dual_constant_kill,shared,30k,50-50,resistant
8.0,1333.7316666666666,1156.2697616165954,false,dual_constant_kill,shared,30k,50-50,resistant
9.0,2235.375,1511.0634276985397,false,dual_constant_kill,shared,30k,50-50,resistant
10.0,2239.6666666666665,1811.2142260429935,false,dual_constant_kill,shared,30k,50-50,resistant
11.0,2711.556666666667,2013.152813441564,false,dual_constant_kill,shared,30k,50-50,resistant
12.0,2136.7833333333333,2132.558250536494,false,dual_constant_kill,shared,30k,50-50,resistant
13.0,3352.3216666666667,2203.7889071259783,false,dual_constant_kill,shared,30k,50-50,resistant
14.0,2315.278333333333,2251.2969788923065,false,dual_constant_kill,shared,30k,50-50,resistant
0.0,75.0,75.0,true,dual_constant_kill,shared,30k,75-25,sensitive
1.0,218.08333333333334,118.33501056969912,false,dual_constant_kill,shared,30k,75-25,sensitive
2.0,356.52833333333336,184.20586362646742,false,dual_constant_kill,shared,30k,75-25,sensitive
3.0,545.945,281.0130589407293,false,dual_constant_kill,shared,30k,75-25,sensitive
4.0,755.7766666666666,416.3859834696808,false,dual_constant_kill,shared,30k,75-25,sensitive
5.0,1013.1566666666666,592.797539461605,false,dual_constant_kill,shared,30k,75-25,sensitive
6.0,1191.6316666666664,801.8037718943569,false,dual_constant_kill,shared,30k,75-25,sensitive
7.0,1758.6866666666667,1021.039547632857,false,dual_constant_kill,shared,30k,75-25,sensitive
8.0,1400.4566666666667,1219.2942286929301,false,dual_constant_kill,shared,30k,75-25,sensitive
9.0,1660.7133333333334,1369.3920252549947,false,dual_constant_kill,shared,30k,75-25,sensitive
10.0,2107.1266666666666,1459.9970732690954,false,dual_constant_kill,shared,30k,75-25,sensitive
11.0,1744.1750000000002,1497.1757031749185,false,dual_constant_kill,shared,30k,75-25,sensitive
12.0,1827.7083333333333,1496.342760517489,false,dual_constant_kill,shared,30k,75-25,sensitive
13.0,1923.9083333333335,1473.036280878346,false,dual_constant_kill,shared,30k,75-25,sensitive
14.0,1647.07,1438.450375132408,false,dual_constant_kill,shared,30k,75-25,sensitive
0.0,25.0,25.0,true,dual_constant_kill,shared,30k,75-25,resistant
1.0,28.45,37.555695026278045,false,dual_constant_kill,shared,30k,75-25,resistant
2.0,45.685,56.41307745772752,false,dual_constant_kill,shared,30k,75-25,resistant
3.0,72.71833333333332,84.71633350132406,false,dual_constant_kill,shared,30k,75-25,resistant
4.0,127.53333333333332,127.10326651828818,false,dual_constant_kill,shared,30k,75-25,resistant
5.0,211.36,190.16103211222278,false,dual_constant_kill,shared,30k,75-25,resistant
6.0,311.8583333333333,282.3543715845001,false,dual_constant_kill,shared,30k,75-25,resistant
7.0,585.2883333333333,412.08211123133094,false,dual_constant_kill,shared,30k,75-25,resistant
8.0,720.1316666666667,582.2744345576307,false,dual_constant_kill,shared,30k,75-25,resistant
9.0,1168.5216666666668,783.1391112034896,false,dual_constant_kill,shared,30k,75-25,resistant
10.0,1358.1716666666664,991.1838500600884,false,dual_constant_kill,shared,30k,75-25,resistant
11.0,1719.3033333333333,1180.791604829612,false,dual_constant_kill,shared,30k,75-25,resistant
12.0,1458.7166666666665,1338.3643933164417,false,dual_constant_kill,shared,30k,75-25,resistant
13.0,2386.6633333333334,1464.4619322638052,false,dual_constant_kill,shared,30k,75-25,resistant
14.0,1738.6666666666667,1566.4277404803388,false,dual_constant_kill,shared,30k,75-25,resistant
0.0,16.75,16.75,true,dual_delayed_ramp_kill,shared,20k,25-75,sensitive
1.0,99.62333333333333,32.99866786114803,false,dual_delayed_ramp_kill,shared,20k,25-75,sensitive
2.0,151.64666666666665,64.44550446414826,false,dual_delayed_ramp_kill,shared,20k,25-75,sensitive
3.0,256.715,123.96577941987134,false,dual_delayed_ramp_kill,shared,20k,25-75,sensitive
4.0,308.39166666666665,219.71373360437374,false,dual_delayed_ramp_kill,shared,20k,25-75,sensitive
5.0,458.41,319.57682512013787,false,dual_delayed_ramp_kill,shared,20k,25-75,sensitive
6.0,443.1983333333333,442.94761116327567,false,dual_delayed_ramp_kill,shared,20k,25-75,sensitive
7.0,684.745,580.5808042118948,false,dual_delayed_ramp_kill,shared,20k,25-75,sensitive
8.0,381.4466666666667,711.3285336798866,false,dual_delayed_ramp_kill,shared,20k,25-75,sensitive
9.0,434.4266666666667,810.3137557320381,false,dual_delayed_ramp_kill,shared,20k,25-75,sensitive
10.0,381.8066666666667,864.2503295940902,false,dual_delayed_ramp_kill,shared,20k,25-75,sensitive
11.0,827.9266666666667,879.9019548516821,false,dual_delayed_ramp_kill,shared,20k,25-75,sensitive
12.0,564.2466666666667,873.6884515004241,false,dual_delayed_ramp_kill,shared,20k,25-75,sensitive
13.0,1105.2716666666665,858.3688926512406,false,dual_delayed_ramp_kill,shared,20k,25-75,sensitive
14.0,404.80333333333334,840.36802945574,false,dual_delayed_ramp_kill,shared,20k,25-75,sensitive
0.0,50.25,50.25,true,dual_delayed_ramp_kill,shared,20k,25-75,resistant
1.0,88.58666666666666,75.48848584249046,false,dual_delayed_ramp_kill,shared,20k,25-75,resistant
2.0,143.335,113.40114241495978,false,dual_delayed_ramp_kill,shared,20k,25-75,resistant
3.0,247.62666666666667,170.33959266698383,false,dual_delayed_ramp_kill,shared,20k,25-75,resistant
4.0,494.3083333333334,255.75854533626173,false,dual_delayed_ramp_kill,shared,20k,25-75,resistant
5.0,903.3716666666666,383.4692700412456,false,dual_delayed_ramp_kill,shared,20k,25-75,resistant
6.0,1360.0966666666666,572.5163149341329,false,dual_delayed_ramp_kill,shared,20k,25-75,resistant
7.0,2438.3766666666666,844.6424320462115,false,dual_delayed_ramp_kill,shared,20k,25-75,resistant
8.0,1945.3233333333335,1210.2099973778818,false,dual_delayed_ramp_kill,shared,20k,25-75,resistant
9.0,3250.286666666667,1635.0036575146446,false,dual_delayed_ramp_kill,shared,20k,25-75,resistant
10.0,3135.64,2023.4742919575515,false,dual_delayed_ramp_kill,shared,20k,25-75,resistant
11.0,3987.5866666666666,2291.5768339143606,false,dual_delayed_ramp_kill,shared,20k,25-75,resistant
12.0,2308.2483333333334,2441.958599253682,false,dual_delayed_ramp_kill,shared,20k,25-75,resistant
13.0,3826.773333333333,2522.007876238896,false,dual_delayed_ramp_kill,shared,20k,25-75,resistant
14.0,2159.3716666666664,2568.8351523557326,false,dual_delayed_ramp_kill,shared,20k,25-75,resistant
0.0,33.5,33.5,true,dual_delayed_ramp_kill,shared,20k,50-50,sensitive
1.0,154.28,65.81333487410906,false,dual_delayed_ramp_kill,shared,20k,50-50,sensitive
2.0,285.20666666666665,127.69885584327817,false,dual_delayed_ramp_kill,shared,20k,50-50,sensitive
3.0,425.075,242.27338411405506,false,dual_delayed_ramp_kill,shared,20k,50-50,sensitive
4.0,562.615,418.1800949654449,false,dual_delayed_ramp_kill,shared,20k,50-50,sensitive
5.0,850.4516666666667,585.3836101252841,false,dual_delayed_ramp_kill,shared,20k,50-50,sensitive
6.0,932.2550000000001,774.3510474819182,false,dual_delayed_ramp_kill,shared,20k,50-50,sensitive
7.0,1392.045,965.0577753928518,false,dual_delayed_ramp_kill,shared,20k,50-50,sensitive
8.0,999.73,1128.9043397929966,false,dual_delayed_ramp_kill,shared,20k,50-50,sensitive
9.0,1287.6316666666664,1242.4921273762768,false,dual_delayed_ramp_kill,shared,20k,50-50,sensitive
10.0,1285.185,1297.9984734943596,false,dual_delayed_ramp_kill,shared,20k,50-50,sensitive
11.0,1589.9216666666669,1304.4172998796498,false,dual_delayed_ramp_kill,shared,20k,50-50,sensitive
12.0,1183.66,1279.1938638367735,false,dual_delayed_ramp_kill,shared,20k,50-50,sensitive
13.0,1283.0133333333333,1238.3797505762564,false,dual_delayed_ramp_kill,shared,20k,50-50,sensitive
14.0,1010.3066666666667,1192.352574279335,false,dual_delayed_ramp_kill,shared,20k,50-50,sensitive
0.0,33.5,33.5,true,dual_delayed_ramp_kill,shared,20k,50-50,resistant
1.0,51.281666666666666,50.325584519434095,false,dual_delayed_ramp_kill,shared,20k,50-50,resistant
2.0,89.81333333333333,75.59961661584184,false,dual_delayed_ramp_kill,shared,20k,50-50,resistant
3.0,141.95833333333334,113.54644737444855,false,dual_delayed_ramp_kill,shared,20k,50-50,resistant
4.0,269.67333333333335,170.38060192413144,false,dual_delayed_ramp_kill,shared,20k,50-50,resistant
5.0,503.14333333333326,254.943309446382,false,dual_delayed_ramp_kill,shared,20k,50-50,resistant
6.0,640.2366666666667,378.81874203783127,false,dual_delayed_ramp_kill,shared,20k,50-50,resistant
7.0,1228.7583333333334,554.0948234553821,false,dual_delayed_ramp_kill,shared,20k,50-50,resistant
8.0,1159.7433333333333,786.4177065946856,false,dual_delayed_ramp_kill,shared,20k,50-50,resistant
9.0,2141.5383333333334,1063.6087633929412,false,dual_delayed_ramp_kill,shared,20k,50-50,resistant
10.0,2331.901666666666,1350.446860002803,false,dual_delayed_ramp_kill,shared,20k,50-50,resistant
11.0,3319.126666666667,1604.8035161719781,false,dual_delayed_ramp_kill,shared,20k,50-50,resistant
12.0,1939.1216666666667,1804.2862390339983,false,dual_delayed_ramp_kill,shared,20k,50-50,resistant
13.0,3037.8416666666667,1952.0809709374944,false,dual_delayed_ramp_kill,shared,20k,50-50,resistant
14.0,1923.26,2062.5381031396014,false,dual_delayed_ramp_kill,shared,20k,50-50,resistant
0.0,50.25,50.25,true,dual_delayed_ramp_kill,shared,20k,75-25,sensitive
1.0,216.94833333333335,98.44614592022059,false,dual_delayed_ramp_kill,shared,20k,75-25,sensitive
2.0,395.03833333333336,189.80189462040698,false,dual_delayed_ramp_kill,shared,20k,75-25,sensitive
3.0,575.9033333333333,355.37629618533606,false,dual_delayed_ramp_kill,shared,20k,75-25,sensitive
4.0,750.965,598.7714886513586,false,dual_delayed_ramp_kill,shared,20k,75-25,sensitive
5.0,1098.7666666666667,811.5920896864785,false,dual_delayed_ramp_kill,shared,20k,75-25,sensitive
6.0,1222.9466666666665,1036.5823329684176,false,dual_delayed_ramp_kill,shared,20k,75-25,sensitive
7.0,1636.885,1250.4282195568114,false,dual_delayed_ramp_kill,shared,20k,75-25,sensitive
8.0,1417.09,1427.722963393492,false,dual_delayed_ramp_kill,shared,20k,75-25,sensitive
9.0,1830.3733333333337,1552.8728379435834,false,dual_delayed_ramp_kill,shared,20k,75-25,sensitive
10.0,2137.61,1622.7901623111643,false,dual_delayed_ramp_kill,shared,20k,75-25,sensitive
11.0,2132.978333333333,1643.9251956012465,false,dual_delayed_ramp_kill,shared,20k,75-25,sensitive
12.0,1500.195,1627.4780359073118,false,dual_delayed_ramp_kill,shared,20k,75-25,sensitive
13.0,1762.6516666666669,1585.5014820007325,false,dual_delayed_ramp_kill,shared,20k,75-25,sensitive
14.0,1454.5266666666666,1528.5627430920679,false,dual_delayed_ramp_kill,shared,20k,75-25,sensitive
0.0,16.75,16.75,true,dual_delayed_ramp_kill,shared,20k,75-25,resistant
1.0,26.93166666666667,25.162749577465835,false,dual_delayed_ramp_kill,shared,20k,75-25,resistant
2.0,42.105,37.799072383520226,false,dual_delayed_ramp_kill,shared,20k,75-25,resistant
3.0,64.44166666666668,56.76413989634152,false,dual_delayed_ramp_kill,shared,20k,75-25,resistant
4.0,128.0016666666667,85.10475347112413,false,dual_delayed_ramp_kill,shared,20k,75-25,resistant
5.0,186.15166666666664,127.04125411423084,false,dual_delayed_ramp_kill,shared,20k,75-25,resistant
6.0,262.3983333333333,187.96110850460263,false,dual_delayed_ramp_kill,shared,20k,75-25,resistant
7.0,430.875,273.5864488499295,false,dual_delayed_ramp_kill,shared,20k,75-25,resistant
8.0,525.69,388.3168310563801,false,dual_delayed_ramp_kill,shared,20k,75-25,resistant
9.0,900.48,533.1540472707655,false,dual_delayed_ramp_kill,shared,20k,75-25,resistant
10.0,1261.5033333333333,704.2248389556182,false,dual_delayed_ramp_kill,shared,20k,75-25,resistant
11.0,1896.801666666667,892.7929938989569,false,dual_delayed_ramp_kill,shared,20k,75-25,resistant
12.0,1271.0700000000004,1087.1004486459483,false,dual_delayed_ramp_kill,shared,20k,75-25,resistant
13.0,2274.6516666666666,1275.497128643795,false,dual_delayed_ramp_kill,shared,20k,75-25,resistant
14.0,1507.9783333333335,1449.3684844391817,false,dual_delayed_ramp_kill,shared,20k,75-25,resistant
0.0,25.0,25.0,true,dual_delayed_ramp_kill,shared,30k,25-75,sensitive
1.0,92.28666666666668,46.73397535431399,false,dual_delayed_ramp_kill,shared,30k,25-75,sensitive
2.0,166.93666666666667,86.29630162413356,false,dual_delayed_ramp_kill,shared,30k,25-75,sensitive
3.0,254.01833333333335,156.1486999734924,false,dual_delayed_ramp_kill,shared,30k,25-75,sensitive
4.0,304.3333333333333,258.595203447696,false,dual_delayed_ramp_kill,shared,30k,25-75,sensitive
5.0,467.26833333333326,349.12456416056443,false,dual_delayed_ramp_kill,shared,30k,25-75,sensitive
6.0,478.9883333333334,446.2964122391011,false,dual_delayed_ramp_kill,shared,30k,25-75,sensitive
7.0,644.6283333333333,536.4294751410432,false,dual_delayed_ramp_kill,shared,30k,25-75,sensitive
8.0,433.00666666666666,600.9577645986459,false,dual_delayed_ramp_kill,shared,30k,25-75,sensitive
9.0,360.13166666666666,628.5692992161244,false,dual_delayed_ramp_kill,shared,30k,25-75,sensitive
10.0,420.3900000000001,623.82823944526,false,dual_delayed_ramp_kill,shared,30k,25-75,sensitive
11.0,492.47499999999997,600.781910492182,false,dual_delayed_ramp_kill,shared,30k,25-75,sensitive
12.0,788.84,570.9467775005788,false,dual_delayed_ramp_kill,shared,30k,25-75,sensitive
13.0,1077.7166666666667,540.0582996954216,false,dual_delayed_ramp_kill,shared,30k,25-75,sensitive
14.0,921.545,510.27744848115884,false,dual_delayed_ramp_kill,shared,30k,25-75,sensitive
0.0,75.0,75.0,true,dual_delayed_ramp_kill,shared,30k,25-75,resistant
1.0,87.41333333333334,112.66787976910084,false,dual_delayed_ramp_kill,shared,30k,25-75,resistant
2.0,146.07000000000002,169.2434211391151,false,dual_delayed_ramp_kill,shared,30k,25-75,resistant
3.0,261.51,254.15692652692314,false,dual_delayed_ramp_kill,shared,30k,25-75,resistant
4.0,490.7949999999999,381.21821671578044,false,dual_delayed_ramp_kill,shared,30k,25-75,resistant
5.0,872.2133333333333,569.7769929536391,false,dual_delayed_ramp_kill,shared,30k,25-75,resistant
6.0,1398.1966666666667,843.5555575153528,false,dual_delayed_ramp_kill,shared,30k,25-75,resistant
7.0,2656.3349999999996,1219.6479033268058,false,dual_delayed_ramp_kill,shared,30k,25-75,resistant
8.0,2187.6316666666667,1676.9216913980604,false,dual_delayed_ramp_kill,shared,30k,25-75,resistant
9.0,3209.313333333333,2124.2966980202054,false,dual_delayed_ramp_kill,shared,30k,25-75,resistant
10.0,3193.9033333333336,2455.8372584519648,false,dual_delayed_ramp_kill,shared,30k,25-75,resistant
11.0,3624.1133333333332,2653.4916955226327,false,dual_delayed_ramp_kill,shared,30k,25-75,resistant
12.0,2743.473333333334,2765.3945565449076,false,dual_delayed_ramp_kill,shared,30k,25-75,resistant
13.0,3918.6783333333333,2835.7581129869263,false,dual_delayed_ramp_kill,shared,30k,25-75,resistant
14.0,3231.2383333333332,2887.5527417300095,false,dual_delayed_ramp_kill,shared,30k,25-75,resistant
0.0,50.0,50.0,true,dual_delayed_ramp_kill,shared,30k,50-50,sensitive
1.0,165.45833333333334,93.14276135254555,false,dual_delayed_ramp_kill,shared,30k,50-50,sensitive
2.0,282.01500000000004,170.67037469643108,false,dual_delayed_ramp_kill,shared,30k,50-50,sensitive
3.0,432.8383333333333,304.0884036997179,false,dual_delayed_ramp_kill,shared,30k,50-50,sensitive
4.0,607.8166666666667,489.89885952265706,false,dual_delayed_ramp_kill,shared,30k,50-50,sensitive
5.0,879.0050000000001,638.2101148279054,false,dual_delayed_ramp_kill,shared,30k,50-50,sensitive
6.0,947.1116666666667,786.0241592213051,false,dual_delayed_ramp_kill,shared,30k,50-50,sensitive
7.0,1412.7849999999999,914.8445466099798,false,dual_delayed_ramp_kill,shared,30k,50-50,sensitive
8.0,1018.185,1004.5917390101318,false,dual_delayed_ramp_kill,shared,30k,50-50,sensitive
9.0,1172.4866666666667,1045.054460203732,false,dual_delayed_ramp_kill,shared,30k,50-50,sensitive
10.0,1294.5683333333334,1040.4814132720528,false,dual_delayed_ramp_kill,shared,30k,50-50,sensitive
11.0,1082.5033333333333,1005.2162321519742,false,dual_delayed_ramp_kill,shared,30k,50-50,sensitive
12.0,1456.9150000000002,954.4716450909624,false,dual_delayed_ramp_kill,shared,30k,50-50,sensitive
13.0,1700.3266666666666,898.6876190643051,false,dual_delayed_ramp_kill,shared,30k,50-50,sensitive
14.0,1370.07,843.3189901880868,false,dual_delayed_ramp_kill,shared,30k,50-50,sensitive
0.0,50.0,50.0,true,dual_delayed_ramp_kill,shared,30k,50-50,resistant
1.0,53.36166666666666,75.11142851102504,false,dual_delayed_ramp_kill,shared,30k,50-50,resistant
2.0,85.83833333333332,112.82276771755457,false,dual_delayed_ramp_kill,shared,30k,50-50,resistant
3.0,136.93666666666667,169.3784101672767,false,dual_delayed_ramp_kill,shared,30k,50-50,resistant
4.0,278.0416666666667,253.67914162579984,false,dual_delayed_ramp_kill,shared,30k,50-50,resistant
5.0,439.5783333333333,377.67713197531185,false,dual_delayed_ramp_kill,shared,30k,50-50,resistant
6.0,738.2216666666667,555.2823830197951,false,dual_delayed_ramp_kill,shared,30k,50-50,resistant
7.0,1333.6733333333334,796.5298075556999,false,dual_delayed_ramp_kill,shared,30k,50-50,resistant
8.0,1333.7316666666666,1095.7462569134818,false,dual_delayed_ramp_kill,shared,30k,50-50,resistant
9.0,2235.375,1420.429933708299,false,dual_delayed_ramp_kill,shared,30k,50-50,resistant
10.0,2239.6666666666665,1720.8916469102971,false,dual_delayed_ramp_kill,shared,30k,50-50,resistant
11.0,2711.556666666667,1962.7099076927539,false,dual_delayed_ramp_kill,shared,30k,50-50,resistant
12.0,2136.7833333333333,2143.66979514295,false,dual_delayed_ramp_kill,shared,30k,50-50,resistant
13.0,3352.3216666666667,2279.6242897814013,false,dual_delayed_ramp_kill,shared,30k,50-50,resistant
14.0,2315.278333333333,2386.902889719697,false,dual_delayed_ramp_kill,shared,30k,50-50,resistant
0.0,75.0,75.0,true,dual_delayed_ramp_kill,shared,30k,75-25,sensitive
1.0,218.08333333333334,139.23148043126102,false,dual_delayed_ramp_kill,shared,30k,75-25,sensitive
2.0,356.52833333333336,253.2093658910772,false,dual_delayed_ramp_kill,shared,30k,75-25,sensitive
3.0,545.945,444.62503428519005,false,dual_delayed_ramp_kill,shared,30k,75-25,sensitive
4.0,755.7766666666666,698.9101730556223,false,dual_delayed_ramp_kill,shared,30k,75-25,sensitive
5.0,1013.1566666666666,884.5169896111103,false,dual_delayed_ramp_kill,shared,30k,75-25,sensitive
6.0,1191.6316666666664,1061.1363991708247,false,dual_delayed_ramp_kill,shared,30k,75-25,sensitive
7.0,1758.6866666666667,1212.8319639617225,false,dual_delayed_ramp_kill,shared,30k,75-25,sensitive
8.0,1400.4566666666667,1324.4471320839993,false,dual_delayed_ramp_kill,shared,30k,75-25,sensitive
9.0,1660.7133333333334,1389.0533939598567,false,dual_delayed_ramp_kill,shared,30k,75-25,sensitive
10.0,2107.1266666666666,1408.1834188928137,false,dual_delayed_ramp_kill,shared,30k,75-25,sensitive
11.0,1744.1750000000002,1389.4908633354632,false,dual_delayed_ramp_kill,shared,30k,75-25,sensitive
12.0,1827.7083333333333,1343.4945029262992,false,dual_delayed_ramp_kill,shared,30k,75-25,sensitive
13.0,1923.9083333333335,1280.6506900705585,false,dual_delayed_ramp_kill,shared,30k,75-25,sensitive
14.0,1647.07,1209.488540393496,false,dual_delayed_ramp_kill,shared,30k,75-25,sensitive
0.0,25.0,25.0,true,dual_delayed_ramp_kill,shared,30k,75-25,resistant
1.0,28.45,37.555418031054025,false,dual_delayed_ramp_kill,shared,30k,75-25,resistant
2.0,45.685,56.40742944436863,false,dual_delayed_ramp_kill,shared,30k,75-25,resistant
3.0,72.71833333333332,84.64997383178269,false,dual_delayed_ramp_kill,shared,30k,75-25,resistant
4.0,127.53333333333332,126.54183955322807,false,dual_delayed_ramp_kill,shared,30k,75-25,resistant
5.0,211.36,187.6256548177146,false,dual_delayed_ramp_kill,shared,30k,75-25,resistant
6.0,311.8583333333333,274.4439759799421,false,dual_delayed_ramp_kill,shared,30k,75-25,resistant
7.0,585.2883333333333,392.88748450993273,false,dual_delayed_ramp_kill,shared,30k,75-25,resistant
8.0,720.1316666666667,545.8699797753732,false,dual_delayed_ramp_kill,shared,30k,75-25,resistant
9.0,1168.5216666666668,730.8541486360643,false,dual_delayed_ramp_kill,shared,30k,75-25,resistant
10.0,1358.1716666666664,938.8053766989885,false,dual_delayed_ramp_kill,shared,30k,75-25,resistant
11.0,1719.3033333333333,1155.9435193850793,false,dual_delayed_ramp_kill,shared,30k,75-25,resistant
12.0,1458.7166666666665,1368.0154652421227,false,dual_delayed_ramp_kill,shared,30k,75-25,resistant
13.0,2386.6633333333334,1564.6086699154027,false,dual_delayed_ramp_kill,shared,30k,75-25,resistant
14.0,1738.6666666666667,1740.883405187313,false,dual_delayed_ramp_kill,shared,30k,75-25,resistant
0.0,16.75,16.75,true,dual_time_decay_kill,shared,20k,25-75,sensitive
1.0,99.62333333333333,28.005831387674302,false,dual_time_decay_kill,shared,20k,25-75,sensitive
2.0,151.64666666666665,46.50502296285068,false,dual_time_decay_kill,shared,20k,25-75,sensitive
3.0,256.715,76.40024091550441,false,dual_time_decay_kill,shared,20k,25-75,sensitive
4.0,308.39166666666665,123.44875590305861,false,dual_time_decay_kill,shared,20k,25-75,sensitive
5.0,458.41,194.50173999148168,false,dual_time_decay_kill,shared,20k,25-75,sensitive
6.0,443.1983333333333,295.2287801300641,false,dual_time_decay_kill,shared,20k,25-75,sensitive
7.0,684.745,425.08641529837126,false,dual_time_decay_kill,shared,20k,25-75,sensitive
8.0,381.4466666666667,570.9343278882145,false,dual_time_decay_kill,shared,20k,25-75,sensitive
9.0,434.4266666666667,706.7202567847887,false,dual_time_decay_kill,shared,20k,25-75,sensitive
10.0,381.8066666666667,808.4650667906702,false,dual_time_decay_kill,shared,20k,25-75,sensitive
11.0,827.9266666666667,873.0215388719427,false,dual_time_decay_kill,shared,20k,25-75,sensitive
12.0,564.2466666666667,913.359083999326,false,dual_time_decay_kill,shared,20k,25-75,sensitive
13.0,1105.2716666666665,941.8352895855231,false,dual_time_decay_kill,shared,20k,25-75,sensitive
14.0,404.80333333333334,964.9432935879357,false,dual_time_decay_kill,shared,20k,25-75,sensitive
0.0,50.25,50.25,true,dual_time_decay_kill,shared,20k,25-75,resistant
1.0,88.58666666666666,75.48852044773335,false,dual_time_decay_kill,shared,20k,25-75,resistant
2.0,143.335,113.40184286596565,false,dual_time_decay_kill,shared,20k,25-75,resistant
3.0,247.62666666666667,170.3482047691526,false,dual_time_decay_kill,shared,20k,25-75,resistant
4.0,494.3083333333334,255.8422510765963,false,dual_time_decay_kill,shared,20k,25-75,resistant
5.0,903.3716666666666,383.97238008156,false,dual_time_decay_kill,shared,20k,25-75,resistant
6.0,1360.0966666666666,574.8287638329904,false,dual_time_decay_kill,shared,20k,25-75,resistant
7.0,2438.3766666666666,853.4722886293927,false,dual_time_decay_kill,shared,20k,25-75,resistant
8.0,1945.3233333333335,1237.0388742403732,false,dual_time_decay_kill,shared,20k,25-75,resistant
9.0,3250.286666666667,1693.422076133499,false,dual_time_decay_kill,shared,20k,25-75,resistant
10.0,3135.64,2104.0772255686265,false,dual_time_decay_kill,shared,20k,25-75,resistant
11.0,3987.5866666666666,2356.32539993944,false,dual_time_decay_kill,shared,20k,25-75,resistant
12.0,2308.2483333333334,2461.2695834715455,false,dual_time_decay_kill,shared,20k,25-75,resistant
13.0,3826.773333333333,2487.4197518297046,false,dual_time_decay_kill,shared,20k,25-75,resistant
14.0,2159.3716666666664,2481.6562061352397,false,dual_time_decay_kill,shared,20k,25-75,resistant
0.0,33.5,33.5,true,dual_time_decay_kill,shared,20k,50-50,sensitive
1.0,154.28,55.88060781600362,false,dual_time_decay_kill,shared,20k,50-50,sensitive
2.0,285.20666666666665,92.39884641275422,false,dual_time_decay_kill,shared,20k,50-50,sensitive
3.0,425.075,150.6750551250667,false,dual_time_decay_kill,shared,20k,50-50,sensitive
4.0,562.615,240.47284958869017,false,dual_time_decay_kill,shared,20k,50-50,sensitive
5.0,850.4516666666667,371.5925385678503,false,dual_time_decay_kill,shared,20k,50-50,sensitive
6.0,932.2550000000001,548.3656999135435,false,dual_time_decay_kill,shared,20k,50-50,sensitive
7.0,1392.045,761.27055788903,false,dual_time_decay_kill,shared,20k,50-50,sensitive
8.0,999.73,981.8440839022297,false,dual_time_decay_kill,shared,20k,50-50,sensitive
9.0,1287.6316666666664,1171.001792358337,false,dual_time_decay_kill,shared,20k,50-50,sensitive
10.0,1285.185,1300.9557581067759,false,dual_time_decay_kill,shared,20k,50-50,sensitive
11.0,1589.9216666666669,1370.8352483753458,false,dual_time_decay_kill,shared,20k,50-50,sensitive
12.0,1183.66,1398.8263825865238,false,dual_time_decay_kill,shared,20k,50-50,sensitive
13.0,1283.0133333333333,1404.339582532554,false,dual_time_decay_kill,shared,20k,50-50,sensitive
14.0,1010.3066666666667,1399.7896114735645,false,dual_time_decay_kill,shared,20k,50-50,sensitive
0.0,33.5,33.5,true,dual_time_decay_kill,shared,20k,50-50,resistant
1.0,51.281666666666666,50.32563825881074,false,dual_time_decay_kill,shared,20k,50-50,resistant
2.0,89.81333333333333,75.60079511950953,false,dual_time_decay_kill,shared,20k,50-50,resistant
3.0,141.95833333333334,113.56201057474276,false,dual_time_decay_kill,shared,20k,50-50,resistant
4.0,269.67333333333335,170.53739907005186,false,dual_time_decay_kill,shared,20k,50-50,resistant
5.0,503.14333333333326,255.83383830209783,false,dual_time_decay_kill,shared,20k,50-50,resistant
6.0,640.2366666666667,382.44683251679635,false,dual_time_decay_kill,shared,20k,50-50,resistant
7.0,1228.7583333333334,565.762996966459,false,dual_time_decay_kill,shared,20k,50-50,resistant
8.0,1159.7433333333333,815.3088352345468,false,dual_time_decay_kill,shared,20k,50-50,resistant
9.0,2141.5383333333334,1115.1269057040001,false,dual_time_decay_kill,shared,20k,50-50,resistant
10.0,2331.901666666666,1410.0293765276765,false,dual_time_decay_kill,shared,20k,50-50,resistant
11.0,3319.126666666667,1637.8714867370777,false,dual_time_decay_kill,shared,20k,50-50,resistant
12.0,1939.1216666666667,1781.037909672566,false,dual_time_decay_kill,shared,20k,50-50,resistant
13.0,3037.8416666666667,1861.7815892649667,false,dual_time_decay_kill,shared,20k,50-50,resistant
14.0,1923.26,1907.531980162608,false,dual_time_decay_kill,shared,20k,50-50,resistant
0.0,50.25,50.25,true,dual_time_decay_kill,shared,20k,75-25,sensitive
1.0,216.94833333333335,83.62570488330478,false,dual_time_decay_kill,shared,20k,75-25,sensitive
2.0,395.03833333333336,137.69854546040904,false,dual_time_decay_kill,shared,20k,75-25,sensitive
3.0,575.9033333333333,222.9440951619748,false,dual_time_decay_kill,shared,20k,75-25,sensitive
4.0,750.965,351.7186443492051,false,dual_time_decay_kill,shared,20k,75-25,sensitive
5.0,1098.7666666666667,534.1570720026193,false,dual_time_decay_kill,shared,20k,75-25,sensitive
6.0,1222.9466666666665,770.0683778580158,false,dual_time_decay_kill,shared,20k,75-25,sensitive
7.0,1636.885,1040.391757482744,false,dual_time_decay_kill,shared,20k,75-25,sensitive
8.0,1417.09,1307.6567633314507,false,dual_time_decay_kill,shared,20k,75-25,sensitive
9.0,1830.3733333333337,1531.13130083767,false,dual_time_decay_kill,shared,20k,75-25,sensitive
10.0,2137.61,1686.3986119820004,false,dual_time_decay_kill,shared,20k,75-25,sensitive
11.0,2132.978333333333,1772.6412321836517,false,dual_time_decay_kill,shared,20k,75-25,sensitive
12.0,1500.195,1804.9544432789626,false,dual_time_decay_kill,shared,20k,75-25,sensitive
13.0,1762.6516666666669,1802.3520504925418,false,dual_time_decay_kill,shared,20k,75-25,sensitive
14.0,1454.5266666666666,1780.3494338788344,false,dual_time_decay_kill,shared,20k,75-25,sensitive
0.0,16.75,16.75,true,dual_time_decay_kill,shared,20k,75-25,resistant
1.0,26.93166666666667,25.16279593821919,false,dual_time_decay_kill,shared,20k,75-25,resistant
2.0,42.105,37.80015349063823,false,dual_time_decay_kill,shared,20k,75-25,resistant
3.0,64.44166666666668,56.77904377606522,false,dual_time_decay_kill,shared,20k,75-25,resistant
4.0,128.0016666666667,85.25531034481209,false,dual_time_decay_kill,shared,20k,75-25,resistant
5.0,186.15166666666664,127.84000040260979,false,dual_time_decay_kill,shared,20k,75-25,resistant
6.0,262.3983333333333,190.87168874200083,false,dual_time_decay_kill,shared,20k,75-25,resistant
7.0,430.875,281.7431021876329,false,dual_time_decay_kill,shared,20k,75-25,resistant
8.0,525.69,405.8516674119907,false,dual_time_decay_kill,shared,20k,75-25,resistant
9.0,900.48,561.0353267881096,false,dual_time_decay_kill,shared,20k,75-25,resistant
10.0,1261.5033333333333,733.973504324871,false,dual_time_decay_kill,shared,20k,75-25,resistant
11.0,1896.801666666667,904.7841314118969,false,dual_time_decay_kill,shared,20k,75-25,resistant
12.0,1271.0700000000004,1057.4354024853003,false,dual_time_decay_kill,shared,20k,75-25,resistant
13.0,2274.6516666666666,1185.767071600255,false,dual_time_decay_kill,shared,20k,75-25,resistant
14.0,1507.9783333333335,1291.4668284231702,false,dual_time_decay_kill,shared,20k,75-25,resistant
0.0,25.0,25.0,true,dual_time_decay_kill,shared,30k,25-75,sensitive
1.0,92.28666666666668,39.67020264043785,false,dual_time_decay_kill,shared,30k,25-75,sensitive
2.0,166.93666666666667,62.332549069953345,false,dual_time_decay_kill,shared,30k,25-75,sensitive
3.0,254.01833333333335,96.49512903903789,false,dual_time_decay_kill,shared,30k,25-75,sensitive
4.0,304.3333333333333,146.10222930614287,false,dual_time_decay_kill,shared,30k,25-75,sensitive
5.0,467.26833333333326,214.1466686626263,false,dual_time_decay_kill,shared,30k,25-75,sensitive
6.0,478.9883333333334,299.7638947327892,false,dual_time_decay_kill,shared,30k,25-75,sensitive
7.0,644.6283333333333,394.3667970350163,false,dual_time_decay_kill,shared,30k,25-75,sensitive
8.0,433.00666666666666,480.63667188871966,false,dual_time_decay_kill,shared,30k,25-75,sensitive
9.0,360.13166666666666,540.970492095474,false,dual_time_decay_kill,shared,30k,25-75,sensitive
10.0,420.3900000000001,571.7420549720048,false,dual_time_decay_kill,shared,30k,25-75,sensitive
11.0,492.47499999999997,582.9868926275178,false,dual_time_decay_kill,shared,30k,25-75,sensitive
12.0,788.84,585.2616015229037,false,dual_time_decay_kill,shared,30k,25-75,sensitive
13.0,1077.7166666666667,584.1692105922702,false,dual_time_decay_kill,shared,30k,25-75,sensitive
14.0,921.545,581.949641608494,false,dual_time_decay_kill,shared,30k,25-75,sensitive
0.0,75.0,75.0,true,dual_time_decay_kill,shared,30k,25-75,resistant
1.0,87.41333333333334,112.66807535277898,false,dual_time_decay_kill,shared,30k,25-75,resistant
2.0,146.07000000000002,169.24708199955896,false,dual_time_decay_kill,shared,30k,25-75,resistant
3.0,261.51,254.19771604849342,false,dual_time_decay_kill,shared,30k,25-75,resistant
4.0,490.7949999999999,381.5705141854764,false,dual_time_decay_kill,shared,30k,25-75,resistant
5.0,872.2133333333333,571.654150757923,false,dual_time_decay_kill,shared,30k,25-75,resistant
6.0,1398.1966666666667,851.0699328328218,false,dual_time_decay_kill,shared,30k,25-75,resistant
7.0,2656.3349999999996,1243.8522497201702,false,dual_time_decay_kill,shared,30k,25-75,resistant
8.0,2187.6316666666667,1735.6992387325865,false,dual_time_decay_kill,shared,30k,25-75,resistant
9.0,3209.313333333333,2220.6991924026283,false,dual_time_decay_kill,shared,30k,25-75,resistant
10.0,3193.9033333333336,2557.793333115232,false,dual_time_decay_kill,shared,30k,25-75,resistant
11.0,3624.1133333333332,2725.8883298593487,false,dual_time_decay_kill,shared,30k,25-75,resistant
12.0,2743.473333333334,2794.936106255843,false,dual_time_decay_kill,shared,30k,25-75,resistant
13.0,3918.6783333333333,2822.159394841499,false,dual_time_decay_kill,shared,30k,25-75,resistant
14.0,3231.2383333333332,2833.9806138690683,false,dual_time_decay_kill,shared,30k,25-75,resistant
0.0,50.0,50.0,true,dual_time_decay_kill,shared,30k,50-50,sensitive
1.0,165.45833333333334,79.11420163628662,false,dual_time_decay_kill,shared,30k,50-50,sensitive
2.0,282.01500000000004,123.72333766925045,false,dual_time_decay_kill,shared,30k,50-50,sensitive
3.0,432.8383333333333,190.0997344878478,false,dual_time_decay_kill,shared,30k,50-50,sensitive
4.0,607.8166666666667,284.60120421554774,false,dual_time_decay_kill,shared,30k,50-50,sensitive
5.0,879.0050000000001,410.67818922920185,false,dual_time_decay_kill,shared,30k,50-50,sensitive
6.0,947.1116666666667,563.9142083827652,false,dual_time_decay_kill,shared,30k,50-50,sensitive
7.0,1412.7849999999999,727.474800284941,false,dual_time_decay_kill,shared,30k,50-50,sensitive
8.0,1018.185,873.812845759097,false,dual_time_decay_kill,shared,30k,50-50,sensitive
9.0,1172.4866666666667,977.303966623921,false,dual_time_decay_kill,shared,30k,50-50,sensitive
10.0,1294.5683333333334,1030.3694325352144,false,dual_time_decay_kill,shared,30k,50-50,sensitive
11.0,1082.5033333333333,1044.859470919864,false,dual_time_decay_kill,shared,30k,50-50,sensitive
12.0,1456.9150000000002,1037.95326044733,false,dual_time_decay_kill,shared,30k,50-50,sensitive
13.0,1700.3266666666666,1021.7009498357404,false,dual_time_decay_kill,shared,30k,50-50,sensitive
14.0,1370.07,1002.2204926910468,false,dual_time_decay_kill,shared,30k,50-50,sensitive
0.0,50.0,50.0,true,dual_time_decay_kill,shared,30k,50-50,resistant
1.0,53.36166666666666,75.11174161228158,false,dual_time_decay_kill,shared,30k,50-50,resistant
2.0,85.83833333333332,112.82893212986801,false,dual_time_decay_kill,shared,30k,50-50,resistant
3.0,136.93666666666667,169.44968786458938,false,dual_time_decay_kill,shared,30k,50-50,resistant
4.0,278.0416666666667,254.2950490418679,false,dual_time_decay_kill,shared,30k,50-50,resistant
5.0,439.5783333333333,380.69738210362095,false,dual_time_decay_kill,shared,30k,50-50,resistant
6.0,738.2216666666667,565.8437182598586,false,dual_time_decay_kill,shared,30k,50-50,resistant
7.0,1333.6733333333334,825.4660367585011,false,dual_time_decay_kill,shared,30k,50-50,resistant
8.0,1333.7316666666666,1156.2680072180376,false,dual_time_decay_kill,shared,30k,50-50,resistant
9.0,2235.375,1511.0590411378375,false,dual_time_decay_kill,shared,30k,50-50,resistant
10.0,2239.6666666666665,1811.206281253193,false,dual_time_decay_kill,shared,30k,50-50,resistant
11.0,2711.556666666667,2013.1416832812738,false,dual_time_decay_kill,shared,30k,50-50,resistant
12.0,2136.7833333333333,2132.5448784173605,false,dual_time_decay_kill,shared,30k,50-50,resistant
13.0,3352.3216666666667,2203.7740058398613,false,dual_time_decay_kill,shared,30k,50-50,resistant
14.0,2315.278333333333,2251.280932408789,false,dual_time_decay_kill,shared,30k,50-50,resistant
0.0,75.0,75.0,true,dual_time_decay_kill,shared,30k,75-25,sensitive
1.0,218.08333333333334,118.33521156380084,false,dual_time_decay_kill,shared,30k,75-25,sensitive
2.0,356.52833333333336,184.20647765694252,false,dual_time_decay_kill,shared,30k,75-25,sensitive
3.0,545.945,281.0144208897821,false,dual_time_decay_kill,shared,30k,75-25,sensitive
4.0,755.7766666666666,416.38854563885207,false,dual_time_decay_kill,shared,30k,75-25,sensitive
5.0,1013.1566666666666,592.8017794153252,false,dual_time_decay_kill,shared,30k,75-25,sensitive
6.0,1191.6316666666664,801.8099937152097,false,dual_time_decay_kill,shared,30k,75-25,sensitive
7.0,1758.6866666666667,1021.0476774587431,false,dual_time_decay_kill,shared,30k,75-25,sensitive
8.0,1400.4566666666667,1219.3038130768682,false,dual_time_decay_kill,shared,30k,75-25,sensitive
9.0,1660.7133333333334,1369.402510351413,false,dual_time_decay_kill,shared,30k,75-25,sensitive
10.0,2107.1266666666666,1460.008130306642,false,dual_time_decay_kill,shared,30k,75-25,sensitive
11.0,1744.1750000000002,1497.1873050876036,false,dual_time_decay_kill,shared,30k,75-25,sensitive
12.0,1827.7083333333333,1496.355025373488,false,dual_time_decay_kill,shared,30k,75-25,sensitive
13.0,1923.9083333333335,1473.049311054012,false,dual_time_decay_kill,shared,30k,75-25,sensitive
14.0,1647.07,1438.4642037872986,false,dual_time_decay_kill,shared,30k,75-25,sensitive
0.0,25.0,25.0,true,dual_time_decay_kill,shared,30k,75-25,resistant
1.0,28.45,37.5556950189341,false,dual_time_decay_kill,shared,30k,75-25,resistant
2.0,45.685,56.41307740201106,false,dual_time_decay_kill,shared,30k,75-25,resistant
3.0,72.71833333333332,84.71633307597568,false,dual_time_decay_kill,shared,30k,75-25,resistant
4.0,127.53333333333332,127.1032635663027,false,dual_time_decay_kill,shared,30k,75-25,resistant
5.0,211.36,190.16101460239938,false,dual_time_decay_kill,shared,30k,75-25,resistant
6.0,311.8583333333333,282.3542852635527,false,dual_time_decay_kill,shared,30k,75-25,resistant
7.0,585.2883333333333,412.08176590877366,false,dual_time_decay_kill,shared,30k,75-25,resistant
8.0,720.1316666666667,582.2733376649883,false,dual_time_decay_kill,shared,30k,75-25,resistant
9.0,1168.5216666666668,783.1363812631336,false,dual_time_decay_kill,shared,30k,75-25,resistant
10.0,1358.1716666666664,991.178500194306,false,dual_time_decay_kill,shared,30k,75-25,resistant
11.0,1719.3033333333333,1180.7830957944893,false,dual_time_decay_kill,shared,30k,75-25,resistant
12.0,1458.7166666666665,1338.3528490478334,false,dual_time_decay_kill,shared,30k,75-25,resistant
13.0,2386.6633333333334,1464.4478560498067,false,dual_time_decay_kill,shared,30k,75-25,resistant
14.0,1738.6666666666667,1566.4116679760036,false,dual_time_decay_kill,shared,30k,75-25,resistant
0.0,16.75,16.75,true,dual_transit_competitor_scaled,shared,20k,25-75,sensitive
1.0,99.62333333333333,32.99866786477208,false,dual_transit_competitor_scaled,shared,20k,25-75,sensitive
2.0,151.64666666666665,64.44550456096637,false,dual_transit_competitor_scaled,shared,20k,25-75,sensitive
3.0,256.715,123.96577947648181,false,dual_transit_competitor_scaled,shared,20k,25-75,sensitive
4.0,308.39166666666665,225.62851092218426,false,dual_transit_competitor_scaled,shared,20k,25-75,sensitive
5.0,458.41,335.94530308063906,false,dual_transit_competitor_scaled,shared,20k,25-75,sensitive
6.0,443.1983333333333,442.4527665610159,false,dual_transit_competitor_scaled,shared,20k,25-75,sensitive
7.0,684.745,544.6846275418354,false,dual_transit_competitor_scaled,shared,20k,25-75,sensitive
8.0,381.4466666666667,640.3732684753236,false,dual_transit_competitor_scaled,shared,20k,25-75,sensitive
9.0,434.4266666666667,724.6222346192463,false,dual_transit_competitor_scaled,shared,20k,25-75,sensitive
10.0,381.8066666666667,791.428037720725,false,dual_transit_competitor_scaled,shared,20k,25-75,sensitive
11.0,827.9266666666667,839.4774386891369,false,dual_transit_competitor_scaled,shared,20k,25-75,sensitive
12.0,564.2466666666667,874.9635636228921,false,dual_transit_competitor_scaled,shared,20k,25-75,sensitive
13.0,1105.2716666666665,905.2736074656179,false,dual_transit_competitor_scaled,shared,20k,25-75,sensitive
14.0,404.80333333333334,934.4147558766049,false,dual_transit_competitor_scaled,shared,20k,25-75,sensitive
0.0,50.25,50.25,true,dual_transit_competitor_scaled,shared,20k,25-75,resistant
1.0,88.58666666666666,75.4884858475571,false,dual_transit_competitor_scaled,shared,20k,25-75,resistant
2.0,143.335,113.40114241350548,false,dual_transit_competitor_scaled,shared,20k,25-75,resistant
3.0,247.62666666666667,170.33959268894995,false,dual_transit_competitor_scaled,shared,20k,25-75,resistant
4.0,494.3083333333334,255.76903817883843,false,dual_transit_competitor_scaled,shared,20k,25-75,resistant
5.0,903.3716666666666,383.73305769490923,false,dual_transit_competitor_scaled,shared,20k,25-75,resistant
6.0,1360.0966666666666,574.6057038252724,false,dual_transit_competitor_scaled,shared,20k,25-75,resistant
7.0,2438.3766666666666,855.9547647749389,false,dual_transit_competitor_scaled,shared,20k,25-75,resistant
8.0,1945.3233333333335,1257.1510591328347,false,dual_transit_competitor_scaled,shared,20k,25-75,resistant
9.0,3250.286666666667,1780.5042735633717,false,dual_transit_competitor_scaled,shared,20k,25-75,resistant
10.0,3135.64,2335.5902068832083,false,dual_transit_competitor_scaled,shared,20k,25-75,resistant
11.0,3987.5866666666666,2747.2403202421906,false,dual_transit_competitor_scaled,shared,20k,25-75,resistant
12.0,2308.2483333333334,2948.0221636283604,false,dual_transit_competitor_scaled,shared,20k,25-75,resistant
13.0,3826.773333333333,3014.2456261968455,false,dual_transit_competitor_scaled,shared,20k,25-75,resistant
14.0,2159.3716666666664,3023.8365070525037,false,dual_transit_competitor_scaled,shared,20k,25-75,resistant
0.0,33.5,33.5,true,dual_transit_competitor_scaled,shared,20k,50-50,sensitive
1.0,154.28,65.81333485605695,false,dual_transit_competitor_scaled,shared,20k,50-50,sensitive
2.0,285.20666666666665,127.69885612373153,false,dual_transit_competitor_scaled,shared,20k,50-50,sensitive
3.0,425.075,242.27338404989686,false,dual_transit_competitor_scaled,shared,20k,50-50,sensitive
4.0,562.615,430.16462499117745,false,dual_transit_competitor_scaled,shared,20k,50-50,sensitive
5.0,850.4516666666667,623.7840600380308,false,dual_transit_competitor_scaled,shared,20k,50-50,sensitive
6.0,932.2550000000001,800.1463888470598,false,dual_transit_competitor_scaled,shared,20k,50-50,sensitive
7.0,1392.045,959.5753305263011,false,dual_transit_competitor_scaled,shared,20k,50-50,sensitive
8.0,999.73,1100.9046523220395,false,dual_transit_competitor_scaled,shared,20k,50-50,sensitive
9.0,1287.6316666666664,1220.5842956012011,false,dual_transit_competitor_scaled,shared,20k,50-50,sensitive
10.0,1285.185,1312.8353807624112,false,dual_transit_competitor_scaled,shared,20k,50-50,sensitive
11.0,1589.9216666666669,1373.053564712479,false,dual_transit_competitor_scaled,shared,20k,50-50,sensitive
12.0,1183.66,1404.2780853207732,false,dual_transit_competitor_scaled,shared,20k,50-50,sensitive
13.0,1283.0133333333333,1417.3105840147728,false,dual_transit_competitor_scaled,shared,20k,50-50,sensitive
14.0,1010.3066666666667,1422.51247142602,false,dual_transit_competitor_scaled,shared,20k,50-50,sensitive
0.0,33.5,33.5,true,dual_transit_competitor_scaled,shared,20k,50-50,resistant
1.0,51.281666666666666,50.325584522697206,false,dual_transit_competitor_scaled,shared,20k,50-50,resistant
2.0,89.81333333333333,75.59961661633093,false,dual_transit_competitor_scaled,shared,20k,50-50,resistant
3.0,141.95833333333334,113.54644738342954,false,dual_transit_competitor_scaled,shared,20k,50-50,resistant
4.0,269.67333333333335,170.4032055468345,false,dual_transit_competitor_scaled,shared,20k,50-50,resistant
5.0,503.14333333333326,255.4474218193164,false,dual_transit_competitor_scaled,shared,20k,50-50,resistant
6.0,640.2366666666667,382.25096760944666,false,dual_transit_competitor_scaled,shared,20k,50-50,resistant
7.0,1228.7583333333334,569.8222223168943,false,dual_transit_competitor_scaled,shared,20k,50-50,resistant
8.0,1159.7433333333333,842.1529671964427,false,dual_transit_competitor_scaled,shared,20k,50-50,resistant
9.0,2141.5383333333334,1220.172739739153,false,dual_transit_competitor_scaled,shared,20k,50-50,resistant
10.0,2331.901666666666,1692.8310507468902,false,dual_transit_competitor_scaled,shared,20k,50-50,resistant
11.0,3319.126666666667,2171.524200678389,false,dual_transit_competitor_scaled,shared,20k,50-50,resistant
12.0,1939.1216666666667,2522.956671149256,false,dual_transit_competitor_scaled,shared,20k,50-50,resistant
13.0,3037.8416666666667,2706.612979937338,false,dual_transit_competitor_scaled,shared,20k,50-50,resistant
14.0,1923.26,2780.575114082064,false,dual_transit_competitor_scaled,shared,20k,50-50,resistant
0.0,50.25,50.25,true,dual_transit_competitor_scaled,shared,20k,75-25,sensitive
1.0,216.94833333333335,98.4461458595596,false,dual_transit_competitor_scaled,shared,20k,75-25,sensitive
2.0,395.03833333333336,189.80189513547742,false,dual_transit_competitor_scaled,shared,20k,75-25,sensitive
3.0,575.9033333333333,355.3762959771279,false,dual_transit_competitor_scaled,shared,20k,75-25,sensitive
4.0,750.965,616.8970915562132,false,dual_transit_competitor_scaled,shared,20k,75-25,sensitive
5.0,1098.7666666666667,874.9471792243103,false,dual_transit_competitor_scaled,shared,20k,75-25,sensitive
6.0,1222.9466666666665,1099.662980414867,false,dual_transit_competitor_scaled,shared,20k,75-25,sensitive
7.0,1636.885,1294.388900585377,false,dual_transit_competitor_scaled,shared,20k,75-25,sensitive
8.0,1417.09,1461.598066900719,false,dual_transit_competitor_scaled,shared,20k,75-25,sensitive
9.0,1830.3733333333337,1602.2487375403907,false,dual_transit_competitor_scaled,shared,20k,75-25,sensitive
10.0,2137.61,1715.3321834910319,false,dual_transit_competitor_scaled,shared,20k,75-25,sensitive
11.0,2132.978333333333,1797.6198652694284,false,dual_transit_competitor_scaled,shared,20k,75-25,sensitive
12.0,1500.195,1845.0336126732636,false,dual_transit_competitor_scaled,shared,20k,75-25,sensitive
13.0,1762.6516666666669,1857.4215954626952,false,dual_transit_competitor_scaled,shared,20k,75-25,sensitive
14.0,1454.5266666666666,1843.1267071020934,false,dual_transit_competitor_scaled,shared,20k,75-25,sensitive
0.0,16.75,16.75,true,dual_transit_competitor_scaled,shared,20k,75-25,resistant
1.0,26.93166666666667,25.16274957901717,false,dual_transit_competitor_scaled,shared,20k,75-25,resistant
2.0,42.105,37.799072384806784,false,dual_transit_competitor_scaled,shared,20k,75-25,resistant
3.0,64.44166666666668,56.7641398975124,false,dual_transit_competitor_scaled,shared,20k,75-25,resistant
4.0,128.0016666666667,85.12844481049173,false,dual_transit_competitor_scaled,shared,20k,75-25,resistant
5.0,186.15166666666664,127.51547515681604,false,dual_transit_competitor_scaled,shared,20k,75-25,resistant
6.0,262.3983333333333,190.79893484960962,false,dual_transit_competitor_scaled,shared,20k,75-25,resistant
7.0,430.875,284.96562787354463,false,dual_transit_competitor_scaled,shared,20k,75-25,resistant
8.0,525.69,424.18640215830436,false,dual_transit_competitor_scaled,shared,20k,75-25,resistant
9.0,900.48,627.3082471729339,false,dual_transit_competitor_scaled,shared,20k,75-25,resistant
10.0,1261.5033333333333,915.2900303403594,false,dual_transit_competitor_scaled,shared,20k,75-25,resistant
11.0,1896.801666666667,1298.6913010292756,false,dual_transit_competitor_scaled,shared,20k,75-25,resistant
12.0,1271.0700000000004,1746.6947846100948,false,dual_transit_competitor_scaled,shared,20k,75-25,resistant
13.0,2274.6516666666666,2163.348364527827,false,dual_transit_competitor_scaled,shared,20k,75-25,resistant
14.0,1507.9783333333335,2451.0214566965956,false,dual_transit_competitor_scaled,shared,20k,75-25,resistant
0.0,25.0,25.0,true,dual_transit_competitor_scaled,shared,30k,25-75,sensitive
1.0,92.28666666666668,46.73397534273243,false,dual_transit_competitor_scaled,shared,30k,25-75,sensitive
2.0,166.93666666666667,86.2963017552646,false,dual_transit_competitor_scaled,shared,30k,25-75,sensitive
3.0,254.01833333333335,156.14869996190376,false,dual_transit_competitor_scaled,shared,30k,25-75,sensitive
4.0,304.3333333333333,266.6177695889352,false,dual_transit_competitor_scaled,shared,30k,25-75,sensitive
5.0,467.26833333333326,378.1761648100794,false,dual_transit_competitor_scaled,shared,30k,25-75,sensitive
6.0,478.9883333333334,477.31845315798364,false,dual_transit_competitor_scaled,shared,30k,25-75,sensitive
7.0,644.6283333333333,562.7705499704985,false,dual_transit_competitor_scaled,shared,30k,25-75,sensitive
8.0,433.00666666666666,631.050408565506,false,dual_transit_competitor_scaled,shared,30k,25-75,sensitive
9.0,360.13166666666666,677.8883809365357,false,dual_transit_competitor_scaled,shared,30k,25-75,sensitive
10.0,420.3900000000001,703.5709944199928,false,dual_transit_competitor_scaled,shared,30k,25-75,sensitive
11.0,492.47499999999997,715.1969456712785,false,dual_transit_competitor_scaled,shared,30k,25-75,sensitive
12.0,788.84,720.554033883226,false,dual_transit_competitor_scaled,shared,30k,25-75,sensitive
13.0,1077.7166666666667,723.928290306641,false,dual_transit_competitor_scaled,shared,30k,25-75,sensitive
14.0,921.545,726.9629000214364,false,dual_transit_competitor_scaled,shared,30k,25-75,sensitive
0.0,75.0,75.0,true,dual_transit_competitor_scaled,shared,30k,25-75,resistant
1.0,87.41333333333334,112.66787977610487,false,dual_transit_competitor_scaled,shared,30k,25-75,resistant
2.0,146.07000000000002,169.24342114183517,false,dual_transit_competitor_scaled,shared,30k,25-75,resistant
3.0,261.51,254.15692654806085,false,dual_transit_competitor_scaled,shared,30k,25-75,resistant
4.0,490.7949999999999,381.2572830855499,false,dual_transit_competitor_scaled,shared,30k,25-75,resistant
5.0,872.2133333333333,570.6450907026972,false,dual_transit_competitor_scaled,shared,30k,25-75,resistant
6.0,1398.1966666666667,849.5729264929834,false,dual_transit_competitor_scaled,shared,30k,25-75,resistant
7.0,2656.3349999999996,1247.1914736004392,false,dual_transit_competitor_scaled,shared,30k,25-75,resistant
8.0,2187.6316666666667,1767.1964782982072,false,dual_transit_competitor_scaled,shared,30k,25-75,resistant
9.0,3209.313333333333,2324.9403112510126,false,dual_transit_competitor_scaled,shared,30k,25-75,resistant
10.0,3193.9033333333336,2750.562618665006,false,dual_transit_competitor_scaled,shared,30k,25-75,resistant
11.0,3624.1133333333332,2971.3014008942873,false,dual_transit_competitor_scaled,shared,30k,25-75,resistant
12.0,2743.473333333334,3056.992058305482,false,dual_transit_competitor_scaled,shared,30k,25-75,resistant
13.0,3918.6783333333333,3084.3954314773287,false,dual_transit_competitor_scaled,shared,30k,25-75,resistant
14.0,3231.2383333333332,3090.9174090600172,false,dual_transit_competitor_scaled,shared,30k,25-75,resistant
0.0,50.0,50.0,true,dual_transit_competitor_scaled,shared,30k,50-50,sensitive
1.0,165.45833333333334,93.1427613002731,false,dual_transit_competitor_scaled,shared,30k,50-50,sensitive
2.0,282.01500000000004,170.67037503504824,false,dual_transit_competitor_scaled,shared,30k,50-50,sensitive
3.0,432.8383333333333,304.0884035885609,false,dual_transit_competitor_scaled,shared,30k,50-50,sensitive
4.0,607.8166666666667,505.84503400265896,false,dual_transit_competitor_scaled,shared,30k,50-50,sensitive
5.0,879.0050000000001,698.5543783266189,false,dual_transit_competitor_scaled,shared,30k,50-50,sensitive
6.0,947.1116666666667,859.9922497960124,false,dual_transit_competitor_scaled,shared,30k,50-50,sensitive
7.0,1412.7849999999999,992.0124371600857,false,dual_transit_competitor_scaled,shared,30k,50-50,sensitive
8.0,1018.185,1094.2250607430317,false,dual_transit_competitor_scaled,shared,30k,50-50,sensitive
9.0,1172.4866666666667,1163.9260328577454,false,dual_transit_competitor_scaled,shared,30k,50-50,sensitive
10.0,1294.5683333333334,1199.2061957281014,false,dual_transit_competitor_scaled,shared,30k,50-50,sensitive
11.0,1082.5033333333333,1204.7680529966005,false,dual_transit_competitor_scaled,shared,30k,50-50,sensitive
12.0,1456.9150000000002,1192.0295931920791,false,dual_transit_competitor_scaled,shared,30k,50-50,sensitive
13.0,1700.3266666666666,1171.6150000414273,false,dual_transit_competitor_scaled,shared,30k,50-50,sensitive
14.0,1370.07,1149.3901030431703,false,dual_transit_competitor_scaled,shared,30k,50-50,sensitive
0.0,50.0,50.0,true,dual_transit_competitor_scaled,shared,30k,50-50,resistant
1.0,53.36166666666666,75.11142851519685,false,dual_transit_competitor_scaled,shared,30k,50-50,resistant
2.0,85.83833333333332,112.82276772464584,false,dual_transit_competitor_scaled,shared,30k,50-50,resistant
3.0,136.93666666666667,169.37841016787937,false,dual_transit_competitor_scaled,shared,30k,50-50,resistant
4.0,278.0416666666667,253.75863510725122,false,dual_transit_competitor_scaled,shared,30k,50-50,resistant
5.0,439.5783333333333,379.2234664362337,false,dual_transit_competitor_scaled,shared,30k,50-50,resistant
6.0,738.2216666666667,564.4633299738035,false,dual_transit_competitor_scaled,shared,30k,50-50,resistant
7.0,1333.6733333333334,832.939511382911,false,dual_transit_competitor_scaled,shared,30k,50-50,resistant
8.0,1333.7316666666666,1205.4833092294202,false,dual_transit_competitor_scaled,shared,30k,50-50,resistant
9.0,2235.375,1673.5106137377247,false,dual_transit_competitor_scaled,shared,30k,50-50,resistant
10.0,2239.6666666666665,2155.6436786280024,false,dual_transit_competitor_scaled,shared,30k,50-50,resistant
11.0,2711.556666666667,2523.121920710614,false,dual_transit_competitor_scaled,shared,30k,50-50,resistant
12.0,2136.7833333333333,2728.7319419793926,false,dual_transit_competitor_scaled,shared,30k,50-50,resistant
13.0,3352.3216666666667,2823.469075977799,false,dual_transit_competitor_scaled,shared,30k,50-50,resistant
14.0,2315.278333333333,2865.5761989596986,false,dual_transit_competitor_scaled,shared,30k,50-50,resistant
0.0,75.0,75.0,true,dual_transit_competitor_scaled,shared,30k,75-25,sensitive
1.0,218.08333333333334,139.23148031657618,false,dual_transit_competitor_scaled,shared,30k,75-25,sensitive
2.0,356.52833333333336,253.209366466972,false,dual_transit_competitor_scaled,shared,30k,75-25,sensitive
3.0,545.945,444.62503412705837,false,dual_transit_competitor_scaled,shared,30k,75-25,sensitive
4.0,755.7766666666666,722.6553389930953,false,dual_transit_competitor_scaled,shared,30k,75-25,sensitive
5.0,1013.1566666666666,976.6592754196354,false,dual_transit_competitor_scaled,shared,30k,75-25,sensitive
6.0,1191.6316666666664,1180.4752431339905,false,dual_transit_competitor_scaled,shared,30k,75-25,sensitive
7.0,1758.6866666666667,1341.6755407637122,false,dual_transit_competitor_scaled,shared,30k,75-25,sensitive
8.0,1400.4566666666667,1465.7951365625727,false,dual_transit_competitor_scaled,shared,30k,75-25,sensitive
9.0,1660.7133333333334,1555.7296500212499,false,dual_transit_competitor_scaled,shared,30k,75-25,sensitive
10.0,2107.1266666666666,1611.6066699202456,false,dual_transit_competitor_scaled,shared,30k,75-25,sensitive
11.0,1744.1750000000002,1632.022373056131,false,dual_transit_competitor_scaled,shared,30k,75-25,sensitive
12.0,1827.7083333333333,1618.3521509497227,false,dual_transit_competitor_scaled,shared,30k,75-25,sensitive
13.0,1923.9083333333335,1579.214187048678,false,dual_transit_competitor_scaled,shared,30k,75-25,sensitive
14.0,1647.07,1527.4107155526772,false,dual_transit_competitor_scaled,shared,30k,75-25,sensitive
0.0,25.0,25.0,true,dual_transit_competitor_scaled,shared,30k,75-25,resistant
1.0,28.45,37.55541803280318,false,dual_transit_competitor_scaled,shared,30k,75-25,resistant
2.0,45.685,56.40742945139407,false,dual_transit_competitor_scaled,shared,30k,75-25,resistant
3.0,72.71833333333332,84.64997382603372,false,dual_transit_competitor_scaled,shared,30k,75-25,resistant
4.0,127.53333333333332,126.62220566700452,false,dual_transit_competitor_scaled,shared,30k,75-25,resistant
5.0,211.36,189.01637121641798,false,dual_transit_competitor_scaled,shared,30k,75-25,resistant
6.0,311.8583333333333,281.6993162840211,false,dual_transit_competitor_scaled,shared,30k,75-25,resistant
7.0,585.2883333333333,418.5283134699638,false,dual_transit_competitor_scaled,shared,30k,75-25,resistant
8.0,720.1316666666667,617.9967933980222,false,dual_transit_competitor_scaled,shared,30k,75-25,resistant
9.0,1168.5216666666668,901.038322781183,false,dual_transit_competitor_scaled,shared,30k,75-25,resistant
10.0,1358.1716666666664,1279.7539346658905,false,dual_transit_competitor_scaled,shared,30k,75-25,resistant
11.0,1719.3033333333333,1728.455673471338,false,dual_transit_competitor_scaled,shared,30k,75-25,resistant
12.0,1458.7166666666665,2157.5835527758627,false,dual_transit_competitor_scaled,shared,30k,75-25,resistant
13.0,2386.6633333333334,2467.2096847364014,false,dual_transit_competitor_scaled,shared,30k,75-25,resistant
14.0,1738.6666666666667,2641.742867747212,false,dual_transit_competitor_scaled,shared,30k,75-25,resistant
0.0,16.75,16.75,true,dual_transit_damage,shared,20k,25-75,sensitive
1.0,99.62333333333333,32.99866786477208,false,dual_transit_damage,shared,20k,25-75,sensitive
2.0,151.64666666666665,64.44550456096637,false,dual_transit_damage,shared,20k,25-75,sensitive
3.0,256.715,123.96150318028621,false,dual_transit_damage,shared,20k,25-75,sensitive
4.0,308.39166666666665,214.1285568956307,false,dual_transit_damage,shared,20k,25-75,sensitive
5.0,458.41,318.19939286199406,false,dual_transit_damage,shared,20k,25-75,sensitive
6.0,443.1983333333333,434.12345959197177,false,dual_transit_damage,shared,20k,25-75,sensitive
7.0,684.745,556.2712586097224,false,dual_transit_damage,shared,20k,25-75,sensitive
8.0,381.4466666666667,672.8858788231265,false,dual_transit_damage,shared,20k,25-75,sensitive
9.0,434.4266666666667,767.5552123047306,false,dual_transit_damage,shared,20k,25-75,sensitive
10.0,381.8066666666667,826.136219962845,false,dual_transit_damage,shared,20k,25-75,sensitive
11.0,827.9266666666667,846.2489392403314,false,dual_transit_damage,shared,20k,25-75,sensitive
12.0,564.2466666666667,837.2243856124849,false,dual_transit_damage,shared,20k,25-75,sensitive
13.0,1105.2716666666665,810.2832032740355,false,dual_transit_damage,shared,20k,25-75,sensitive
14.0,404.80333333333334,773.1356088121265,false,dual_transit_damage,shared,20k,25-75,sensitive
0.0,50.25,50.25,true,dual_transit_damage,shared,20k,25-75,resistant
1.0,88.58666666666666,75.4884858475571,false,dual_transit_damage,shared,20k,25-75,resistant
2.0,143.335,113.40114241350548,false,dual_transit_damage,shared,20k,25-75,resistant
3.0,247.62666666666667,170.339594749878,false,dual_transit_damage,shared,20k,25-75,resistant
4.0,494.3083333333334,255.78567470090655,false,dual_transit_damage,shared,20k,25-75,resistant
5.0,903.3716666666666,383.7740428860009,false,dual_transit_damage,shared,20k,25-75,resistant
6.0,1360.0966666666666,574.4637448914357,false,dual_transit_damage,shared,20k,25-75,resistant
7.0,2438.3766666666666,854.4471789685678,false,dual_transit_damage,shared,20k,25-75,resistant
8.0,1945.3233333333335,1250.0489358561147,false,dual_transit_damage,shared,20k,25-75,resistant
9.0,3250.286666666667,1759.1099744770174,false,dual_transit_damage,shared,20k,25-75,resistant
10.0,3135.64,2298.8628095422864,false,dual_transit_damage,shared,20k,25-75,resistant
11.0,3987.5866666666666,2724.294735818738,false,dual_transit_damage,shared,20k,25-75,resistant
12.0,2308.2483333333334,2976.0964482733707,false,dual_transit_damage,shared,20k,25-75,resistant
13.0,3826.773333333333,3107.8300536342476,false,dual_transit_damage,shared,20k,25-75,resistant
14.0,2159.3716666666664,3182.0370668055475,false,dual_transit_damage,shared,20k,25-75,resistant
0.0,33.5,33.5,true,dual_transit_damage,shared,20k,50-50,sensitive
1.0,154.28,65.81333485605695,false,dual_transit_damage,shared,20k,50-50,sensitive
2.0,285.20666666666665,127.69885612373153,false,dual_transit_damage,shared,20k,50-50,sensitive
3.0,425.075,242.26545938381165,false,dual_transit_damage,shared,20k,50-50,sensitive
4.0,562.615,410.0303183681723,false,dual_transit_damage,shared,20k,50-50,sensitive
5.0,850.4516666666667,596.1880317376612,false,dual_transit_damage,shared,20k,50-50,sensitive
6.0,932.2550000000001,794.8986216990944,false,dual_transit_damage,shared,20k,50-50,sensitive
7.0,1392.045,996.3260973063902,false,dual_transit_damage,shared,20k,50-50,sensitive
8.0,999.73,1184.3573808821182,false,dual_transit_damage,shared,20k,50-50,sensitive
9.0,1287.6316666666664,1339.0515860636428,false,dual_transit_damage,shared,20k,50-50,sensitive
10.0,1285.185,1442.349612396299,false,dual_transit_damage,shared,20k,50-50,sensitive
11.0,1589.9216666666669,1486.127418659415,false,dual_transit_damage,shared,20k,50-50,sensitive
12.0,1183.66,1476.7789202357844,false,dual_transit_damage,shared,20k,50-50,sensitive
13.0,1283.0133333333333,1429.909363316067,false,dual_transit_damage,shared,20k,50-50,sensitive
14.0,1010.3066666666667,1360.7487168915711,false,dual_transit_damage,shared,20k,50-50,sensitive
0.0,33.5,33.5,true,dual_transit_damage,shared,20k,50-50,resistant
1.0,51.281666666666666,50.325584522697206,false,dual_transit_damage,shared,20k,50-50,resistant
2.0,89.81333333333333,75.59961661633093,false,dual_transit_damage,shared,20k,50-50,resistant
3.0,141.95833333333334,113.54645179149414,false,dual_transit_damage,shared,20k,50-50,resistant
4.0,269.67333333333335,170.43612119820486,false,dual_transit_damage,shared,20k,50-50,resistant
5.0,503.14333333333326,255.50717043068695,false,dual_transit_damage,shared,20k,50-50,resistant
6.0,640.2366666666667,381.9408328183325,false,dual_transit_damage,shared,20k,50-50,resistant
7.0,1228.7583333333334,567.3369393250074,false,dual_transit_damage,shared,20k,50-50,resistant
8.0,1159.7433333333333,831.6258719419689,false,dual_transit_damage,shared,20k,50-50,resistant
9.0,2141.5383333333334,1187.5658086748797,false,dual_transit_damage,shared,20k,50-50,resistant
10.0,2331.901666666666,1618.5092291426363,false,dual_transit_damage,shared,20k,50-50,resistant
11.0,3319.126666666667,2057.69597372912,false,dual_transit_damage,shared,20k,50-50,resistant
12.0,1939.1216666666667,2419.0396811500777,false,dual_transit_damage,shared,20k,50-50,resistant
13.0,3037.8416666666667,2668.536730369857,false,dual_transit_damage,shared,20k,50-50,resistant
14.0,1923.26,2830.496651415303,false,dual_transit_damage,shared,20k,50-50,resistant
0.0,50.25,50.25,true,dual_transit_damage,shared,20k,75-25,sensitive
1.0,216.94833333333335,98.4461458595596,false,dual_transit_damage,shared,20k,75-25,sensitive
2.0,395.03833333333336,189.80189513547742,false,dual_transit_damage,shared,20k,75-25,sensitive
3.0,575.9033333333333,355.3652745228152,false,dual_transit_damage,shared,20k,75-25,sensitive
4.0,750.965,590.3497799534291,false,dual_transit_damage,shared,20k,75-25,sensitive
5.0,1098.7666666666667,842.6905217672796,false,dual_transit_damage,shared,20k,75-25,sensitive
6.0,1222.9466666666665,1103.870395529381,false,dual_transit_damage,shared,20k,75-25,sensitive
7.0,1636.885,1363.2892058092893,false,dual_transit_damage,shared,20k,75-25,sensitive
8.0,1417.09,1606.3652109558489,false,dual_transit_damage,shared,20k,75-25,sensitive
9.0,1830.3733333333337,1816.7355092235357,false,dual_transit_damage,shared,20k,75-25,sensitive
10.0,2137.61,1978.8353641105084,false,dual_transit_damage,shared,20k,75-25,sensitive
11.0,2132.978333333333,2080.7175746448834,false,dual_transit_damage,shared,20k,75-25,sensitive
12.0,1500.195,2117.247250122586,false,dual_transit_damage,shared,20k,75-25,sensitive
13.0,1762.6516666666669,2092.70925139878,false,dual_transit_damage,shared,20k,75-25,sensitive
14.0,1454.5266666666666,2020.0499713989668,false,dual_transit_damage,shared,20k,75-25,sensitive
0.0,16.75,16.75,true,dual_transit_damage,shared,20k,75-25,resistant
1.0,26.93166666666667,25.16274957901717,false,dual_transit_damage,shared,20k,75-25,resistant
2.0,42.105,37.799072384806784,false,dual_transit_damage,shared,20k,75-25,resistant
3.0,64.44166666666668,56.76414455196174,false,dual_transit_damage,shared,20k,75-25,resistant
4.0,128.0016666666667,85.16076562086926,false,dual_transit_damage,shared,20k,75-25,resistant
5.0,186.15166666666664,127.55852450433886,false,dual_transit_damage,shared,20k,75-25,resistant
6.0,262.3983333333333,190.49426605890642,false,dual_transit_damage,shared,20k,75-25,resistant
7.0,430.875,282.9801886960864,false,dual_transit_damage,shared,20k,75-25,resistant
8.0,525.69,416.6682779371555,false,dual_transit_damage,shared,20k,75-25,resistant
9.0,900.48,604.8812929981264,false,dual_transit_damage,shared,20k,75-25,resistant
10.0,1261.5033333333333,858.9225614726595,false,dual_transit_damage,shared,20k,75-25,resistant
11.0,1896.801666666667,1179.645239367495,false,dual_transit_damage,shared,20k,75-25,resistant
12.0,1271.0700000000004,1545.643025334635,false,dual_transit_damage,shared,20k,75-25,resistant
13.0,2274.6516666666666,1910.5615710194104,false,dual_transit_damage,shared,20k,75-25,resistant
14.0,1507.9783333333335,2225.3449238501553,false,dual_transit_damage,shared,20k,75-25,resistant
0.0,25.0,25.0,true,dual_transit_damage,shared,30k,25-75,sensitive
1.0,92.28666666666668,46.73397534273243,false,dual_transit_damage,shared,30k,25-75,sensitive
2.0,166.93666666666667,86.2963017552646,false,dual_transit_damage,shared,30k,25-75,sensitive
3.0,254.01833333333335,156.14374895704512,false,dual_transit_damage,shared,30k,25-75,sensitive
4.0,304.3333333333333,253.60080352390747,false,dual_transit_damage,shared,30k,25-75,sensitive
5.0,467.26833333333326,354.5093148466352,false,dual_transit_damage,shared,30k,25-75,sensitive
6.0,478.9883333333334,452.58688736954446,false,dual_transit_damage,shared,30k,25-75,sensitive
7.0,644.6283333333333,538.620087440947,false,dual_transit_damage,shared,30k,25-75,sensitive
8.0,433.00666666666666,600.4848830827784,false,dual_transit_damage,shared,30k,25-75,sensitive
9.0,360.13166666666666,628.6658519292052,false,dual_transit_damage,shared,30k,25-75,sensitive
10.0,420.3900000000001,623.6444053230042,false,dual_transit_damage,shared,30k,25-75,sensitive
11.0,492.47499999999997,595.3907006211172,false,dual_transit_damage,shared,30k,25-75,sensitive
12.0,788.84,554.6535147445101,false,dual_transit_damage,shared,30k,25-75,sensitive
13.0,1077.7166666666667,508.41086073714575,false,dual_transit_damage,shared,30k,25-75,sensitive
14.0,921.545,460.6214825575131,false,dual_transit_damage,shared,30k,25-75,sensitive
0.0,75.0,75.0,true,dual_transit_damage,shared,30k,25-75,resistant
1.0,87.41333333333334,112.66787977610487,false,dual_transit_damage,shared,30k,25-75,resistant
2.0,146.07000000000002,169.24342114183517,false,dual_transit_damage,shared,30k,25-75,resistant
3.0,261.51,254.15693594616178,false,dual_transit_damage,shared,30k,25-75,resistant
4.0,490.7949999999999,381.3275320574575,false,dual_transit_damage,shared,30k,25-75,resistant
5.0,872.2133333333333,570.878220432581,false,dual_transit_damage,shared,30k,25-75,resistant
6.0,1398.1966666666667,849.7377937347474,false,dual_transit_damage,shared,30k,25-75,resistant
7.0,2656.3349999999996,1246.2155998393227,false,dual_transit_damage,shared,30k,25-75,resistant
8.0,2187.6316666666667,1764.4177562660475,false,dual_transit_damage,shared,30k,25-75,resistant
9.0,3209.313333333333,2330.0881263738515,false,dual_transit_damage,shared,30k,25-75,resistant
10.0,3193.9033333333336,2792.217799346066,false,dual_transit_damage,shared,30k,25-75,resistant
11.0,3624.1133333333332,3072.6785062200233,false,dual_transit_damage,shared,30k,25-75,resistant
12.0,2743.473333333334,3220.016305449885,false,dual_transit_damage,shared,30k,25-75,resistant
13.0,3918.6783333333333,3301.6619766969975,false,dual_transit_damage,shared,30k,25-75,resistant
14.0,3231.2383333333332,3354.3497880045506,false,dual_transit_damage,shared,30k,25-75,resistant
0.0,50.0,50.0,true,dual_transit_damage,shared,30k,50-50,sensitive
1.0,165.45833333333334,93.1427613002731,false,dual_transit_damage,shared,30k,50-50,sensitive
2.0,282.01500000000004,170.67037503504824,false,dual_transit_damage,shared,30k,50-50,sensitive
3.0,432.8383333333333,304.0793953601311,false,dual_transit_damage,shared,30k,50-50,sensitive
4.0,607.8166666666667,483.70533812095516,false,dual_transit_damage,shared,30k,50-50,sensitive
5.0,879.0050000000001,663.6760671906418,false,dual_transit_damage,shared,30k,50-50,sensitive
6.0,947.1116666666667,834.4899456498891,false,dual_transit_damage,shared,30k,50-50,sensitive
7.0,1412.7849999999999,984.628652947385,false,dual_transit_damage,shared,30k,50-50,sensitive
8.0,1018.185,1099.5442744166103,false,dual_transit_damage,shared,30k,50-50,sensitive
9.0,1172.4866666666667,1165.8440412069185,false,dual_transit_damage,shared,30k,50-50,sensitive
10.0,1294.5683333333334,1178.02157709549,false,dual_transit_damage,shared,30k,50-50,sensitive
11.0,1082.5033333333333,1143.1469716957595,false,dual_transit_damage,shared,30k,50-50,sensitive
12.0,1456.9150000000002,1076.7480078784333,false,dual_transit_damage,shared,30k,50-50,sensitive
13.0,1700.3266666666666,993.7511595362591,false,dual_transit_damage,shared,30k,50-50,sensitive
14.0,1370.07,904.2667134372102,false,dual_transit_damage,shared,30k,50-50,sensitive
0.0,50.0,50.0,true,dual_transit_damage,shared,30k,50-50,resistant
1.0,53.36166666666666,75.11142851519685,false,dual_transit_damage,shared,30k,50-50,resistant
2.0,85.83833333333332,112.82276772464584,false,dual_transit_damage,shared,30k,50-50,resistant
3.0,136.93666666666667,169.37842906131658,false,dual_transit_damage,shared,30k,50-50,resistant
4.0,278.0416666666667,253.88643645717656,false,dual_transit_damage,shared,30k,50-50,resistant
5.0,439.5783333333333,379.52077268199554,false,dual_transit_damage,shared,30k,50-50,resistant
6.0,738.2216666666667,564.1352453660052,false,dual_transit_damage,shared,30k,50-50,resistant
7.0,1333.6733333333334,828.929686911161,false,dual_transit_damage,shared,30k,50-50,resistant
8.0,1333.7316666666666,1190.4867966195934,false,dual_transit_damage,shared,30k,50-50,resistant
9.0,2235.375,1639.302290323529,false,dual_transit_damage,shared,30k,50-50,resistant
10.0,2239.6666666666665,2112.8664812484826,false,dual_transit_damage,shared,30k,50-50,resistant
11.0,2711.556666666667,2515.27566722864,false,dual_transit_damage,shared,30k,50-50,resistant
12.0,2136.7833333333333,2797.0414307492097,false,dual_transit_damage,shared,30k,50-50,resistant
13.0,3352.3216666666667,2978.417268861715,false,dual_transit_damage,shared,30k,50-50,resistant
14.0,2315.278333333333,3098.899341663197,false,dual_transit_damage,shared,30k,50-50,resistant
0.0,75.0,75.0,true,dual_transit_damage,shared,30k,75-25,sensitive
1.0,218.08333333333334,139.23148031657618,false,dual_transit_damage,shared,30k,75-25,sensitive
2.0,356.52833333333336,253.209366466972,false,dual_transit_damage,shared,30k,75-25,sensitive
3.0,545.945,444.61273338240034,false,dual_transit_damage,shared,30k,75-25,sensitive
4.0,755.7766666666666,694.2762448260966,false,dual_transit_damage,shared,30k,75-25,sensitive
5.0,1013.1566666666666,938.3809716994263,false,dual_transit_damage,shared,30k,75-25,sensitive
6.0,1191.6316666666664,1167.6652880270567,false,dual_transit_damage,shared,30k,75-25,sensitive
7.0,1758.6866666666667,1373.3204289225241,false,dual_transit_damage,shared,30k,75-25,sensitive
8.0,1400.4566666666667,1544.498843161435,false,dual_transit_damage,shared,30k,75-25,sensitive
9.0,1660.7133333333334,1669.8045788391032,false,dual_transit_damage,shared,30k,75-25,sensitive
10.0,2107.1266666666666,1739.5328288860157,false,dual_transit_damage,shared,30k,75-25,sensitive
11.0,1744.1750000000002,1748.9785676576548,false,dual_transit_damage,shared,30k,75-25,sensitive
12.0,1827.7083333333333,1701.8894246875852,false,dual_transit_damage,shared,30k,75-25,sensitive
13.0,1923.9083333333335,1610.8255166475806,false,dual_transit_damage,shared,30k,75-25,sensitive
14.0,1647.07,1492.3797675060734,false,dual_transit_damage,shared,30k,75-25,sensitive
0.0,25.0,25.0,true,dual_transit_damage,shared,30k,75-25,resistant
1.0,28.45,37.55541803280318,false,dual_transit_damage,shared,30k,75-25,resistant
2.0,45.685,56.40742945139407,false,dual_transit_damage,shared,30k,75-25,resistant
3.0,72.71833333333332,84.6499930079618,false,dual_transit_damage,shared,30k,75-25,resistant
4.0,127.53333333333332,126.73976781756753,false,dual_transit_damage,shared,30k,75-25,resistant
5.0,211.36,189.205178789542,false,dual_transit_damage,shared,30k,75-25,resistant
6.0,311.8583333333333,281.1301139054546,false,dual_transit_damage,shared,30k,75-25,resistant
7.0,585.2883333333333,414.5552095610249,false,dual_transit_damage,shared,30k,75-25,resistant
8.0,720.1316666666667,603.9604603111081,false,dual_transit_damage,shared,30k,75-25,resistant
9.0,1168.5216666666668,863.2224416336464,false,dual_transit_damage,shared,30k,75-25,resistant
10.0,1358.1716666666664,1197.4448988404772,false,dual_transit_damage,shared,30k,75-25,resistant
11.0,1719.3033333333333,1589.155427093794,false,dual_transit_damage,shared,30k,75-25,resistant
12.0,1458.7166666666665,1990.2398824829359,false,dual_transit_damage,shared,30k,75-25,resistant
13.0,2386.6633333333334,2342.053207290781,false,dual_transit_damage,shared,30k,75-25,resistant
14.0,1738.6666666666667,2613.8788027802716,false,dual_transit_damage,shared,30k,75-25,resistant
0.0,16.75,16.75,true,dual_transit_load_scaled,shared,20k,25-75,sensitive
1.0,99.62333333333333,32.99866786477208,false,dual_transit_load_scaled,shared,20k,25-75,sensitive
2.0,151.64666666666665,64.44550456096637,false,dual_transit_load_scaled,shared,20k,25-75,sensitive
3.0,256.715,123.96577947648181,false,dual_transit_load_scaled,shared,20k,25-75,sensitive
4.0,308.39166666666665,232.24352914039648,false,dual_transit_load_scaled,shared,20k,25-75,sensitive
5.0,458.41,362.8440514517055,false,dual_transit_load_scaled,shared,20k,25-75,sensitive
6.0,443.1983333333333,458.75355061501665,false,dual_transit_load_scaled,shared,20k,25-75,sensitive
7.0,684.745,526.8252419766621,false,dual_transit_load_scaled,shared,20k,25-75,sensitive
8.0,381.4466666666667,574.7158765521834,false,dual_transit_load_scaled,shared,20k,25-75,sensitive
9.0,434.4266666666667,607.2126271158562,false,dual_transit_load_scaled,shared,20k,25-75,sensitive
10.0,381.8066666666667,626.5408935925789,false,dual_transit_load_scaled,shared,20k,25-75,sensitive
11.0,827.9266666666667,635.4606842812924,false,dual_transit_load_scaled,shared,20k,25-75,sensitive
12.0,564.2466666666667,639.8741057129747,false,dual_transit_load_scaled,shared,20k,25-75,sensitive
13.0,1105.2716666666665,645.4596457371407,false,dual_transit_load_scaled,shared,20k,25-75,sensitive
14.0,404.80333333333334,654.8376206869705,false,dual_transit_load_scaled,shared,20k,25-75,sensitive
0.0,50.25,50.25,true,dual_transit_load_scaled,shared,20k,25-75,resistant
1.0,88.58666666666666,75.4884858475571,false,dual_transit_load_scaled,shared,20k,25-75,resistant
2.0,143.335,113.40114241350548,false,dual_transit_load_scaled,shared,20k,25-75,resistant
3.0,247.62666666666667,170.33959268894995,false,dual_transit_load_scaled,shared,20k,25-75,resistant
4.0,494.3083333333334,255.75544870210246,false,dual_transit_load_scaled,shared,20k,25-75,resistant
5.0,903.3716666666666,383.5873817830185,false,dual_transit_load_scaled,shared,20k,25-75,resistant
6.0,1360.0966666666666,574.3410342465379,false,dual_transit_load_scaled,shared,20k,25-75,resistant
7.0,2438.3766666666666,856.228482704227,false,dual_transit_load_scaled,shared,20k,25-75,resistant
8.0,1945.3233333333335,1261.3849962510767,false,dual_transit_load_scaled,shared,20k,25-75,resistant
9.0,3250.286666666667,1800.30247182844,false,dual_transit_load_scaled,shared,20k,25-75,resistant
10.0,3135.64,2392.7264510101645,false,dual_transit_load_scaled,shared,20k,25-75,resistant
11.0,3987.5866666666666,2850.9527962432107,false,dual_transit_load_scaled,shared,20k,25-75,resistant
12.0,2308.2483333333334,3081.2782205071962,false,dual_transit_load_scaled,shared,20k,25-75,resistant
13.0,3826.773333333333,3159.618129505193,false,dual_transit_load_scaled,shared,20k,25-75,resistant
14.0,2159.3716666666664,3173.447380066246,false,dual_transit_load_scaled,shared,20k,25-75,resistant
0.0,33.5,33.5,true,dual_transit_load_scaled,shared,20k,50-50,sensitive
1.0,154.28,65.81333485605695,false,dual_transit_load_scaled,shared,20k,50-50,sensitive
2.0,285.20666666666665,127.69885612373153,false,dual_transit_load_scaled,shared,20k,50-50,sensitive
3.0,425.075,242.27338404989686,false,dual_transit_load_scaled,shared,20k,50-50,sensitive
4.0,562.615,441.87863800175086,false,dual_transit_load_scaled,shared,20k,50-50,sensitive
5.0,850.4516666666667,679.705518720322,false,dual_transit_load_scaled,shared,20k,50-50,sensitive
6.0,932.2550000000001,865.8775382602626,false,dual_transit_load_scaled,shared,20k,50-50,sensitive
7.0,1392.045,1008.9232417494526,false,dual_transit_load_scaled,shared,20k,50-50,sensitive
8.0,999.73,1119.043278562011,false,dual_transit_load_scaled,shared,20k,50-50,sensitive
9.0,1287.6316666666664,1202.6804798708818,false,dual_transit_load_scaled,shared,20k,50-50,sensitive
10.0,1285.185,1261.9892469069282,false,dual_transit_load_scaled,shared,20k,50-50,sensitive
11.0,1589.9216666666669,1297.0421943238107,false,dual_transit_load_scaled,shared,20k,50-50,sensitive
12.0,1183.66,1312.2294683317716,false,dual_transit_load_scaled,shared,20k,50-50,sensitive
13.0,1283.0133333333333,1317.9660706414338,false,dual_transit_load_scaled,shared,20k,50-50,sensitive
14.0,1010.3066666666667,1323.653872152459,false,dual_transit_load_scaled,shared,20k,50-50,sensitive
0.0,33.5,33.5,true,dual_transit_load_scaled,shared,20k,50-50,resistant
1.0,51.281666666666666,50.325584522697206,false,dual_transit_load_scaled,shared,20k,50-50,resistant
2.0,89.81333333333333,75.59961661633093,false,dual_transit_load_scaled,shared,20k,50-50,resistant
3.0,141.95833333333334,113.54644738342954,false,dual_transit_load_scaled,shared,20k,50-50,resistant
4.0,269.67333333333335,170.37388735537178,false,dual_transit_load_scaled,shared,20k,50-50,resistant
5.0,503.14333333333326,255.10575766133908,false,dual_transit_load_scaled,shared,20k,50-50,resistant
6.0,640.2366666666667,381.2818221035236,false,dual_transit_load_scaled,shared,20k,50-50,resistant
7.0,1228.7583333333334,567.7723893901972,false,dual_transit_load_scaled,shared,20k,50-50,resistant
8.0,1159.7433333333333,838.4688611488166,false,dual_transit_load_scaled,shared,20k,50-50,resistant
9.0,2141.5383333333334,1214.4133935412933,false,dual_transit_load_scaled,shared,20k,50-50,resistant
10.0,2331.901666666666,1684.5368437846025,false,dual_transit_load_scaled,shared,20k,50-50,resistant
11.0,3319.126666666667,2158.023857530288,false,dual_transit_load_scaled,shared,20k,50-50,resistant
12.0,1939.1216666666667,2497.4415420293053,false,dual_transit_load_scaled,shared,20k,50-50,resistant
13.0,3037.8416666666667,2662.5973859106634,false,dual_transit_load_scaled,shared,20k,50-50,resistant
14.0,1923.26,2715.0672665269944,false,dual_transit_load_scaled,shared,20k,50-50,resistant
0.0,50.25,50.25,true,dual_transit_load_scaled,shared,20k,75-25,sensitive
1.0,216.94833333333335,98.4461458595596,false,dual_transit_load_scaled,shared,20k,75-25,sensitive
2.0,395.03833333333336,189.80189513547742,false,dual_transit_load_scaled,shared,20k,75-25,sensitive
3.0,575.9033333333333,355.3762959771279,false,dual_transit_load_scaled,shared,20k,75-25,sensitive
4.0,750.965,632.5062017543805,false,dual_transit_load_scaled,shared,20k,75-25,sensitive
5.0,1098.7666666666667,957.4306483231687,false,dual_transit_load_scaled,shared,20k,75-25,sensitive
6.0,1222.9466666666665,1223.2419249878403,false,dual_transit_load_scaled,shared,20k,75-25,sensitive
7.0,1636.885,1439.4749420304274,false,dual_transit_load_scaled,shared,20k,75-25,sensitive
8.0,1417.09,1617.570456073962,false,dual_transit_load_scaled,shared,20k,75-25,sensitive
9.0,1830.3733333333337,1765.1285737647554,false,dual_transit_load_scaled,shared,20k,75-25,sensitive
10.0,2137.61,1885.2557768618888,false,dual_transit_load_scaled,shared,20k,75-25,sensitive
11.0,2132.978333333333,1976.2204297604858,false,dual_transit_load_scaled,shared,20k,75-25,sensitive
12.0,1500.195,2033.9470407282683,false,dual_transit_load_scaled,shared,20k,75-25,sensitive
13.0,1762.6516666666669,2058.970468554647,false,dual_transit_load_scaled,shared,20k,75-25,sensitive
14.0,1454.5266666666666,2060.9740442446946,false,dual_transit_load_scaled,shared,20k,75-25,sensitive
0.0,16.75,16.75,true,dual_transit_load_scaled,shared,20k,75-25,resistant
1.0,26.93166666666667,25.16274957901717,false,dual_transit_load_scaled,shared,20k,75-25,resistant
2.0,42.105,37.799072384806784,false,dual_transit_load_scaled,shared,20k,75-25,resistant
3.0,64.44166666666668,56.7641398975124,false,dual_transit_load_scaled,shared,20k,75-25,resistant
4.0,128.0016666666667,85.09776391550992,false,dual_transit_load_scaled,shared,20k,75-25,resistant
5.0,186.15166666666664,127.14434018095946,false,dual_transit_load_scaled,shared,20k,75-25,resistant
6.0,262.3983333333333,189.6257455884223,false,dual_transit_load_scaled,shared,20k,75-25,resistant
7.0,430.875,282.02021763757756,false,dual_transit_load_scaled,shared,20k,75-25,resistant
8.0,525.69,417.2838659815734,false,dual_transit_load_scaled,shared,20k,75-25,resistant
9.0,900.48,611.3488464687591,false,dual_transit_load_scaled,shared,20k,75-25,resistant
10.0,1261.5033333333333,878.3634876000062,false,dual_transit_load_scaled,shared,20k,75-25,resistant
11.0,1896.801666666667,1215.6193135266376,false,dual_transit_load_scaled,shared,20k,75-25,resistant
12.0,1271.0700000000004,1578.6552529734213,false,dual_transit_load_scaled,shared,20k,75-25,resistant
13.0,2274.6516666666666,1883.6310651415338,false,dual_transit_load_scaled,shared,20k,75-25,resistant
14.0,1507.9783333333335,2073.614591385358,false,dual_transit_load_scaled,shared,20k,75-25,resistant
0.0,25.0,25.0,true,dual_transit_load_scaled,shared,30k,25-75,sensitive
1.0,92.28666666666668,46.73397534273243,false,dual_transit_load_scaled,shared,30k,25-75,sensitive
2.0,166.93666666666667,86.2963017552646,false,dual_transit_load_scaled,shared,30k,25-75,sensitive
3.0,254.01833333333335,156.14869996190376,false,dual_transit_load_scaled,shared,30k,25-75,sensitive
4.0,304.3333333333333,273.3350774349335,false,dual_transit_load_scaled,shared,30k,25-75,sensitive
5.0,467.26833333333326,406.2946766058552,false,dual_transit_load_scaled,shared,30k,25-75,sensitive
6.0,478.9883333333334,500.4311823351613,false,dual_transit_load_scaled,shared,30k,25-75,sensitive
7.0,644.6283333333333,563.319408544276,false,dual_transit_load_scaled,shared,30k,25-75,sensitive
8.0,433.00666666666666,601.7048341193541,false,dual_transit_load_scaled,shared,30k,25-75,sensitive
9.0,360.13166666666666,619.1875279310459,false,dual_transit_load_scaled,shared,30k,25-75,sensitive
10.0,420.3900000000001,620.0974681443686,false,dual_transit_load_scaled,shared,30k,25-75,sensitive
11.0,492.47499999999997,612.1046479067415,false,dual_transit_load_scaled,shared,30k,25-75,sensitive
12.0,788.84,602.2049037213988,false,dual_transit_load_scaled,shared,30k,25-75,sensitive
13.0,1077.7166666666667,593.7651903054525,false,dual_transit_load_scaled,shared,30k,25-75,sensitive
14.0,921.545,587.6670994228994,false,dual_transit_load_scaled,shared,30k,25-75,sensitive
0.0,75.0,75.0,true,dual_transit_load_scaled,shared,30k,25-75,resistant
1.0,87.41333333333334,112.66787977610487,false,dual_transit_load_scaled,shared,30k,25-75,resistant
2.0,146.07000000000002,169.24342114183517,false,dual_transit_load_scaled,shared,30k,25-75,resistant
3.0,261.51,254.15692654806085,false,dual_transit_load_scaled,shared,30k,25-75,resistant
4.0,490.7949999999999,381.2060452331265,false,dual_transit_load_scaled,shared,30k,25-75,resistant
5.0,872.2133333333333,570.0805826194452,false,dual_transit_load_scaled,shared,30k,25-75,resistant
6.0,1398.1966666666667,848.2558335270968,false,dual_transit_load_scaled,shared,30k,25-75,resistant
7.0,2656.3349999999996,1245.9638933444978,false,dual_transit_load_scaled,shared,30k,25-75,resistant
8.0,2187.6316666666667,1770.9206470072018,false,dual_transit_load_scaled,shared,30k,25-75,resistant
9.0,3209.313333333333,2344.581639312509,false,dual_transit_load_scaled,shared,30k,25-75,resistant
10.0,3193.9033333333336,2792.5547284840577,false,dual_transit_load_scaled,shared,30k,25-75,resistant
11.0,3624.1133333333332,3028.403656859696,false,dual_transit_load_scaled,shared,30k,25-75,resistant
12.0,2743.473333333334,3120.272389465962,false,dual_transit_load_scaled,shared,30k,25-75,resistant
13.0,3918.6783333333333,3149.6250688101404,false,dual_transit_load_scaled,shared,30k,25-75,resistant
14.0,3231.2383333333332,3156.626244887016,false,dual_transit_load_scaled,shared,30k,25-75,resistant
0.0,50.0,50.0,true,dual_transit_load_scaled,shared,30k,50-50,sensitive
1.0,165.45833333333334,93.1427613002731,false,dual_transit_load_scaled,shared,30k,50-50,sensitive
2.0,282.01500000000004,170.67037503504824,false,dual_transit_load_scaled,shared,30k,50-50,sensitive
3.0,432.8383333333333,304.0884035885609,false,dual_transit_load_scaled,shared,30k,50-50,sensitive
4.0,607.8166666666667,517.6175013247031,false,dual_transit_load_scaled,shared,30k,50-50,sensitive
5.0,879.0050000000001,756.4763219757297,false,dual_transit_load_scaled,shared,30k,50-50,sensitive
6.0,947.1116666666667,936.5734944186447,false,dual_transit_load_scaled,shared,30k,50-50,sensitive
7.0,1412.7849999999999,1067.1633175028498,false,dual_transit_load_scaled,shared,30k,50-50,sensitive
8.0,1018.185,1157.3364865250128,false,dual_transit_load_scaled,shared,30k,50-50,sensitive
9.0,1172.4866666666667,1211.5614519913256,false,dual_transit_load_scaled,shared,30k,50-50,sensitive
10.0,1294.5683333333334,1232.5670904159438,false,dual_transit_load_scaled,shared,30k,50-50,sensitive
11.0,1082.5033333333333,1227.46165089764,false,dual_transit_load_scaled,shared,30k,50-50,sensitive
12.0,1456.9150000000002,1208.4888686872653,false,dual_transit_load_scaled,shared,30k,50-50,sensitive
13.0,1700.3266666666666,1186.1719512678787,false,dual_transit_load_scaled,shared,30k,50-50,sensitive
14.0,1370.07,1165.8092772039022,false,dual_transit_load_scaled,shared,30k,50-50,sensitive
0.0,50.0,50.0,true,dual_transit_load_scaled,shared,30k,50-50,resistant
1.0,53.36166666666666,75.11142851519685,false,dual_transit_load_scaled,shared,30k,50-50,resistant
2.0,85.83833333333332,112.82276772464584,false,dual_transit_load_scaled,shared,30k,50-50,resistant
3.0,136.93666666666667,169.37841016787937,false,dual_transit_load_scaled,shared,30k,50-50,resistant
4.0,278.0416666666667,253.6548012595019,false,dual_transit_load_scaled,shared,30k,50-50,resistant
5.0,439.5783333333333,378.0052086847359,false,dual_transit_load_scaled,shared,30k,50-50,resistant
6.0,738.2216666666667,560.7079647715192,false,dual_transit_load_scaled,shared,30k,50-50,resistant
7.0,1333.6733333333334,823.8161079478995,false,dual_transit_load_scaled,shared,30k,50-50,resistant
8.0,1333.7316666666666,1185.3134420136441,false,dual_transit_load_scaled,shared,30k,50-50,resistant
9.0,2235.375,1632.5406147779263,false,dual_transit_load_scaled,shared,30k,50-50,resistant
10.0,2239.6666666666665,2083.8277507792923,false,dual_transit_load_scaled,shared,30k,50-50,resistant
11.0,2711.556666666667,2420.353914978572,false,dual_transit_load_scaled,shared,30k,50-50,resistant
12.0,2136.7833333333333,2603.900469606976,false,dual_transit_load_scaled,shared,30k,50-50,resistant
13.0,3352.3216666666667,2683.799429062611,false,dual_transit_load_scaled,shared,30k,50-50,resistant
14.0,2315.278333333333,2714.234959068123,false,dual_transit_load_scaled,shared,30k,50-50,resistant
0.0,75.0,75.0,true,dual_transit_load_scaled,shared,30k,75-25,sensitive
1.0,218.08333333333334,139.23148031657618,false,dual_transit_load_scaled,shared,30k,75-25,sensitive
2.0,356.52833333333336,253.209366466972,false,dual_transit_load_scaled,shared,30k,75-25,sensitive
3.0,545.945,444.62503412705837,false,dual_transit_load_scaled,shared,30k,75-25,sensitive
4.0,755.7766666666666,738.1861856371289,false,dual_transit_load_scaled,shared,30k,75-25,sensitive
5.0,1013.1566666666666,1061.2441000704675,false,dual_transit_load_scaled,shared,30k,75-25,sensitive
6.0,1191.6316666666664,1316.3574668315355,false,dual_transit_load_scaled,shared,30k,75-25,sensitive
7.0,1758.6866666666667,1513.817998729436,false,dual_transit_load_scaled,shared,30k,75-25,sensitive
8.0,1400.4566666666667,1664.3883718968327,false,dual_transit_load_scaled,shared,30k,75-25,sensitive
9.0,1660.7133333333334,1774.2401446378503,false,dual_transit_load_scaled,shared,30k,75-25,sensitive
10.0,2107.1266666666666,1845.212594458264,false,dual_transit_load_scaled,shared,30k,75-25,sensitive
11.0,1744.1750000000002,1877.306874985318,false,dual_transit_load_scaled,shared,30k,75-25,sensitive
12.0,1827.7083333333333,1874.21028274298,false,dual_transit_load_scaled,shared,30k,75-25,sensitive
13.0,1923.9083333333335,1846.6206415632914,false,dual_transit_load_scaled,shared,30k,75-25,sensitive
14.0,1647.07,1807.832032243177,false,dual_transit_load_scaled,shared,30k,75-25,sensitive
0.0,25.0,25.0,true,dual_transit_load_scaled,shared,30k,75-25,resistant
1.0,28.45,37.55541803280318,false,dual_transit_load_scaled,shared,30k,75-25,resistant
2.0,45.685,56.40742945139407,false,dual_transit_load_scaled,shared,30k,75-25,resistant
3.0,72.71833333333332,84.64997382603372,false,dual_transit_load_scaled,shared,30k,75-25,resistant
4.0,127.53333333333332,126.51789767136547,false,dual_transit_load_scaled,shared,30k,75-25,resistant
5.0,211.36,187.77559750671486,false,dual_transit_load_scaled,shared,30k,75-25,resistant
6.0,311.8583333333333,277.6884102335809,false,dual_transit_load_scaled,shared,30k,75-25,resistant
7.0,585.2883333333333,408.2911013262612,false,dual_transit_load_scaled,shared,30k,75-25,resistant
8.0,720.1316666666667,594.0125488031412,false,dual_transit_load_scaled,shared,30k,75-25,resistant
9.0,1168.5216666666668,847.3864951945881,false,dual_transit_load_scaled,shared,30k,75-25,resistant
10.0,1358.1716666666664,1166.5160139850484,false,dual_transit_load_scaled,shared,30k,75-25,resistant
11.0,1719.3033333333333,1515.3831572464214,false,dual_transit_load_scaled,shared,30k,75-25,resistant
12.0,1458.7166666666665,1824.3576575146417,false,dual_transit_load_scaled,shared,30k,75-25,resistant
13.0,2386.6633333333334,2039.6295489134718,false,dual_transit_load_scaled,shared,30k,75-25,resistant
14.0,1738.6666666666667,2162.8387757758114,false,dual_transit_load_scaled,shared,30k,75-25,resistant
0.0,16.75,16.75,true,sensitive_tolerant_transition,shared,20k,25-75,sensitive
1.0,99.62333333333333,32.998664577609844,false,sensitive_tolerant_transition,shared,20k,25-75,sensitive
2.0,151.64666666666665,64.44549810466737,false,sensitive_tolerant_transition,shared,20k,25-75,sensitive
3.0,256.715,123.9657672869988,false,sensitive_tolerant_transition,shared,20k,25-75,sensitive
4.0,308.39166666666665,232.29367545821782,false,sensitive_tolerant_transition,shared,20k,25-75,sensitive
5.0,458.41,398.85025107778847,false,sensitive_tolerant_transition,shared,20k,25-75,sensitive
6.0,443.1983333333333,535.6427315958654,false,sensitive_tolerant_transition,shared,20k,25-75,sensitive
7.0,684.745,602.2375294428857,false,sensitive_tolerant_transition,shared,20k,25-75,sensitive
8.0,381.4466666666667,637.5110948086724,false,sensitive_tolerant_transition,shared,20k,25-75,sensitive
9.0,434.4266666666667,692.1748766478448,false,sensitive_tolerant_transition,shared,20k,25-75,sensitive
10.0,381.8066666666667,770.533383668504,false,sensitive_tolerant_transition,shared,20k,25-75,sensitive
11.0,827.9266666666667,846.2748722264452,false,sensitive_tolerant_transition,shared,20k,25-75,sensitive
12.0,564.2466666666667,903.0513217774355,false,sensitive_tolerant_transition,shared,20k,25-75,sensitive
13.0,1105.2716666666665,939.9777245587462,false,sensitive_tolerant_transition,shared,20k,25-75,sensitive
14.0,404.80333333333334,960.7722160240288,false,sensitive_tolerant_transition,shared,20k,25-75,sensitive
0.0,50.25,50.25,true,sensitive_tolerant_transition,shared,20k,25-75,resistant
1.0,88.58666666666666,75.48848583884416,false,sensitive_tolerant_transition,shared,20k,25-75,resistant
2.0,143.335,113.4011423859083,false,sensitive_tolerant_transition,shared,20k,25-75,resistant
3.0,247.62666666666667,170.3395926165451,false,sensitive_tolerant_transition,shared,20k,25-75,resistant
4.0,494.3083333333334,255.75533315600308,false,sensitive_tolerant_transition,shared,20k,25-75,resistant
5.0,903.3716666666666,383.23213167961876,false,sensitive_tolerant_transition,shared,20k,25-75,resistant
6.0,1360.0966666666666,570.7326239540773,false,sensitive_tolerant_transition,shared,20k,25-75,resistant
7.0,2438.3766666666666,839.5704731472614,false,sensitive_tolerant_transition,shared,20k,25-75,resistant
8.0,1945.3233333333335,1206.999723524778,false,sensitive_tolerant_transition,shared,20k,25-75,resistant
9.0,3250.286666666667,1655.5452928346426,false,sensitive_tolerant_transition,shared,20k,25-75,resistant
10.0,3135.64,2084.9492354936947,false,sensitive_tolerant_transition,shared,20k,25-75,resistant
11.0,3987.5866666666666,2363.2441221884637,false,sensitive_tolerant_transition,shared,20k,25-75,resistant
12.0,2308.2483333333334,2475.4543280137436,false,sensitive_tolerant_transition,shared,20k,25-75,resistant
13.0,3826.773333333333,2496.5907846230643,false,sensitive_tolerant_transition,shared,20k,25-75,resistant
14.0,2159.3716666666664,2487.0261053953045,false,sensitive_tolerant_transition,shared,20k,25-75,resistant
0.0,33.5,33.5,true,sensitive_tolerant_transition,shared,20k,50-50,sensitive
1.0,154.28,65.81332841199927,false,sensitive_tolerant_transition,shared,20k,50-50,sensitive
2.0,285.20666666666665,127.69884371442309,false,sensitive_tolerant_transition,shared,20k,50-50,sensitive
3.0,425.075,242.27336166899192,false,sensitive_tolerant_transition,shared,20k,50-50,sensitive
4.0,562.615,441.9550790651461,false,sensitive_tolerant_transition,shared,20k,50-50,sensitive
5.0,850.4516666666667,724.4142352088745,false,sensitive_tolerant_transition,shared,20k,50-50,sensitive
6.0,932.2550000000001,916.3150279245697,false,sensitive_tolerant_transition,shared,20k,50-50,sensitive
7.0,1392.045,975.3986643231678,false,sensitive_tolerant_transition,shared,20k,50-50,sensitive
8.0,999.73,994.4776630538206,false,sensitive_tolerant_transition,shared,20k,50-50,sensitive
9.0,1287.6316666666664,1058.6416681873652,false,sensitive_tolerant_transition,shared,20k,50-50,sensitive
10.0,1285.185,1167.6805348761225,false,sensitive_tolerant_transition,shared,20k,50-50,sensitive
11.0,1589.9216666666669,1270.09020882194,false,sensitive_tolerant_transition,shared,20k,50-50,sensitive
12.0,1183.66,1332.6627097350656,false,sensitive_tolerant_transition,shared,20k,50-50,sensitive
13.0,1283.0133333333333,1355.955999948783,false,sensitive_tolerant_transition,shared,20k,50-50,sensitive
14.0,1010.3066666666667,1352.05584656388,false,sensitive_tolerant_transition,shared,20k,50-50,sensitive
0.0,33.5,33.5,true,sensitive_tolerant_transition,shared,20k,50-50,resistant
1.0,51.281666666666666,50.32558451705456,false,sensitive_tolerant_transition,shared,20k,50-50,resistant
2.0,89.81333333333333,75.5996165992148,false,sensitive_tolerant_transition,shared,20k,50-50,resistant
3.0,141.95833333333334,113.54644735315719,false,sensitive_tolerant_transition,shared,20k,50-50,resistant
4.0,269.67333333333335,170.373662259133,false,sensitive_tolerant_transition,shared,20k,50-50,resistant
5.0,503.14333333333326,254.4664529739904,false,sensitive_tolerant_transition,shared,20k,50-50,resistant
6.0,640.2366666666667,375.7362262700806,false,sensitive_tolerant_transition,shared,20k,50-50,resistant
7.0,1228.7583333333334,546.8264950286024,false,sensitive_tolerant_transition,shared,20k,50-50,resistant
8.0,1159.7433333333333,782.2448337289247,false,sensitive_tolerant_transition,shared,20k,50-50,resistant
9.0,2141.5383333333334,1084.2189525055185,false,sensitive_tolerant_transition,shared,20k,50-50,resistant
10.0,2331.901666666666,1413.488466132339,false,sensitive_tolerant_transition,shared,20k,50-50,resistant
11.0,3319.126666666667,1686.8391959529522,false,sensitive_tolerant_transition,shared,20k,50-50,resistant
12.0,1939.1216666666667,1852.0797396727512,false,sensitive_tolerant_transition,shared,20k,50-50,resistant
13.0,3037.8416666666667,1931.6819490914186,false,sensitive_tolerant_transition,shared,20k,50-50,resistant
14.0,1923.26,1971.08584036743,false,sensitive_tolerant_transition,shared,20k,50-50,resistant
0.0,50.25,50.25,true,sensitive_tolerant_transition,shared,20k,75-25,sensitive
1.0,216.94833333333335,98.44613638197362,false,sensitive_tolerant_transition,shared,20k,75-25,sensitive
2.0,395.03833333333336,189.80187721479717,false,sensitive_tolerant_transition,shared,20k,75-25,sensitive
3.0,575.9033333333333,355.3762647907339,false,sensitive_tolerant_transition,shared,20k,75-25,sensitive
4.0,750.965,632.5950224784219,false,sensitive_tolerant_transition,shared,20k,75-25,sensitive
5.0,1098.7666666666667,997.2534964976726,false,sensitive_tolerant_transition,shared,20k,75-25,sensitive
6.0,1222.9466666666665,1206.7725067852343,false,sensitive_tolerant_transition,shared,20k,75-25,sensitive
7.0,1636.885,1241.9206324227146,false,sensitive_tolerant_transition,shared,20k,75-25,sensitive
8.0,1417.09,1245.4132578469541,false,sensitive_tolerant_transition,shared,20k,75-25,sensitive
9.0,1830.3733333333337,1324.7605507251494,false,sensitive_tolerant_transition,shared,20k,75-25,sensitive
10.0,2137.61,1475.3026694045554,false,sensitive_tolerant_transition,shared,20k,75-25,sensitive
11.0,2132.978333333333,1623.767923413155,false,sensitive_tolerant_transition,shared,20k,75-25,sensitive
12.0,1500.195,1714.3872015728969,false,sensitive_tolerant_transition,shared,20k,75-25,sensitive
13.0,1762.6516666666669,1740.6993189234745,false,sensitive_tolerant_transition,shared,20k,75-25,sensitive
14.0,1454.5266666666666,1721.2899896643055,false,sensitive_tolerant_transition,shared,20k,75-25,sensitive
0.0,16.75,16.75,true,sensitive_tolerant_transition,shared,20k,75-25,resistant
1.0,26.93166666666667,25.162749576308126,false,sensitive_tolerant_transition,shared,20k,75-25,resistant
2.0,42.105,37.79907237713332,false,sensitive_tolerant_transition,shared,20k,75-25,resistant
3.0,64.44166666666668,56.76413989319054,false,sensitive_tolerant_transition,shared,20k,75-25,resistant
4.0,128.0016666666667,85.09755205694032,false,sensitive_tolerant_transition,shared,20k,75-25,resistant
5.0,186.15166666666664,126.5866024522762,false,sensitive_tolerant_transition,shared,20k,75-25,resistant
6.0,262.3983333333333,185.37469167859845,false,sensitive_tolerant_transition,shared,20k,75-25,resistant
7.0,430.875,268.1713658520914,false,sensitive_tolerant_transition,shared,20k,75-25,resistant
8.0,525.69,384.86545257427736,false,sensitive_tolerant_transition,shared,20k,75-25,resistant
9.0,900.48,543.46691912174,false,sensitive_tolerant_transition,shared,20k,75-25,resistant
10.0,1261.5033333333333,739.518664264345,false,sensitive_tolerant_transition,shared,20k,75-25,resistant
11.0,1896.801666666667,946.2227520189016,false,sensitive_tolerant_transition,shared,20k,75-25,resistant
12.0,1271.0700000000004,1127.3772242378495,false,sensitive_tolerant_transition,shared,20k,75-25,resistant
13.0,2274.6516666666666,1267.1054476576517,false,sensitive_tolerant_transition,shared,20k,75-25,resistant
14.0,1507.9783333333335,1374.1501357593702,false,sensitive_tolerant_transition,shared,20k,75-25,resistant
0.0,25.0,25.0,true,sensitive_tolerant_transition,shared,30k,25-75,sensitive
1.0,92.28666666666668,46.73397108266514,false,sensitive_tolerant_transition,shared,30k,25-75,sensitive
2.0,166.93666666666667,86.29629391391104,false,sensitive_tolerant_transition,shared,30k,25-75,sensitive
3.0,254.01833333333335,156.14868620507028,false,sensitive_tolerant_transition,shared,30k,25-75,sensitive
4.0,304.3333333333333,273.3831048766576,false,sensitive_tolerant_transition,shared,30k,25-75,sensitive
5.0,467.26833333333326,435.29701071861206,false,sensitive_tolerant_transition,shared,30k,25-75,sensitive
6.0,478.9883333333334,539.0836558228657,false,sensitive_tolerant_transition,shared,30k,25-75,sensitive
7.0,644.6283333333333,556.6577238588752,false,sensitive_tolerant_transition,shared,30k,25-75,sensitive
8.0,433.00666666666666,538.8229536279771,false,sensitive_tolerant_transition,shared,30k,25-75,sensitive
9.0,360.13166666666666,534.6224901837198,false,sensitive_tolerant_transition,shared,30k,25-75,sensitive
10.0,420.3900000000001,549.7977585627727,false,sensitive_tolerant_transition,shared,30k,25-75,sensitive
11.0,492.47499999999997,568.9900269767367,false,sensitive_tolerant_transition,shared,30k,25-75,sensitive
12.0,788.84,581.9393218854852,false,sensitive_tolerant_transition,shared,30k,25-75,sensitive
13.0,1077.7166666666667,586.2213735125218,false,sensitive_tolerant_transition,shared,30k,25-75,sensitive
14.0,921.545,582.5710743736772,false,sensitive_tolerant_transition,shared,30k,25-75,sensitive
0.0,75.0,75.0,true,sensitive_tolerant_transition,shared,30k,25-75,resistant
1.0,87.41333333333334,112.66787976386513,false,sensitive_tolerant_transition,shared,30k,25-75,resistant
2.0,146.07000000000002,169.24342110411706,false,sensitive_tolerant_transition,shared,30k,25-75,resistant
3.0,261.51,254.15692647679037,false,sensitive_tolerant_transition,shared,30k,25-75,resistant
4.0,490.7949999999999,381.2056431798936,false,sensitive_tolerant_transition,shared,30k,25-75,resistant
5.0,872.2133333333333,568.960570390214,false,sensitive_tolerant_transition,shared,30k,25-75,resistant
6.0,1398.1966666666667,838.1833057984572,false,sensitive_tolerant_transition,shared,30k,25-75,resistant
7.0,2656.3349999999996,1206.228665126983,false,sensitive_tolerant_transition,shared,30k,25-75,resistant
8.0,2187.6316666666667,1668.057384311667,false,sensitive_tolerant_transition,shared,30k,25-75,resistant
9.0,3209.313333333333,2152.6382910437933,false,sensitive_tolerant_transition,shared,30k,25-75,resistant
10.0,3193.9033333333336,2526.149076530489,false,sensitive_tolerant_transition,shared,30k,25-75,resistant
11.0,3624.1133333333332,2724.199119096211,false,sensitive_tolerant_transition,shared,30k,25-75,resistant
12.0,2743.473333333334,2800.1348348338865,false,sensitive_tolerant_transition,shared,30k,25-75,resistant
13.0,3918.6783333333333,2823.871881484183,false,sensitive_tolerant_transition,shared,30k,25-75,resistant
14.0,3231.2383333333332,2833.201807402739,false,sensitive_tolerant_transition,shared,30k,25-75,resistant
0.0,50.0,50.0,true,sensitive_tolerant_transition,shared,30k,50-50,sensitive
1.0,165.45833333333334,93.14275300399083,false,sensitive_tolerant_transition,shared,30k,50-50,sensitive
2.0,282.01500000000004,170.67036010744914,false,sensitive_tolerant_transition,shared,30k,50-50,sensitive
3.0,432.8383333333333,304.0883785149797,false,sensitive_tolerant_transition,shared,30k,50-50,sensitive
4.0,607.8166666666667,517.6882168369045,false,sensitive_tolerant_transition,shared,30k,50-50,sensitive
5.0,879.0050000000001,788.4644604716145,false,sensitive_tolerant_transition,shared,30k,50-50,sensitive
6.0,947.1116666666667,928.3960726281484,false,sensitive_tolerant_transition,shared,30k,50-50,sensitive
7.0,1412.7849999999999,924.6347564908428,false,sensitive_tolerant_transition,shared,30k,50-50,sensitive
8.0,1018.185,884.6253733072226,false,sensitive_tolerant_transition,shared,30k,50-50,sensitive
9.0,1172.4866666666667,885.4030603878622,false,sensitive_tolerant_transition,shared,30k,50-50,sensitive
10.0,1294.5683333333334,923.8445971100001,false,sensitive_tolerant_transition,shared,30k,50-50,sensitive
11.0,1082.5033333333333,962.1558878775976,false,sensitive_tolerant_transition,shared,30k,50-50,sensitive
12.0,1456.9150000000002,979.420679129826,false,sensitive_tolerant_transition,shared,30k,50-50,sensitive
13.0,1700.3266666666666,975.4763383477009,false,sensitive_tolerant_transition,shared,30k,50-50,sensitive
14.0,1370.07,956.1843296331409,false,sensitive_tolerant_transition,shared,30k,50-50,sensitive
0.0,50.0,50.0,true,sensitive_tolerant_transition,shared,30k,50-50,resistant
1.0,53.36166666666666,75.11142850781962,false,sensitive_tolerant_transition,shared,30k,50-50,resistant
2.0,85.83833333333332,112.82276770417432,false,sensitive_tolerant_transition,shared,30k,50-50,resistant
3.0,136.93666666666667,169.37841016775246,false,sensitive_tolerant_transition,shared,30k,50-50,resistant
4.0,278.0416666666667,253.65408545612306,false,sensitive_tolerant_transition,shared,30k,50-50,resistant
5.0,439.5783333333333,376.20098681936764,false,sensitive_tolerant_transition,shared,30k,50-50,resistant
6.0,738.2216666666667,547.0172524208127,false,sensitive_tolerant_transition,shared,30k,50-50,resistant
7.0,1333.6733333333334,779.020741482659,false,sensitive_tolerant_transition,shared,30k,50-50,resistant
8.0,1333.7316666666666,1084.2377102142696,false,sensitive_tolerant_transition,shared,30k,50-50,resistant
9.0,2235.375,1448.5258248228497,false,sensitive_tolerant_transition,shared,30k,50-50,resistant
10.0,2239.6666666666665,1803.0867013596849,false,sensitive_tolerant_transition,shared,30k,50-50,resistant
11.0,2711.556666666667,2060.2036862044242,false,sensitive_tolerant_transition,shared,30k,50-50,resistant
12.0,2136.7833333333333,2201.7582138743505,false,sensitive_tolerant_transition,shared,30k,50-50,resistant
13.0,3352.3216666666667,2272.1979301050415,false,sensitive_tolerant_transition,shared,30k,50-50,resistant
14.0,2315.278333333333,2315.001922015759,false,sensitive_tolerant_transition,shared,30k,50-50,resistant
0.0,75.0,75.0,true,sensitive_tolerant_transition,shared,30k,75-25,sensitive
1.0,218.08333333333334,139.23146819450605,false,sensitive_tolerant_transition,shared,30k,75-25,sensitive
2.0,356.52833333333336,253.20934510842946,false,sensitive_tolerant_transition,shared,30k,75-25,sensitive
3.0,545.945,444.6249994542619,false,sensitive_tolerant_transition,shared,30k,75-25,sensitive
4.0,755.7766666666666,738.265841128725,false,sensitive_tolerant_transition,shared,30k,75-25,sensitive
5.0,1013.1566666666666,1084.4575382551282,false,sensitive_tolerant_transition,shared,30k,75-25,sensitive
6.0,1191.6316666666664,1232.1379663753007,false,sensitive_tolerant_transition,shared,30k,75-25,sensitive
7.0,1758.6866666666667,1203.341607794438,false,sensitive_tolerant_transition,shared,30k,75-25,sensitive
8.0,1400.4566666666667,1153.4489634585293,false,sensitive_tolerant_transition,shared,30k,75-25,sensitive
9.0,1660.7133333333334,1178.1869104537448,false,sensitive_tolerant_transition,shared,30k,75-25,sensitive
10.0,2107.1266666666666,1266.51204330723,false,sensitive_tolerant_transition,shared,30k,75-25,sensitive
11.0,1744.1750000000002,1354.8461149632533,false,sensitive_tolerant_transition,shared,30k,75-25,sensitive
12.0,1827.7083333333333,1400.4291274485222,false,sensitive_tolerant_transition,shared,30k,75-25,sensitive
13.0,1923.9083333333335,1400.0834409245642,false,sensitive_tolerant_transition,shared,30k,75-25,sensitive
14.0,1647.07,1367.7096755116834,false,sensitive_tolerant_transition,shared,30k,75-25,sensitive
0.0,25.0,25.0,true,sensitive_tolerant_transition,shared,30k,75-25,resistant
1.0,28.45,37.5554180296344,false,sensitive_tolerant_transition,shared,30k,75-25,resistant
2.0,45.685,56.407429444156016,false,sensitive_tolerant_transition,shared,30k,75-25,resistant
3.0,72.71833333333332,84.64997384975044,false,sensitive_tolerant_transition,shared,30k,75-25,resistant
4.0,127.53333333333332,126.51726370096983,false,sensitive_tolerant_transition,shared,30k,75-25,resistant
5.0,211.36,186.3116068805164,false,sensitive_tolerant_transition,shared,30k,75-25,resistant
6.0,311.8583333333333,267.9554545375841,false,sensitive_tolerant_transition,shared,30k,75-25,resistant
7.0,585.2883333333333,380.382418605165,false,sensitive_tolerant_transition,shared,30k,75-25,resistant
8.0,720.1316666666667,536.515415511925,false,sensitive_tolerant_transition,shared,30k,75-25,resistant
9.0,1168.5216666666668,743.5009770427914,false,sensitive_tolerant_transition,shared,30k,75-25,resistant
10.0,1358.1716666666664,988.0418144668815,false,sensitive_tolerant_transition,shared,30k,75-25,resistant
11.0,1719.3033333333333,1228.7375766104872,false,sensitive_tolerant_transition,shared,30k,75-25,resistant
12.0,1458.7166666666665,1423.0268410898216,false,sensitive_tolerant_transition,shared,30k,75-25,resistant
13.0,2386.6633333333334,1562.761187120976,false,sensitive_tolerant_transition,shared,30k,75-25,resistant
14.0,1738.6666666666667,1666.68985840804,false,sensitive_tolerant_transition,shared,30k,75-25,resistant
0.0,16.75,16.75,true,dual_constant_kill,partial_5pct,20k,25-75,sensitive
1.0,99.62333333333333,27.794762711726825,false,dual_constant_kill,partial_5pct,20k,25-75,sensitive
2.0,151.64666666666665,45.810015847911224,false,dual_constant_kill,partial_5pct,20k,25-75,sensitive
3.0,256.715,74.70837812345464,false,dual_constant_kill,partial_5pct,20k,25-75,sensitive
4.0,308.39166666666665,119.86949812390964,false,dual_constant_kill,partial_5pct,20k,25-75,sensitive
5.0,458.41,187.64357865955708,false,dual_constant_kill,partial_5pct,20k,25-75,sensitive
6.0,443.1983333333333,283.2381716425897,false,dual_constant_kill,partial_5pct,20k,25-75,sensitive
7.0,684.745,406.0874608252369,false,dual_constant_kill,partial_5pct,20k,25-75,sensitive
8.0,381.4466666666667,543.9230595299842,false,dual_constant_kill,partial_5pct,20k,25-75,sensitive
9.0,434.4266666666667,672.2311902965694,false,dual_constant_kill,partial_5pct,20k,25-75,sensitive
10.0,381.8066666666667,767.9499647655737,false,dual_constant_kill,partial_5pct,20k,25-75,sensitive
11.0,827.9266666666667,827.6343925564001,false,dual_constant_kill,partial_5pct,20k,25-75,sensitive
12.0,564.2466666666667,863.7395704184044,false,dual_constant_kill,partial_5pct,20k,25-75,sensitive
13.0,1105.2716666666665,888.393102083658,false,dual_constant_kill,partial_5pct,20k,25-75,sensitive
14.0,404.80333333333334,907.9919593455337,false,dual_constant_kill,partial_5pct,20k,25-75,sensitive
0.0,50.25,50.25,true,dual_constant_kill,partial_5pct,20k,25-75,resistant
1.0,88.58666666666666,75.48852189449653,false,dual_constant_kill,partial_5pct,20k,25-75,resistant
2.0,143.335,113.40186833274612,false,dual_constant_kill,partial_5pct,20k,25-75,resistant
3.0,247.62666666666667,170.34847222020923,false,dual_constant_kill,partial_5pct,20k,25-75,resistant
4.0,494.3083333333334,255.84453064334787,false,dual_constant_kill,partial_5pct,20k,25-75,resistant
5.0,903.3716666666666,383.98938369608067,false,dual_constant_kill,partial_5pct,20k,25-75,resistant
6.0,1360.0966666666666,574.9411358712587,false,dual_constant_kill,partial_5pct,20k,25-75,resistant
7.0,2438.3766666666666,854.1160997295483,false,dual_constant_kill,partial_5pct,20k,25-75,resistant
8.0,1945.3233333333335,1240.0606631840003,false,dual_constant_kill,partial_5pct,20k,25-75,resistant
9.0,3250.286666666667,1703.9471877635576,false,dual_constant_kill,partial_5pct,20k,25-75,resistant
10.0,3135.64,2128.6844117276737,false,dual_constant_kill,partial_5pct,20k,25-75,resistant
11.0,3987.5866666666666,2395.625371941128,false,dual_constant_kill,partial_5pct,20k,25-75,resistant
12.0,2308.2483333333334,2510.770567305317,false,dual_constant_kill,partial_5pct,20k,25-75,resistant
13.0,3826.773333333333,2543.4928266189236,false,dual_constant_kill,partial_5pct,20k,25-75,resistant
14.0,2159.3716666666664,2542.590708721798,false,dual_constant_kill,partial_5pct,20k,25-75,resistant
0.0,33.5,33.5,true,dual_constant_kill,partial_5pct,20k,50-50,sensitive
1.0,154.28,55.46054049753044,false,dual_constant_kill,partial_5pct,20k,50-50,sensitive
2.0,285.20666666666665,91.02798437749368,false,dual_constant_kill,partial_5pct,20k,50-50,sensitive
3.0,425.075,147.3896688394813,false,dual_constant_kill,partial_5pct,20k,50-50,sensitive
4.0,562.615,233.7008124113809,false,dual_constant_kill,partial_5pct,20k,50-50,sensitive
5.0,850.4516666666667,359.13736286581303,false,dual_constant_kill,partial_5pct,20k,50-50,sensitive
6.0,932.2550000000001,527.8549505572702,false,dual_constant_kill,partial_5pct,20k,50-50,sensitive
7.0,1392.045,731.2452789136701,false,dual_constant_kill,partial_5pct,20k,50-50,sensitive
8.0,999.73,942.8946262278016,false,dual_constant_kill,partial_5pct,20k,50-50,sensitive
9.0,1287.6316666666664,1125.565162553683,false,dual_constant_kill,partial_5pct,20k,50-50,sensitive
10.0,1285.185,1251.4846981143075,false,dual_constant_kill,partial_5pct,20k,50-50,sensitive
11.0,1589.9216666666669,1318.4299457353745,false,dual_constant_kill,partial_5pct,20k,50-50,sensitive
12.0,1183.66,1343.6526373982808,false,dual_constant_kill,partial_5pct,20k,50-50,sensitive
13.0,1283.0133333333333,1346.4390187852678,false,dual_constant_kill,partial_5pct,20k,50-50,sensitive
14.0,1010.3066666666667,1339.3127875867037,false,dual_constant_kill,partial_5pct,20k,50-50,sensitive
0.0,33.5,33.5,true,dual_constant_kill,partial_5pct,20k,50-50,resistant
1.0,51.281666666666666,50.32564041556678,false,dual_constant_kill,partial_5pct,20k,50-50,resistant
2.0,89.81333333333333,75.60083459785895,false,dual_constant_kill,partial_5pct,20k,50-50,resistant
3.0,141.95833333333334,113.56243694411448,false,dual_constant_kill,partial_5pct,20k,50-50,resistant
4.0,269.67333333333335,170.5410673366144,false,dual_constant_kill,partial_5pct,20k,50-50,resistant
5.0,503.14333333333326,255.86067859378164,false,dual_constant_kill,partial_5pct,20k,50-50,resistant
6.0,640.2366666666667,382.61415072377207,false,dual_constant_kill,partial_5pct,20k,50-50,resistant
7.0,1228.7583333333334,566.6279249211175,false,dual_constant_kill,partial_5pct,20k,50-50,resistant
8.0,1159.7433333333333,818.8536682970883,false,dual_constant_kill,partial_5pct,20k,50-50,resistant
9.0,2141.5383333333334,1126.034001302125,false,dual_constant_kill,partial_5pct,20k,50-50,resistant
10.0,2331.901666666666,1434.2540560190694,false,dual_constant_kill,partial_5pct,20k,50-50,resistant
11.0,3319.126666666667,1677.4911522748375,false,dual_constant_kill,partial_5pct,20k,50-50,resistant
12.0,1939.1216666666667,1832.9924044411114,false,dual_constant_kill,partial_5pct,20k,50-50,resistant
13.0,3037.8416666666667,1921.8978144515595,false,dual_constant_kill,partial_5pct,20k,50-50,resistant
14.0,1923.26,1972.9977439175861,false,dual_constant_kill,partial_5pct,20k,50-50,resistant
0.0,50.25,50.25,true,dual_constant_kill,partial_5pct,20k,75-25,sensitive
1.0,216.94833333333335,82.99868088120758,false,dual_constant_kill,partial_5pct,20k,75-25,sensitive
2.0,395.03833333333336,135.67027769671975,false,dual_constant_kill,partial_5pct,20k,75-25,sensitive
3.0,575.9033333333333,218.1561725883292,false,dual_constant_kill,partial_5pct,20k,75-25,sensitive
4.0,750.965,342.0884628998165,false,dual_constant_kill,partial_5pct,20k,75-25,sensitive
5.0,1098.7666666666667,517.0883499740393,false,dual_constant_kill,partial_5pct,20k,75-25,sensitive
6.0,1222.9466666666665,743.3530708336965,false,dual_constant_kill,partial_5pct,20k,75-25,sensitive
7.0,1636.885,1003.6317861643943,false,dual_constant_kill,partial_5pct,20k,75-25,sensitive
8.0,1417.09,1263.000725780194,false,dual_constant_kill,partial_5pct,20k,75-25,sensitive
9.0,1830.3733333333337,1482.1554272169376,false,dual_constant_kill,partial_5pct,20k,75-25,sensitive
10.0,2137.61,1635.9429867623028,false,dual_constant_kill,partial_5pct,20k,75-25,sensitive
11.0,2132.978333333333,1721.653592920538,false,dual_constant_kill,partial_5pct,20k,75-25,sensitive
12.0,1500.195,1752.9692673803766,false,dual_constant_kill,partial_5pct,20k,75-25,sensitive
13.0,1762.6516666666669,1748.5336693148872,false,dual_constant_kill,partial_5pct,20k,75-25,sensitive
14.0,1454.5266666666666,1724.1183522886413,false,dual_constant_kill,partial_5pct,20k,75-25,sensitive
0.0,16.75,16.75,true,dual_constant_kill,partial_5pct,20k,75-25,resistant
1.0,26.93166666666667,25.162797737484876,false,dual_constant_kill,partial_5pct,20k,75-25,resistant
2.0,42.105,37.80018737170854,false,dual_constant_kill,partial_5pct,20k,75-25,resistant
3.0,64.44166666666668,56.77941551906498,false,dual_constant_kill,partial_5pct,20k,75-25,resistant
4.0,128.0016666666667,85.25849444518462,false,dual_constant_kill,partial_5pct,20k,75-25,resistant
5.0,186.15166666666664,127.86255183778718,false,dual_constant_kill,partial_5pct,20k,75-25,resistant
6.0,262.3983333333333,191.00329620957822,false,dual_constant_kill,partial_5pct,20k,75-25,resistant
7.0,430.875,282.36098160036744,false,dual_constant_kill,partial_5pct,20k,75-25,resistant
8.0,525.69,408.12726160138004,false,dual_constant_kill,partial_5pct,20k,75-25,resistant
9.0,900.48,567.5181645646201,false,dual_constant_kill,partial_5pct,20k,75-25,resistant
10.0,1261.5033333333333,748.3278805286566,false,dual_constant_kill,partial_5pct,20k,75-25,resistant
11.0,1896.801666666667,930.1451854338377,false,dual_constant_kill,partial_5pct,20k,75-25,resistant
12.0,1271.0700000000004,1094.7843989562746,false,dual_constant_kill,partial_5pct,20k,75-25,resistant
13.0,2274.6516666666666,1233.960492903325,false,dual_constant_kill,partial_5pct,20k,75-25,resistant
14.0,1507.9783333333335,1348.419571915994,false,dual_constant_kill,partial_5pct,20k,75-25,resistant
0.0,25.0,25.0,true,dual_constant_kill,partial_5pct,30k,25-75,sensitive
1.0,92.28666666666668,40.00419067931824,false,dual_constant_kill,partial_5pct,30k,25-75,sensitive
2.0,166.93666666666667,63.379696250389124,false,dual_constant_kill,partial_5pct,30k,25-75,sensitive
3.0,254.01833333333335,98.91014756321998,false,dual_constant_kill,partial_5pct,30k,25-75,sensitive
4.0,304.3333333333333,150.91112880063466,false,dual_constant_kill,partial_5pct,30k,25-75,sensitive
5.0,467.26833333333326,222.75195327402398,false,dual_constant_kill,partial_5pct,30k,25-75,sensitive
6.0,478.9883333333334,313.70432934758736,false,dual_constant_kill,partial_5pct,30k,25-75,sensitive
7.0,644.6283333333333,414.73373462640717,false,dual_constant_kill,partial_5pct,30k,25-75,sensitive
8.0,433.00666666666666,507.4550606806441,false,dual_constant_kill,partial_5pct,30k,25-75,sensitive
9.0,360.13166666666666,573.330545833318,false,dual_constant_kill,partial_5pct,30k,25-75,sensitive
10.0,420.3900000000001,608.6706178146975,false,dual_constant_kill,partial_5pct,30k,25-75,sensitive
11.0,492.47499999999997,623.8691036116754,false,dual_constant_kill,partial_5pct,30k,25-75,sensitive
12.0,788.84,629.7326947489669,false,dual_constant_kill,partial_5pct,30k,25-75,sensitive
13.0,1077.7166666666667,631.997728588428,false,dual_constant_kill,partial_5pct,30k,25-75,sensitive
14.0,921.545,632.9761933173952,false,dual_constant_kill,partial_5pct,30k,25-75,sensitive
0.0,75.0,75.0,true,dual_constant_kill,partial_5pct,30k,25-75,resistant
1.0,87.41333333333334,112.66806629317607,false,dual_constant_kill,partial_5pct,30k,25-75,resistant
2.0,146.07000000000002,169.24693129208472,false,dual_constant_kill,partial_5pct,30k,25-75,resistant
3.0,261.51,254.19624835242104,false,dual_constant_kill,partial_5pct,30k,25-75,resistant
4.0,490.7949999999999,381.55909536854824,false,dual_constant_kill,partial_5pct,30k,25-75,resistant
5.0,872.2133333333333,571.5776938148725,false,dual_constant_kill,partial_5pct,30k,25-75,resistant
6.0,1398.1966666666667,850.6264804010481,false,dual_constant_kill,partial_5pct,30k,25-75,resistant
7.0,2656.3349999999996,1241.7051051595333,false,dual_constant_kill,partial_5pct,30k,25-75,resistant
8.0,2187.6316666666667,1727.7375111996794,false,dual_constant_kill,partial_5pct,30k,25-75,resistant
9.0,3209.313333333333,2200.4828707362535,false,dual_constant_kill,partial_5pct,30k,25-75,resistant
10.0,3193.9033333333336,2523.3150124516496,false,dual_constant_kill,partial_5pct,30k,25-75,resistant
11.0,3624.1133333333332,2680.9404580273654,false,dual_constant_kill,partial_5pct,30k,25-75,resistant
12.0,2743.473333333334,2743.176889760446,false,dual_constant_kill,partial_5pct,30k,25-75,resistant
13.0,3918.6783333333333,2765.327691796122,false,dual_constant_kill,partial_5pct,30k,25-75,resistant
14.0,3231.2383333333332,2772.7555101714725,false,dual_constant_kill,partial_5pct,30k,25-75,resistant
0.0,50.0,50.0,true,dual_constant_kill,partial_5pct,30k,50-50,sensitive
1.0,165.45833333333334,79.77783692585813,false,dual_constant_kill,partial_5pct,30k,50-50,sensitive
2.0,282.01500000000004,125.7809564093587,false,dual_constant_kill,partial_5pct,30k,50-50,sensitive
3.0,432.8383333333333,194.75966024382308,false,dual_constant_kill,partial_5pct,30k,50-50,sensitive
4.0,607.8166666666667,293.62275193198474,false,dual_constant_kill,partial_5pct,30k,50-50,sensitive
5.0,879.0050000000001,426.1773913017252,false,dual_constant_kill,partial_5pct,30k,50-50,sensitive
6.0,947.1116666666667,587.7052531998054,false,dual_constant_kill,partial_5pct,30k,50-50,sensitive
7.0,1412.7849999999999,760.1073059009685,false,dual_constant_kill,partial_5pct,30k,50-50,sensitive
8.0,1018.185,914.153533646284,false,dual_constant_kill,partial_5pct,30k,50-50,sensitive
9.0,1172.4866666666667,1023.4747160697168,false,dual_constant_kill,partial_5pct,30k,50-50,sensitive
10.0,1294.5683333333334,1081.1464970910374,false,dual_constant_kill,partial_5pct,30k,50-50,sensitive
11.0,1082.5033333333333,1099.8408841560881,false,dual_constant_kill,partial_5pct,30k,50-50,sensitive
12.0,1456.9150000000002,1096.9488758472962,false,dual_constant_kill,partial_5pct,30k,50-50,sensitive
13.0,1700.3266666666666,1084.466639990571,false,dual_constant_kill,partial_5pct,30k,50-50,sensitive
14.0,1370.07,1068.4842083207154,false,dual_constant_kill,partial_5pct,30k,50-50,sensitive
0.0,50.0,50.0,true,dual_constant_kill,partial_5pct,30k,50-50,resistant
1.0,53.36166666666666,75.11172756224977,false,dual_constant_kill,partial_5pct,30k,50-50,resistant
2.0,85.83833333333332,112.82869582465608,false,dual_constant_kill,partial_5pct,30k,50-50,resistant
3.0,136.93666666666667,169.44738787763546,false,dual_constant_kill,partial_5pct,30k,50-50,resistant
4.0,278.0416666666667,254.27751271734624,false,dual_constant_kill,partial_5pct,30k,50-50,resistant
5.0,439.5783333333333,380.58541470471766,false,dual_constant_kill,partial_5pct,30k,50-50,resistant
6.0,738.2216666666667,565.2436204444119,false,dual_constant_kill,partial_5pct,30k,50-50,resistant
7.0,1333.6733333333334,822.843220137539,false,dual_constant_kill,partial_5pct,30k,50-50,resistant
8.0,1333.7316666666666,1147.3882485356692,false,dual_constant_kill,partial_5pct,30k,50-50,resistant
9.0,2235.375,1489.0374564275105,false,dual_constant_kill,partial_5pct,30k,50-50,resistant
10.0,2239.6666666666665,1771.6276317842594,false,dual_constant_kill,partial_5pct,30k,50-50,resistant
11.0,2711.556666666667,1957.9162259305385,false,dual_constant_kill,partial_5pct,30k,50-50,resistant
12.0,2136.7833333333333,2066.2378218258395,false,dual_constant_kill,partial_5pct,30k,50-50,resistant
13.0,3352.3216666666667,2129.8077711076467,false,dual_constant_kill,partial_5pct,30k,50-50,resistant
14.0,2315.278333333333,2171.503873782537,false,dual_constant_kill,partial_5pct,30k,50-50,resistant
0.0,75.0,75.0,true,dual_constant_kill,partial_5pct,30k,75-25,sensitive
1.0,218.08333333333334,119.32423161361815,false,dual_constant_kill,partial_5pct,30k,75-25,sensitive
2.0,356.52833333333336,187.23961053066344,false,dual_constant_kill,partial_5pct,30k,75-25,sensitive
3.0,545.945,287.76461283022445,false,dual_constant_kill,partial_5pct,30k,75-25,sensitive
4.0,755.7766666666666,429.1185964796292,false,dual_constant_kill,partial_5pct,30k,75-25,sensitive
5.0,1013.1566666666666,613.8919081538446,false,dual_constant_kill,partial_5pct,30k,75-25,sensitive
6.0,1191.6316666666664,832.7436323615938,false,dual_constant_kill,partial_5pct,30k,75-25,sensitive
7.0,1758.6866666666667,1061.388255185896,false,dual_constant_kill,partial_5pct,30k,75-25,sensitive
8.0,1400.4566666666667,1266.7332861368347,false,dual_constant_kill,partial_5pct,30k,75-25,sensitive
9.0,1660.7133333333334,1421.1703893417423,false,dual_constant_kill,partial_5pct,30k,75-25,sensitive
10.0,2107.1266666666666,1514.5408772471872,false,dual_constant_kill,partial_5pct,30k,75-25,sensitive
11.0,1744.1750000000002,1554.4060859595565,false,dual_constant_kill,partial_5pct,30k,75-25,sensitive
12.0,1827.7083333333333,1556.8709846536321,false,dual_constant_kill,partial_5pct,30k,75-25,sensitive
13.0,1923.9083333333335,1537.3834840654824,false,dual_constant_kill,partial_5pct,30k,75-25,sensitive
14.0,1647.07,1506.797953224053,false,dual_constant_kill,partial_5pct,30k,75-25,sensitive
0.0,25.0,25.0,true,dual_constant_kill,partial_5pct,30k,75-25,resistant
1.0,28.45,37.55568292801978,false,dual_constant_kill,partial_5pct,30k,75-25,resistant
2.0,45.685,56.412873016546,false,dual_constant_kill,partial_5pct,30k,75-25,resistant
3.0,72.71833333333332,84.71435967788875,false,dual_constant_kill,partial_5pct,30k,75-25,resistant
4.0,127.53333333333332,127.0886267749556,false,dual_constant_kill,partial_5pct,30k,75-25,resistant
5.0,211.36,190.07230425003345,false,dual_constant_kill,partial_5pct,30k,75-25,resistant
6.0,311.8583333333333,281.91380304274526,false,dual_constant_kill,partial_5pct,30k,75-25,resistant
7.0,585.2883333333333,410.3197333451136,false,dual_constant_kill,partial_5pct,30k,75-25,resistant
8.0,720.1316666666667,576.7064959863187,false,dual_constant_kill,partial_5pct,30k,75-25,resistant
9.0,1168.5216666666668,769.4066355346793,false,dual_constant_kill,partial_5pct,30k,75-25,resistant
10.0,1358.1716666666664,964.5409928189779,false,dual_constant_kill,partial_5pct,30k,75-25,resistant
11.0,1719.3033333333333,1138.7589420060165,false,dual_constant_kill,partial_5pct,30k,75-25,resistant
12.0,1458.7166666666665,1281.6096054881202,false,dual_constant_kill,partial_5pct,30k,75-25,resistant
13.0,2386.6633333333334,1395.3756215326316,false,dual_constant_kill,partial_5pct,30k,75-25,resistant
14.0,1738.6666666666667,1487.5160400520317,false,dual_constant_kill,partial_5pct,30k,75-25,resistant
0.0,16.75,16.75,true,dual_delayed_ramp_kill,partial_5pct,20k,25-75,sensitive
1.0,99.62333333333333,32.99866786114803,false,dual_delayed_ramp_kill,partial_5pct,20k,25-75,sensitive
2.0,151.64666666666665,64.44550446414826,false,dual_delayed_ramp_kill,partial_5pct,20k,25-75,sensitive
3.0,256.715,123.96577941987134,false,dual_delayed_ramp_kill,partial_5pct,20k,25-75,sensitive
4.0,308.39166666666665,216.5042609135328,false,dual_delayed_ramp_kill,partial_5pct,20k,25-75,sensitive
5.0,458.41,312.1582399270711,false,dual_delayed_ramp_kill,partial_5pct,20k,25-75,sensitive
6.0,443.1983333333333,429.86778818523874,false,dual_delayed_ramp_kill,partial_5pct,20k,25-75,sensitive
7.0,684.745,560.5541862485908,false,dual_delayed_ramp_kill,partial_5pct,20k,25-75,sensitive
8.0,381.4466666666667,684.2131395497604,false,dual_delayed_ramp_kill,partial_5pct,20k,25-75,sensitive
9.0,434.4266666666667,777.1601514627345,false,dual_delayed_ramp_kill,partial_5pct,20k,25-75,sensitive
10.0,381.8066666666667,826.4237420259728,false,dual_delayed_ramp_kill,partial_5pct,20k,25-75,sensitive
11.0,827.9266666666667,838.335169156134,false,dual_delayed_ramp_kill,partial_5pct,20k,25-75,sensitive
12.0,564.2466666666667,828.949040909728,false,dual_delayed_ramp_kill,partial_5pct,20k,25-75,sensitive
13.0,1105.2716666666665,810.8733902248854,false,dual_delayed_ramp_kill,partial_5pct,20k,25-75,sensitive
14.0,404.80333333333334,790.4406771855256,false,dual_delayed_ramp_kill,partial_5pct,20k,25-75,sensitive
0.0,50.25,50.25,true,dual_delayed_ramp_kill,partial_5pct,20k,25-75,resistant
1.0,88.58666666666666,75.48848584249046,false,dual_delayed_ramp_kill,partial_5pct,20k,25-75,resistant
2.0,143.335,113.40114241495978,false,dual_delayed_ramp_kill,partial_5pct,20k,25-75,resistant
3.0,247.62666666666667,170.33959266698383,false,dual_delayed_ramp_kill,partial_5pct,20k,25-75,resistant
4.0,494.3083333333334,255.75987617210126,false,dual_delayed_ramp_kill,partial_5pct,20k,25-75,resistant
5.0,903.3716666666666,383.49403492491274,false,dual_delayed_ramp_kill,partial_5pct,20k,25-75,resistant
6.0,1360.0966666666666,572.6928439208591,false,dual_delayed_ramp_kill,partial_5pct,20k,25-75,resistant
7.0,2438.3766666666666,845.5761772349597,false,dual_delayed_ramp_kill,partial_5pct,20k,25-75,resistant
8.0,1945.3233333333335,1214.0331077008123,false,dual_delayed_ramp_kill,partial_5pct,20k,25-75,resistant
9.0,3250.286666666667,1646.53830869388,false,dual_delayed_ramp_kill,partial_5pct,20k,25-75,resistant
10.0,3135.64,2047.808846252137,false,dual_delayed_ramp_kill,partial_5pct,20k,25-75,resistant
11.0,3987.5866666666666,2328.6835201165522,false,dual_delayed_ramp_kill,partial_5pct,20k,25-75,resistant
12.0,2308.2483333333334,2487.914196450194,false,dual_delayed_ramp_kill,partial_5pct,20k,25-75,resistant
13.0,3826.773333333333,2573.4834155868452,false,dual_delayed_ramp_kill,partial_5pct,20k,25-75,resistant
14.0,2159.3716666666664,2624.1020696982514,false,dual_delayed_ramp_kill,partial_5pct,20k,25-75,resistant
0.0,33.5,33.5,true,dual_delayed_ramp_kill,partial_5pct,20k,50-50,sensitive
1.0,154.28,65.81333487410906,false,dual_delayed_ramp_kill,partial_5pct,20k,50-50,sensitive
2.0,285.20666666666665,127.69885584327817,false,dual_delayed_ramp_kill,partial_5pct,20k,50-50,sensitive
3.0,425.075,242.27338411405506,false,dual_delayed_ramp_kill,partial_5pct,20k,50-50,sensitive
4.0,562.615,412.1414324254464,false,dual_delayed_ramp_kill,partial_5pct,20k,50-50,sensitive
5.0,850.4516666666667,572.4217958389004,false,dual_delayed_ramp_kill,partial_5pct,20k,50-50,sensitive
6.0,932.2550000000001,753.4156506863145,false,dual_delayed_ramp_kill,partial_5pct,20k,50-50,sensitive
7.0,1392.045,935.8983989340334,false,dual_delayed_ramp_kill,partial_5pct,20k,50-50,sensitive
8.0,999.73,1092.808991064898,false,dual_delayed_ramp_kill,partial_5pct,20k,50-50,sensitive
9.0,1287.6316666666664,1201.4471130636134,false,dual_delayed_ramp_kill,partial_5pct,20k,50-50,sensitive
10.0,1285.185,1253.486195677492,false,dual_delayed_ramp_kill,partial_5pct,20k,50-50,sensitive
11.0,1589.9216666666669,1256.9933614150411,false,dual_delayed_ramp_kill,partial_5pct,20k,50-50,sensitive
12.0,1183.66,1228.9536873877073,false,dual_delayed_ramp_kill,partial_5pct,20k,50-50,sensitive
13.0,1283.0133333333333,1185.4513438618599,false,dual_delayed_ramp_kill,partial_5pct,20k,50-50,sensitive
14.0,1010.3066666666667,1136.9967252896172,false,dual_delayed_ramp_kill,partial_5pct,20k,50-50,sensitive
0.0,33.5,33.5,true,dual_delayed_ramp_kill,partial_5pct,20k,50-50,resistant
1.0,51.281666666666666,50.325584519434095,false,dual_delayed_ramp_kill,partial_5pct,20k,50-50,resistant
2.0,89.81333333333333,75.59961661584184,false,dual_delayed_ramp_kill,partial_5pct,20k,50-50,resistant
3.0,141.95833333333334,113.54644737444855,false,dual_delayed_ramp_kill,partial_5pct,20k,50-50,resistant
4.0,269.67333333333335,170.38344384784133,false,dual_delayed_ramp_kill,partial_5pct,20k,50-50,resistant
5.0,503.14333333333326,254.99130127142317,false,dual_delayed_ramp_kill,partial_5pct,20k,50-50,resistant
6.0,640.2366666666667,379.1138739339213,false,dual_delayed_ramp_kill,partial_5pct,20k,50-50,resistant
7.0,1228.7583333333334,555.3929813471311,false,dual_delayed_ramp_kill,partial_5pct,20k,50-50,resistant
8.0,1159.7433333333333,790.8061046098412,false,dual_delayed_ramp_kill,partial_5pct,20k,50-50,resistant
9.0,2141.5383333333334,1075.0607778475785,false,dual_delayed_ramp_kill,partial_5pct,20k,50-50,resistant
10.0,2331.901666666666,1373.4919409892848,false,dual_delayed_ramp_kill,partial_5pct,20k,50-50,resistant
11.0,3319.126666666667,1641.3698377600954,false,dual_delayed_ramp_kill,partial_5pct,20k,50-50,resistant
12.0,1939.1216666666667,1852.5683043965607,false,dual_delayed_ramp_kill,partial_5pct,20k,50-50,resistant
13.0,3037.8416666666667,2008.6990124024262,false,dual_delayed_ramp_kill,partial_5pct,20k,50-50,resistant
14.0,1923.26,2124.6526852341976,false,dual_delayed_ramp_kill,partial_5pct,20k,50-50,resistant
0.0,50.25,50.25,true,dual_delayed_ramp_kill,partial_5pct,20k,75-25,sensitive
1.0,216.94833333333335,98.44614592022059,false,dual_delayed_ramp_kill,partial_5pct,20k,75-25,sensitive
2.0,395.03833333333336,189.80189462040698,false,dual_delayed_ramp_kill,partial_5pct,20k,75-25,sensitive
3.0,575.9033333333333,355.37629618533606,false,dual_delayed_ramp_kill,partial_5pct,20k,75-25,sensitive
4.0,750.965,590.2158360540509,false,dual_delayed_ramp_kill,partial_5pct,20k,75-25,sensitive
5.0,1098.7666666666667,794.3517395662398,false,dual_delayed_ramp_kill,partial_5pct,20k,75-25,sensitive
6.0,1222.9466666666665,1010.5422628129413,false,dual_delayed_ramp_kill,partial_5pct,20k,75-25,sensitive
7.0,1636.885,1216.40563608718,false,dual_delayed_ramp_kill,partial_5pct,20k,75-25,sensitive
8.0,1417.09,1387.8273206882743,false,dual_delayed_ramp_kill,partial_5pct,20k,75-25,sensitive
9.0,1830.3733333333337,1509.386354783337,false,dual_delayed_ramp_kill,partial_5pct,20k,75-25,sensitive
10.0,2137.61,1577.1975200968545,false,dual_delayed_ramp_kill,partial_5pct,20k,75-25,sensitive
11.0,2132.978333333333,1596.6388106450615,false,dual_delayed_ramp_kill,partial_5pct,20k,75-25,sensitive
12.0,1500.195,1578.1700341803023,false,dual_delayed_ramp_kill,partial_5pct,20k,75-25,sensitive
13.0,1762.6516666666669,1533.6458690643335,false,dual_delayed_ramp_kill,partial_5pct,20k,75-25,sensitive
14.0,1454.5266666666666,1473.8368921569104,false,dual_delayed_ramp_kill,partial_5pct,20k,75-25,sensitive
0.0,16.75,16.75,true,dual_delayed_ramp_kill,partial_5pct,20k,75-25,resistant
1.0,26.93166666666667,25.162749577465835,false,dual_delayed_ramp_kill,partial_5pct,20k,75-25,resistant
2.0,42.105,37.799072383520226,false,dual_delayed_ramp_kill,partial_5pct,20k,75-25,resistant
3.0,64.44166666666668,56.76413989634152,false,dual_delayed_ramp_kill,partial_5pct,20k,75-25,resistant
4.0,128.0016666666667,85.10768610942317,false,dual_delayed_ramp_kill,partial_5pct,20k,75-25,resistant
5.0,186.15166666666664,127.0862946657097,false,dual_delayed_ramp_kill,partial_5pct,20k,75-25,resistant
6.0,262.3983333333333,188.20513309148728,false,dual_delayed_ramp_kill,partial_5pct,20k,75-25,resistant
7.0,430.875,274.52035943905446,false,dual_delayed_ramp_kill,partial_5pct,20k,75-25,resistant
8.0,525.69,391.1062857489398,false,dual_delayed_ramp_kill,partial_5pct,20k,75-25,resistant
9.0,900.48,539.9138041003532,false,dual_delayed_ramp_kill,partial_5pct,20k,75-25,resistant
10.0,1261.5033333333333,717.8752746446826,false,dual_delayed_ramp_kill,partial_5pct,20k,75-25,resistant
11.0,1896.801666666667,916.2919012896759,false,dual_delayed_ramp_kill,partial_5pct,20k,75-25,resistant
12.0,1271.0700000000004,1122.335962972871,false,dual_delayed_ramp_kill,partial_5pct,20k,75-25,resistant
13.0,2274.6516666666666,1322.559958673165,false,dual_delayed_ramp_kill,partial_5pct,20k,75-25,resistant
14.0,1507.9783333333335,1506.716586749698,false,dual_delayed_ramp_kill,partial_5pct,20k,75-25,resistant
0.0,25.0,25.0,true,dual_delayed_ramp_kill,partial_5pct,30k,25-75,sensitive
1.0,92.28666666666668,46.73397535431399,false,dual_delayed_ramp_kill,partial_5pct,30k,25-75,sensitive
2.0,166.93666666666667,86.29630162413356,false,dual_delayed_ramp_kill,partial_5pct,30k,25-75,sensitive
3.0,254.01833333333335,156.1486999734924,false,dual_delayed_ramp_kill,partial_5pct,30k,25-75,sensitive
4.0,304.3333333333333,256.49671509253744,false,dual_delayed_ramp_kill,partial_5pct,30k,25-75,sensitive
5.0,467.26833333333326,350.3423665898664,false,dual_delayed_ramp_kill,partial_5pct,30k,25-75,sensitive
6.0,478.9883333333334,453.3674167011755,false,dual_delayed_ramp_kill,partial_5pct,30k,25-75,sensitive
7.0,644.6283333333333,550.8935693050514,false,dual_delayed_ramp_kill,partial_5pct,30k,25-75,sensitive
8.0,433.00666666666666,623.1148269825819,false,dual_delayed_ramp_kill,partial_5pct,30k,25-75,sensitive
9.0,360.13166666666666,657.6394291363083,false,dual_delayed_ramp_kill,partial_5pct,30k,25-75,sensitive
10.0,420.3900000000001,658.7412939650322,false,dual_delayed_ramp_kill,partial_5pct,30k,25-75,sensitive
11.0,492.47499999999997,640.6105684366688,false,dual_delayed_ramp_kill,partial_5pct,30k,25-75,sensitive
12.0,788.84,614.9295909507604,false,dual_delayed_ramp_kill,partial_5pct,30k,25-75,sensitive
13.0,1077.7166666666667,587.5704685370849,false,dual_delayed_ramp_kill,partial_5pct,30k,25-75,sensitive
14.0,921.545,560.8039901021864,false,dual_delayed_ramp_kill,partial_5pct,30k,25-75,sensitive
0.0,75.0,75.0,true,dual_delayed_ramp_kill,partial_5pct,30k,25-75,resistant
1.0,87.41333333333334,112.66787976910084,false,dual_delayed_ramp_kill,partial_5pct,30k,25-75,resistant
2.0,146.07000000000002,169.2434211391151,false,dual_delayed_ramp_kill,partial_5pct,30k,25-75,resistant
3.0,261.51,254.15692652692314,false,dual_delayed_ramp_kill,partial_5pct,30k,25-75,resistant
4.0,490.7949999999999,381.2218811615312,false,dual_delayed_ramp_kill,partial_5pct,30k,25-75,resistant
5.0,872.2133333333333,569.7893438979974,false,dual_delayed_ramp_kill,partial_5pct,30k,25-75,resistant
6.0,1398.1966666666667,843.4038875064089,false,dual_delayed_ramp_kill,partial_5pct,30k,25-75,resistant
7.0,2656.3349999999996,1218.2608180566924,false,dual_delayed_ramp_kill,partial_5pct,30k,25-75,resistant
8.0,2187.6316666666667,1670.7404585543686,false,dual_delayed_ramp_kill,partial_5pct,30k,25-75,resistant
9.0,3209.313333333333,2107.4529799096167,false,dual_delayed_ramp_kill,partial_5pct,30k,25-75,resistant
10.0,3193.9033333333336,2425.3634943493103,false,dual_delayed_ramp_kill,partial_5pct,30k,25-75,resistant
11.0,3624.1133333333332,2611.4767514033656,false,dual_delayed_ramp_kill,partial_5pct,30k,25-75,resistant
12.0,2743.473333333334,2715.071590011869,false,dual_delayed_ramp_kill,partial_5pct,30k,25-75,resistant
13.0,3918.6783333333333,2779.32152412643,false,dual_delayed_ramp_kill,partial_5pct,30k,25-75,resistant
14.0,3231.2383333333332,2826.2928417405415,false,dual_delayed_ramp_kill,partial_5pct,30k,25-75,resistant
0.0,50.0,50.0,true,dual_delayed_ramp_kill,partial_5pct,30k,50-50,sensitive
1.0,165.45833333333334,93.14276135254555,false,dual_delayed_ramp_kill,partial_5pct,30k,50-50,sensitive
2.0,282.01500000000004,170.67037469643108,false,dual_delayed_ramp_kill,partial_5pct,30k,50-50,sensitive
3.0,432.8383333333333,304.0884036997179,false,dual_delayed_ramp_kill,partial_5pct,30k,50-50,sensitive
4.0,607.8166666666667,485.9900526505107,false,dual_delayed_ramp_kill,partial_5pct,30k,50-50,sensitive
5.0,879.0050000000001,640.5948137840624,false,dual_delayed_ramp_kill,partial_5pct,30k,50-50,sensitive
6.0,947.1116666666667,798.1468780037895,false,dual_delayed_ramp_kill,partial_5pct,30k,50-50,sensitive
7.0,1412.7849999999999,937.7759861202393,false,dual_delayed_ramp_kill,partial_5pct,30k,50-50,sensitive
8.0,1018.185,1037.611465044506,false,dual_delayed_ramp_kill,partial_5pct,30k,50-50,sensitive
9.0,1172.4866666666667,1086.5603815764575,false,dual_delayed_ramp_kill,partial_5pct,30k,50-50,sensitive
10.0,1294.5683333333334,1089.0996494582528,false,dual_delayed_ramp_kill,partial_5pct,30k,50-50,sensitive
11.0,1082.5033333333333,1060.0676275404896,false,dual_delayed_ramp_kill,partial_5pct,30k,50-50,sensitive
12.0,1456.9150000000002,1014.8526708311258,false,dual_delayed_ramp_kill,partial_5pct,30k,50-50,sensitive
13.0,1700.3266666666666,963.8771455855543,false,dual_delayed_ramp_kill,partial_5pct,30k,50-50,sensitive
14.0,1370.07,912.594937802319,false,dual_delayed_ramp_kill,partial_5pct,30k,50-50,sensitive
0.0,50.0,50.0,true,dual_delayed_ramp_kill,partial_5pct,30k,50-50,resistant
1.0,53.36166666666666,75.11142851102504,false,dual_delayed_ramp_kill,partial_5pct,30k,50-50,resistant
2.0,85.83833333333332,112.82276771755457,false,dual_delayed_ramp_kill,partial_5pct,30k,50-50,resistant
3.0,136.93666666666667,169.3784101672767,false,dual_delayed_ramp_kill,partial_5pct,30k,50-50,resistant
4.0,278.0416666666667,253.6863790808488,false,dual_delayed_ramp_kill,partial_5pct,30k,50-50,resistant
5.0,439.5783333333333,377.69945768170885,false,dual_delayed_ramp_kill,partial_5pct,30k,50-50,resistant
6.0,738.2216666666667,555.0590093654816,false,dual_delayed_ramp_kill,partial_5pct,30k,50-50,resistant
7.0,1333.6733333333334,794.7811122013896,false,dual_delayed_ramp_kill,partial_5pct,30k,50-50,resistant
8.0,1333.7316666666666,1088.893537196195,false,dual_delayed_ramp_kill,partial_5pct,30k,50-50,resistant
9.0,2235.375,1402.4930008395595,false,dual_delayed_ramp_kill,partial_5pct,30k,50-50,resistant
10.0,2239.6666666666665,1686.725957614114,false,dual_delayed_ramp_kill,partial_5pct,30k,50-50,resistant
11.0,2711.556666666667,1911.5440676557064,false,dual_delayed_ramp_kill,partial_5pct,30k,50-50,resistant
12.0,2136.7833333333333,2078.2843221225676,false,dual_delayed_ramp_kill,partial_5pct,30k,50-50,resistant
13.0,3352.3216666666667,2203.4974875526314,false,dual_delayed_ramp_kill,partial_5pct,30k,50-50,resistant
14.0,2315.278333333333,2302.777172764077,false,dual_delayed_ramp_kill,partial_5pct,30k,50-50,resistant
0.0,75.0,75.0,true,dual_delayed_ramp_kill,partial_5pct,30k,75-25,sensitive
1.0,218.08333333333334,139.23148043126102,false,dual_delayed_ramp_kill,partial_5pct,30k,75-25,sensitive
2.0,356.52833333333336,253.2093658910772,false,dual_delayed_ramp_kill,partial_5pct,30k,75-25,sensitive
3.0,545.945,444.62503428519005,false,dual_delayed_ramp_kill,partial_5pct,30k,75-25,sensitive
4.0,755.7766666666666,693.4192306437105,false,dual_delayed_ramp_kill,partial_5pct,30k,75-25,sensitive
5.0,1013.1566666666666,888.0014353790554,false,dual_delayed_ramp_kill,partial_5pct,30k,75-25,sensitive
6.0,1191.6316666666664,1077.1321156678544,false,dual_delayed_ramp_kill,partial_5pct,30k,75-25,sensitive
7.0,1758.6866666666667,1241.4720752629175,false,dual_delayed_ramp_kill,partial_5pct,30k,75-25,sensitive
8.0,1400.4566666666667,1363.994939147095,false,dual_delayed_ramp_kill,partial_5pct,30k,75-25,sensitive
9.0,1660.7133333333334,1437.155337359459,false,dual_delayed_ramp_kill,partial_5pct,30k,75-25,sensitive
10.0,2107.1266666666666,1463.0424101331573,false,dual_delayed_ramp_kill,partial_5pct,30k,75-25,sensitive
11.0,1744.1750000000002,1450.2889665562413,false,dual_delayed_ramp_kill,partial_5pct,30k,75-25,sensitive
12.0,1827.7083333333333,1410.0895745846694,false,dual_delayed_ramp_kill,partial_5pct,30k,75-25,sensitive
13.0,1923.9083333333335,1353.0329541340852,false,dual_delayed_ramp_kill,partial_5pct,30k,75-25,sensitive
14.0,1647.07,1287.4271272922495,false,dual_delayed_ramp_kill,partial_5pct,30k,75-25,sensitive
0.0,25.0,25.0,true,dual_delayed_ramp_kill,partial_5pct,30k,75-25,resistant
1.0,28.45,37.555418031054025,false,dual_delayed_ramp_kill,partial_5pct,30k,75-25,resistant
2.0,45.685,56.40742944436863,false,dual_delayed_ramp_kill,partial_5pct,30k,75-25,resistant
3.0,72.71833333333332,84.64997383178269,false,dual_delayed_ramp_kill,partial_5pct,30k,75-25,resistant
4.0,127.53333333333332,126.5489103478359,false,dual_delayed_ramp_kill,partial_5pct,30k,75-25,resistant
5.0,211.36,187.64597914290218,false,dual_delayed_ramp_kill,partial_5pct,30k,75-25,resistant
6.0,311.8583333333333,274.2763739866925,false,dual_delayed_ramp_kill,partial_5pct,30k,75-25,resistant
7.0,585.2883333333333,391.70609117671773,false,dual_delayed_ramp_kill,partial_5pct,30k,75-25,resistant
8.0,720.1316666666667,541.581925405524,false,dual_delayed_ramp_kill,partial_5pct,30k,75-25,resistant
9.0,1168.5216666666668,719.7127130168881,false,dual_delayed_ramp_kill,partial_5pct,30k,75-25,resistant
10.0,1358.1716666666664,915.9782908663152,false,dual_delayed_ramp_kill,partial_5pct,30k,75-25,resistant
11.0,1719.3033333333333,1117.1350884284275,false,dual_delayed_ramp_kill,partial_5pct,30k,75-25,resistant
12.0,1458.7166666666665,1311.1262486529843,false,dual_delayed_ramp_kill,partial_5pct,30k,75-25,resistant
13.0,2386.6633333333334,1490.2080387012666,false,dual_delayed_ramp_kill,partial_5pct,30k,75-25,resistant
14.0,1738.6666666666667,1651.4002232974865,false,dual_delayed_ramp_kill,partial_5pct,30k,75-25,resistant
0.0,16.75,16.75,true,dual_time_decay_kill,partial_5pct,20k,25-75,sensitive
1.0,99.62333333333333,27.79475681160653,false,dual_time_decay_kill,partial_5pct,20k,25-75,sensitive
2.0,151.64666666666665,45.8099964921095,false,dual_time_decay_kill,partial_5pct,20k,25-75,sensitive
3.0,256.715,74.70833117417693,false,dual_time_decay_kill,partial_5pct,20k,25-75,sensitive
4.0,308.39166666666665,119.86939912837803,false,dual_time_decay_kill,partial_5pct,20k,25-75,sensitive
5.0,458.41,187.64338951087933,false,dual_time_decay_kill,partial_5pct,20k,25-75,sensitive
6.0,443.1983333333333,283.23784160783123,false,dual_time_decay_kill,partial_5pct,20k,25-75,sensitive
7.0,684.745,406.08693834889885,false,dual_time_decay_kill,partial_5pct,20k,25-75,sensitive
8.0,381.4466666666667,543.922316433302,false,dual_time_decay_kill,partial_5pct,20k,25-75,sensitive
9.0,434.4266666666667,672.2302403757485,false,dual_time_decay_kill,partial_5pct,20k,25-75,sensitive
10.0,381.8066666666667,767.9488477655196,false,dual_time_decay_kill,partial_5pct,20k,25-75,sensitive
11.0,827.9266666666667,827.6331407918603,false,dual_time_decay_kill,partial_5pct,20k,25-75,sensitive
12.0,564.2466666666667,863.7382019597463,false,dual_time_decay_kill,partial_5pct,20k,25-75,sensitive
13.0,1105.2716666666665,888.3916283448607,false,dual_time_decay_kill,partial_5pct,20k,25-75,sensitive
14.0,404.80333333333334,907.9903888801871,false,dual_time_decay_kill,partial_5pct,20k,25-75,sensitive
0.0,50.25,50.25,true,dual_time_decay_kill,partial_5pct,20k,25-75,resistant
1.0,88.58666666666666,75.48852189453285,false,dual_time_decay_kill,partial_5pct,20k,25-75,resistant
2.0,143.335,113.401868333422,false,dual_time_decay_kill,partial_5pct,20k,25-75,resistant
3.0,247.62666666666667,170.34847222754343,false,dual_time_decay_kill,partial_5pct,20k,25-75,resistant
4.0,494.3083333333334,255.8445307058038,false,dual_time_decay_kill,partial_5pct,20k,25-75,resistant
5.0,903.3716666666666,383.98938415998117,false,dual_time_decay_kill,partial_5pct,20k,25-75,resistant
6.0,1360.0966666666666,574.9411389244023,false,dual_time_decay_kill,partial_5pct,20k,25-75,resistant
7.0,2438.3766666666666,854.1161171774861,false,dual_time_decay_kill,partial_5pct,20k,25-75,resistant
8.0,1945.3233333333335,1240.060745131046,false,dual_time_decay_kill,partial_5pct,20k,25-75,resistant
9.0,3250.286666666667,1703.9474745604734,false,dual_time_decay_kill,partial_5pct,20k,25-75,resistant
10.0,3135.64,2128.685086938645,false,dual_time_decay_kill,partial_5pct,20k,25-75,resistant
11.0,3987.5866666666666,2395.6264556896035,false,dual_time_decay_kill,partial_5pct,20k,25-75,resistant
12.0,2308.2483333333334,2510.771934822184,false,dual_time_decay_kill,partial_5pct,20k,25-75,resistant
13.0,3826.773333333333,2543.4943760748897,false,dual_time_decay_kill,partial_5pct,20k,25-75,resistant
14.0,2159.3716666666664,2542.5923922893476,false,dual_time_decay_kill,partial_5pct,20k,25-75,resistant
0.0,33.5,33.5,true,dual_time_decay_kill,partial_5pct,20k,50-50,sensitive
1.0,154.28,55.46052875495968,false,dual_time_decay_kill,partial_5pct,20k,50-50,sensitive
2.0,285.20666666666665,91.02794619566959,false,dual_time_decay_kill,partial_5pct,20k,50-50,sensitive
3.0,425.075,147.38957764236335,false,dual_time_decay_kill,partial_5pct,20k,50-50,sensitive
4.0,562.615,233.70062496958607,false,dual_time_decay_kill,partial_5pct,20k,50-50,sensitive
5.0,850.4516666666667,359.13701880945405,false,dual_time_decay_kill,partial_5pct,20k,50-50,sensitive
6.0,932.2550000000001,527.8543843690157,false,dual_time_decay_kill,partial_5pct,20k,50-50,sensitive
7.0,1392.045,731.2444493303749,false,dual_time_decay_kill,partial_5pct,20k,50-50,sensitive
8.0,999.73,942.8935476060236,false,dual_time_decay_kill,partial_5pct,20k,50-50,sensitive
9.0,1287.6316666666664,1125.5639008612907,false,dual_time_decay_kill,partial_5pct,20k,50-50,sensitive
10.0,1285.185,1251.4833217345358,false,dual_time_decay_kill,partial_5pct,20k,50-50,sensitive
11.0,1589.9216666666669,1318.4284865410852,false,dual_time_decay_kill,partial_5pct,20k,50-50,sensitive
12.0,1183.66,1343.6511008955674,false,dual_time_decay_kill,partial_5pct,20k,50-50,sensitive
13.0,1283.0133333333333,1346.4374065577874,false,dual_time_decay_kill,partial_5pct,20k,50-50,sensitive
14.0,1010.3066666666667,1339.311104028659,false,dual_time_decay_kill,partial_5pct,20k,50-50,sensitive
0.0,33.5,33.5,true,dual_time_decay_kill,partial_5pct,20k,50-50,resistant
1.0,51.281666666666666,50.32564041562416,false,dual_time_decay_kill,partial_5pct,20k,50-50,resistant
2.0,89.81333333333333,75.60083459893106,false,dual_time_decay_kill,partial_5pct,20k,50-50,resistant
3.0,141.95833333333334,113.5624369557985,false,dual_time_decay_kill,partial_5pct,20k,50-50,resistant
4.0,269.67333333333335,170.5410674366249,false,dual_time_decay_kill,partial_5pct,20k,50-50,resistant
5.0,503.14333333333326,255.86067932137595,false,dual_time_decay_kill,partial_5pct,20k,50-50,resistant
6.0,640.2366666666667,382.61415524161856,false,dual_time_decay_kill,partial_5pct,20k,50-50,resistant
7.0,1228.7583333333334,566.6279482561123,false,dual_time_decay_kill,partial_5pct,20k,50-50,resistant
8.0,1159.7433333333333,818.8537642666911,false,dual_time_decay_kill,partial_5pct,20k,50-50,resistant
9.0,2141.5383333333334,1126.0342989157193,false,dual_time_decay_kill,partial_5pct,20k,50-50,resistant
10.0,2331.901666666666,1434.2547235739373,false,dual_time_decay_kill,partial_5pct,20k,50-50,resistant
11.0,3319.126666666667,1677.4922527414983,false,dual_time_decay_kill,partial_5pct,20k,50-50,resistant
12.0,1939.1216666666667,1832.9938533525783,false,dual_time_decay_kill,partial_5pct,20k,50-50,resistant
13.0,3037.8416666666667,1921.8994929246512,false,dual_time_decay_kill,partial_5pct,20k,50-50,resistant
14.0,1923.26,1972.999571482134,false,dual_time_decay_kill,partial_5pct,20k,50-50,resistant
0.0,50.25,50.25,true,dual_time_decay_kill,partial_5pct,20k,75-25,sensitive
1.0,216.94833333333335,82.99866335307667,false,dual_time_decay_kill,partial_5pct,20k,75-25,sensitive
2.0,395.03833333333336,135.67022119932332,false,dual_time_decay_kill,partial_5pct,20k,75-25,sensitive
3.0,575.9033333333333,218.15603964467624,false,dual_time_decay_kill,partial_5pct,20k,75-25,sensitive
4.0,750.965,342.08819616269517,false,dual_time_decay_kill,partial_5pct,20k,75-25,sensitive
5.0,1098.7666666666667,517.0878778174919,false,dual_time_decay_kill,partial_5pct,20k,75-25,sensitive
6.0,1222.9466666666665,743.3523316059942,false,dual_time_decay_kill,partial_5pct,20k,75-25,sensitive
7.0,1636.885,1003.6307669163027,false,dual_time_decay_kill,partial_5pct,20k,75-25,sensitive
8.0,1417.09,1262.9994835284162,false,dual_time_decay_kill,partial_5pct,20k,75-25,sensitive
9.0,1830.3733333333337,1482.1540601563747,false,dual_time_decay_kill,partial_5pct,20k,75-25,sensitive
10.0,2137.61,1635.9415750944904,false,dual_time_decay_kill,partial_5pct,20k,75-25,sensitive
11.0,2132.978333333333,1721.6521650809327,false,dual_time_decay_kill,partial_5pct,20k,75-25,sensitive
12.0,1500.195,1752.9678116315217,false,dual_time_decay_kill,partial_5pct,20k,75-25,sensitive
13.0,1762.6516666666669,1748.5321627022238,false,dual_time_decay_kill,partial_5pct,20k,75-25,sensitive
14.0,1454.5266666666666,1724.1167787396716,false,dual_time_decay_kill,partial_5pct,20k,75-25,sensitive
0.0,16.75,16.75,true,dual_time_decay_kill,partial_5pct,20k,75-25,resistant
1.0,26.93166666666667,25.16279773753361,false,dual_time_decay_kill,partial_5pct,20k,75-25,resistant
2.0,42.105,37.80018737263364,false,dual_time_decay_kill,partial_5pct,20k,75-25,resistant
3.0,64.44166666666668,56.77941552922552,false,dual_time_decay_kill,partial_5pct,20k,75-25,resistant
4.0,128.0016666666667,85.25849453162954,false,dual_time_decay_kill,partial_5pct,20k,75-25,resistant
5.0,186.15166666666664,127.86255244638033,false,dual_time_decay_kill,partial_5pct,20k,75-25,resistant
6.0,262.3983333333333,191.00329974955935,false,dual_time_decay_kill,partial_5pct,20k,75-25,resistant
7.0,430.875,282.36099822727056,false,dual_time_decay_kill,partial_5pct,20k,75-25,resistant
8.0,525.69,408.12732312095255,false,dual_time_decay_kill,partial_5pct,20k,75-25,resistant
9.0,900.48,567.5183412717113,false,dual_time_decay_kill,partial_5pct,20k,75-25,resistant
10.0,1261.5033333333333,748.3282757320991,false,dual_time_decay_kill,partial_5pct,20k,75-25,resistant
11.0,1896.801666666667,930.1458902226065,false,dual_time_decay_kill,partial_5pct,20k,75-25,resistant
12.0,1271.0700000000004,1094.7854439264038,false,dual_time_decay_kill,partial_5pct,20k,75-25,resistant
13.0,2274.6516666666666,1233.9618462164965,false,dual_time_decay_kill,partial_5pct,20k,75-25,resistant
14.0,1507.9783333333335,1348.42117305121,false,dual_time_decay_kill,partial_5pct,20k,75-25,resistant
0.0,25.0,25.0,true,dual_time_decay_kill,partial_5pct,30k,25-75,sensitive
1.0,92.28666666666668,40.00418298566572,false,dual_time_decay_kill,partial_5pct,30k,25-75,sensitive
2.0,166.93666666666667,63.37967202998761,false,dual_time_decay_kill,partial_5pct,30k,25-75,sensitive
3.0,254.01833333333335,98.91009148676277,false,dual_time_decay_kill,partial_5pct,30k,25-75,sensitive
4.0,304.3333333333333,150.9110167437148,false,dual_time_decay_kill,partial_5pct,30k,25-75,sensitive
5.0,467.26833333333326,222.75175216159744,false,dual_time_decay_kill,partial_5pct,30k,25-75,sensitive
6.0,478.9883333333334,313.70400286061175,false,dual_time_decay_kill,partial_5pct,30k,25-75,sensitive
7.0,644.6283333333333,414.7332570877274,false,dual_time_decay_kill,partial_5pct,30k,25-75,sensitive
8.0,433.00666666666666,507.454431594363,false,dual_time_decay_kill,partial_5pct,30k,25-75,sensitive
9.0,360.13166666666666,573.3297863311126,false,dual_time_decay_kill,partial_5pct,30k,25-75,sensitive
10.0,420.3900000000001,608.6697500277169,false,dual_time_decay_kill,partial_5pct,30k,25-75,sensitive
11.0,492.47499999999997,623.8681412549229,false,dual_time_decay_kill,partial_5pct,30k,25-75,sensitive
12.0,788.84,629.731645915266,false,dual_time_decay_kill,partial_5pct,30k,25-75,sensitive
13.0,1077.7166666666667,631.9965984365996,false,dual_time_decay_kill,partial_5pct,30k,25-75,sensitive
14.0,921.545,632.974985419427,false,dual_time_decay_kill,partial_5pct,30k,25-75,sensitive
0.0,75.0,75.0,true,dual_time_decay_kill,partial_5pct,30k,25-75,resistant
1.0,87.41333333333334,112.66806629338068,false,dual_time_decay_kill,partial_5pct,30k,25-75,resistant
2.0,146.07000000000002,169.24693129553853,false,dual_time_decay_kill,partial_5pct,30k,25-75,resistant
3.0,261.51,254.19624838660093,false,dual_time_decay_kill,partial_5pct,30k,25-75,resistant
4.0,490.7949999999999,381.55909563647776,false,dual_time_decay_kill,partial_5pct,30k,25-75,resistant
5.0,872.2133333333333,571.5776956188913,false,dual_time_decay_kill,partial_5pct,30k,25-75,resistant
6.0,1398.1966666666667,850.6264909073728,false,dual_time_decay_kill,partial_5pct,30k,25-75,resistant
7.0,2656.3349999999996,1241.705156096054,false,dual_time_decay_kill,partial_5pct,30k,25-75,resistant
8.0,2187.6316666666667,1727.7376996549199,false,dual_time_decay_kill,partial_5pct,30k,25-75,resistant
9.0,3209.313333333333,2200.4833469838018,false,dual_time_decay_kill,partial_5pct,30k,25-75,resistant
10.0,3193.9033333333336,2523.315821942963,false,dual_time_decay_kill,partial_5pct,30k,25-75,resistant
11.0,3624.1133333333332,2680.9415130219913,false,dual_time_decay_kill,partial_5pct,30k,25-75,resistant
12.0,2743.473333333334,2743.178106394196,false,dual_time_decay_kill,partial_5pct,30k,25-75,resistant
13.0,3918.6783333333333,2765.3290302535165,false,dual_time_decay_kill,partial_5pct,30k,25-75,resistant
14.0,3231.2383333333332,2772.756954908298,false,dual_time_decay_kill,partial_5pct,30k,25-75,resistant
0.0,50.0,50.0,true,dual_time_decay_kill,partial_5pct,30k,50-50,sensitive
1.0,165.45833333333334,79.77782163893956,false,dual_time_decay_kill,partial_5pct,30k,50-50,sensitive
2.0,282.01500000000004,125.7809088235885,false,dual_time_decay_kill,partial_5pct,30k,50-50,sensitive
3.0,432.8383333333333,194.75955208754084,false,dual_time_decay_kill,partial_5pct,30k,50-50,sensitive
4.0,607.8166666666667,293.6225419254212,false,dual_time_decay_kill,partial_5pct,30k,50-50,sensitive
5.0,879.0050000000001,426.1770298057089,false,dual_time_decay_kill,partial_5pct,30k,50-50,sensitive
6.0,947.1116666666667,587.7046979689076,false,dual_time_decay_kill,partial_5pct,30k,50-50,sensitive
7.0,1412.7849999999999,760.1065448876001,false,dual_time_decay_kill,partial_5pct,30k,50-50,sensitive
8.0,1018.185,914.1525942552385,false,dual_time_decay_kill,partial_5pct,30k,50-50,sensitive
9.0,1172.4866666666667,1023.4736420937589,false,dual_time_decay_kill,partial_5pct,30k,50-50,sensitive
10.0,1294.5683333333334,1081.1453160561907,false,dual_time_decay_kill,partial_5pct,30k,50-50,sensitive
11.0,1082.5033333333333,1099.839604443923,false,dual_time_decay_kill,partial_5pct,30k,50-50,sensitive
12.0,1456.9150000000002,1096.9475012369767,false,dual_time_decay_kill,partial_5pct,30k,50-50,sensitive
13.0,1700.3266666666666,1084.4651757390468,false,dual_time_decay_kill,partial_5pct,30k,50-50,sensitive
14.0,1370.07,1068.4826604861776,false,dual_time_decay_kill,partial_5pct,30k,50-50,sensitive
0.0,50.0,50.0,true,dual_time_decay_kill,partial_5pct,30k,50-50,resistant
1.0,53.36166666666666,75.11172756257137,false,dual_time_decay_kill,partial_5pct,30k,50-50,resistant
2.0,85.83833333333332,112.82869583012732,false,dual_time_decay_kill,partial_5pct,30k,50-50,resistant
3.0,136.93666666666667,169.44738793153257,false,dual_time_decay_kill,partial_5pct,30k,50-50,resistant
4.0,278.0416666666667,254.2775131315285,false,dual_time_decay_kill,partial_5pct,30k,50-50,resistant
5.0,439.5783333333333,380.5854173646417,false,dual_time_decay_kill,partial_5pct,30k,50-50,resistant
6.0,738.2216666666667,565.2436347467137,false,dual_time_decay_kill,partial_5pct,30k,50-50,resistant
7.0,1333.6733333333334,822.843282607922,false,dual_time_decay_kill,partial_5pct,30k,50-50,resistant
8.0,1333.7316666666666,1147.3884589466238,false,dual_time_decay_kill,partial_5pct,30k,50-50,resistant
9.0,2235.375,1489.0379738674696,false,dual_time_decay_kill,partial_5pct,30k,50-50,resistant
10.0,2239.6666666666665,1771.6285545856383,false,dual_time_decay_kill,partial_5pct,30k,50-50,resistant
11.0,2711.556666666667,1957.9175083585833,false,dual_time_decay_kill,partial_5pct,30k,50-50,resistant
12.0,2136.7833333333333,2066.2393605013103,false,dual_time_decay_kill,partial_5pct,30k,50-50,resistant
13.0,3352.3216666666667,2129.8094891539236,false,dual_time_decay_kill,partial_5pct,30k,50-50,resistant
14.0,2315.278333333333,2171.5057295770252,false,dual_time_decay_kill,partial_5pct,30k,50-50,resistant
0.0,75.0,75.0,true,dual_time_decay_kill,partial_5pct,30k,75-25,sensitive
1.0,218.08333333333334,119.3242088320034,false,dual_time_decay_kill,partial_5pct,30k,75-25,sensitive
2.0,356.52833333333336,187.23954039422316,false,dual_time_decay_kill,partial_5pct,30k,75-25,sensitive
3.0,545.945,287.76445622348456,false,dual_time_decay_kill,partial_5pct,30k,75-25,sensitive
4.0,755.7766666666666,429.1183004217246,false,dual_time_decay_kill,partial_5pct,30k,75-25,sensitive
5.0,1013.1566666666666,613.8914171272013,false,dual_time_decay_kill,partial_5pct,30k,75-25,sensitive
6.0,1191.6316666666664,832.7429125202921,false,dual_time_decay_kill,partial_5pct,30k,75-25,sensitive
7.0,1758.6866666666667,1061.3873183046956,false,dual_time_decay_kill,partial_5pct,30k,75-25,sensitive
8.0,1400.4566666666667,1266.7321876032734,false,dual_time_decay_kill,partial_5pct,30k,75-25,sensitive
9.0,1660.7133333333334,1421.1691930431443,false,dual_time_decay_kill,partial_5pct,30k,75-25,sensitive
10.0,2107.1266666666666,1514.539618385531,false,dual_time_decay_kill,partial_5pct,30k,75-25,sensitive
11.0,1744.1750000000002,1554.4047651266415,false,dual_time_decay_kill,partial_5pct,30k,75-25,sensitive
12.0,1827.7083333333333,1556.8695871213292,false,dual_time_decay_kill,partial_5pct,30k,75-25,sensitive
13.0,1923.9083333333335,1537.381997471479,false,dual_time_decay_kill,partial_5pct,30k,75-25,sensitive
14.0,1647.07,1506.7963729984497,false,dual_time_decay_kill,partial_5pct,30k,75-25,sensitive
0.0,25.0,25.0,true,dual_time_decay_kill,partial_5pct,30k,75-25,resistant
1.0,28.45,37.555682928297905,false,dual_time_decay_kill,partial_5pct,30k,75-25,resistant
2.0,45.685,56.412873021301884,false,dual_time_decay_kill,partial_5pct,30k,75-25,resistant
3.0,72.71833333333332,84.71435972433588,false,dual_time_decay_kill,partial_5pct,30k,75-25,resistant
4.0,127.53333333333332,127.08862712231691,false,dual_time_decay_kill,partial_5pct,30k,75-25,resistant
5.0,211.36,190.07230636757157,false,dual_time_decay_kill,partial_5pct,30k,75-25,resistant
6.0,311.8583333333333,281.9138135842205,false,dual_time_decay_kill,partial_5pct,30k,75-25,resistant
7.0,585.2883333333333,410.3197754465193,false,dual_time_decay_kill,partial_5pct,30k,75-25,resistant
8.0,720.1316666666667,576.7066282136116,false,dual_time_decay_kill,partial_5pct,30k,75-25,resistant
9.0,1168.5216666666668,769.4069586660197,false,dual_time_decay_kill,partial_5pct,30k,75-25,resistant
10.0,1358.1716666666664,964.5416134873723,false,dual_time_decay_kill,partial_5pct,30k,75-25,resistant
11.0,1719.3033333333333,1138.7599133051328,false,dual_time_decay_kill,partial_5pct,30k,75-25,resistant
12.0,1458.7166666666665,1281.6109107586565,false,dual_time_decay_kill,partial_5pct,30k,75-25,resistant
13.0,2386.6633333333334,1395.3772076703037,false,dual_time_decay_kill,partial_5pct,30k,75-25,resistant
14.0,1738.6666666666667,1487.517852264096,false,dual_time_decay_kill,partial_5pct,30k,75-25,resistant
0.0,16.75,16.75,true,dual_transit_competitor_scaled,partial_5pct,20k,25-75,sensitive
1.0,99.62333333333333,32.99866786477208,false,dual_transit_competitor_scaled,partial_5pct,20k,25-75,sensitive
2.0,151.64666666666665,64.44550456096637,false,dual_transit_competitor_scaled,partial_5pct,20k,25-75,sensitive
3.0,256.715,123.96577947648181,false,dual_transit_competitor_scaled,partial_5pct,20k,25-75,sensitive
4.0,308.39166666666665,226.07360092989165,false,dual_transit_competitor_scaled,partial_5pct,20k,25-75,sensitive
5.0,458.41,336.0224751696271,false,dual_transit_competitor_scaled,partial_5pct,20k,25-75,sensitive
6.0,443.1983333333333,441.4405282601821,false,dual_transit_competitor_scaled,partial_5pct,20k,25-75,sensitive
7.0,684.745,541.3998262235348,false,dual_transit_competitor_scaled,partial_5pct,20k,25-75,sensitive
8.0,381.4466666666667,632.8134549459729,false,dual_transit_competitor_scaled,partial_5pct,20k,25-75,sensitive
9.0,434.4266666666667,710.0890552903966,false,dual_transit_competitor_scaled,partial_5pct,20k,25-75,sensitive
10.0,381.8066666666667,767.1841272945157,false,dual_transit_competitor_scaled,partial_5pct,20k,25-75,sensitive
11.0,827.9266666666667,803.3815020269246,false,dual_transit_competitor_scaled,partial_5pct,20k,25-75,sensitive
12.0,564.2466666666667,825.396229033043,false,dual_transit_competitor_scaled,partial_5pct,20k,25-75,sensitive
13.0,1105.2716666666665,840.8586764028357,false,dual_transit_competitor_scaled,partial_5pct,20k,25-75,sensitive
14.0,404.80333333333334,853.9761722473679,false,dual_transit_competitor_scaled,partial_5pct,20k,25-75,sensitive
0.0,50.25,50.25,true,dual_transit_competitor_scaled,partial_5pct,20k,25-75,resistant
1.0,88.58666666666666,75.4884858475571,false,dual_transit_competitor_scaled,partial_5pct,20k,25-75,resistant
2.0,143.335,113.40114241350548,false,dual_transit_competitor_scaled,partial_5pct,20k,25-75,resistant
3.0,247.62666666666667,170.33959268894995,false,dual_transit_competitor_scaled,partial_5pct,20k,25-75,resistant
4.0,494.3083333333334,255.76794671277176,false,dual_transit_competitor_scaled,partial_5pct,20k,25-75,resistant
5.0,903.3716666666666,383.7253549826067,false,dual_transit_competitor_scaled,partial_5pct,20k,25-75,resistant
6.0,1360.0966666666666,574.5657765352639,false,dual_transit_competitor_scaled,partial_5pct,20k,25-75,resistant
7.0,2438.3766666666666,855.8096765348494,false,dual_transit_competitor_scaled,partial_5pct,20k,25-75,resistant
8.0,1945.3233333333335,1256.8333624997867,false,dual_transit_competitor_scaled,partial_5pct,20k,25-75,resistant
9.0,3250.286666666667,1780.6742573693703,false,dual_transit_competitor_scaled,partial_5pct,20k,25-75,resistant
10.0,3135.64,2339.918128334239,false,dual_transit_competitor_scaled,partial_5pct,20k,25-75,resistant
11.0,3987.5866666666666,2762.354087549925,false,dual_transit_competitor_scaled,partial_5pct,20k,25-75,resistant
12.0,2308.2483333333334,2977.592797999678,false,dual_transit_competitor_scaled,partial_5pct,20k,25-75,resistant
13.0,3826.773333333333,3058.1463898007364,false,dual_transit_competitor_scaled,partial_5pct,20k,25-75,resistant
14.0,2159.3716666666664,3081.166763630994,false,dual_transit_competitor_scaled,partial_5pct,20k,25-75,resistant
0.0,33.5,33.5,true,dual_transit_competitor_scaled,partial_5pct,20k,50-50,sensitive
1.0,154.28,65.81333485605695,false,dual_transit_competitor_scaled,partial_5pct,20k,50-50,sensitive
2.0,285.20666666666665,127.69885612373153,false,dual_transit_competitor_scaled,partial_5pct,20k,50-50,sensitive
3.0,425.075,242.27338404989686,false,dual_transit_competitor_scaled,partial_5pct,20k,50-50,sensitive
4.0,562.615,430.97509418497896,false,dual_transit_competitor_scaled,partial_5pct,20k,50-50,sensitive
5.0,850.4516666666667,624.1186595548961,false,dual_transit_competitor_scaled,partial_5pct,20k,50-50,sensitive
6.0,932.2550000000001,799.1593268147777,false,dual_transit_competitor_scaled,partial_5pct,20k,50-50,sensitive
7.0,1392.045,955.9905962608868,false,dual_transit_competitor_scaled,partial_5pct,20k,50-50,sensitive
8.0,999.73,1092.5201357439169,false,dual_transit_competitor_scaled,partial_5pct,20k,50-50,sensitive
9.0,1287.6316666666664,1204.282877399995,false,dual_transit_competitor_scaled,partial_5pct,20k,50-50,sensitive
10.0,1285.185,1285.1298980697625,false,dual_transit_competitor_scaled,partial_5pct,20k,50-50,sensitive
11.0,1589.9216666666669,1331.0163675719905,false,dual_transit_competitor_scaled,partial_5pct,20k,50-50,sensitive
12.0,1183.66,1345.996828818993,false,dual_transit_competitor_scaled,partial_5pct,20k,50-50,sensitive
13.0,1283.0133333333333,1341.5805864294953,false,dual_transit_competitor_scaled,partial_5pct,20k,50-50,sensitive
14.0,1010.3066666666667,1328.5421311508094,false,dual_transit_competitor_scaled,partial_5pct,20k,50-50,sensitive
0.0,33.5,33.5,true,dual_transit_competitor_scaled,partial_5pct,20k,50-50,resistant
1.0,51.281666666666666,50.325584522697206,false,dual_transit_competitor_scaled,partial_5pct,20k,50-50,resistant
2.0,89.81333333333333,75.59961661633093,false,dual_transit_competitor_scaled,partial_5pct,20k,50-50,resistant
3.0,141.95833333333334,113.54644738342954,false,dual_transit_competitor_scaled,partial_5pct,20k,50-50,resistant
4.0,269.67333333333335,170.4007998730437,false,dual_transit_competitor_scaled,partial_5pct,20k,50-50,resistant
5.0,503.14333333333326,255.43080704171834,false,dual_transit_competitor_scaled,partial_5pct,20k,50-50,resistant
6.0,640.2366666666667,382.1719436096589,false,dual_transit_competitor_scaled,partial_5pct,20k,50-50,resistant
7.0,1228.7583333333334,569.5404388853779,false,dual_transit_competitor_scaled,partial_5pct,20k,50-50,resistant
8.0,1159.7433333333333,841.3531834221071,false,dual_transit_competitor_scaled,partial_5pct,20k,50-50,resistant
9.0,2141.5383333333334,1218.4786571469351,false,dual_transit_competitor_scaled,partial_5pct,20k,50-50,resistant
10.0,2331.901666666666,1691.0915613487364,false,dual_transit_competitor_scaled,partial_5pct,20k,50-50,resistant
11.0,3319.126666666667,2174.8676850296956,false,dual_transit_competitor_scaled,partial_5pct,20k,50-50,resistant
12.0,1939.1216666666667,2539.783272564108,false,dual_transit_competitor_scaled,partial_5pct,20k,50-50,resistant
13.0,3037.8416666666667,2741.2781982907336,false,dual_transit_competitor_scaled,partial_5pct,20k,50-50,resistant
14.0,1923.26,2832.4800805876803,false,dual_transit_competitor_scaled,partial_5pct,20k,50-50,resistant
0.0,50.25,50.25,true,dual_transit_competitor_scaled,partial_5pct,20k,75-25,sensitive
1.0,216.94833333333335,98.4461458595596,false,dual_transit_competitor_scaled,partial_5pct,20k,75-25,sensitive
2.0,395.03833333333336,189.80189513547742,false,dual_transit_competitor_scaled,partial_5pct,20k,75-25,sensitive
3.0,575.9033333333333,355.3762959771279,false,dual_transit_competitor_scaled,partial_5pct,20k,75-25,sensitive
4.0,750.965,618.0043565494976,false,dual_transit_competitor_scaled,partial_5pct,20k,75-25,sensitive
5.0,1098.7666666666667,875.6321406241791,false,dual_transit_competitor_scaled,partial_5pct,20k,75-25,sensitive
6.0,1222.9466666666665,1099.3313845679768,false,dual_transit_competitor_scaled,partial_5pct,20k,75-25,sensitive
7.0,1636.885,1292.3127494669561,false,dual_transit_competitor_scaled,partial_5pct,20k,75-25,sensitive
8.0,1417.09,1456.3680028468898,false,dual_transit_competitor_scaled,partial_5pct,20k,75-25,sensitive
9.0,1830.3733333333337,1591.596264244336,false,dual_transit_competitor_scaled,partial_5pct,20k,75-25,sensitive
10.0,2137.61,1696.1519474876104,false,dual_transit_competitor_scaled,partial_5pct,20k,75-25,sensitive
11.0,2132.978333333333,1766.362684272077,false,dual_transit_competitor_scaled,partial_5pct,20k,75-25,sensitive
12.0,1500.195,1798.5182079155575,false,dual_transit_competitor_scaled,partial_5pct,20k,75-25,sensitive
13.0,1762.6516666666669,1793.543984881333,false,dual_transit_competitor_scaled,partial_5pct,20k,75-25,sensitive
14.0,1454.5266666666666,1760.7726760781925,false,dual_transit_competitor_scaled,partial_5pct,20k,75-25,sensitive
0.0,16.75,16.75,true,dual_transit_competitor_scaled,partial_5pct,20k,75-25,resistant
1.0,26.93166666666667,25.16274957901717,false,dual_transit_competitor_scaled,partial_5pct,20k,75-25,resistant
2.0,42.105,37.799072384806784,false,dual_transit_competitor_scaled,partial_5pct,20k,75-25,resistant
3.0,64.44166666666668,56.7641398975124,false,dual_transit_competitor_scaled,partial_5pct,20k,75-25,resistant
4.0,128.0016666666667,85.12585425880448,false,dual_transit_competitor_scaled,partial_5pct,20k,75-25,resistant
5.0,186.15166666666664,127.49814484854842,false,dual_transit_competitor_scaled,partial_5pct,20k,75-25,resistant
6.0,262.3983333333333,190.7246540662429,false,dual_transit_competitor_scaled,partial_5pct,20k,75-25,resistant
7.0,430.875,284.72421804764343,false,dual_transit_competitor_scaled,partial_5pct,20k,75-25,resistant
8.0,525.69,423.52002274942834,false,dual_transit_competitor_scaled,partial_5pct,20k,75-25,resistant
9.0,900.48,625.6732842758813,false,dual_transit_competitor_scaled,partial_5pct,20k,75-25,resistant
10.0,1261.5033333333333,911.7485217064404,false,dual_transit_competitor_scaled,partial_5pct,20k,75-25,resistant
11.0,1896.801666666667,1292.4169223755835,false,dual_transit_competitor_scaled,partial_5pct,20k,75-25,resistant
12.0,1271.0700000000004,1739.5074592867684,false,dual_transit_competitor_scaled,partial_5pct,20k,75-25,resistant
13.0,2274.6516666666666,2162.981923131286,false,dual_transit_competitor_scaled,partial_5pct,20k,75-25,resistant
14.0,1507.9783333333335,2466.9895812266795,false,dual_transit_competitor_scaled,partial_5pct,20k,75-25,resistant
0.0,25.0,25.0,true,dual_transit_competitor_scaled,partial_5pct,30k,25-75,sensitive
1.0,92.28666666666668,46.73397534273243,false,dual_transit_competitor_scaled,partial_5pct,30k,25-75,sensitive
2.0,166.93666666666667,86.2963017552646,false,dual_transit_competitor_scaled,partial_5pct,30k,25-75,sensitive
3.0,254.01833333333335,156.14869996190376,false,dual_transit_competitor_scaled,partial_5pct,30k,25-75,sensitive
4.0,304.3333333333333,267.56838672579727,false,dual_transit_competitor_scaled,partial_5pct,30k,25-75,sensitive
5.0,467.26833333333326,383.48249538827224,false,dual_transit_competitor_scaled,partial_5pct,30k,25-75,sensitive
6.0,478.9883333333334,490.2343223857823,false,dual_transit_competitor_scaled,partial_5pct,30k,25-75,sensitive
7.0,644.6283333333333,584.2956360880123,false,dual_transit_competitor_scaled,partial_5pct,30k,25-75,sensitive
8.0,433.00666666666666,659.5596664419439,false,dual_transit_competitor_scaled,partial_5pct,30k,25-75,sensitive
9.0,360.13166666666666,709.96428371718,false,dual_transit_competitor_scaled,partial_5pct,30k,25-75,sensitive
10.0,420.3900000000001,735.7385964454065,false,dual_transit_competitor_scaled,partial_5pct,30k,25-75,sensitive
11.0,492.47499999999997,744.9136913238248,false,dual_transit_competitor_scaled,partial_5pct,30k,25-75,sensitive
12.0,788.84,746.0965360369289,false,dual_transit_competitor_scaled,partial_5pct,30k,25-75,sensitive
13.0,1077.7166666666667,744.0987996638067,false,dual_transit_competitor_scaled,partial_5pct,30k,25-75,sensitive
14.0,921.545,740.9106894629796,false,dual_transit_competitor_scaled,partial_5pct,30k,25-75,sensitive
0.0,75.0,75.0,true,dual_transit_competitor_scaled,partial_5pct,30k,25-75,resistant
1.0,87.41333333333334,112.66787977610487,false,dual_transit_competitor_scaled,partial_5pct,30k,25-75,resistant
2.0,146.07000000000002,169.24342114183517,false,dual_transit_competitor_scaled,partial_5pct,30k,25-75,resistant
3.0,261.51,254.15692654806085,false,dual_transit_competitor_scaled,partial_5pct,30k,25-75,resistant
4.0,490.7949999999999,381.24948212273097,false,dual_transit_competitor_scaled,partial_5pct,30k,25-75,resistant
5.0,872.2133333333333,570.5209235688267,false,dual_transit_competitor_scaled,partial_5pct,30k,25-75,resistant
6.0,1398.1966666666667,848.777734520909,false,dual_transit_competitor_scaled,partial_5pct,30k,25-75,resistant
7.0,2656.3349999999996,1243.7154370505198,false,dual_transit_competitor_scaled,partial_5pct,30k,25-75,resistant
8.0,2187.6316666666667,1755.8637433326226,false,dual_transit_competitor_scaled,partial_5pct,30k,25-75,resistant
9.0,3209.313333333333,2299.2678233703373,false,dual_transit_competitor_scaled,partial_5pct,30k,25-75,resistant
10.0,3193.9033333333336,2712.8010917723905,false,dual_transit_competitor_scaled,partial_5pct,30k,25-75,resistant
11.0,3624.1133333333332,2931.8881181163183,false,dual_transit_competitor_scaled,partial_5pct,30k,25-75,resistant
12.0,2743.473333333334,3022.7903985274834,false,dual_transit_competitor_scaled,partial_5pct,30k,25-75,resistant
13.0,3918.6783333333333,3057.430771585426,false,dual_transit_competitor_scaled,partial_5pct,30k,25-75,resistant
14.0,3231.2383333333332,3071.358696871839,false,dual_transit_competitor_scaled,partial_5pct,30k,25-75,resistant
0.0,50.0,50.0,true,dual_transit_competitor_scaled,partial_5pct,30k,50-50,sensitive
1.0,165.45833333333334,93.1427613002731,false,dual_transit_competitor_scaled,partial_5pct,30k,50-50,sensitive
2.0,282.01500000000004,170.67037503504824,false,dual_transit_competitor_scaled,partial_5pct,30k,50-50,sensitive
3.0,432.8383333333333,304.0884035885609,false,dual_transit_competitor_scaled,partial_5pct,30k,50-50,sensitive
4.0,607.8166666666667,507.5572652687504,false,dual_transit_competitor_scaled,partial_5pct,30k,50-50,sensitive
5.0,879.0050000000001,708.0060642910112,false,dual_transit_competitor_scaled,partial_5pct,30k,50-50,sensitive
6.0,947.1116666666667,882.6629974450686,false,dual_transit_competitor_scaled,partial_5pct,30k,50-50,sensitive
7.0,1412.7849999999999,1029.6932464745112,false,dual_transit_competitor_scaled,partial_5pct,30k,50-50,sensitive
8.0,1018.185,1144.8253910995645,false,dual_transit_competitor_scaled,partial_5pct,30k,50-50,sensitive
9.0,1172.4866666666667,1222.4332283228168,false,dual_transit_competitor_scaled,partial_5pct,30k,50-50,sensitive
10.0,1294.5683333333334,1259.8428052851827,false,dual_transit_competitor_scaled,partial_5pct,30k,50-50,sensitive
11.0,1082.5033333333333,1262.941058405246,false,dual_transit_competitor_scaled,partial_5pct,30k,50-50,sensitive
12.0,1456.9150000000002,1244.5822939519228,false,dual_transit_competitor_scaled,partial_5pct,30k,50-50,sensitive
13.0,1700.3266666666666,1216.405843642598,false,dual_transit_competitor_scaled,partial_5pct,30k,50-50,sensitive
14.0,1370.07,1185.048881919877,false,dual_transit_competitor_scaled,partial_5pct,30k,50-50,sensitive
0.0,50.0,50.0,true,dual_transit_competitor_scaled,partial_5pct,30k,50-50,resistant
1.0,53.36166666666666,75.11142851519685,false,dual_transit_competitor_scaled,partial_5pct,30k,50-50,resistant
2.0,85.83833333333332,112.82276772464584,false,dual_transit_competitor_scaled,partial_5pct,30k,50-50,resistant
3.0,136.93666666666667,169.37841016787937,false,dual_transit_competitor_scaled,partial_5pct,30k,50-50,resistant
4.0,278.0416666666667,253.74264750790942,false,dual_transit_competitor_scaled,partial_5pct,30k,50-50,resistant
5.0,439.5783333333333,379.0073913690395,false,dual_transit_competitor_scaled,partial_5pct,30k,50-50,resistant
6.0,738.2216666666667,563.309991772151,false,dual_transit_competitor_scaled,partial_5pct,30k,50-50,resistant
7.0,1333.6733333333334,828.6049079856126,false,dual_transit_competitor_scaled,partial_5pct,30k,50-50,resistant
8.0,1333.7316666666666,1192.319869071202,false,dual_transit_competitor_scaled,partial_5pct,30k,50-50,resistant
9.0,2235.375,1641.4243445239638,false,dual_transit_competitor_scaled,partial_5pct,30k,50-50,resistant
10.0,2239.6666666666665,2097.4473683407828,false,dual_transit_competitor_scaled,partial_5pct,30k,50-50,resistant
11.0,2711.556666666667,2447.807527229005,false,dual_transit_competitor_scaled,partial_5pct,30k,50-50,resistant
12.0,2136.7833333333333,2653.7851637809536,false,dual_transit_competitor_scaled,partial_5pct,30k,50-50,resistant
13.0,3352.3216666666667,2758.8272564983467,false,dual_transit_competitor_scaled,partial_5pct,30k,50-50,resistant
14.0,2315.278333333333,2813.5623626676406,false,dual_transit_competitor_scaled,partial_5pct,30k,50-50,resistant
0.0,75.0,75.0,true,dual_transit_competitor_scaled,partial_5pct,30k,75-25,sensitive
1.0,218.08333333333334,139.23148031657618,false,dual_transit_competitor_scaled,partial_5pct,30k,75-25,sensitive
2.0,356.52833333333336,253.209366466972,false,dual_transit_competitor_scaled,partial_5pct,30k,75-25,sensitive
3.0,545.945,444.62503412705837,false,dual_transit_competitor_scaled,partial_5pct,30k,75-25,sensitive
4.0,755.7766666666666,724.9735713759092,false,dual_transit_competitor_scaled,partial_5pct,30k,75-25,sensitive
5.0,1013.1566666666666,989.5132340609626,false,dual_transit_competitor_scaled,partial_5pct,30k,75-25,sensitive
6.0,1191.6316666666664,1211.5674659407048,false,dual_transit_competitor_scaled,partial_5pct,30k,75-25,sensitive
7.0,1758.6866666666667,1394.630348771093,false,dual_transit_competitor_scaled,partial_5pct,30k,75-25,sensitive
8.0,1400.4566666666667,1540.191745994749,false,dual_transit_competitor_scaled,partial_5pct,30k,75-25,sensitive
9.0,1660.7133333333334,1647.5294187727773,false,dual_transit_competitor_scaled,partial_5pct,30k,75-25,sensitive
10.0,2107.1266666666666,1714.1217059065984,false,dual_transit_competitor_scaled,partial_5pct,30k,75-25,sensitive
11.0,1744.1750000000002,1737.7909176895587,false,dual_transit_competitor_scaled,partial_5pct,30k,75-25,sensitive
12.0,1827.7083333333333,1721.2116756533915,false,dual_transit_competitor_scaled,partial_5pct,30k,75-25,sensitive
13.0,1923.9083333333335,1674.8601916394568,false,dual_transit_competitor_scaled,partial_5pct,30k,75-25,sensitive
14.0,1647.07,1612.795797973828,false,dual_transit_competitor_scaled,partial_5pct,30k,75-25,sensitive
0.0,25.0,25.0,true,dual_transit_competitor_scaled,partial_5pct,30k,75-25,resistant
1.0,28.45,37.55541803280318,false,dual_transit_competitor_scaled,partial_5pct,30k,75-25,resistant
2.0,45.685,56.40742945139407,false,dual_transit_competitor_scaled,partial_5pct,30k,75-25,resistant
3.0,72.71833333333332,84.64997382603372,false,dual_transit_competitor_scaled,partial_5pct,30k,75-25,resistant
4.0,127.53333333333332,126.60586865168294,false,dual_transit_competitor_scaled,partial_5pct,30k,75-25,resistant
5.0,211.36,188.82531216637858,false,dual_transit_competitor_scaled,partial_5pct,30k,75-25,resistant
6.0,311.8583333333333,280.8350277250127,false,dual_transit_competitor_scaled,partial_5pct,30k,75-25,resistant
7.0,585.2883333333333,415.731324761642,false,dual_transit_competitor_scaled,partial_5pct,30k,75-25,resistant
8.0,720.1316666666667,610.3118661007408,false,dual_transit_competitor_scaled,partial_5pct,30k,75-25,resistant
9.0,1168.5216666666668,882.1129552563523,false,dual_transit_competitor_scaled,partial_5pct,30k,75-25,resistant
10.0,1358.1716666666664,1238.2245128768031,false,dual_transit_competitor_scaled,partial_5pct,30k,75-25,resistant
11.0,1719.3033333333333,1651.6637428398017,false,dual_transit_competitor_scaled,partial_5pct,30k,75-25,resistant
12.0,1458.7166666666665,2046.5539586646196,false,dual_transit_competitor_scaled,partial_5pct,30k,75-25,resistant
13.0,2386.6633333333334,2343.564970955922,false,dual_transit_competitor_scaled,partial_5pct,30k,75-25,resistant
14.0,1738.6666666666667,2527.419054097845,false,dual_transit_competitor_scaled,partial_5pct,30k,75-25,resistant
0.0,16.75,16.75,true,dual_transit_damage,partial_5pct,20k,25-75,sensitive
1.0,99.62333333333333,32.99866786477208,false,dual_transit_damage,partial_5pct,20k,25-75,sensitive
2.0,151.64666666666665,64.44550456096637,false,dual_transit_damage,partial_5pct,20k,25-75,sensitive
3.0,256.715,123.9301945656587,false,dual_transit_damage,partial_5pct,20k,25-75,sensitive
4.0,308.39166666666665,211.65806422023994,false,dual_transit_damage,partial_5pct,20k,25-75,sensitive
5.0,458.41,311.6698367584428,false,dual_transit_damage,partial_5pct,20k,25-75,sensitive
6.0,443.1983333333333,422.14582809316266,false,dual_transit_damage,partial_5pct,20k,25-75,sensitive
7.0,684.745,537.6934292322617,false,dual_transit_damage,partial_5pct,20k,25-75,sensitive
8.0,381.4466666666667,647.1969452691337,false,dual_transit_damage,partial_5pct,20k,25-75,sensitive
9.0,434.4266666666667,735.1548893225383,false,dual_transit_damage,partial_5pct,20k,25-75,sensitive
10.0,381.8066666666667,788.1497988769538,false,dual_transit_damage,partial_5pct,20k,25-75,sensitive
11.0,827.9266666666667,803.9711925329987,false,dual_transit_damage,partial_5pct,20k,25-75,sensitive
12.0,564.2466666666667,791.7623907158749,false,dual_transit_damage,partial_5pct,20k,25-75,sensitive
13.0,1105.2716666666665,762.5234323825612,false,dual_transit_damage,partial_5pct,20k,25-75,sensitive
14.0,404.80333333333334,723.7994032700825,false,dual_transit_damage,partial_5pct,20k,25-75,sensitive
0.0,50.25,50.25,true,dual_transit_damage,partial_5pct,20k,25-75,resistant
1.0,88.58666666666666,75.4884858475571,false,dual_transit_damage,partial_5pct,20k,25-75,resistant
2.0,143.335,113.40114241350548,false,dual_transit_damage,partial_5pct,20k,25-75,resistant
3.0,247.62666666666667,170.33960997568335,false,dual_transit_damage,partial_5pct,20k,25-75,resistant
4.0,494.3083333333334,255.78900214388494,false,dual_transit_damage,partial_5pct,20k,25-75,resistant
5.0,903.3716666666666,383.79823105244964,false,dual_transit_damage,partial_5pct,20k,25-75,resistant
6.0,1360.0966666666666,574.5902838427568,false,dual_transit_damage,partial_5pct,20k,25-75,resistant
7.0,2438.3766666666666,855.0117716074997,false,dual_transit_damage,partial_5pct,20k,25-75,resistant
8.0,1945.3233333333335,1252.2187444177596,false,dual_transit_damage,partial_5pct,20k,25-75,resistant
9.0,3250.286666666667,1765.9040826481926,false,dual_transit_damage,partial_5pct,20k,25-75,resistant
10.0,3135.64,2314.5005744626537,false,dual_transit_damage,partial_5pct,20k,25-75,resistant
11.0,3987.5866666666666,2749.217335386549,false,dual_transit_damage,partial_5pct,20k,25-75,resistant
12.0,2308.2483333333334,3006.008556298516,false,dual_transit_damage,partial_5pct,20k,25-75,resistant
13.0,3826.773333333333,3139.022553874997,false,dual_transit_damage,partial_5pct,20k,25-75,resistant
14.0,2159.3716666666664,3212.936533458416,false,dual_transit_damage,partial_5pct,20k,25-75,resistant
0.0,33.5,33.5,true,dual_transit_damage,partial_5pct,20k,50-50,sensitive
1.0,154.28,65.81333485605695,false,dual_transit_damage,partial_5pct,20k,50-50,sensitive
2.0,285.20666666666665,127.69885612373153,false,dual_transit_damage,partial_5pct,20k,50-50,sensitive
3.0,425.075,242.20738907285954,false,dual_transit_damage,partial_5pct,20k,50-50,sensitive
4.0,562.615,405.6162200257163,false,dual_transit_damage,partial_5pct,20k,50-50,sensitive
5.0,850.4516666666667,585.0036329727445,false,dual_transit_damage,partial_5pct,20k,50-50,sensitive
6.0,932.2550000000001,775.3474836538219,false,dual_transit_damage,partial_5pct,20k,50-50,sensitive
7.0,1392.045,967.4919244909524,false,dual_transit_damage,partial_5pct,20k,50-50,sensitive
8.0,999.73,1146.310707645915,false,dual_transit_damage,partial_5pct,20k,50-50,sensitive
9.0,1287.6316666666664,1292.819657277233,false,dual_transit_damage,partial_5pct,20k,50-50,sensitive
10.0,1285.185,1389.4534386425048,false,dual_transit_damage,partial_5pct,20k,50-50,sensitive
11.0,1589.9216666666669,1427.969840981049,false,dual_transit_damage,partial_5pct,20k,50-50,sensitive
12.0,1183.66,1414.433876713868,false,dual_transit_damage,partial_5pct,20k,50-50,sensitive
13.0,1283.0133333333333,1364.3144112871535,false,dual_transit_damage,partial_5pct,20k,50-50,sensitive
14.0,1010.3066666666667,1292.8066075075194,false,dual_transit_damage,partial_5pct,20k,50-50,sensitive
0.0,33.5,33.5,true,dual_transit_damage,partial_5pct,20k,50-50,resistant
1.0,51.281666666666666,50.325584522697206,false,dual_transit_damage,partial_5pct,20k,50-50,resistant
2.0,89.81333333333333,75.59961661633093,false,dual_transit_damage,partial_5pct,20k,50-50,resistant
3.0,141.95833333333334,113.54648357962863,false,dual_transit_damage,partial_5pct,20k,50-50,resistant
4.0,269.67333333333335,170.44262286843926,false,dual_transit_damage,partial_5pct,20k,50-50,resistant
5.0,503.14333333333326,255.54915884209998,false,dual_transit_damage,partial_5pct,20k,50-50,resistant
6.0,640.2366666666667,382.13068419984046,false,dual_transit_damage,partial_5pct,20k,50-50,resistant
7.0,1228.7583333333334,568.0578705599537,false,dual_transit_damage,partial_5pct,20k,50-50,resistant
8.0,1159.7433333333333,833.9999271892136,false,dual_transit_damage,partial_5pct,20k,50-50,resistant
9.0,2141.5383333333334,1194.2666897797296,false,dual_transit_damage,partial_5pct,20k,50-50,resistant
10.0,2331.901666666666,1634.0401138289294,false,dual_transit_damage,partial_5pct,20k,50-50,resistant
11.0,3319.126666666667,2085.6704056088147,false,dual_transit_damage,partial_5pct,20k,50-50,resistant
12.0,1939.1216666666667,2457.753363534131,false,dual_transit_damage,partial_5pct,20k,50-50,resistant
13.0,3037.8416666666667,2712.5003970137623,false,dual_transit_damage,partial_5pct,20k,50-50,resistant
14.0,1923.26,2875.4171229719277,false,dual_transit_damage,partial_5pct,20k,50-50,resistant
0.0,50.25,50.25,true,dual_transit_damage,partial_5pct,20k,75-25,sensitive
1.0,216.94833333333335,98.4461458595596,false,dual_transit_damage,partial_5pct,20k,75-25,sensitive
2.0,395.03833333333336,189.80189513547742,false,dual_transit_damage,partial_5pct,20k,75-25,sensitive
3.0,575.9033333333333,355.2844412418209,false,dual_transit_damage,partial_5pct,20k,75-25,sensitive
4.0,750.965,584.4111900997299,false,dual_transit_damage,partial_5pct,20k,75-25,sensitive
5.0,1098.7666666666667,828.167418113873,false,dual_transit_damage,partial_5pct,20k,75-25,sensitive
6.0,1222.9466666666665,1079.4153428729871,false,dual_transit_damage,partial_5pct,20k,75-25,sensitive
7.0,1636.885,1328.497670134785,false,dual_transit_damage,partial_5pct,20k,75-25,sensitive
8.0,1417.09,1561.8543173618011,false,dual_transit_damage,partial_5pct,20k,75-25,sensitive
9.0,1830.3733333333337,1763.903389082921,false,dual_transit_damage,partial_5pct,20k,75-25,sensitive
10.0,2137.61,1919.3724912633907,false,dual_transit_damage,partial_5pct,20k,75-25,sensitive
11.0,2132.978333333333,2016.0648617804072,false,dual_transit_damage,partial_5pct,20k,75-25,sensitive
12.0,1500.195,2048.266000377406,false,dual_transit_damage,partial_5pct,20k,75-25,sensitive
13.0,1762.6516666666669,2019.7977222490213,false,dual_transit_damage,partial_5pct,20k,75-25,sensitive
14.0,1454.5266666666666,1943.5950950955703,false,dual_transit_damage,partial_5pct,20k,75-25,sensitive
0.0,16.75,16.75,true,dual_transit_damage,partial_5pct,20k,75-25,resistant
1.0,26.93166666666667,25.16274957901717,false,dual_transit_damage,partial_5pct,20k,75-25,resistant
2.0,42.105,37.799072384806784,false,dual_transit_damage,partial_5pct,20k,75-25,resistant
3.0,64.44166666666668,56.7641779062435,false,dual_transit_damage,partial_5pct,20k,75-25,resistant
4.0,128.0016666666667,85.16715673432347,false,dual_transit_damage,partial_5pct,20k,75-25,resistant
5.0,186.15166666666664,127.59577456597037,false,dual_transit_damage,partial_5pct,20k,75-25,resistant
6.0,262.3983333333333,190.64322549971718,false,dual_transit_damage,partial_5pct,20k,75-25,resistant
7.0,430.875,283.47558068392436,false,dual_transit_damage,partial_5pct,20k,75-25,resistant
8.0,525.69,418.1064348586929,false,dual_transit_damage,partial_5pct,20k,75-25,resistant
9.0,900.48,608.5869269617951,false,dual_transit_damage,partial_5pct,20k,75-25,resistant
10.0,1261.5033333333333,867.4094525036631,false,dual_transit_damage,partial_5pct,20k,75-25,resistant
11.0,1896.801666666667,1196.7003200108988,false,dual_transit_damage,partial_5pct,20k,75-25,resistant
12.0,1271.0700000000004,1574.9615051357762,false,dual_transit_damage,partial_5pct,20k,75-25,resistant
13.0,2274.6516666666666,1952.7188365896416,false,dual_transit_damage,partial_5pct,20k,75-25,resistant
14.0,1507.9783333333335,2276.4314778238722,false,dual_transit_damage,partial_5pct,20k,75-25,resistant
0.0,25.0,25.0,true,dual_transit_damage,partial_5pct,30k,25-75,sensitive
1.0,92.28666666666668,46.73397534273243,false,dual_transit_damage,partial_5pct,30k,25-75,sensitive
2.0,166.93666666666667,86.2963017552646,false,dual_transit_damage,partial_5pct,30k,25-75,sensitive
3.0,254.01833333333335,156.11126929865145,false,dual_transit_damage,partial_5pct,30k,25-75,sensitive
4.0,304.3333333333333,252.78688431383145,false,dual_transit_damage,partial_5pct,30k,25-75,sensitive
5.0,467.26833333333326,355.98379610047846,false,dual_transit_damage,partial_5pct,30k,25-75,sensitive
6.0,478.9883333333334,459.75388021884874,false,dual_transit_damage,partial_5pct,30k,25-75,sensitive
7.0,644.6283333333333,554.066273884803,false,dual_transit_damage,partial_5pct,30k,25-75,sensitive
8.0,433.00666666666666,625.2611687555639,false,dual_transit_damage,partial_5pct,30k,25-75,sensitive
9.0,360.13166666666666,662.1708845915598,false,dual_transit_damage,partial_5pct,30k,25-75,sensitive
10.0,420.3900000000001,664.3571064105331,false,dual_transit_damage,partial_5pct,30k,25-75,sensitive
11.0,492.47499999999997,641.6756231540223,false,dual_transit_damage,partial_5pct,30k,25-75,sensitive
12.0,788.84,605.0589180104911,false,dual_transit_damage,partial_5pct,30k,25-75,sensitive
13.0,1077.7166666666667,561.6791850055356,false,dual_transit_damage,partial_5pct,30k,25-75,sensitive
14.0,921.545,515.6495528387462,false,dual_transit_damage,partial_5pct,30k,25-75,sensitive
0.0,75.0,75.0,true,dual_transit_damage,partial_5pct,30k,25-75,resistant
1.0,87.41333333333334,112.66787977610487,false,dual_transit_damage,partial_5pct,30k,25-75,resistant
2.0,146.07000000000002,169.24342114183517,false,dual_transit_damage,partial_5pct,30k,25-75,resistant
3.0,261.51,254.1569969288979,false,dual_transit_damage,partial_5pct,30k,25-75,resistant
4.0,490.7949999999999,381.33092330981333,false,dual_transit_damage,partial_5pct,30k,25-75,resistant
5.0,872.2133333333333,570.8448011273777,false,dual_transit_damage,partial_5pct,30k,25-75,resistant
6.0,1398.1966666666667,849.3732223763365,false,dual_transit_damage,partial_5pct,30k,25-75,resistant
7.0,2656.3349999999996,1244.179525800756,false,dual_transit_damage,partial_5pct,30k,25-75,resistant
8.0,2187.6316666666667,1756.5020304939574,false,dual_transit_damage,partial_5pct,30k,25-75,resistant
9.0,3209.313333333333,2308.955122566168,false,dual_transit_damage,partial_5pct,30k,25-75,resistant
10.0,3193.9033333333336,2754.8477463144154,false,dual_transit_damage,partial_5pct,30k,25-75,resistant
11.0,3624.1133333333332,3024.8994976777967,false,dual_transit_damage,partial_5pct,30k,25-75,resistant
12.0,2743.473333333334,3168.608441706497,false,dual_transit_damage,partial_5pct,30k,25-75,resistant
13.0,3918.6783333333333,3250.217968459373,false,dual_transit_damage,partial_5pct,30k,25-75,resistant
14.0,3231.2383333333332,3304.4161645877216,false,dual_transit_damage,partial_5pct,30k,25-75,resistant
0.0,50.0,50.0,true,dual_transit_damage,partial_5pct,30k,50-50,sensitive
1.0,165.45833333333334,93.1427613002731,false,dual_transit_damage,partial_5pct,30k,50-50,sensitive
2.0,282.01500000000004,170.67037503504824,false,dual_transit_damage,partial_5pct,30k,50-50,sensitive
3.0,432.8383333333333,304.02023885227516,false,dual_transit_damage,partial_5pct,30k,50-50,sensitive
4.0,607.8166666666667,482.2731055941609,false,dual_transit_damage,partial_5pct,30k,50-50,sensitive
5.0,879.0050000000001,666.1073765374937,false,dual_transit_damage,partial_5pct,30k,50-50,sensitive
6.0,947.1116666666667,845.9541521922852,false,dual_transit_damage,partial_5pct,30k,50-50,sensitive
7.0,1412.7849999999999,1008.5757110716451,false,dual_transit_damage,partial_5pct,30k,50-50,sensitive
8.0,1018.185,1137.2134613717044,false,dual_transit_damage,partial_5pct,30k,50-50,sensitive
9.0,1172.4866666666667,1216.5637844884795,false,dual_transit_damage,partial_5pct,30k,50-50,sensitive
10.0,1294.5683333333334,1240.1912058331231,false,dual_transit_damage,partial_5pct,30k,50-50,sensitive
11.0,1082.5033333333333,1215.0048204371951,false,dual_transit_damage,partial_5pct,30k,50-50,sensitive
12.0,1456.9150000000002,1156.449547597475,false,dual_transit_damage,partial_5pct,30k,50-50,sensitive
13.0,1700.3266666666666,1079.369009716916,false,dual_transit_damage,partial_5pct,30k,50-50,sensitive
14.0,1370.07,993.935947008263,false,dual_transit_damage,partial_5pct,30k,50-50,sensitive
0.0,50.0,50.0,true,dual_transit_damage,partial_5pct,30k,50-50,resistant
1.0,53.36166666666666,75.11142851519685,false,dual_transit_damage,partial_5pct,30k,50-50,resistant
2.0,85.83833333333332,112.82276772464584,false,dual_transit_damage,partial_5pct,30k,50-50,resistant
3.0,136.93666666666667,169.3785506132648,false,dual_transit_damage,partial_5pct,30k,50-50,resistant
4.0,278.0416666666667,253.89278372350645,false,dual_transit_damage,partial_5pct,30k,50-50,resistant
5.0,439.5783333333333,379.4699617283011,false,dual_transit_damage,partial_5pct,30k,50-50,resistant
6.0,738.2216666666667,563.6488531630989,false,dual_transit_damage,partial_5pct,30k,50-50,resistant
7.0,1333.6733333333334,826.5638220950917,false,dual_transit_damage,partial_5pct,30k,50-50,resistant
8.0,1333.7316666666666,1182.0980172835814,false,dual_transit_damage,partial_5pct,30k,50-50,resistant
9.0,2235.375,1616.5172442919738,false,dual_transit_damage,partial_5pct,30k,50-50,resistant
10.0,2239.6666666666665,2066.520505094072,false,dual_transit_damage,partial_5pct,30k,50-50,resistant
11.0,2711.556666666667,2445.0270990588015,false,dual_transit_damage,partial_5pct,30k,50-50,resistant
12.0,2136.7833333333333,2712.3609682280603,false,dual_transit_damage,partial_5pct,30k,50-50,resistant
13.0,3352.3216666666667,2889.033260373157,false,dual_transit_damage,partial_5pct,30k,50-50,resistant
14.0,2315.278333333333,3010.329136303852,false,dual_transit_damage,partial_5pct,30k,50-50,resistant
0.0,75.0,75.0,true,dual_transit_damage,partial_5pct,30k,75-25,sensitive
1.0,218.08333333333334,139.23148031657618,false,dual_transit_damage,partial_5pct,30k,75-25,sensitive
2.0,356.52833333333336,253.209366466972,false,dual_transit_damage,partial_5pct,30k,75-25,sensitive
3.0,545.945,444.5318701591607,false,dual_transit_damage,partial_5pct,30k,75-25,sensitive
4.0,755.7766666666666,692.3770546492517,false,dual_transit_damage,partial_5pct,30k,75-25,sensitive
5.0,1013.1566666666666,941.4299938755312,false,dual_transit_damage,partial_5pct,30k,75-25,sensitive
6.0,1191.6316666666664,1181.750584212858,false,dual_transit_damage,partial_5pct,30k,75-25,sensitive
7.0,1758.6866666666667,1402.1343873288747,false,dual_transit_damage,partial_5pct,30k,75-25,sensitive
8.0,1400.4566666666667,1589.2538563147255,false,dual_transit_damage,partial_5pct,30k,75-25,sensitive
9.0,1660.7133333333334,1729.8048108977782,false,dual_transit_damage,partial_5pct,30k,75-25,sensitive
10.0,2107.1266666666666,1813.2123981291568,false,dual_transit_damage,partial_5pct,30k,75-25,sensitive
11.0,1744.1750000000002,1834.912366395944,false,dual_transit_damage,partial_5pct,30k,75-25,sensitive
12.0,1827.7083333333333,1799.0963573864146,false,dual_transit_damage,partial_5pct,30k,75-25,sensitive
13.0,1923.9083333333335,1718.2086116613968,false,dual_transit_damage,partial_5pct,30k,75-25,sensitive
14.0,1647.07,1608.1887650161407,false,dual_transit_damage,partial_5pct,30k,75-25,sensitive
0.0,25.0,25.0,true,dual_transit_damage,partial_5pct,30k,75-25,resistant
1.0,28.45,37.55541803280318,false,dual_transit_damage,partial_5pct,30k,75-25,resistant
2.0,45.685,56.40742945139407,false,dual_transit_damage,partial_5pct,30k,75-25,resistant
3.0,72.71833333333332,84.65011610841772,false,dual_transit_damage,partial_5pct,30k,75-25,resistant
4.0,127.53333333333332,126.74583331943504,false,dual_transit_damage,partial_5pct,30k,75-25,resistant
5.0,211.36,189.16494954767916,false,dual_transit_damage,partial_5pct,30k,75-25,resistant
6.0,311.8583333333333,280.78383618106585,false,dual_transit_damage,partial_5pct,30k,75-25,resistant
7.0,585.2883333333333,413.0547889659716,false,dual_transit_damage,partial_5pct,30k,75-25,resistant
8.0,720.1316666666667,599.0827900625837,false,dual_transit_damage,partial_5pct,30k,75-25,resistant
9.0,1168.5216666666668,850.1479544449686,false,dual_transit_damage,partial_5pct,30k,75-25,resistant
10.0,1358.1716666666664,1167.861196432476,false,dual_transit_damage,partial_5pct,30k,75-25,resistant
11.0,1719.3033333333333,1533.1378718467417,false,dual_transit_damage,partial_5pct,30k,75-25,resistant
12.0,1458.7166666666665,1902.938304181178,false,dual_transit_damage,partial_5pct,30k,75-25,resistant
13.0,2386.6633333333334,2229.411337149701,false,dual_transit_damage,partial_5pct,30k,75-25,resistant
14.0,1738.6666666666667,2488.4283624883815,false,dual_transit_damage,partial_5pct,30k,75-25,resistant
0.0,16.75,16.75,true,dual_transit_load_scaled,partial_5pct,20k,25-75,sensitive
1.0,99.62333333333333,32.99866786477208,false,dual_transit_load_scaled,partial_5pct,20k,25-75,sensitive
2.0,151.64666666666665,64.44550456096637,false,dual_transit_load_scaled,partial_5pct,20k,25-75,sensitive
3.0,256.715,123.96577947648181,false,dual_transit_load_scaled,partial_5pct,20k,25-75,sensitive
4.0,308.39166666666665,232.0720550491787,false,dual_transit_load_scaled,partial_5pct,20k,25-75,sensitive
5.0,458.41,357.2988711985218,false,dual_transit_load_scaled,partial_5pct,20k,25-75,sensitive
6.0,443.1983333333333,448.681260085812,false,dual_transit_load_scaled,partial_5pct,20k,25-75,sensitive
7.0,684.745,513.3730527134328,false,dual_transit_load_scaled,partial_5pct,20k,25-75,sensitive
8.0,381.4466666666667,558.3741837309632,false,dual_transit_load_scaled,partial_5pct,20k,25-75,sensitive
9.0,434.4266666666667,587.8733406780432,false,dual_transit_load_scaled,partial_5pct,20k,25-75,sensitive
10.0,381.8066666666667,603.7692200182079,false,dual_transit_load_scaled,partial_5pct,20k,25-75,sensitive
11.0,827.9266666666667,608.8021527730783,false,dual_transit_load_scaled,partial_5pct,20k,25-75,sensitive
12.0,564.2466666666667,608.8790501811575,false,dual_transit_load_scaled,partial_5pct,20k,25-75,sensitive
13.0,1105.2716666666665,609.5756362526454,false,dual_transit_load_scaled,partial_5pct,20k,25-75,sensitive
14.0,404.80333333333334,613.4079675878177,false,dual_transit_load_scaled,partial_5pct,20k,25-75,sensitive
0.0,50.25,50.25,true,dual_transit_load_scaled,partial_5pct,20k,25-75,resistant
1.0,88.58666666666666,75.4884858475571,false,dual_transit_load_scaled,partial_5pct,20k,25-75,resistant
2.0,143.335,113.40114241350548,false,dual_transit_load_scaled,partial_5pct,20k,25-75,resistant
3.0,247.62666666666667,170.33959268894995,false,dual_transit_load_scaled,partial_5pct,20k,25-75,resistant
4.0,494.3083333333334,255.7558257719185,false,dual_transit_load_scaled,partial_5pct,20k,25-75,resistant
5.0,903.3716666666666,383.6117973741892,false,dual_transit_load_scaled,partial_5pct,20k,25-75,resistant
6.0,1360.0966666666666,574.4218205036206,false,dual_transit_load_scaled,partial_5pct,20k,25-75,resistant
7.0,2438.3766666666666,856.4274508601488,false,dual_transit_load_scaled,partial_5pct,20k,25-75,resistant
8.0,1945.3233333333335,1261.8622246782734,false,dual_transit_load_scaled,partial_5pct,20k,25-75,resistant
9.0,3250.286666666667,1801.5969415835189,false,dual_transit_load_scaled,partial_5pct,20k,25-75,resistant
10.0,3135.64,2396.4168922890667,false,dual_transit_load_scaled,partial_5pct,20k,25-75,resistant
11.0,3987.5866666666666,2859.3678877816355,false,dual_transit_load_scaled,partial_5pct,20k,25-75,resistant
12.0,2308.2483333333334,3095.496935394773,false,dual_transit_load_scaled,partial_5pct,20k,25-75,resistant
13.0,3826.773333333333,3179.601604267648,false,dual_transit_load_scaled,partial_5pct,20k,25-75,resistant
14.0,2159.3716666666664,3199.1818879045118,false,dual_transit_load_scaled,partial_5pct,20k,25-75,resistant
0.0,33.5,33.5,true,dual_transit_load_scaled,partial_5pct,20k,50-50,sensitive
1.0,154.28,65.81333485605695,false,dual_transit_load_scaled,partial_5pct,20k,50-50,sensitive
2.0,285.20666666666665,127.69885612373153,false,dual_transit_load_scaled,partial_5pct,20k,50-50,sensitive
3.0,425.075,242.27338404989686,false,dual_transit_load_scaled,partial_5pct,20k,50-50,sensitive
4.0,562.615,441.6123297853071,false,dual_transit_load_scaled,partial_5pct,20k,50-50,sensitive
5.0,850.4516666666667,670.3100621996588,false,dual_transit_load_scaled,partial_5pct,20k,50-50,sensitive
6.0,932.2550000000001,846.8350120981308,false,dual_transit_load_scaled,partial_5pct,20k,50-50,sensitive
7.0,1392.045,980.9167686475741,false,dual_transit_load_scaled,partial_5pct,20k,50-50,sensitive
8.0,999.73,1082.4138101743772,false,dual_transit_load_scaled,partial_5pct,20k,50-50,sensitive
9.0,1287.6316666666664,1157.3265991683193,false,dual_transit_load_scaled,partial_5pct,20k,50-50,sensitive
10.0,1285.185,1207.5972619349059,false,dual_transit_load_scaled,partial_5pct,20k,50-50,sensitive
11.0,1589.9216666666669,1233.465206912152,false,dual_transit_load_scaled,partial_5pct,20k,50-50,sensitive
12.0,1183.66,1239.5133866661502,false,dual_transit_load_scaled,partial_5pct,20k,50-50,sensitive
13.0,1283.0133333333333,1236.056462454162,false,dual_transit_load_scaled,partial_5pct,20k,50-50,sensitive
14.0,1010.3066666666667,1232.2695403261025,false,dual_transit_load_scaled,partial_5pct,20k,50-50,sensitive
0.0,33.5,33.5,true,dual_transit_load_scaled,partial_5pct,20k,50-50,resistant
1.0,51.281666666666666,50.325584522697206,false,dual_transit_load_scaled,partial_5pct,20k,50-50,resistant
2.0,89.81333333333333,75.59961661633093,false,dual_transit_load_scaled,partial_5pct,20k,50-50,resistant
3.0,141.95833333333334,113.54644738342954,false,dual_transit_load_scaled,partial_5pct,20k,50-50,resistant
4.0,269.67333333333335,170.37463037117533,false,dual_transit_load_scaled,partial_5pct,20k,50-50,resistant
5.0,503.14333333333326,255.1549823578509,false,dual_transit_load_scaled,partial_5pct,20k,50-50,resistant
6.0,640.2366666666667,381.4538538558285,false,dual_transit_load_scaled,partial_5pct,20k,50-50,resistant
7.0,1228.7583333333334,568.2321519942448,false,dual_transit_load_scaled,partial_5pct,20k,50-50,resistant
8.0,1159.7433333333333,839.6522036200994,false,dual_transit_load_scaled,partial_5pct,20k,50-50,resistant
9.0,2141.5383333333334,1217.561613356479,false,dual_transit_load_scaled,partial_5pct,20k,50-50,resistant
10.0,2331.901666666666,1692.8996806858506,false,dual_transit_load_scaled,partial_5pct,20k,50-50,resistant
11.0,3319.126666666667,2177.3099397964793,false,dual_transit_load_scaled,partial_5pct,20k,50-50,resistant
12.0,1939.1216666666667,2531.727358001717,false,dual_transit_load_scaled,partial_5pct,20k,50-50,resistant
13.0,3037.8416666666667,2711.1218225794287,false,dual_transit_load_scaled,partial_5pct,20k,50-50,resistant
14.0,1923.26,2775.698546169322,false,dual_transit_load_scaled,partial_5pct,20k,50-50,resistant
0.0,50.25,50.25,true,dual_transit_load_scaled,partial_5pct,20k,75-25,sensitive
1.0,216.94833333333335,98.4461458595596,false,dual_transit_load_scaled,partial_5pct,20k,75-25,sensitive
2.0,395.03833333333336,189.80189513547742,false,dual_transit_load_scaled,partial_5pct,20k,75-25,sensitive
3.0,575.9033333333333,355.3762959771279,false,dual_transit_load_scaled,partial_5pct,20k,75-25,sensitive
4.0,750.965,632.1915231013363,false,dual_transit_load_scaled,partial_5pct,20k,75-25,sensitive
5.0,1098.7666666666667,945.5979101885816,false,dual_transit_load_scaled,partial_5pct,20k,75-25,sensitive
6.0,1222.9466666666665,1197.3404082707186,false,dual_transit_load_scaled,partial_5pct,20k,75-25,sensitive
7.0,1636.885,1398.8241164921687,false,dual_transit_load_scaled,partial_5pct,20k,75-25,sensitive
8.0,1417.09,1561.6751233024247,false,dual_transit_load_scaled,partial_5pct,20k,75-25,sensitive
9.0,1830.3733333333337,1693.5358259202399,false,dual_transit_load_scaled,partial_5pct,20k,75-25,sensitive
10.0,2137.61,1797.724411724469,false,dual_transit_load_scaled,partial_5pct,20k,75-25,sensitive
11.0,2132.978333333333,1873.1181616001927,false,dual_transit_load_scaled,partial_5pct,20k,75-25,sensitive
12.0,1500.195,1916.4124860946467,false,dual_transit_load_scaled,partial_5pct,20k,75-25,sensitive
13.0,1762.6516666666669,1928.3994372488482,false,dual_transit_load_scaled,partial_5pct,20k,75-25,sensitive
14.0,1454.5266666666666,1918.4527814588582,false,dual_transit_load_scaled,partial_5pct,20k,75-25,sensitive
0.0,16.75,16.75,true,dual_transit_load_scaled,partial_5pct,20k,75-25,resistant
1.0,26.93166666666667,25.16274957901717,false,dual_transit_load_scaled,partial_5pct,20k,75-25,resistant
2.0,42.105,37.799072384806784,false,dual_transit_load_scaled,partial_5pct,20k,75-25,resistant
3.0,64.44166666666668,56.7641398975124,false,dual_transit_load_scaled,partial_5pct,20k,75-25,resistant
4.0,128.0016666666667,85.09847129643732,false,dual_transit_load_scaled,partial_5pct,20k,75-25,resistant
5.0,186.15166666666664,127.19254078424524,false,dual_transit_load_scaled,partial_5pct,20k,75-25,resistant
6.0,262.3983333333333,189.8003150517849,false,dual_transit_load_scaled,partial_5pct,20k,75-25,resistant
7.0,430.875,282.49521517210354,false,dual_transit_load_scaled,partial_5pct,20k,75-25,resistant
8.0,525.69,418.4837807262451,false,dual_transit_load_scaled,partial_5pct,20k,75-25,resistant
9.0,900.48,614.3482408574229,false,dual_transit_load_scaled,partial_5pct,20k,75-25,resistant
10.0,1261.5033333333333,885.8640699316163,false,dual_transit_load_scaled,partial_5pct,20k,75-25,resistant
11.0,1896.801666666667,1233.6707120885048,false,dual_transit_load_scaled,partial_5pct,20k,75-25,resistant
12.0,1271.0700000000004,1617.036478215565,false,dual_transit_load_scaled,partial_5pct,20k,75-25,resistant
13.0,2274.6516666666666,1950.0096069896426,false,dual_transit_load_scaled,partial_5pct,20k,75-25,resistant
14.0,1507.9783333333335,2166.6526880040506,false,dual_transit_load_scaled,partial_5pct,20k,75-25,resistant
0.0,25.0,25.0,true,dual_transit_load_scaled,partial_5pct,30k,25-75,sensitive
1.0,92.28666666666668,46.73397534273243,false,dual_transit_load_scaled,partial_5pct,30k,25-75,sensitive
2.0,166.93666666666667,86.2963017552646,false,dual_transit_load_scaled,partial_5pct,30k,25-75,sensitive
3.0,254.01833333333335,156.14869996190376,false,dual_transit_load_scaled,partial_5pct,30k,25-75,sensitive
4.0,304.3333333333333,273.1876824380806,false,dual_transit_load_scaled,partial_5pct,30k,25-75,sensitive
5.0,467.26833333333326,405.0449691567292,false,dual_transit_load_scaled,partial_5pct,30k,25-75,sensitive
6.0,478.9883333333334,505.3619948859906,false,dual_transit_load_scaled,partial_5pct,30k,25-75,sensitive
7.0,644.6283333333333,579.0869598241247,false,dual_transit_load_scaled,partial_5pct,30k,25-75,sensitive
8.0,433.00666666666666,629.5760304584794,false,dual_transit_load_scaled,partial_5pct,30k,25-75,sensitive
9.0,360.13166666666666,657.7534910221442,false,dual_transit_load_scaled,partial_5pct,30k,25-75,sensitive
10.0,420.3900000000001,666.9143160401754,false,dual_transit_load_scaled,partial_5pct,30k,25-75,sensitive
11.0,492.47499999999997,665.1734232939076,false,dual_transit_load_scaled,partial_5pct,30k,25-75,sensitive
12.0,788.84,660.260955374489,false,dual_transit_load_scaled,partial_5pct,30k,25-75,sensitive
13.0,1077.7166666666667,656.0225370029859,false,dual_transit_load_scaled,partial_5pct,30k,25-75,sensitive
14.0,921.545,653.592659991831,false,dual_transit_load_scaled,partial_5pct,30k,25-75,sensitive
0.0,75.0,75.0,true,dual_transit_load_scaled,partial_5pct,30k,25-75,resistant
1.0,87.41333333333334,112.66787977610487,false,dual_transit_load_scaled,partial_5pct,30k,25-75,resistant
2.0,146.07000000000002,169.24342114183517,false,dual_transit_load_scaled,partial_5pct,30k,25-75,resistant
3.0,261.51,254.15692654806085,false,dual_transit_load_scaled,partial_5pct,30k,25-75,resistant
4.0,490.7949999999999,381.20722199860836,false,dual_transit_load_scaled,partial_5pct,30k,25-75,resistant
5.0,872.2133333333333,570.0850641629625,false,dual_transit_load_scaled,partial_5pct,30k,25-75,resistant
6.0,1398.1966666666667,847.8442675832856,false,dual_transit_load_scaled,partial_5pct,30k,25-75,resistant
7.0,2656.3349999999996,1243.2706813637774,false,dual_transit_load_scaled,partial_5pct,30k,25-75,resistant
8.0,2187.6316666666667,1760.187562358453,false,dual_transit_load_scaled,partial_5pct,30k,25-75,resistant
9.0,3209.313333333333,2315.686484568391,false,dual_transit_load_scaled,partial_5pct,30k,25-75,resistant
10.0,3193.9033333333336,2741.6451504782794,false,dual_transit_load_scaled,partial_5pct,30k,25-75,resistant
11.0,3624.1133333333332,2963.6533640660996,false,dual_transit_load_scaled,partial_5pct,30k,25-75,resistant
12.0,2743.473333333334,3049.7307342117397,false,dual_transit_load_scaled,partial_5pct,30k,25-75,resistant
13.0,3918.6783333333333,3076.591279259067,false,dual_transit_load_scaled,partial_5pct,30k,25-75,resistant
14.0,3231.2383333333332,3082.013171970922,false,dual_transit_load_scaled,partial_5pct,30k,25-75,resistant
0.0,50.0,50.0,true,dual_transit_load_scaled,partial_5pct,30k,50-50,sensitive
1.0,165.45833333333334,93.1427613002731,false,dual_transit_load_scaled,partial_5pct,30k,50-50,sensitive
2.0,282.01500000000004,170.67037503504824,false,dual_transit_load_scaled,partial_5pct,30k,50-50,sensitive
3.0,432.8383333333333,304.0884035885609,false,dual_transit_load_scaled,partial_5pct,30k,50-50,sensitive
4.0,607.8166666666667,517.3959917686033,false,dual_transit_load_scaled,partial_5pct,30k,50-50,sensitive
5.0,879.0050000000001,753.8785840661296,false,dual_transit_load_scaled,partial_5pct,30k,50-50,sensitive
6.0,947.1116666666667,941.6392873751067,false,dual_transit_load_scaled,partial_5pct,30k,50-50,sensitive
7.0,1412.7849999999999,1087.4999461770076,false,dual_transit_load_scaled,partial_5pct,30k,50-50,sensitive
8.0,1018.185,1196.259319487915,false,dual_transit_load_scaled,partial_5pct,30k,50-50,sensitive
9.0,1172.4866666666667,1268.2625698624272,false,dual_transit_load_scaled,partial_5pct,30k,50-50,sensitive
10.0,1294.5683333333334,1303.8345979332094,false,dual_transit_load_scaled,partial_5pct,30k,50-50,sensitive
11.0,1082.5033333333333,1310.0237952985412,false,dual_transit_load_scaled,partial_5pct,30k,50-50,sensitive
12.0,1456.9150000000002,1299.838806261774,false,dual_transit_load_scaled,partial_5pct,30k,50-50,sensitive
13.0,1700.3266666666666,1284.3649758179856,false,dual_transit_load_scaled,partial_5pct,30k,50-50,sensitive
14.0,1370.07,1269.3313098694136,false,dual_transit_load_scaled,partial_5pct,30k,50-50,sensitive
0.0,50.0,50.0,true,dual_transit_load_scaled,partial_5pct,30k,50-50,resistant
1.0,53.36166666666666,75.11142851519685,false,dual_transit_load_scaled,partial_5pct,30k,50-50,resistant
2.0,85.83833333333332,112.82276772464584,false,dual_transit_load_scaled,partial_5pct,30k,50-50,resistant
3.0,136.93666666666667,169.37841016787937,false,dual_transit_load_scaled,partial_5pct,30k,50-50,resistant
4.0,278.0416666666667,253.6569231974867,false,dual_transit_load_scaled,partial_5pct,30k,50-50,resistant
5.0,439.5783333333333,378.0284459199398,false,dual_transit_load_scaled,partial_5pct,30k,50-50,resistant
6.0,738.2216666666667,560.2309406855107,false,dual_transit_load_scaled,partial_5pct,30k,50-50,resistant
7.0,1333.6733333333334,820.7935362678975,false,dual_transit_load_scaled,partial_5pct,30k,50-50,resistant
8.0,1333.7316666666666,1173.69309791788,false,dual_transit_load_scaled,partial_5pct,30k,50-50,resistant
9.0,2235.375,1599.3912858638205,false,dual_transit_load_scaled,partial_5pct,30k,50-50,resistant
10.0,2239.6666666666665,2014.8836587549338,false,dual_transit_load_scaled,partial_5pct,30k,50-50,resistant
11.0,2711.556666666667,2316.7237306161646,false,dual_transit_load_scaled,partial_5pct,30k,50-50,resistant
12.0,2136.7833333333333,2480.7288999623324,false,dual_transit_load_scaled,partial_5pct,30k,50-50,resistant
13.0,3352.3216666666667,2553.416849427105,false,dual_transit_load_scaled,partial_5pct,30k,50-50,resistant
14.0,2315.278333333333,2582.0129277240458,false,dual_transit_load_scaled,partial_5pct,30k,50-50,resistant
0.0,75.0,75.0,true,dual_transit_load_scaled,partial_5pct,30k,75-25,sensitive
1.0,218.08333333333334,139.23148031657618,false,dual_transit_load_scaled,partial_5pct,30k,75-25,sensitive
2.0,356.52833333333336,253.209366466972,false,dual_transit_load_scaled,partial_5pct,30k,75-25,sensitive
3.0,545.945,444.62503412705837,false,dual_transit_load_scaled,partial_5pct,30k,75-25,sensitive
4.0,755.7766666666666,737.9320379356499,false,dual_transit_load_scaled,partial_5pct,30k,75-25,sensitive
5.0,1013.1566666666666,1057.5380765058444,false,dual_transit_load_scaled,partial_5pct,30k,75-25,sensitive
6.0,1191.6316666666664,1319.4465566187891,false,dual_transit_load_scaled,partial_5pct,30k,75-25,sensitive
7.0,1758.6866666666667,1532.5861517364187,false,dual_transit_load_scaled,partial_5pct,30k,75-25,sensitive
8.0,1400.4566666666667,1704.160030422493,false,dual_transit_load_scaled,partial_5pct,30k,75-25,sensitive
9.0,1660.7133333333334,1836.2318133858275,false,dual_transit_load_scaled,partial_5pct,30k,75-25,sensitive
10.0,2107.1266666666666,1927.0214035244085,false,dual_transit_load_scaled,partial_5pct,30k,75-25,sensitive
11.0,1744.1750000000002,1975.0162671759754,false,dual_transit_load_scaled,partial_5pct,30k,75-25,sensitive
12.0,1827.7083333333333,1984.7134009234285,false,dual_transit_load_scaled,partial_5pct,30k,75-25,sensitive
13.0,1923.9083333333335,1967.8306686471633,false,dual_transit_load_scaled,partial_5pct,30k,75-25,sensitive
14.0,1647.07,1937.6965059702143,false,dual_transit_load_scaled,partial_5pct,30k,75-25,sensitive
0.0,25.0,25.0,true,dual_transit_load_scaled,partial_5pct,30k,75-25,resistant
1.0,28.45,37.55541803280318,false,dual_transit_load_scaled,partial_5pct,30k,75-25,resistant
2.0,45.685,56.40742945139407,false,dual_transit_load_scaled,partial_5pct,30k,75-25,resistant
3.0,72.71833333333332,84.64997382603372,false,dual_transit_load_scaled,partial_5pct,30k,75-25,resistant
4.0,127.53333333333332,126.5197995863786,false,dual_transit_load_scaled,partial_5pct,30k,75-25,resistant
5.0,211.36,187.80566206480148,false,dual_transit_load_scaled,partial_5pct,30k,75-25,resistant
6.0,311.8583333333333,277.3968256718081,false,dual_transit_load_scaled,partial_5pct,30k,75-25,resistant
7.0,585.2883333333333,406.4427063759634,false,dual_transit_load_scaled,partial_5pct,30k,75-25,resistant
8.0,720.1316666666667,587.1803186587749,false,dual_transit_load_scaled,partial_5pct,30k,75-25,resistant
9.0,1168.5216666666668,827.5133480037816,false,dual_transit_load_scaled,partial_5pct,30k,75-25,resistant
10.0,1358.1716666666664,1118.7921955053039,false,dual_transit_load_scaled,partial_5pct,30k,75-25,resistant
11.0,1719.3033333333333,1422.8145593998936,false,dual_transit_load_scaled,partial_5pct,30k,75-25,resistant
12.0,1458.7166666666665,1682.583514135282,false,dual_transit_load_scaled,partial_5pct,30k,75-25,resistant
13.0,2386.6633333333334,1863.1357360225763,false,dual_transit_load_scaled,partial_5pct,30k,75-25,resistant
14.0,1738.6666666666667,1970.8580052559053,false,dual_transit_load_scaled,partial_5pct,30k,75-25,resistant
0.0,16.75,16.75,true,sensitive_tolerant_transition,partial_5pct,20k,25-75,sensitive
1.0,99.62333333333333,32.998664458592074,false,sensitive_tolerant_transition,partial_5pct,20k,25-75,sensitive
2.0,151.64666666666665,64.44549786991213,false,sensitive_tolerant_transition,partial_5pct,20k,25-75,sensitive
3.0,256.715,123.96576684863643,false,sensitive_tolerant_transition,partial_5pct,20k,25-75,sensitive
4.0,308.39166666666665,232.29367459291205,false,sensitive_tolerant_transition,partial_5pct,20k,25-75,sensitive
5.0,458.41,396.4724637024429,false,sensitive_tolerant_transition,partial_5pct,20k,25-75,sensitive
6.0,443.1983333333333,523.3958304041628,false,sensitive_tolerant_transition,partial_5pct,20k,25-75,sensitive
7.0,684.745,581.9992954834015,false,sensitive_tolerant_transition,partial_5pct,20k,25-75,sensitive
8.0,381.4466666666667,621.322090033168,false,sensitive_tolerant_transition,partial_5pct,20k,25-75,sensitive
9.0,434.4266666666667,687.2302468300995,false,sensitive_tolerant_transition,partial_5pct,20k,25-75,sensitive
10.0,381.8066666666667,770.9166935059438,false,sensitive_tolerant_transition,partial_5pct,20k,25-75,sensitive
11.0,827.9266666666667,840.9954455350872,false,sensitive_tolerant_transition,partial_5pct,20k,25-75,sensitive
12.0,564.2466666666667,884.9361700710898,false,sensitive_tolerant_transition,partial_5pct,20k,25-75,sensitive
13.0,1105.2716666666665,906.278444149575,false,sensitive_tolerant_transition,partial_5pct,20k,25-75,sensitive
14.0,404.80333333333334,910.9956129803215,false,sensitive_tolerant_transition,partial_5pct,20k,25-75,sensitive
0.0,50.25,50.25,true,sensitive_tolerant_transition,partial_5pct,20k,25-75,resistant
1.0,88.58666666666666,75.48848583810509,false,sensitive_tolerant_transition,partial_5pct,20k,25-75,resistant
2.0,143.335,113.40114238421788,false,sensitive_tolerant_transition,partial_5pct,20k,25-75,resistant
3.0,247.62666666666667,170.33959262341443,false,sensitive_tolerant_transition,partial_5pct,20k,25-75,resistant
4.0,494.3083333333334,255.75533314780802,false,sensitive_tolerant_transition,partial_5pct,20k,25-75,resistant
5.0,903.3716666666666,383.23585251231407,false,sensitive_tolerant_transition,partial_5pct,20k,25-75,resistant
6.0,1360.0966666666666,570.8641784408679,false,sensitive_tolerant_transition,partial_5pct,20k,25-75,resistant
7.0,2438.3766666666666,840.528511793551,false,sensitive_tolerant_transition,partial_5pct,20k,25-75,resistant
8.0,1945.3233333333335,1210.2385964330592,false,sensitive_tolerant_transition,partial_5pct,20k,25-75,resistant
9.0,3250.286666666667,1661.4492241676808,false,sensitive_tolerant_transition,partial_5pct,20k,25-75,resistant
10.0,3135.64,2090.466711087394,false,sensitive_tolerant_transition,partial_5pct,20k,25-75,resistant
11.0,3987.5866666666666,2367.768696925312,false,sensitive_tolerant_transition,partial_5pct,20k,25-75,resistant
12.0,2308.2483333333334,2485.4884018519638,false,sensitive_tolerant_transition,partial_5pct,20k,25-75,resistant
13.0,3826.773333333333,2518.993267212543,false,sensitive_tolerant_transition,partial_5pct,20k,25-75,resistant
14.0,2159.3716666666664,2525.474110564536,false,sensitive_tolerant_transition,partial_5pct,20k,25-75,resistant
0.0,33.5,33.5,true,sensitive_tolerant_transition,partial_5pct,20k,50-50,sensitive
1.0,154.28,65.81332817982056,false,sensitive_tolerant_transition,partial_5pct,20k,50-50,sensitive
2.0,285.20666666666665,127.69884326374128,false,sensitive_tolerant_transition,partial_5pct,20k,50-50,sensitive
3.0,425.075,242.27336078037422,false,sensitive_tolerant_transition,partial_5pct,20k,50-50,sensitive
4.0,562.615,441.9550775276547,false,sensitive_tolerant_transition,partial_5pct,20k,50-50,sensitive
5.0,850.4516666666667,720.1676282921457,false,sensitive_tolerant_transition,partial_5pct,20k,50-50,sensitive
6.0,932.2550000000001,896.3801212095025,false,sensitive_tolerant_transition,partial_5pct,20k,50-50,sensitive
7.0,1392.045,945.5739803244359,false,sensitive_tolerant_transition,partial_5pct,20k,50-50,sensitive
8.0,999.73,973.8009144749448,false,sensitive_tolerant_transition,partial_5pct,20k,50-50,sensitive
9.0,1287.6316666666664,1056.188935564444,false,sensitive_tolerant_transition,partial_5pct,20k,50-50,sensitive
10.0,1285.185,1172.8460856014503,false,sensitive_tolerant_transition,partial_5pct,20k,50-50,sensitive
11.0,1589.9216666666669,1266.184916354275,false,sensitive_tolerant_transition,partial_5pct,20k,50-50,sensitive
12.0,1183.66,1310.5620687070395,false,sensitive_tolerant_transition,partial_5pct,20k,50-50,sensitive
13.0,1283.0133333333333,1313.8030658263974,false,sensitive_tolerant_transition,partial_5pct,20k,50-50,sensitive
14.0,1010.3066666666667,1290.8162869230878,false,sensitive_tolerant_transition,partial_5pct,20k,50-50,sensitive
0.0,33.5,33.5,true,sensitive_tolerant_transition,partial_5pct,20k,50-50,resistant
1.0,51.281666666666666,50.32558451657267,false,sensitive_tolerant_transition,partial_5pct,20k,50-50,resistant
2.0,89.81333333333333,75.59961659813102,false,sensitive_tolerant_transition,partial_5pct,20k,50-50,resistant
3.0,141.95833333333334,113.54644735431835,false,sensitive_tolerant_transition,partial_5pct,20k,50-50,resistant
4.0,269.67333333333335,170.37366223867173,false,sensitive_tolerant_transition,partial_5pct,20k,50-50,resistant
5.0,503.14333333333326,254.47418705736786,false,sensitive_tolerant_transition,partial_5pct,20k,50-50,resistant
6.0,640.2366666666667,375.96580986761893,false,sensitive_tolerant_transition,partial_5pct,20k,50-50,resistant
7.0,1228.7583333333334,548.1662871944716,false,sensitive_tolerant_transition,partial_5pct,20k,50-50,resistant
8.0,1159.7433333333333,785.9865510561528,false,sensitive_tolerant_transition,partial_5pct,20k,50-50,resistant
9.0,2141.5383333333334,1090.3514757379055,false,sensitive_tolerant_transition,partial_5pct,20k,50-50,resistant
10.0,2331.901666666666,1419.1167034323357,false,sensitive_tolerant_transition,partial_5pct,20k,50-50,resistant
11.0,3319.126666666667,1690.9586590644885,false,sensitive_tolerant_transition,partial_5pct,20k,50-50,resistant
12.0,1939.1216666666667,1861.4470848563944,false,sensitive_tolerant_transition,partial_5pct,20k,50-50,resistant
13.0,3037.8416666666667,1955.0625434208848,false,sensitive_tolerant_transition,partial_5pct,20k,50-50,resistant
14.0,1923.26,2013.4890609466072,false,sensitive_tolerant_transition,partial_5pct,20k,50-50,resistant
0.0,50.25,50.25,true,sensitive_tolerant_transition,partial_5pct,20k,75-25,sensitive
1.0,216.94833333333335,98.44613604202746,false,sensitive_tolerant_transition,partial_5pct,20k,75-25,sensitive
2.0,395.03833333333336,189.80187656394605,false,sensitive_tolerant_transition,partial_5pct,20k,75-25,sensitive
3.0,575.9033333333333,355.37626350230977,false,sensitive_tolerant_transition,partial_5pct,20k,75-25,sensitive
4.0,750.965,632.5950205571761,false,sensitive_tolerant_transition,partial_5pct,20k,75-25,sensitive
5.0,1098.7666666666667,991.4901915155586,false,sensitive_tolerant_transition,partial_5pct,20k,75-25,sensitive
6.0,1222.9466666666665,1181.5230735916393,false,sensitive_tolerant_transition,partial_5pct,20k,75-25,sensitive
7.0,1636.885,1206.5402225515713,false,sensitive_tolerant_transition,partial_5pct,20k,75-25,sensitive
8.0,1417.09,1223.2708741151685,false,sensitive_tolerant_transition,partial_5pct,20k,75-25,sensitive
9.0,1830.3733333333337,1325.733190638511,false,sensitive_tolerant_transition,partial_5pct,20k,75-25,sensitive
10.0,2137.61,1485.2718894480636,false,sensitive_tolerant_transition,partial_5pct,20k,75-25,sensitive
11.0,2132.978333333333,1621.5062202735514,false,sensitive_tolerant_transition,partial_5pct,20k,75-25,sensitive
12.0,1500.195,1689.3302711769995,false,sensitive_tolerant_transition,partial_5pct,20k,75-25,sensitive
13.0,1762.6516666666669,1692.41831719857,false,sensitive_tolerant_transition,partial_5pct,20k,75-25,sensitive
14.0,1454.5266666666666,1652.5046096194174,false,sensitive_tolerant_transition,partial_5pct,20k,75-25,sensitive
0.0,16.75,16.75,true,sensitive_tolerant_transition,partial_5pct,20k,75-25,resistant
1.0,26.93166666666667,25.162749576074546,false,sensitive_tolerant_transition,partial_5pct,20k,75-25,resistant
2.0,42.105,37.799072376618405,false,sensitive_tolerant_transition,partial_5pct,20k,75-25,resistant
3.0,64.44166666666668,56.76413989173485,false,sensitive_tolerant_transition,partial_5pct,20k,75-25,resistant
4.0,128.0016666666667,85.0975520421292,false,sensitive_tolerant_transition,partial_5pct,20k,75-25,resistant
5.0,186.15166666666664,126.59405705487865,false,sensitive_tolerant_transition,partial_5pct,20k,75-25,resistant
6.0,262.3983333333333,185.56566646890676,false,sensitive_tolerant_transition,partial_5pct,20k,75-25,resistant
7.0,430.875,269.1274300319447,false,sensitive_tolerant_transition,partial_5pct,20k,75-25,resistant
8.0,525.69,387.25505252179187,false,sensitive_tolerant_transition,partial_5pct,20k,75-25,resistant
9.0,900.48,547.2763643666473,false,sensitive_tolerant_transition,partial_5pct,20k,75-25,resistant
10.0,1261.5033333333333,743.4142662322159,false,sensitive_tolerant_transition,partial_5pct,20k,75-25,resistant
11.0,1896.801666666667,949.5540164701778,false,sensitive_tolerant_transition,partial_5pct,20k,75-25,resistant
12.0,1271.0700000000004,1134.384492674205,false,sensitive_tolerant_transition,partial_5pct,20k,75-25,resistant
13.0,2274.6516666666666,1285.8410499229017,false,sensitive_tolerant_transition,partial_5pct,20k,75-25,resistant
14.0,1507.9783333333335,1411.4631154092299,false,sensitive_tolerant_transition,partial_5pct,20k,75-25,resistant
0.0,25.0,25.0,true,sensitive_tolerant_transition,partial_5pct,30k,25-75,sensitive
1.0,92.28666666666668,46.733970929538685,false,sensitive_tolerant_transition,partial_5pct,30k,25-75,sensitive
2.0,166.93666666666667,86.29629363006244,false,sensitive_tolerant_transition,partial_5pct,30k,25-75,sensitive
3.0,254.01833333333335,156.14868568019085,false,sensitive_tolerant_transition,partial_5pct,30k,25-75,sensitive
4.0,304.3333333333333,273.38310397211296,false,sensitive_tolerant_transition,partial_5pct,30k,25-75,sensitive
5.0,467.26833333333326,434.6873564192822,false,sensitive_tolerant_transition,partial_5pct,30k,25-75,sensitive
6.0,478.9883333333334,540.4006019458712,false,sensitive_tolerant_transition,partial_5pct,30k,25-75,sensitive
7.0,644.6283333333333,564.7278098931644,false,sensitive_tolerant_transition,partial_5pct,30k,25-75,sensitive
8.0,433.00666666666666,555.4832444333265,false,sensitive_tolerant_transition,partial_5pct,30k,25-75,sensitive
9.0,360.13166666666666,557.3091346179093,false,sensitive_tolerant_transition,partial_5pct,30k,25-75,sensitive
10.0,420.3900000000001,574.3212123973076,false,sensitive_tolerant_transition,partial_5pct,30k,25-75,sensitive
11.0,492.47499999999997,592.4012048856174,false,sensitive_tolerant_transition,partial_5pct,30k,25-75,sensitive
12.0,788.84,602.8486904985341,false,sensitive_tolerant_transition,partial_5pct,30k,25-75,sensitive
13.0,1077.7166666666667,604.0693460242534,false,sensitive_tolerant_transition,partial_5pct,30k,25-75,sensitive
14.0,921.545,597.161437057735,false,sensitive_tolerant_transition,partial_5pct,30k,25-75,sensitive
0.0,75.0,75.0,true,sensitive_tolerant_transition,partial_5pct,30k,25-75,resistant
1.0,87.41333333333334,112.66787976281218,false,sensitive_tolerant_transition,partial_5pct,30k,25-75,resistant
2.0,146.07000000000002,169.2434211016904,false,sensitive_tolerant_transition,partial_5pct,30k,25-75,resistant
3.0,261.51,254.15692647954197,false,sensitive_tolerant_transition,partial_5pct,30k,25-75,resistant
4.0,490.7949999999999,381.2056431389354,false,sensitive_tolerant_transition,partial_5pct,30k,25-75,resistant
5.0,872.2133333333333,568.9648515666897,false,sensitive_tolerant_transition,partial_5pct,30k,25-75,resistant
6.0,1398.1966666666667,838.186767693047,false,sensitive_tolerant_transition,partial_5pct,30k,25-75,resistant
7.0,2656.3349999999996,1205.7037410798264,false,sensitive_tolerant_transition,partial_5pct,30k,25-75,resistant
8.0,2187.6316666666667,1664.4458491680327,false,sensitive_tolerant_transition,partial_5pct,30k,25-75,resistant
9.0,3209.313333333333,2140.862083634347,false,sensitive_tolerant_transition,partial_5pct,30k,25-75,resistant
10.0,3193.9033333333336,2503.9368259011894,false,sensitive_tolerant_transition,partial_5pct,30k,25-75,resistant
11.0,3624.1133333333332,2696.0202392109404,false,sensitive_tolerant_transition,partial_5pct,30k,25-75,resistant
12.0,2743.473333333334,2771.4520057678583,false,sensitive_tolerant_transition,partial_5pct,30k,25-75,resistant
13.0,3918.6783333333333,2797.6002506074024,false,sensitive_tolerant_transition,partial_5pct,30k,25-75,resistant
14.0,3231.2383333333332,2810.498121884854,false,sensitive_tolerant_transition,partial_5pct,30k,25-75,resistant
0.0,50.0,50.0,true,sensitive_tolerant_transition,partial_5pct,30k,50-50,sensitive
1.0,165.45833333333334,93.14275270713816,false,sensitive_tolerant_transition,partial_5pct,30k,50-50,sensitive
2.0,282.01500000000004,170.67035956714048,false,sensitive_tolerant_transition,partial_5pct,30k,50-50,sensitive
3.0,432.8383333333333,304.08837751770426,false,sensitive_tolerant_transition,partial_5pct,30k,50-50,sensitive
4.0,607.8166666666667,517.6882153533807,false,sensitive_tolerant_transition,partial_5pct,30k,50-50,sensitive
5.0,879.0050000000001,787.3902438466635,false,sensitive_tolerant_transition,partial_5pct,30k,50-50,sensitive
6.0,947.1116666666667,930.6979413082577,false,sensitive_tolerant_transition,partial_5pct,30k,50-50,sensitive
7.0,1412.7849999999999,937.5206262514308,false,sensitive_tolerant_transition,partial_5pct,30k,50-50,sensitive
8.0,1018.185,910.1436716565037,false,sensitive_tolerant_transition,partial_5pct,30k,50-50,sensitive
9.0,1172.4866666666667,919.1270766529472,false,sensitive_tolerant_transition,partial_5pct,30k,50-50,sensitive
10.0,1294.5683333333334,958.8958587255372,false,sensitive_tolerant_transition,partial_5pct,30k,50-50,sensitive
11.0,1082.5033333333333,993.918402990701,false,sensitive_tolerant_transition,partial_5pct,30k,50-50,sensitive
12.0,1456.9150000000002,1006.2077723785847,false,sensitive_tolerant_transition,partial_5pct,30k,50-50,sensitive
13.0,1700.3266666666666,996.9755780727469,false,sensitive_tolerant_transition,partial_5pct,30k,50-50,sensitive
14.0,1370.07,972.5215195845583,false,sensitive_tolerant_transition,partial_5pct,30k,50-50,sensitive
0.0,50.0,50.0,true,sensitive_tolerant_transition,partial_5pct,30k,50-50,resistant
1.0,53.36166666666666,75.11142850716625,false,sensitive_tolerant_transition,partial_5pct,30k,50-50,resistant
2.0,85.83833333333332,112.82276770269033,false,sensitive_tolerant_transition,partial_5pct,30k,50-50,resistant
3.0,136.93666666666667,169.37841016118955,false,sensitive_tolerant_transition,partial_5pct,30k,50-50,resistant
4.0,278.0416666666667,253.65408540800036,false,sensitive_tolerant_transition,partial_5pct,30k,50-50,resistant
5.0,439.5783333333333,376.2089762006221,false,sensitive_tolerant_transition,partial_5pct,30k,50-50,resistant
6.0,738.2216666666667,547.0245698361553,false,sensitive_tolerant_transition,partial_5pct,30k,50-50,resistant
7.0,1333.6733333333334,778.3913083100682,false,sensitive_tolerant_transition,partial_5pct,30k,50-50,resistant
8.0,1333.7316666666666,1080.4989945532495,false,sensitive_tolerant_transition,partial_5pct,30k,50-50,resistant
9.0,2235.375,1436.6223555749978,false,sensitive_tolerant_transition,partial_5pct,30k,50-50,resistant
10.0,2239.6666666666665,1778.4337030704169,false,sensitive_tolerant_transition,partial_5pct,30k,50-50,resistant
11.0,2711.556666666667,2025.214186928417,false,sensitive_tolerant_transition,partial_5pct,30k,50-50,resistant
12.0,2136.7833333333333,2164.0078699443397,false,sensitive_tolerant_transition,partial_5pct,30k,50-50,resistant
13.0,3352.3216666666667,2237.419390426652,false,sensitive_tolerant_transition,partial_5pct,30k,50-50,resistant
14.0,2315.278333333333,2285.69073533115,false,sensitive_tolerant_transition,partial_5pct,30k,50-50,resistant
0.0,75.0,75.0,true,sensitive_tolerant_transition,partial_5pct,30k,75-25,sensitive
1.0,218.08333333333334,139.23146776247017,false,sensitive_tolerant_transition,partial_5pct,30k,75-25,sensitive
2.0,356.52833333333336,253.20934433424827,false,sensitive_tolerant_transition,partial_5pct,30k,75-25,sensitive
3.0,545.945,444.62499808527014,false,sensitive_tolerant_transition,partial_5pct,30k,75-25,sensitive
4.0,755.7766666666666,738.2658393635439,false,sensitive_tolerant_transition,partial_5pct,30k,75-25,sensitive
5.0,1013.1566666666666,1083.014406124631,false,sensitive_tolerant_transition,partial_5pct,30k,75-25,sensitive
6.0,1191.6316666666664,1235.2248044050802,false,sensitive_tolerant_transition,partial_5pct,30k,75-25,sensitive
7.0,1758.6866666666667,1219.6044950667183,false,sensitive_tolerant_transition,partial_5pct,30k,75-25,sensitive
8.0,1400.4566666666667,1184.9195366271365,false,sensitive_tolerant_transition,partial_5pct,30k,75-25,sensitive
9.0,1660.7133333333334,1218.9750271639573,false,sensitive_tolerant_transition,partial_5pct,30k,75-25,sensitive
10.0,2107.1266666666666,1307.1374727668267,false,sensitive_tolerant_transition,partial_5pct,30k,75-25,sensitive
11.0,1744.1750000000002,1388.8214410726011,false,sensitive_tolerant_transition,partial_5pct,30k,75-25,sensitive
12.0,1827.7083333333333,1426.2717112259354,false,sensitive_tolerant_transition,partial_5pct,30k,75-25,sensitive
13.0,1923.9083333333335,1418.694584523428,false,sensitive_tolerant_transition,partial_5pct,30k,75-25,sensitive
14.0,1647.07,1380.1827875008187,false,sensitive_tolerant_transition,partial_5pct,30k,75-25,sensitive
0.0,25.0,25.0,true,sensitive_tolerant_transition,partial_5pct,30k,75-25,resistant
1.0,28.45,37.55541802933992,false,sensitive_tolerant_transition,partial_5pct,30k,75-25,resistant
2.0,45.685,56.40742944348546,false,sensitive_tolerant_transition,partial_5pct,30k,75-25,resistant
3.0,72.71833333333332,84.64997384251855,false,sensitive_tolerant_transition,partial_5pct,30k,75-25,resistant
4.0,127.53333333333332,126.51726367701188,false,sensitive_tolerant_transition,partial_5pct,30k,75-25,resistant
5.0,211.36,186.31881217202076,false,sensitive_tolerant_transition,partial_5pct,30k,75-25,resistant
6.0,311.8583333333333,267.96277490599965,false,sensitive_tolerant_transition,partial_5pct,30k,75-25,resistant
7.0,585.2883333333333,379.9787332932586,false,sensitive_tolerant_transition,partial_5pct,30k,75-25,resistant
8.0,720.1316666666667,534.3356847834764,false,sensitive_tolerant_transition,partial_5pct,30k,75-25,resistant
9.0,1168.5216666666668,736.66425168835,false,sensitive_tolerant_transition,partial_5pct,30k,75-25,resistant
10.0,1358.1716666666664,972.4760922905381,false,sensitive_tolerant_transition,partial_5pct,30k,75-25,resistant
11.0,1719.3033333333333,1202.573106068072,false,sensitive_tolerant_transition,partial_5pct,30k,75-25,resistant
12.0,1458.7166666666665,1389.8738442745796,false,sensitive_tolerant_transition,partial_5pct,30k,75-25,resistant
13.0,2386.6633333333334,1528.905172143462,false,sensitive_tolerant_transition,partial_5pct,30k,75-25,resistant
14.0,1738.6666666666667,1636.8304359938386,false,sensitive_tolerant_transition,partial_5pct,30k,75-25,resistant
0.0,16.75,16.75,true,dual_constant_kill,independent_diagnostic,20k,25-75,sensitive
1.0,99.62333333333333,27.40170390266342,false,dual_constant_kill,independent_diagnostic,20k,25-75,sensitive
2.0,151.64666666666665,44.52950983098261,false,dual_constant_kill,independent_diagnostic,20k,25-75,sensitive
3.0,256.715,71.62313119535455,false,dual_constant_kill,independent_diagnostic,20k,25-75,sensitive
4.0,308.39166666666665,113.40421816255257,false,dual_constant_kill,independent_diagnostic,20k,25-75,sensitive
5.0,458.41,175.35575208719993,false,dual_constant_kill,independent_diagnostic,20k,25-75,sensitive
6.0,443.1983333333333,261.8802100796788,false,dual_constant_kill,independent_diagnostic,20k,25-75,sensitive
7.0,684.745,372.33732093672035,false,dual_constant_kill,independent_diagnostic,20k,25-75,sensitive
8.0,381.4466666666667,495.90126207407246,false,dual_constant_kill,independent_diagnostic,20k,25-75,sensitive
9.0,434.4266666666667,610.7286026619435,false,dual_constant_kill,independent_diagnostic,20k,25-75,sensitive
10.0,381.8066666666667,695.5131960661442,false,dual_constant_kill,independent_diagnostic,20k,25-75,sensitive
11.0,827.9266666666667,746.4212896972898,false,dual_constant_kill,independent_diagnostic,20k,25-75,sensitive
12.0,564.2466666666667,774.979626798504,false,dual_constant_kill,independent_diagnostic,20k,25-75,sensitive
13.0,1105.2716666666665,792.8452087662449,false,dual_constant_kill,independent_diagnostic,20k,25-75,sensitive
14.0,404.80333333333334,806.2033844053591,false,dual_constant_kill,independent_diagnostic,20k,25-75,sensitive
0.0,50.25,50.25,true,dual_constant_kill,independent_diagnostic,20k,25-75,resistant
1.0,88.58666666666666,75.48852430869678,false,dual_constant_kill,independent_diagnostic,20k,25-75,resistant
2.0,143.335,113.40191409906205,false,dual_constant_kill,independent_diagnostic,20k,25-75,resistant
3.0,247.62666666666667,170.34895175741866,false,dual_constant_kill,independent_diagnostic,20k,25-75,resistant
4.0,494.3083333333334,255.84856050890852,false,dual_constant_kill,independent_diagnostic,20k,25-75,resistant
5.0,903.3716666666666,384.01898408402116,false,dual_constant_kill,independent_diagnostic,20k,25-75,resistant
6.0,1360.0966666666666,575.1342286493652,false,dual_constant_kill,independent_diagnostic,20k,25-75,resistant
7.0,2438.3766666666666,855.214062218417,false,dual_constant_kill,independent_diagnostic,20k,25-75,resistant
8.0,1945.3233333333335,1245.2219286479326,false,dual_constant_kill,independent_diagnostic,20k,25-75,resistant
9.0,3250.286666666667,1722.1593490101016,false,dual_constant_kill,independent_diagnostic,20k,25-75,resistant
10.0,3135.64,2172.093536557252,false,dual_constant_kill,independent_diagnostic,20k,25-75,resistant
11.0,3987.5866666666666,2465.9187045355266,false,dual_constant_kill,independent_diagnostic,20k,25-75,resistant
12.0,2308.2483333333334,2599.746200481751,false,dual_constant_kill,independent_diagnostic,20k,25-75,resistant
13.0,3826.773333333333,2644.3262709917,false,dual_constant_kill,independent_diagnostic,20k,25-75,resistant
14.0,2159.3716666666664,2652.0972549807248,false,dual_constant_kill,independent_diagnostic,20k,25-75,resistant
0.0,33.5,33.5,true,dual_constant_kill,independent_diagnostic,20k,50-50,sensitive
1.0,154.28,54.6782407288017,false,dual_constant_kill,independent_diagnostic,20k,50-50,sensitive
2.0,285.20666666666665,88.50157971450244,false,dual_constant_kill,independent_diagnostic,20k,50-50,sensitive
3.0,425.075,141.39338541702904,false,dual_constant_kill,independent_diagnostic,20k,50-50,sensitive
4.0,562.615,221.442550494686,false,dual_constant_kill,independent_diagnostic,20k,50-50,sensitive
5.0,850.4516666666667,336.72229431353605,false,dual_constant_kill,independent_diagnostic,20k,50-50,sensitive
6.0,932.2550000000001,491.02178076809105,false,dual_constant_kill,independent_diagnostic,20k,50-50,sensitive
7.0,1392.045,677.1998727957508,false,dual_constant_kill,independent_diagnostic,20k,50-50,sensitive
8.0,999.73,872.343508363089,false,dual_constant_kill,independent_diagnostic,20k,50-50,sensitive
9.0,1287.6316666666664,1042.6339595434008,false,dual_constant_kill,independent_diagnostic,20k,50-50,sensitive
10.0,1285.185,1160.6900453925023,false,dual_constant_kill,independent_diagnostic,20k,50-50,sensitive
11.0,1589.9216666666669,1222.0285473913057,false,dual_constant_kill,independent_diagnostic,20k,50-50,sensitive
12.0,1183.66,1242.1254466955907,false,dual_constant_kill,independent_diagnostic,20k,50-50,sensitive
13.0,1283.0133333333333,1239.9487158232407,false,dual_constant_kill,independent_diagnostic,20k,50-50,sensitive
14.0,1010.3066666666667,1228.1775312768295,false,dual_constant_kill,independent_diagnostic,20k,50-50,sensitive
0.0,33.5,33.5,true,dual_constant_kill,independent_diagnostic,20k,50-50,resistant
1.0,51.281666666666666,50.3256442232182,false,dual_constant_kill,independent_diagnostic,20k,50-50,resistant
2.0,89.81333333333333,75.60090562417881,false,dual_constant_kill,independent_diagnostic,20k,50-50,resistant
3.0,141.95833333333334,113.56319253659257,false,dual_constant_kill,independent_diagnostic,20k,50-50,resistant
4.0,269.67333333333335,170.5474428876788,false,dual_constant_kill,independent_diagnostic,20k,50-50,resistant
5.0,503.14333333333326,255.90652111474958,false,dual_constant_kill,independent_diagnostic,20k,50-50,resistant
6.0,640.2366666666667,382.89656343573967,false,dual_constant_kill,independent_diagnostic,20k,50-50,resistant
7.0,1228.7583333333334,568.0837481214378,false,dual_constant_kill,independent_diagnostic,20k,50-50,resistant
8.0,1159.7433333333333,824.8755739041767,false,dual_constant_kill,independent_diagnostic,20k,50-50,resistant
9.0,2141.5383333333334,1144.9670487444519,false,dual_constant_kill,independent_diagnostic,20k,50-50,resistant
10.0,2331.901666666666,1477.4877639563679,false,dual_constant_kill,independent_diagnostic,20k,50-50,resistant
11.0,3319.126666666667,1749.821324720735,false,dual_constant_kill,independent_diagnostic,20k,50-50,resistant
12.0,1939.1216666666667,1928.9529873888418,false,dual_constant_kill,independent_diagnostic,20k,50-50,resistant
13.0,3037.8416666666667,2033.2966094877268,false,dual_constant_kill,independent_diagnostic,20k,50-50,resistant
14.0,1923.26,2094.2415162952684,false,dual_constant_kill,independent_diagnostic,20k,50-50,resistant
0.0,50.25,50.25,true,dual_constant_kill,independent_diagnostic,20k,75-25,sensitive
1.0,216.94833333333335,81.830906649283,false,dual_constant_kill,independent_diagnostic,20k,75-25,sensitive
2.0,395.03833333333336,131.9313329983696,false,dual_constant_kill,independent_diagnostic,20k,75-25,sensitive
3.0,575.9033333333333,209.41037165162356,false,dual_constant_kill,independent_diagnostic,20k,75-25,sensitive
4.0,750.965,324.62233239036317,false,dual_constant_kill,independent_diagnostic,20k,75-25,sensitive
5.0,1098.7666666666667,486.2495271258217,false,dual_constant_kill,independent_diagnostic,20k,75-25,sensitive
6.0,1222.9466666666665,695.0527949013831,false,dual_constant_kill,independent_diagnostic,20k,75-25,sensitive
7.0,1636.885,936.7984829116033,false,dual_constant_kill,independent_diagnostic,20k,75-25,sensitive
8.0,1417.09,1181.0606789629107,false,dual_constant_kill,independent_diagnostic,20k,75-25,sensitive
9.0,1830.3733333333337,1391.410400292626,false,dual_constant_kill,independent_diagnostic,20k,75-25,sensitive
10.0,2137.61,1541.8118614931016,false,dual_constant_kill,independent_diagnostic,20k,75-25,sensitive
11.0,2132.978333333333,1626.2697685904084,false,dual_constant_kill,independent_diagnostic,20k,75-25,sensitive
12.0,1500.195,1655.7234445079903,false,dual_constant_kill,independent_diagnostic,20k,75-25,sensitive
13.0,1762.6516666666669,1647.9596319548034,false,dual_constant_kill,independent_diagnostic,20k,75-25,sensitive
14.0,1454.5266666666666,1619.1685944506494,false,dual_constant_kill,independent_diagnostic,20k,75-25,sensitive
0.0,16.75,16.75,true,dual_constant_kill,independent_diagnostic,20k,75-25,resistant
1.0,26.93166666666667,25.16280096219875,false,dual_constant_kill,independent_diagnostic,20k,75-25,resistant
2.0,42.105,37.80024804913207,false,dual_constant_kill,independent_diagnostic,20k,75-25,resistant
3.0,64.44166666666668,56.78006746072909,false,dual_constant_kill,independent_diagnostic,20k,75-25,resistant
4.0,128.0016666666667,85.26395733586942,false,dual_constant_kill,independent_diagnostic,20k,75-25,resistant
5.0,186.15166666666664,127.90056487446482,false,dual_constant_kill,independent_diagnostic,20k,75-25,resistant
6.0,262.3983333333333,191.2229511767858,false,dual_constant_kill,independent_diagnostic,20k,75-25,resistant
7.0,430.875,283.39290448043505,false,dual_constant_kill,independent_diagnostic,20k,75-25,resistant
8.0,525.69,411.97518013091064,false,dual_constant_kill,independent_diagnostic,20k,75-25,resistant
9.0,900.48,578.7317574237176,false,dual_constant_kill,independent_diagnostic,20k,75-25,resistant
10.0,1261.5033333333333,773.8669644755745,false,dual_constant_kill,independent_diagnostic,20k,75-25,resistant
11.0,1896.801666666667,976.4934061664835,false,dual_constant_kill,independent_diagnostic,20k,75-25,resistant
12.0,1271.0700000000004,1164.3984730129057,false,dual_constant_kill,independent_diagnostic,20k,75-25,resistant
13.0,2274.6516666666666,1324.7536771076,false,dual_constant_kill,independent_diagnostic,20k,75-25,resistant
14.0,1507.9783333333335,1456.0719207844152,false,dual_constant_kill,independent_diagnostic,20k,75-25,resistant
0.0,25.0,25.0,true,dual_constant_kill,independent_diagnostic,30k,25-75,sensitive
1.0,92.28666666666668,40.665240912662334,false,dual_constant_kill,independent_diagnostic,30k,25-75,sensitive
2.0,166.93666666666667,65.47750754189595,false,dual_constant_kill,independent_diagnostic,30k,25-75,sensitive
3.0,254.01833333333335,103.80445499069936,false,dual_constant_kill,independent_diagnostic,30k,25-75,sensitive
4.0,304.3333333333333,160.75966595162626,false,dual_constant_kill,independent_diagnostic,30k,25-75,sensitive
5.0,467.26833333333326,240.52982855087316,false,dual_constant_kill,independent_diagnostic,30k,25-75,sensitive
6.0,478.9883333333334,342.6818351523062,false,dual_constant_kill,independent_diagnostic,30k,25-75,sensitive
7.0,644.6283333333333,457.2034304346228,false,dual_constant_kill,independent_diagnostic,30k,25-75,sensitive
8.0,433.00666666666666,563.4367343027553,false,dual_constant_kill,independent_diagnostic,30k,25-75,sensitive
9.0,360.13166666666666,640.9754605398142,false,dual_constant_kill,independent_diagnostic,30k,25-75,sensitive
10.0,420.3900000000001,686.1294527600888,false,dual_constant_kill,independent_diagnostic,30k,25-75,sensitive
11.0,492.47499999999997,710.0422173279525,false,dual_constant_kill,independent_diagnostic,30k,25-75,sensitive
12.0,788.84,723.9773092768355,false,dual_constant_kill,independent_diagnostic,30k,25-75,sensitive
13.0,1077.7166666666667,733.8983751922635,false,dual_constant_kill,independent_diagnostic,30k,25-75,sensitive
14.0,921.545,742.2397899119015,false,dual_constant_kill,independent_diagnostic,30k,25-75,sensitive
0.0,75.0,75.0,true,dual_constant_kill,independent_diagnostic,30k,25-75,resistant
1.0,87.41333333333334,112.6680482783072,false,dual_constant_kill,independent_diagnostic,30k,25-75,resistant
2.0,146.07000000000002,169.24662683484635,false,dual_constant_kill,independent_diagnostic,30k,25-75,resistant
3.0,261.51,254.1932291005807,false,dual_constant_kill,independent_diagnostic,30k,25-75,resistant
4.0,490.7949999999999,381.53517398298254,false,dual_constant_kill,independent_diagnostic,30k,25-75,resistant
5.0,872.2133333333333,571.4149126382497,false,dual_constant_kill,independent_diagnostic,30k,25-75,resistant
6.0,1398.1966666666667,849.6713370390925,false,dual_constant_kill,independent_diagnostic,30k,25-75,resistant
7.0,2656.3349999999996,1237.0638057581705,false,dual_constant_kill,independent_diagnostic,30k,25-75,resistant
8.0,2187.6316666666667,1710.6539126630316,false,dual_constant_kill,independent_diagnostic,30k,25-75,resistant
9.0,3209.313333333333,2157.7421282207456,false,dual_constant_kill,independent_diagnostic,30k,25-75,resistant
10.0,3193.9033333333336,2451.1867647548206,false,dual_constant_kill,independent_diagnostic,30k,25-75,resistant
11.0,3624.1133333333332,2587.025695945185,false,dual_constant_kill,independent_diagnostic,30k,25-75,resistant
12.0,2743.473333333334,2634.597459721338,false,dual_constant_kill,independent_diagnostic,30k,25-75,resistant
13.0,3918.6783333333333,2645.4576442716834,false,dual_constant_kill,independent_diagnostic,30k,25-75,resistant
14.0,3231.2383333333332,2642.9132010961057,false,dual_constant_kill,independent_diagnostic,30k,25-75,resistant
0.0,50.0,50.0,true,dual_constant_kill,independent_diagnostic,30k,50-50,sensitive
1.0,165.45833333333334,81.09124510306063,false,dual_constant_kill,independent_diagnostic,30k,50-50,sensitive
2.0,282.01500000000004,129.9013591975005,false,dual_constant_kill,independent_diagnostic,30k,50-50,sensitive
3.0,432.8383333333333,204.19125943137956,false,dual_constant_kill,independent_diagnostic,30k,50-50,sensitive
4.0,607.8166666666667,312.0419604223476,false,dual_constant_kill,independent_diagnostic,30k,50-50,sensitive
5.0,879.0050000000001,458.0011650845353,false,dual_constant_kill,independent_diagnostic,30k,50-50,sensitive
6.0,947.1116666666667,636.6321874684442,false,dual_constant_kill,independent_diagnostic,30k,50-50,sensitive
7.0,1412.7849999999999,827.0506770555099,false,dual_constant_kill,independent_diagnostic,30k,50-50,sensitive
8.0,1018.185,996.527590591601,false,dual_constant_kill,independent_diagnostic,30k,50-50,sensitive
9.0,1172.4866666666667,1117.4340182437022,false,dual_constant_kill,independent_diagnostic,30k,50-50,sensitive
10.0,1294.5683333333334,1184.4435578582227,false,dual_constant_kill,independent_diagnostic,30k,50-50,sensitive
11.0,1082.5033333333333,1211.897079224494,false,dual_constant_kill,independent_diagnostic,30k,50-50,sensitive
12.0,1456.9150000000002,1217.5316114944906,false,dual_constant_kill,independent_diagnostic,30k,50-50,sensitive
13.0,1700.3266666666666,1213.1800064766755,false,dual_constant_kill,independent_diagnostic,30k,50-50,sensitive
14.0,1370.07,1204.8390667683918,false,dual_constant_kill,independent_diagnostic,30k,50-50,sensitive
0.0,50.0,50.0,true,dual_constant_kill,independent_diagnostic,30k,50-50,resistant
1.0,53.36166666666666,75.11169951695764,false,dual_constant_kill,independent_diagnostic,30k,50-50,resistant
2.0,85.83833333333332,112.82821360954618,false,dual_constant_kill,independent_diagnostic,30k,50-50,resistant
3.0,136.93666666666667,169.44258379767354,false,dual_constant_kill,independent_diagnostic,30k,50-50,resistant
4.0,278.0416666666667,254.240077159248,false,dual_constant_kill,independent_diagnostic,30k,50-50,resistant
5.0,439.5783333333333,380.3422295105032,false,dual_constant_kill,independent_diagnostic,30k,50-50,resistant
6.0,738.2216666666667,563.9281416457517,false,dual_constant_kill,independent_diagnostic,30k,50-50,resistant
7.0,1333.6733333333334,817.1082085950659,false,dual_constant_kill,independent_diagnostic,30k,50-50,resistant
8.0,1333.7316666666666,1128.2869034121659,false,dual_constant_kill,independent_diagnostic,30k,50-50,resistant
9.0,2235.375,1442.8747819929088,false,dual_constant_kill,independent_diagnostic,30k,50-50,resistant
10.0,2239.6666666666665,1690.5742276122805,false,dual_constant_kill,independent_diagnostic,30k,50-50,resistant
11.0,2711.556666666667,1846.1833626811497,false,dual_constant_kill,independent_diagnostic,30k,50-50,resistant
12.0,2136.7833333333333,1932.4007768948406,false,dual_constant_kill,independent_diagnostic,30k,50-50,resistant
13.0,3352.3216666666667,1980.1433116606122,false,dual_constant_kill,independent_diagnostic,30k,50-50,resistant
14.0,2315.278333333333,2009.425107750651,false,dual_constant_kill,independent_diagnostic,30k,50-50,resistant
0.0,75.0,75.0,true,dual_constant_kill,independent_diagnostic,30k,75-25,sensitive
1.0,218.08333333333334,121.28146380539091,false,dual_constant_kill,independent_diagnostic,30k,75-25,sensitive
2.0,356.52833333333336,193.3109824719491,false,dual_constant_kill,independent_diagnostic,30k,75-25,sensitive
3.0,545.945,301.40998641277196,false,dual_constant_kill,independent_diagnostic,30k,75-25,sensitive
4.0,755.7766666666666,455.03622657295045,false,dual_constant_kill,independent_diagnostic,30k,75-25,sensitive
5.0,1013.1566666666666,656.9641289045693,false,dual_constant_kill,independent_diagnostic,30k,75-25,sensitive
6.0,1191.6316666666664,895.8073847525023,false,dual_constant_kill,independent_diagnostic,30k,75-25,sensitive
7.0,1758.6866666666667,1143.1220204001434,false,dual_constant_kill,independent_diagnostic,30k,75-25,sensitive
8.0,1400.4566666666667,1362.0433164012343,false,dual_constant_kill,independent_diagnostic,30k,75-25,sensitive
9.0,1660.7133333333334,1524.501060250166,false,dual_constant_kill,independent_diagnostic,30k,75-25,sensitive
10.0,2107.1266666666666,1623.0553330814962,false,dual_constant_kill,independent_diagnostic,30k,75-25,sensitive
11.0,1744.1750000000002,1668.2463774188377,false,dual_constant_kill,independent_diagnostic,30k,75-25,sensitive
12.0,1827.7083333333333,1677.3910375058383,false,dual_constant_kill,independent_diagnostic,30k,75-25,sensitive
13.0,1923.9083333333335,1665.689120058495,false,dual_constant_kill,independent_diagnostic,30k,75-25,sensitive
14.0,1647.07,1643.335061568128,false,dual_constant_kill,independent_diagnostic,30k,75-25,sensitive
0.0,25.0,25.0,true,dual_constant_kill,independent_diagnostic,30k,75-25,resistant
1.0,28.45,37.555658699096526,false,dual_constant_kill,independent_diagnostic,30k,75-25,resistant
2.0,45.685,56.41245240307102,false,dual_constant_kill,independent_diagnostic,30k,75-25,resistant
3.0,72.71833333333332,84.71018795399156,false,dual_constant_kill,independent_diagnostic,30k,75-25,resistant
4.0,127.53333333333332,127.05693971156902,false,dual_constant_kill,independent_diagnostic,30k,75-25,resistant
5.0,211.36,189.87691838585746,false,dual_constant_kill,independent_diagnostic,30k,75-25,resistant
6.0,311.8583333333333,280.93665024181973,false,dual_constant_kill,independent_diagnostic,30k,75-25,resistant
7.0,585.2883333333333,406.4326380598825,false,dual_constant_kill,independent_diagnostic,30k,75-25,resistant
8.0,720.1316666666667,564.6539819311621,false,dual_constant_kill,independent_diagnostic,30k,75-25,resistant
9.0,1168.5216666666668,740.5100680783761,false,dual_constant_kill,independent_diagnostic,30k,75-25,resistant
10.0,1358.1716666666664,910.140004083539,false,dual_constant_kill,independent_diagnostic,30k,75-25,resistant
11.0,1719.3033333333333,1054.9598544808305,false,dual_constant_kill,independent_diagnostic,30k,75-25,resistant
12.0,1458.7166666666665,1170.0359115692218,false,dual_constant_kill,independent_diagnostic,30k,75-25,resistant
13.0,2386.6633333333334,1260.2775914100919,false,dual_constant_kill,independent_diagnostic,30k,75-25,resistant
14.0,1738.6666666666667,1333.142855163416,false,dual_constant_kill,independent_diagnostic,30k,75-25,resistant
0.0,16.75,16.75,true,dual_delayed_ramp_kill,independent_diagnostic,20k,25-75,sensitive
1.0,99.62333333333333,32.99866786114803,false,dual_delayed_ramp_kill,independent_diagnostic,20k,25-75,sensitive
2.0,151.64666666666665,64.44550446414826,false,dual_delayed_ramp_kill,independent_diagnostic,20k,25-75,sensitive
3.0,256.715,123.96577919410909,false,dual_delayed_ramp_kill,independent_diagnostic,20k,25-75,sensitive
4.0,308.39166666666665,232.06053401658764,false,dual_delayed_ramp_kill,independent_diagnostic,20k,25-75,sensitive
5.0,458.41,335.4784809231489,false,dual_delayed_ramp_kill,independent_diagnostic,20k,25-75,sensitive
6.0,443.1983333333333,446.2103788384241,false,dual_delayed_ramp_kill,independent_diagnostic,20k,25-75,sensitive
7.0,684.745,563.1646106893778,false,dual_delayed_ramp_kill,independent_diagnostic,20k,25-75,sensitive
8.0,381.4466666666667,667.7500449962556,false,dual_delayed_ramp_kill,independent_diagnostic,20k,25-75,sensitive
9.0,434.4266666666667,739.8064374893221,false,dual_delayed_ramp_kill,independent_diagnostic,20k,25-75,sensitive
10.0,381.8066666666667,769.6539844677008,false,dual_delayed_ramp_kill,independent_diagnostic,20k,25-75,sensitive
11.0,827.9266666666667,764.7156531179671,false,dual_delayed_ramp_kill,independent_diagnostic,20k,25-75,sensitive
12.0,564.2466666666667,740.7739662931291,false,dual_delayed_ramp_kill,independent_diagnostic,20k,25-75,sensitive
13.0,1105.2716666666665,710.0169502645421,false,dual_delayed_ramp_kill,independent_diagnostic,20k,25-75,sensitive
14.0,404.80333333333334,678.4413513911687,false,dual_delayed_ramp_kill,independent_diagnostic,20k,25-75,sensitive
0.0,50.25,50.25,true,dual_delayed_ramp_kill,independent_diagnostic,20k,25-75,resistant
1.0,88.58666666666666,75.48848584249046,false,dual_delayed_ramp_kill,independent_diagnostic,20k,25-75,resistant
2.0,143.335,113.40114241495978,false,dual_delayed_ramp_kill,independent_diagnostic,20k,25-75,resistant
3.0,247.62666666666667,170.3395926256137,false,dual_delayed_ramp_kill,independent_diagnostic,20k,25-75,resistant
4.0,494.3083333333334,255.75533866234315,false,dual_delayed_ramp_kill,independent_diagnostic,20k,25-75,resistant
5.0,903.3716666666666,383.3899468999767,false,dual_delayed_ramp_kill,independent_diagnostic,20k,25-75,resistant
6.0,1360.0966666666666,572.2688703355269,false,dual_delayed_ramp_kill,independent_diagnostic,20k,25-75,resistant
7.0,2438.3766666666666,844.6000384770398,false,dual_delayed_ramp_kill,independent_diagnostic,20k,25-75,resistant
8.0,1945.3233333333335,1213.5549571335239,false,dual_delayed_ramp_kill,independent_diagnostic,20k,25-75,resistant
9.0,3250.286666666667,1652.584093139398,false,dual_delayed_ramp_kill,independent_diagnostic,20k,25-75,resistant
10.0,3135.64,2072.534633970373,false,dual_delayed_ramp_kill,independent_diagnostic,20k,25-75,resistant
11.0,3987.5866666666666,2380.720073151155,false,dual_delayed_ramp_kill,independent_diagnostic,20k,25-75,resistant
12.0,2308.2483333333334,2566.0597549605927,false,dual_delayed_ramp_kill,independent_diagnostic,20k,25-75,resistant
13.0,3826.773333333333,2672.6203223996827,false,dual_delayed_ramp_kill,independent_diagnostic,20k,25-75,resistant
14.0,2159.3716666666664,2739.9759404778806,false,dual_delayed_ramp_kill,independent_diagnostic,20k,25-75,resistant
0.0,33.5,33.5,true,dual_delayed_ramp_kill,independent_diagnostic,20k,50-50,sensitive
1.0,154.28,65.81333487410906,false,dual_delayed_ramp_kill,independent_diagnostic,20k,50-50,sensitive
2.0,285.20666666666665,127.69885584327817,false,dual_delayed_ramp_kill,independent_diagnostic,20k,50-50,sensitive
3.0,425.075,242.273383833232,false,dual_delayed_ramp_kill,independent_diagnostic,20k,50-50,sensitive
4.0,562.615,441.51180065668365,false,dual_delayed_ramp_kill,independent_diagnostic,20k,50-50,sensitive
5.0,850.4516666666667,612.413069384905,false,dual_delayed_ramp_kill,independent_diagnostic,20k,50-50,sensitive
6.0,932.2550000000001,776.5072595073426,false,dual_delayed_ramp_kill,independent_diagnostic,20k,50-50,sensitive
7.0,1392.045,933.4498401186792,false,dual_delayed_ramp_kill,independent_diagnostic,20k,50-50,sensitive
8.0,999.73,1061.2208562753,false,dual_delayed_ramp_kill,independent_diagnostic,20k,50-50,sensitive
9.0,1287.6316666666664,1142.610198546143,false,dual_delayed_ramp_kill,independent_diagnostic,20k,50-50,sensitive
10.0,1285.185,1172.107337585006,false,dual_delayed_ramp_kill,independent_diagnostic,20k,50-50,sensitive
11.0,1589.9216666666669,1157.3811210163462,false,dual_delayed_ramp_kill,independent_diagnostic,20k,50-50,sensitive
12.0,1183.66,1113.9510332969685,false,dual_delayed_ramp_kill,independent_diagnostic,20k,50-50,sensitive
13.0,1283.0133333333333,1057.050871054873,false,dual_delayed_ramp_kill,independent_diagnostic,20k,50-50,sensitive
14.0,1010.3066666666667,996.9302796081513,false,dual_delayed_ramp_kill,independent_diagnostic,20k,50-50,sensitive
0.0,33.5,33.5,true,dual_delayed_ramp_kill,independent_diagnostic,20k,50-50,resistant
1.0,51.281666666666666,50.325584519434095,false,dual_delayed_ramp_kill,independent_diagnostic,20k,50-50,resistant
2.0,89.81333333333333,75.59961661584184,false,dual_delayed_ramp_kill,independent_diagnostic,20k,50-50,resistant
3.0,141.95833333333334,113.54644735277198,false,dual_delayed_ramp_kill,independent_diagnostic,20k,50-50,resistant
4.0,269.67333333333335,170.37367431127862,false,dual_delayed_ramp_kill,independent_diagnostic,20k,50-50,resistant
5.0,503.14333333333326,254.78683259625095,false,dual_delayed_ramp_kill,independent_diagnostic,20k,50-50,resistant
6.0,640.2366666666667,378.3972770367075,false,dual_delayed_ramp_kill,independent_diagnostic,20k,50-50,resistant
7.0,1228.7583333333334,554.04107290671,false,dual_delayed_ramp_kill,independent_diagnostic,20k,50-50,resistant
8.0,1159.7433333333333,790.408982137388,false,dual_delayed_ramp_kill,independent_diagnostic,20k,50-50,resistant
9.0,2141.5383333333334,1081.8160676035172,false,dual_delayed_ramp_kill,independent_diagnostic,20k,50-50,resistant
10.0,2331.901666666666,1399.1453757234312,false,dual_delayed_ramp_kill,independent_diagnostic,20k,50-50,resistant
11.0,3319.126666666667,1697.466121389583,false,dual_delayed_ramp_kill,independent_diagnostic,20k,50-50,resistant
12.0,1939.1216666666667,1942.8223100271077,false,dual_delayed_ramp_kill,independent_diagnostic,20k,50-50,resistant
13.0,3037.8416666666667,2129.093374750537,false,dual_delayed_ramp_kill,independent_diagnostic,20k,50-50,resistant
14.0,1923.26,2268.652329713049,false,dual_delayed_ramp_kill,independent_diagnostic,20k,50-50,resistant
0.0,50.25,50.25,true,dual_delayed_ramp_kill,independent_diagnostic,20k,75-25,sensitive
1.0,216.94833333333335,98.44614592022059,false,dual_delayed_ramp_kill,independent_diagnostic,20k,75-25,sensitive
2.0,395.03833333333336,189.80189462040698,false,dual_delayed_ramp_kill,independent_diagnostic,20k,75-25,sensitive
3.0,575.9033333333333,355.376295828915,false,dual_delayed_ramp_kill,independent_diagnostic,20k,75-25,sensitive
4.0,750.965,631.9609087541518,false,dual_delayed_ramp_kill,independent_diagnostic,20k,75-25,sensitive
5.0,1098.7666666666667,846.6446309245931,false,dual_delayed_ramp_kill,independent_diagnostic,20k,75-25,sensitive
6.0,1222.9466666666665,1035.9153024555426,false,dual_delayed_ramp_kill,independent_diagnostic,20k,75-25,sensitive
7.0,1636.885,1207.3029478135677,false,dual_delayed_ramp_kill,independent_diagnostic,20k,75-25,sensitive
8.0,1417.09,1343.9537591896212,false,dual_delayed_ramp_kill,independent_diagnostic,20k,75-25,sensitive
9.0,1830.3733333333337,1435.9350214076906,false,dual_delayed_ramp_kill,independent_diagnostic,20k,75-25,sensitive
10.0,2137.61,1481.1716661532348,false,dual_delayed_ramp_kill,independent_diagnostic,20k,75-25,sensitive
11.0,2132.978333333333,1483.7355116376527,false,dual_delayed_ramp_kill,independent_diagnostic,20k,75-25,sensitive
12.0,1500.195,1451.6018929791476,false,dual_delayed_ramp_kill,independent_diagnostic,20k,75-25,sensitive
13.0,1762.6516666666669,1394.6792832422361,false,dual_delayed_ramp_kill,independent_diagnostic,20k,75-25,sensitive
14.0,1454.5266666666666,1323.0062459698097,false,dual_delayed_ramp_kill,independent_diagnostic,20k,75-25,sensitive
0.0,16.75,16.75,true,dual_delayed_ramp_kill,independent_diagnostic,20k,75-25,resistant
1.0,26.93166666666667,25.162749577465835,false,dual_delayed_ramp_kill,independent_diagnostic,20k,75-25,resistant
2.0,42.105,37.799072383520226,false,dual_delayed_ramp_kill,independent_diagnostic,20k,75-25,resistant
3.0,64.44166666666668,56.76413988840711,false,dual_delayed_ramp_kill,independent_diagnostic,20k,75-25,resistant
4.0,128.0016666666667,85.09756463894666,false,dual_delayed_ramp_kill,independent_diagnostic,20k,75-25,resistant
5.0,186.15166666666664,126.89280657481385,false,dual_delayed_ramp_kill,independent_diagnostic,20k,75-25,resistant
6.0,262.3983333333333,187.6039995839879,false,dual_delayed_ramp_kill,independent_diagnostic,20k,75-25,resistant
7.0,430.875,273.519925153677,false,dual_delayed_ramp_kill,independent_diagnostic,20k,75-25,resistant
8.0,525.69,390.79497859705236,false,dual_delayed_ramp_kill,independent_diagnostic,20k,75-25,resistant
9.0,900.48,543.7992250201013,false,dual_delayed_ramp_kill,independent_diagnostic,20k,75-25,resistant
10.0,1261.5033333333333,732.8784380577092,false,dual_delayed_ramp_kill,independent_diagnostic,20k,75-25,resistant
11.0,1896.801666666667,952.089635818343,false,dual_delayed_ramp_kill,independent_diagnostic,20k,75-25,resistant
12.0,1271.0700000000004,1188.4235598365708,false,dual_delayed_ramp_kill,independent_diagnostic,20k,75-25,resistant
13.0,2274.6516666666666,1424.4000710577945,false,dual_delayed_ramp_kill,independent_diagnostic,20k,75-25,resistant
14.0,1507.9783333333335,1643.7910618187268,false,dual_delayed_ramp_kill,independent_diagnostic,20k,75-25,resistant
0.0,25.0,25.0,true,dual_delayed_ramp_kill,independent_diagnostic,30k,25-75,sensitive
1.0,92.28666666666668,46.73397535431399,false,dual_delayed_ramp_kill,independent_diagnostic,30k,25-75,sensitive
2.0,166.93666666666667,86.29630162413356,false,dual_delayed_ramp_kill,independent_diagnostic,30k,25-75,sensitive
3.0,254.01833333333335,148.44251007422545,false,dual_delayed_ramp_kill,independent_diagnostic,30k,25-75,sensitive
4.0,304.3333333333333,220.6792206438356,false,dual_delayed_ramp_kill,independent_diagnostic,30k,25-75,sensitive
5.0,467.26833333333326,314.69464388893186,false,dual_delayed_ramp_kill,independent_diagnostic,30k,25-75,sensitive
6.0,478.9883333333334,426.2734920027694,false,dual_delayed_ramp_kill,independent_diagnostic,30k,25-75,sensitive
7.0,644.6283333333333,540.5782015415156,false,dual_delayed_ramp_kill,independent_diagnostic,30k,25-75,sensitive
8.0,433.00666666666666,635.2548559107763,false,dual_delayed_ramp_kill,independent_diagnostic,30k,25-75,sensitive
9.0,360.13166666666666,693.5254584275006,false,dual_delayed_ramp_kill,independent_diagnostic,30k,25-75,sensitive
10.0,420.3900000000001,716.8772072320196,false,dual_delayed_ramp_kill,independent_diagnostic,30k,25-75,sensitive
11.0,492.47499999999997,718.9464235144819,false,dual_delayed_ramp_kill,independent_diagnostic,30k,25-75,sensitive
12.0,788.84,711.5895027648291,false,dual_delayed_ramp_kill,independent_diagnostic,30k,25-75,sensitive
13.0,1077.7166666666667,700.906872494847,false,dual_delayed_ramp_kill,independent_diagnostic,30k,25-75,sensitive
14.0,921.545,689.3710390201753,false,dual_delayed_ramp_kill,independent_diagnostic,30k,25-75,sensitive
0.0,75.0,75.0,true,dual_delayed_ramp_kill,independent_diagnostic,30k,25-75,resistant
1.0,87.41333333333334,112.66787976910084,false,dual_delayed_ramp_kill,independent_diagnostic,30k,25-75,resistant
2.0,146.07000000000002,169.2434211391151,false,dual_delayed_ramp_kill,independent_diagnostic,30k,25-75,resistant
3.0,261.51,254.15874238500754,false,dual_delayed_ramp_kill,independent_diagnostic,30k,25-75,resistant
4.0,490.7949999999999,381.32145531920946,false,dual_delayed_ramp_kill,independent_diagnostic,30k,25-75,resistant
5.0,872.2133333333333,570.3867189944636,false,dual_delayed_ramp_kill,independent_diagnostic,30k,25-75,resistant
6.0,1398.1966666666667,845.4677325716633,false,dual_delayed_ramp_kill,independent_diagnostic,30k,25-75,resistant
7.0,2656.3349999999996,1222.9781985456314,false,dual_delayed_ramp_kill,independent_diagnostic,30k,25-75,resistant
8.0,2187.6316666666667,1675.624858292651,false,dual_delayed_ramp_kill,independent_diagnostic,30k,25-75,resistant
9.0,3209.313333333333,2100.303262040074,false,dual_delayed_ramp_kill,independent_diagnostic,30k,25-75,resistant
10.0,3193.9033333333336,2391.0935198249176,false,dual_delayed_ramp_kill,independent_diagnostic,30k,25-75,resistant
11.0,3624.1133333333332,2545.1023433393266,false,dual_delayed_ramp_kill,independent_diagnostic,30k,25-75,resistant
12.0,2743.473333333334,2619.2439375642894,false,dual_delayed_ramp_kill,independent_diagnostic,30k,25-75,resistant
13.0,3918.6783333333333,2657.8874891289556,false,dual_delayed_ramp_kill,independent_diagnostic,30k,25-75,resistant
14.0,3231.2383333333332,2682.3090119267945,false,dual_delayed_ramp_kill,independent_diagnostic,30k,25-75,resistant
0.0,50.0,50.0,true,dual_delayed_ramp_kill,independent_diagnostic,30k,50-50,sensitive
1.0,165.45833333333334,93.14276135254555,false,dual_delayed_ramp_kill,independent_diagnostic,30k,50-50,sensitive
2.0,282.01500000000004,170.67037469643108,false,dual_delayed_ramp_kill,independent_diagnostic,30k,50-50,sensitive
3.0,432.8383333333333,289.16056742802783,false,dual_delayed_ramp_kill,independent_diagnostic,30k,50-50,sensitive
4.0,607.8166666666667,420.1537271020712,false,dual_delayed_ramp_kill,independent_diagnostic,30k,50-50,sensitive
5.0,879.0050000000001,581.5960353619367,false,dual_delayed_ramp_kill,independent_diagnostic,30k,50-50,sensitive
6.0,947.1116666666667,761.2041639594224,false,dual_delayed_ramp_kill,independent_diagnostic,30k,50-50,sensitive
7.0,1412.7849999999999,933.6452503904128,false,dual_delayed_ramp_kill,independent_diagnostic,30k,50-50,sensitive
8.0,1018.185,1070.1158455279344,false,dual_delayed_ramp_kill,independent_diagnostic,30k,50-50,sensitive
9.0,1172.4866666666667,1153.08933440695,false,dual_delayed_ramp_kill,independent_diagnostic,30k,50-50,sensitive
10.0,1294.5683333333334,1184.9344784826721,false,dual_delayed_ramp_kill,independent_diagnostic,30k,50-50,sensitive
11.0,1082.5033333333333,1181.472678337678,false,dual_delayed_ramp_kill,independent_diagnostic,30k,50-50,sensitive
12.0,1456.9150000000002,1159.2224667704236,false,dual_delayed_ramp_kill,independent_diagnostic,30k,50-50,sensitive
13.0,1700.3266666666666,1129.0538622686556,false,dual_delayed_ramp_kill,independent_diagnostic,30k,50-50,sensitive
14.0,1370.07,1096.5700982729047,false,dual_delayed_ramp_kill,independent_diagnostic,30k,50-50,sensitive
0.0,50.0,50.0,true,dual_delayed_ramp_kill,independent_diagnostic,30k,50-50,resistant
1.0,53.36166666666666,75.11142851102504,false,dual_delayed_ramp_kill,independent_diagnostic,30k,50-50,resistant
2.0,85.83833333333332,112.82276771755457,false,dual_delayed_ramp_kill,independent_diagnostic,30k,50-50,resistant
3.0,136.93666666666667,169.38197767789467,false,dual_delayed_ramp_kill,independent_diagnostic,30k,50-50,resistant
4.0,278.0416666666667,253.8759610367119,false,dual_delayed_ramp_kill,independent_diagnostic,30k,50-50,resistant
5.0,439.5783333333333,378.72526378031904,false,dual_delayed_ramp_kill,independent_diagnostic,30k,50-50,resistant
6.0,738.2216666666667,558.0984081084847,false,dual_delayed_ramp_kill,independent_diagnostic,30k,50-50,resistant
7.0,1333.6733333333334,800.4810921422946,false,dual_delayed_ramp_kill,independent_diagnostic,30k,50-50,resistant
8.0,1333.7316666666666,1093.1027243015462,false,dual_delayed_ramp_kill,independent_diagnostic,30k,50-50,resistant
9.0,2235.375,1391.5952339549717,false,dual_delayed_ramp_kill,independent_diagnostic,30k,50-50,resistant
10.0,2239.6666666666665,1642.561565148631,false,dual_delayed_ramp_kill,independent_diagnostic,30k,50-50,resistant
11.0,2711.556666666667,1823.5309278357522,false,dual_delayed_ramp_kill,independent_diagnostic,30k,50-50,resistant
12.0,2136.7833333333333,1946.4715699562028,false,dual_delayed_ramp_kill,independent_diagnostic,30k,50-50,resistant
13.0,3352.3216666666667,2033.028125403195,false,dual_delayed_ramp_kill,independent_diagnostic,30k,50-50,resistant
14.0,2315.278333333333,2099.350706607826,false,dual_delayed_ramp_kill,independent_diagnostic,30k,50-50,resistant
0.0,75.0,75.0,true,dual_delayed_ramp_kill,independent_diagnostic,30k,75-25,sensitive
1.0,218.08333333333334,139.23148043126102,false,dual_delayed_ramp_kill,independent_diagnostic,30k,75-25,sensitive
2.0,356.52833333333336,253.2093658910772,false,dual_delayed_ramp_kill,independent_diagnostic,30k,75-25,sensitive
3.0,545.945,422.90826138700834,false,dual_delayed_ramp_kill,independent_diagnostic,30k,75-25,sensitive
4.0,755.7766666666666,602.088891855352,false,dual_delayed_ramp_kill,independent_diagnostic,30k,75-25,sensitive
5.0,1013.1566666666666,813.4045308338943,false,dual_delayed_ramp_kill,independent_diagnostic,30k,75-25,sensitive
6.0,1191.6316666666664,1038.4264106507062,false,dual_delayed_ramp_kill,independent_diagnostic,30k,75-25,sensitive
7.0,1758.6866666666667,1248.3188497870176,false,dual_delayed_ramp_kill,independent_diagnostic,30k,75-25,sensitive
8.0,1400.4566666666667,1416.3265981476004,false,dual_delayed_ramp_kill,independent_diagnostic,30k,75-25,sensitive
9.0,1660.7133333333334,1528.1411150021547,false,dual_delayed_ramp_kill,independent_diagnostic,30k,75-25,sensitive
10.0,2107.1266666666666,1584.6123316362186,false,dual_delayed_ramp_kill,independent_diagnostic,30k,75-25,sensitive
11.0,1744.1750000000002,1596.8374345469333,false,dual_delayed_ramp_kill,independent_diagnostic,30k,75-25,sensitive
12.0,1827.7083333333333,1578.9514265341024,false,dual_delayed_ramp_kill,independent_diagnostic,30k,75-25,sensitive
13.0,1923.9083333333335,1543.1804251806138,false,dual_delayed_ramp_kill,independent_diagnostic,30k,75-25,sensitive
14.0,1647.07,1498.1580630417307,false,dual_delayed_ramp_kill,independent_diagnostic,30k,75-25,sensitive
0.0,25.0,25.0,true,dual_delayed_ramp_kill,independent_diagnostic,30k,75-25,resistant
1.0,28.45,37.555418031054025,false,dual_delayed_ramp_kill,independent_diagnostic,30k,75-25,resistant
2.0,45.685,56.40742944436863,false,dual_delayed_ramp_kill,independent_diagnostic,30k,75-25,resistant
3.0,72.71833333333332,84.65355704347667,false,dual_delayed_ramp_kill,independent_diagnostic,30k,75-25,resistant
4.0,127.53333333333332,126.7306713416529,false,dual_delayed_ramp_kill,independent_diagnostic,30k,75-25,resistant
5.0,211.36,188.54063815634618,false,dual_delayed_ramp_kill,independent_diagnostic,30k,75-25,resistant
6.0,311.8583333333333,276.62623140652516,false,dual_delayed_ramp_kill,independent_diagnostic,30k,75-25,resistant
7.0,585.2883333333333,395.5853039826919,false,dual_delayed_ramp_kill,independent_diagnostic,30k,75-25,resistant
8.0,720.1316666666667,544.0527921357519,false,dual_delayed_ramp_kill,independent_diagnostic,30k,75-25,resistant
9.0,1168.5216666666668,712.325489882159,false,dual_delayed_ramp_kill,independent_diagnostic,30k,75-25,resistant
10.0,1358.1716666666664,885.2322583965292,false,dual_delayed_ramp_kill,independent_diagnostic,30k,75-25,resistant
11.0,1719.3033333333333,1048.9969288986508,false,dual_delayed_ramp_kill,independent_diagnostic,30k,75-25,resistant
12.0,1458.7166666666665,1196.212156021092,false,dual_delayed_ramp_kill,independent_diagnostic,30k,75-25,resistant
13.0,2386.6633333333334,1325.752461853281,false,dual_delayed_ramp_kill,independent_diagnostic,30k,75-25,resistant
14.0,1738.6666666666667,1439.8628420876516,false,dual_delayed_ramp_kill,independent_diagnostic,30k,75-25,resistant
0.0,16.75,16.75,true,dual_time_decay_kill,independent_diagnostic,20k,25-75,sensitive
1.0,99.62333333333333,27.40175565776479,false,dual_time_decay_kill,independent_diagnostic,20k,25-75,sensitive
2.0,151.64666666666665,44.52967725725445,false,dual_time_decay_kill,independent_diagnostic,20k,25-75,sensitive
3.0,256.715,71.62353185803788,false,dual_time_decay_kill,independent_diagnostic,20k,25-75,sensitive
4.0,308.39166666666665,113.40505246822383,false,dual_time_decay_kill,independent_diagnostic,20k,25-75,sensitive
5.0,458.41,175.35732907860432,false,dual_time_decay_kill,independent_diagnostic,20k,25-75,sensitive
6.0,443.1983333333333,261.88293992800897,false,dual_time_decay_kill,independent_diagnostic,20k,25-75,sensitive
7.0,684.745,372.34162555055735,false,dual_time_decay_kill,independent_diagnostic,20k,25-75,sensitive
8.0,381.4466666666667,495.907387399846,false,dual_time_decay_kill,independent_diagnostic,20k,25-75,sensitive
9.0,434.4266666666667,610.7364591382242,false,dual_time_decay_kill,independent_diagnostic,20k,25-75,sensitive
10.0,381.8066666666667,695.5224609285959,false,dual_time_decay_kill,independent_diagnostic,20k,25-75,sensitive
11.0,827.9266666666667,746.4316789277988,false,dual_time_decay_kill,independent_diagnostic,20k,25-75,sensitive
12.0,564.2466666666667,774.9909760668635,false,dual_time_decay_kill,independent_diagnostic,20k,25-75,sensitive
13.0,1105.2716666666665,792.8574188716542,false,dual_time_decay_kill,independent_diagnostic,20k,25-75,sensitive
14.0,404.80333333333334,806.2163863426877,false,dual_time_decay_kill,independent_diagnostic,20k,25-75,sensitive
0.0,50.25,50.25,true,dual_time_decay_kill,independent_diagnostic,20k,25-75,resistant
1.0,88.58666666666666,75.48852456036096,false,dual_time_decay_kill,independent_diagnostic,20k,25-75,resistant
2.0,143.335,113.4019148496713,false,dual_time_decay_kill,independent_diagnostic,20k,25-75,resistant
3.0,247.62666666666667,170.34895340033626,false,dual_time_decay_kill,independent_diagnostic,20k,25-75,resistant
4.0,494.3083333333334,255.84856340709638,false,dual_time_decay_kill,independent_diagnostic,20k,25-75,resistant
5.0,903.3716666666666,384.018986746397,false,dual_time_decay_kill,independent_diagnostic,20k,25-75,resistant
6.0,1360.0966666666666,575.134215971812,false,dual_time_decay_kill,independent_diagnostic,20k,25-75,resistant
7.0,2438.3766666666666,855.2139453255995,false,dual_time_decay_kill,independent_diagnostic,20k,25-75,resistant
8.0,1945.3233333333335,1245.2213178113186,false,dual_time_decay_kill,independent_diagnostic,20k,25-75,resistant
9.0,3250.286666666667,1722.157107665775,false,dual_time_decay_kill,independent_diagnostic,20k,25-75,resistant
10.0,3135.64,2172.088072438782,false,dual_time_decay_kill,independent_diagnostic,20k,25-75,resistant
11.0,3987.5866666666666,2465.9097438075923,false,dual_time_decay_kill,independent_diagnostic,20k,25-75,resistant
12.0,2308.2483333333334,2599.7348067121397,false,dual_time_decay_kill,independent_diagnostic,20k,25-75,resistant
13.0,3826.773333333333,2644.3133503550894,false,dual_time_decay_kill,independent_diagnostic,20k,25-75,resistant
14.0,2159.3716666666664,2652.0832284668513,false,dual_time_decay_kill,independent_diagnostic,20k,25-75,resistant
0.0,33.5,33.5,true,dual_time_decay_kill,independent_diagnostic,20k,50-50,sensitive
1.0,154.28,54.67834373969179,false,dual_time_decay_kill,independent_diagnostic,20k,50-50,sensitive
2.0,285.20666666666665,88.50191010189499,false,dual_time_decay_kill,independent_diagnostic,20k,50-50,sensitive
3.0,425.075,141.39416456028314,false,dual_time_decay_kill,independent_diagnostic,20k,50-50,sensitive
4.0,562.615,221.44413454715783,false,dual_time_decay_kill,independent_diagnostic,20k,50-50,sensitive
5.0,850.4516666666667,336.725179378682,false,dual_time_decay_kill,independent_diagnostic,20k,50-50,sensitive
6.0,932.2550000000001,491.02651376981646,false,dual_time_decay_kill,independent_diagnostic,20k,50-50,sensitive
7.0,1392.045,677.2068259118333,false,dual_time_decay_kill,independent_diagnostic,20k,50-50,sensitive
8.0,999.73,872.3526191902557,false,dual_time_decay_kill,independent_diagnostic,20k,50-50,sensitive
9.0,1287.6316666666664,1042.6447192387122,false,dual_time_decay_kill,independent_diagnostic,20k,50-50,sensitive
10.0,1285.185,1160.7018651514097,false,dual_time_decay_kill,independent_diagnostic,20k,50-50,sensitive
11.0,1589.9216666666669,1222.0411133245061,false,dual_time_decay_kill,independent_diagnostic,20k,50-50,sensitive
12.0,1183.66,1242.1386809818869,false,dual_time_decay_kill,independent_diagnostic,20k,50-50,sensitive
13.0,1283.0133333333333,1239.9625901325535,false,dual_time_decay_kill,independent_diagnostic,20k,50-50,sensitive
14.0,1010.3066666666667,1228.1920008383192,false,dual_time_decay_kill,independent_diagnostic,20k,50-50,sensitive
0.0,33.5,33.5,true,dual_time_decay_kill,independent_diagnostic,20k,50-50,resistant
1.0,51.281666666666666,50.325644390706856,false,dual_time_decay_kill,independent_diagnostic,20k,50-50,resistant
2.0,89.81333333333333,75.6009061193669,false,dual_time_decay_kill,independent_diagnostic,20k,50-50,resistant
3.0,141.95833333333334,113.56319357664373,false,dual_time_decay_kill,independent_diagnostic,20k,50-50,resistant
4.0,269.67333333333335,170.54744435967328,false,dual_time_decay_kill,independent_diagnostic,20k,50-50,resistant
5.0,503.14333333333326,255.90651967430205,false,dual_time_decay_kill,independent_diagnostic,20k,50-50,resistant
6.0,640.2366666666667,382.89653622391626,false,dual_time_decay_kill,independent_diagnostic,20k,50-50,resistant
7.0,1228.7583333333334,568.0835819835792,false,dual_time_decay_kill,independent_diagnostic,20k,50-50,resistant
8.0,1159.7433333333333,824.8748494469105,false,dual_time_decay_kill,independent_diagnostic,20k,50-50,resistant
9.0,2141.5383333333334,1144.9647024302062,false,dual_time_decay_kill,independent_diagnostic,20k,50-50,resistant
10.0,2331.901666666666,1477.4822749145883,false,dual_time_decay_kill,independent_diagnostic,20k,50-50,resistant
11.0,3319.126666666667,1749.8119780554366,false,dual_time_decay_kill,independent_diagnostic,20k,50-50,resistant
12.0,1939.1216666666667,1928.9404753949907,false,dual_time_decay_kill,independent_diagnostic,20k,50-50,resistant
13.0,3037.8416666666667,2033.2820455013073,false,dual_time_decay_kill,independent_diagnostic,20k,50-50,resistant
14.0,1923.26,2094.2256680935657,false,dual_time_decay_kill,independent_diagnostic,20k,50-50,resistant
0.0,50.25,50.25,true,dual_time_decay_kill,independent_diagnostic,20k,75-25,sensitive
1.0,216.94833333333335,81.83106042333333,false,dual_time_decay_kill,independent_diagnostic,20k,75-25,sensitive
2.0,395.03833333333336,131.93182204105068,false,dual_time_decay_kill,independent_diagnostic,20k,75-25,sensitive
3.0,575.9033333333333,209.41150868149379,false,dual_time_decay_kill,independent_diagnostic,20k,75-25,sensitive
4.0,750.965,324.62459234745717,false,dual_time_decay_kill,independent_diagnostic,20k,75-25,sensitive
5.0,1098.7666666666667,486.2535067091002,false,dual_time_decay_kill,independent_diagnostic,20k,75-25,sensitive
6.0,1222.9466666666665,695.0590291178414,false,dual_time_decay_kill,independent_diagnostic,20k,75-25,sensitive
7.0,1636.885,936.8071385874475,false,dual_time_decay_kill,independent_diagnostic,20k,75-25,sensitive
8.0,1417.09,1181.0713528348795,false,dual_time_decay_kill,independent_diagnostic,20k,75-25,sensitive
9.0,1830.3733333333337,1391.4222950876563,false,dual_time_decay_kill,independent_diagnostic,20k,75-25,sensitive
10.0,2137.61,1541.8242552846464,false,dual_time_decay_kill,independent_diagnostic,20k,75-25,sensitive
11.0,2132.978333333333,1626.2823489682673,false,dual_time_decay_kill,independent_diagnostic,20k,75-25,sensitive
12.0,1500.195,1655.7362678836992,false,dual_time_decay_kill,independent_diagnostic,20k,75-25,sensitive
13.0,1762.6516666666669,1647.9728824691042,false,dual_time_decay_kill,independent_diagnostic,20k,75-25,sensitive
14.0,1454.5266666666666,1619.182406925994,false,dual_time_decay_kill,independent_diagnostic,20k,75-25,sensitive
0.0,16.75,16.75,true,dual_time_decay_kill,independent_diagnostic,20k,75-25,resistant
1.0,26.93166666666667,25.162801045771037,false,dual_time_decay_kill,independent_diagnostic,20k,75-25,resistant
2.0,42.105,37.80024829351136,false,dual_time_decay_kill,independent_diagnostic,20k,75-25,resistant
3.0,64.44166666666668,56.78006794640888,false,dual_time_decay_kill,independent_diagnostic,20k,75-25,resistant
4.0,128.0016666666667,85.2639577917628,false,dual_time_decay_kill,independent_diagnostic,20k,75-25,resistant
5.0,186.15166666666664,127.90056232109151,false,dual_time_decay_kill,independent_diagnostic,20k,75-25,resistant
6.0,262.3983333333333,191.22292811556215,false,dual_time_decay_kill,independent_diagnostic,20k,75-25,resistant
7.0,430.875,283.39278477863854,false,dual_time_decay_kill,independent_diagnostic,20k,75-25,resistant
8.0,525.69,411.97471637093395,false,dual_time_decay_kill,independent_diagnostic,20k,75-25,resistant
9.0,900.48,578.7303705289951,false,dual_time_decay_kill,independent_diagnostic,20k,75-25,resistant
10.0,1261.5033333333333,773.863731408444,false,dual_time_decay_kill,independent_diagnostic,20k,75-25,resistant
11.0,1896.801666666667,976.4874192919667,false,dual_time_decay_kill,independent_diagnostic,20k,75-25,resistant
12.0,1271.0700000000004,1164.3893497990255,false,dual_time_decay_kill,independent_diagnostic,20k,75-25,resistant
13.0,2274.6516666666666,1324.741683932051,false,dual_time_decay_kill,independent_diagnostic,20k,75-25,resistant
14.0,1507.9783333333335,1456.0576636637281,false,dual_time_decay_kill,independent_diagnostic,20k,75-25,resistant
0.0,25.0,25.0,true,dual_time_decay_kill,independent_diagnostic,30k,25-75,sensitive
1.0,92.28666666666668,40.66536953538582,false,dual_time_decay_kill,independent_diagnostic,30k,25-75,sensitive
2.0,166.93666666666667,65.47791924944579,false,dual_time_decay_kill,independent_diagnostic,30k,25-75,sensitive
3.0,254.01833333333335,103.80542344450406,false,dual_time_decay_kill,independent_diagnostic,30k,25-75,sensitive
4.0,304.3333333333333,160.7616293438975,false,dual_time_decay_kill,independent_diagnostic,30k,25-75,sensitive
5.0,467.26833333333326,240.5333950104307,false,dual_time_decay_kill,independent_diagnostic,30k,25-75,sensitive
6.0,478.9883333333334,342.6876747727007,false,dual_time_decay_kill,independent_diagnostic,30k,25-75,sensitive
7.0,644.6283333333333,457.2120106457281,false,dual_time_decay_kill,independent_diagnostic,30k,25-75,sensitive
8.0,433.00666666666666,563.4480575025083,false,dual_time_decay_kill,independent_diagnostic,30k,25-75,sensitive
9.0,360.13166666666666,640.9891624624946,false,dual_time_decay_kill,independent_diagnostic,30k,25-75,sensitive
10.0,420.3900000000001,686.1451855752196,false,dual_time_decay_kill,independent_diagnostic,30k,25-75,sensitive
11.0,492.47499999999997,710.0597841489964,false,dual_time_decay_kill,independent_diagnostic,30k,25-75,sensitive
12.0,788.84,723.996596915551,false,dual_time_decay_kill,independent_diagnostic,30k,25-75,sensitive
13.0,1077.7166666666667,733.9193097882115,false,dual_time_decay_kill,independent_diagnostic,30k,25-75,sensitive
14.0,921.545,742.2623185795907,false,dual_time_decay_kill,independent_diagnostic,30k,25-75,sensitive
0.0,75.0,75.0,true,dual_time_decay_kill,independent_diagnostic,30k,25-75,resistant
1.0,87.41333333333334,112.66804827537203,false,dual_time_decay_kill,independent_diagnostic,30k,25-75,resistant
2.0,146.07000000000002,169.2466267757786,false,dual_time_decay_kill,independent_diagnostic,30k,25-75,resistant
3.0,261.51,254.19322849992588,false,dual_time_decay_kill,independent_diagnostic,30k,25-75,resistant
4.0,490.7949999999999,381.53516914979053,false,dual_time_decay_kill,independent_diagnostic,30k,25-75,resistant
5.0,872.2133333333333,571.414879338957,false,dual_time_decay_kill,independent_diagnostic,30k,25-75,resistant
6.0,1398.1966666666667,849.6711400828416,false,dual_time_decay_kill,independent_diagnostic,30k,25-75,resistant
7.0,2656.3349999999996,1237.0628459930997,false,dual_time_decay_kill,independent_diagnostic,30k,25-75,resistant
8.0,2187.6316666666667,1710.6503963431785,false,dual_time_decay_kill,independent_diagnostic,30k,25-75,resistant
9.0,3209.313333333333,2157.7334118820063,false,dual_time_decay_kill,independent_diagnostic,30k,25-75,resistant
10.0,3193.9033333333336,2451.1721506969925,false,dual_time_decay_kill,independent_diagnostic,30k,25-75,resistant
11.0,3624.1133333333332,2587.006675060405,false,dual_time_decay_kill,independent_diagnostic,30k,25-75,resistant
12.0,2743.473333333334,2634.5754028732194,false,dual_time_decay_kill,independent_diagnostic,30k,25-75,resistant
13.0,3918.6783333333333,2645.4331987443684,false,dual_time_decay_kill,independent_diagnostic,30k,25-75,resistant
14.0,3231.2383333333332,2642.88661886884,false,dual_time_decay_kill,independent_diagnostic,30k,25-75,resistant
0.0,50.0,50.0,true,dual_time_decay_kill,independent_diagnostic,30k,50-50,sensitive
1.0,165.45833333333334,81.0915006443866,false,dual_time_decay_kill,independent_diagnostic,30k,50-50,sensitive
2.0,282.01500000000004,129.90216762588878,false,dual_time_decay_kill,independent_diagnostic,30k,50-50,sensitive
3.0,432.8383333333333,204.1931241026267,false,dual_time_decay_kill,independent_diagnostic,30k,50-50,sensitive
4.0,607.8166666666667,312.0456250265387,false,dual_time_decay_kill,independent_diagnostic,30k,50-50,sensitive
5.0,879.0050000000001,458.0075235302911,false,dual_time_decay_kill,independent_diagnostic,30k,50-50,sensitive
6.0,947.1116666666667,636.6419783032514,false,dual_time_decay_kill,independent_diagnostic,30k,50-50,sensitive
7.0,1412.7849999999999,827.0640583844994,false,dual_time_decay_kill,independent_diagnostic,30k,50-50,sensitive
8.0,1018.185,996.544016964789,false,dual_time_decay_kill,independent_diagnostic,30k,50-50,sensitive
9.0,1172.4866666666667,1117.45272775843,false,dual_time_decay_kill,independent_diagnostic,30k,50-50,sensitive
10.0,1294.5683333333334,1184.464137768788,false,dual_time_decay_kill,independent_diagnostic,30k,50-50,sensitive
11.0,1082.5033333333333,1211.9194453619168,false,dual_time_decay_kill,independent_diagnostic,30k,50-50,sensitive
12.0,1456.9150000000002,1217.5557373504016,false,dual_time_decay_kill,independent_diagnostic,30k,50-50,sensitive
13.0,1700.3266666666666,1213.205826846373,false,dual_time_decay_kill,independent_diagnostic,30k,50-50,sensitive
14.0,1370.07,1204.8664936671294,false,dual_time_decay_kill,independent_diagnostic,30k,50-50,sensitive
0.0,50.0,50.0,true,dual_time_decay_kill,independent_diagnostic,30k,50-50,resistant
1.0,53.36166666666666,75.11169951185731,false,dual_time_decay_kill,independent_diagnostic,30k,50-50,resistant
2.0,85.83833333333332,112.82821351443388,false,dual_time_decay_kill,independent_diagnostic,30k,50-50,resistant
3.0,136.93666666666667,169.44258283003734,false,dual_time_decay_kill,independent_diagnostic,30k,50-50,resistant
4.0,278.0416666666667,254.24006949781582,false,dual_time_decay_kill,independent_diagnostic,30k,50-50,resistant
5.0,439.5783333333333,380.34217912607704,false,dual_time_decay_kill,independent_diagnostic,30k,50-50,resistant
6.0,738.2216666666667,563.9278673747814,false,dual_time_decay_kill,independent_diagnostic,30k,50-50,resistant
7.0,1333.6733333333334,817.1070145486118,false,dual_time_decay_kill,independent_diagnostic,30k,50-50,resistant
8.0,1333.7316666666666,1128.2829678567552,false,dual_time_decay_kill,independent_diagnostic,30k,50-50,resistant
9.0,2235.375,1442.8654252138097,false,dual_time_decay_kill,independent_diagnostic,30k,50-50,resistant
10.0,2239.6666666666665,1690.558035554457,false,dual_time_decay_kill,independent_diagnostic,30k,50-50,resistant
11.0,2711.556666666667,1846.1612019864394,false,dual_time_decay_kill,independent_diagnostic,30k,50-50,resistant
12.0,2136.7833333333333,1932.37425818832,false,dual_time_decay_kill,independent_diagnostic,30k,50-50,resistant
13.0,3352.3216666666667,1980.1135956098567,false,dual_time_decay_kill,independent_diagnostic,30k,50-50,resistant
14.0,2315.278333333333,2009.3928274829668,false,dual_time_decay_kill,independent_diagnostic,30k,50-50,resistant
0.0,75.0,75.0,true,dual_time_decay_kill,independent_diagnostic,30k,75-25,sensitive
1.0,218.08333333333334,121.28184459245742,false,dual_time_decay_kill,independent_diagnostic,30k,75-25,sensitive
2.0,356.52833333333336,193.31217336084947,false,dual_time_decay_kill,independent_diagnostic,30k,75-25,sensitive
3.0,545.945,301.41268197910455,false,dual_time_decay_kill,independent_diagnostic,30k,75-25,sensitive
4.0,755.7766666666666,455.04137349079474,false,dual_time_decay_kill,independent_diagnostic,30k,75-25,sensitive
5.0,1013.1566666666666,656.9727046919099,false,dual_time_decay_kill,independent_diagnostic,30k,75-25,sensitive
6.0,1191.6316666666664,895.8199330575516,false,dual_time_decay_kill,independent_diagnostic,30k,75-25,sensitive
7.0,1758.6866666666667,1143.1382276864679,false,dual_time_decay_kill,independent_diagnostic,30k,75-25,sensitive
8.0,1400.4566666666667,1362.0621294763725,false,dual_time_decay_kill,independent_diagnostic,30k,75-25,sensitive
9.0,1660.7133333333334,1524.5213878755337,false,dual_time_decay_kill,independent_diagnostic,30k,75-25,sensitive
10.0,2107.1266666666666,1623.0766605933647,false,dual_time_decay_kill,independent_diagnostic,30k,75-25,sensitive
11.0,1744.1750000000002,1668.2687695817053,false,dual_time_decay_kill,independent_diagnostic,30k,75-25,sensitive
12.0,1827.7083333333333,1677.4147752972292,false,dual_time_decay_kill,independent_diagnostic,30k,75-25,sensitive
13.0,1923.9083333333335,1665.7144281970704,false,dual_time_decay_kill,independent_diagnostic,30k,75-25,sensitive
14.0,1647.07,1643.3620382453212,false,dual_time_decay_kill,independent_diagnostic,30k,75-25,sensitive
0.0,25.0,25.0,true,dual_time_decay_kill,independent_diagnostic,30k,75-25,resistant
1.0,28.45,37.5556586945372,false,dual_time_decay_kill,independent_diagnostic,30k,75-25,resistant
2.0,45.685,56.41245231939959,false,dual_time_decay_kill,independent_diagnostic,30k,75-25,resistant
3.0,72.71833333333332,84.71018710659531,false,dual_time_decay_kill,independent_diagnostic,30k,75-25,resistant
4.0,127.53333333333332,127.0569331674677,false,dual_time_decay_kill,independent_diagnostic,30k,75-25,resistant
5.0,211.36,189.8768775551211,false,dual_time_decay_kill,independent_diagnostic,30k,75-25,resistant
6.0,311.8583333333333,280.93644506023793,false,dual_time_decay_kill,independent_diagnostic,30k,75-25,resistant
7.0,585.2883333333333,406.43182470844533,false,dual_time_decay_kill,independent_diagnostic,30k,75-25,resistant
8.0,720.1316666666667,564.6514901035137,false,dual_time_decay_kill,independent_diagnostic,30k,75-25,resistant
9.0,1168.5216666666668,740.5042001395587,false,dual_time_decay_kill,independent_diagnostic,30k,75-25,resistant
10.0,1358.1716666666664,910.1291633821296,false,dual_time_decay_kill,independent_diagnostic,30k,75-25,resistant
11.0,1719.3033333333333,1054.9433984605641,false,dual_time_decay_kill,independent_diagnostic,30k,75-25,resistant
12.0,1458.7166666666665,1170.0141833564999,false,dual_time_decay_kill,independent_diagnostic,30k,75-25,resistant
13.0,2386.6633333333334,1260.2513572964901,false,dual_time_decay_kill,independent_diagnostic,30k,75-25,resistant
14.0,1738.6666666666667,1333.1128569568973,false,dual_time_decay_kill,independent_diagnostic,30k,75-25,resistant
0.0,16.75,16.75,true,dual_transit_competitor_scaled,independent_diagnostic,20k,25-75,sensitive
1.0,99.62333333333333,32.99866786477208,false,dual_transit_competitor_scaled,independent_diagnostic,20k,25-75,sensitive
2.0,151.64666666666665,64.44550437097315,false,dual_transit_competitor_scaled,independent_diagnostic,20k,25-75,sensitive
3.0,256.715,123.96577921819325,false,dual_transit_competitor_scaled,independent_diagnostic,20k,25-75,sensitive
4.0,308.39166666666665,222.74123610184262,false,dual_transit_competitor_scaled,independent_diagnostic,20k,25-75,sensitive
5.0,458.41,335.3917137511313,false,dual_transit_competitor_scaled,independent_diagnostic,20k,25-75,sensitive
6.0,443.1983333333333,451.55034051654275,false,dual_transit_competitor_scaled,independent_diagnostic,20k,25-75,sensitive
7.0,684.745,564.9342012495392,false,dual_transit_competitor_scaled,independent_diagnostic,20k,25-75,sensitive
8.0,381.4466666666667,663.8068967851505,false,dual_transit_competitor_scaled,independent_diagnostic,20k,25-75,sensitive
9.0,434.4266666666667,732.8286351452962,false,dual_transit_competitor_scaled,independent_diagnostic,20k,25-75,sensitive
10.0,381.8066666666667,760.470272964603,false,dual_transit_competitor_scaled,independent_diagnostic,20k,25-75,sensitive
11.0,827.9266666666667,747.8251334960416,false,dual_transit_competitor_scaled,independent_diagnostic,20k,25-75,sensitive
12.0,564.2466666666667,707.3740475447129,false,dual_transit_competitor_scaled,independent_diagnostic,20k,25-75,sensitive
13.0,1105.2716666666665,652.6214167848349,false,dual_transit_competitor_scaled,independent_diagnostic,20k,25-75,sensitive
14.0,404.80333333333334,592.5903141377671,false,dual_transit_competitor_scaled,independent_diagnostic,20k,25-75,sensitive
0.0,50.25,50.25,true,dual_transit_competitor_scaled,independent_diagnostic,20k,25-75,resistant
1.0,88.58666666666666,75.4884858475571,false,dual_transit_competitor_scaled,independent_diagnostic,20k,25-75,resistant
2.0,143.335,113.40114238416984,false,dual_transit_competitor_scaled,independent_diagnostic,20k,25-75,resistant
3.0,247.62666666666667,170.3395926231868,false,dual_transit_competitor_scaled,independent_diagnostic,20k,25-75,resistant
4.0,494.3083333333334,255.7710015125234,false,dual_transit_competitor_scaled,independent_diagnostic,20k,25-75,resistant
5.0,903.3716666666666,383.67312737769186,false,dual_transit_competitor_scaled,independent_diagnostic,20k,25-75,resistant
6.0,1360.0966666666666,574.0626909220284,false,dual_transit_competitor_scaled,independent_diagnostic,20k,25-75,resistant
7.0,2438.3766666666666,853.1858955845888,false,dual_transit_competitor_scaled,independent_diagnostic,20k,25-75,resistant
8.0,1945.3233333333335,1246.8755346380708,false,dual_transit_competitor_scaled,independent_diagnostic,20k,25-75,resistant
9.0,3250.286666666667,1753.5322120458052,false,dual_transit_competitor_scaled,independent_diagnostic,20k,25-75,resistant
10.0,3135.64,2294.7492265740275,false,dual_transit_competitor_scaled,independent_diagnostic,20k,25-75,resistant
11.0,3987.5866666666666,2730.4190967053914,false,dual_transit_competitor_scaled,independent_diagnostic,20k,25-75,resistant
12.0,2308.2483333333334,2997.453684508035,false,dual_transit_competitor_scaled,independent_diagnostic,20k,25-75,resistant
13.0,3826.773333333333,3143.0229418941976,false,dual_transit_competitor_scaled,independent_diagnostic,20k,25-75,resistant
14.0,2159.3716666666664,3227.718833592611,false,dual_transit_competitor_scaled,independent_diagnostic,20k,25-75,resistant
0.0,33.5,33.5,true,dual_transit_competitor_scaled,independent_diagnostic,20k,50-50,sensitive
1.0,154.28,65.81333485605695,false,dual_transit_competitor_scaled,independent_diagnostic,20k,50-50,sensitive
2.0,285.20666666666665,127.69885579203464,false,dual_transit_competitor_scaled,independent_diagnostic,20k,50-50,sensitive
3.0,425.075,242.2733839471667,false,dual_transit_competitor_scaled,independent_diagnostic,20k,50-50,sensitive
4.0,562.615,425.1367758809117,false,dual_transit_competitor_scaled,independent_diagnostic,20k,50-50,sensitive
5.0,850.4516666666667,623.8153356714101,false,dual_transit_competitor_scaled,independent_diagnostic,20k,50-50,sensitive
6.0,932.2550000000001,818.1475595066748,false,dual_transit_competitor_scaled,independent_diagnostic,20k,50-50,sensitive
7.0,1392.045,999.105165583972,false,dual_transit_competitor_scaled,independent_diagnostic,20k,50-50,sensitive
8.0,999.73,1153.0055837128034,false,dual_transit_competitor_scaled,independent_diagnostic,20k,50-50,sensitive
9.0,1287.6316666666664,1263.524517545826,false,dual_transit_competitor_scaled,independent_diagnostic,20k,50-50,sensitive
10.0,1285.185,1317.195106237729,false,dual_transit_competitor_scaled,independent_diagnostic,20k,50-50,sensitive
11.0,1589.9216666666669,1310.4899866037981,false,dual_transit_competitor_scaled,independent_diagnostic,20k,50-50,sensitive
12.0,1183.66,1253.482980021302,false,dual_transit_competitor_scaled,independent_diagnostic,20k,50-50,sensitive
13.0,1283.0133333333333,1164.489184310268,false,dual_transit_competitor_scaled,independent_diagnostic,20k,50-50,sensitive
14.0,1010.3066666666667,1060.609766176332,false,dual_transit_competitor_scaled,independent_diagnostic,20k,50-50,sensitive
0.0,33.5,33.5,true,dual_transit_competitor_scaled,independent_diagnostic,20k,50-50,resistant
1.0,51.281666666666666,50.325584522697206,false,dual_transit_competitor_scaled,independent_diagnostic,20k,50-50,resistant
2.0,89.81333333333333,75.59961659704966,false,dual_transit_competitor_scaled,independent_diagnostic,20k,50-50,resistant
3.0,141.95833333333334,113.54644735347198,false,dual_transit_competitor_scaled,independent_diagnostic,20k,50-50,resistant
4.0,269.67333333333335,170.4066293530147,false,dual_transit_competitor_scaled,independent_diagnostic,20k,50-50,resistant
5.0,503.14333333333326,255.3252710517878,false,dual_transit_competitor_scaled,independent_diagnostic,20k,50-50,resistant
6.0,640.2366666666667,381.31005107184,false,dual_transit_competitor_scaled,independent_diagnostic,20k,50-50,resistant
7.0,1228.7583333333334,565.6285495944724,false,dual_transit_competitor_scaled,independent_diagnostic,20k,50-50,resistant
8.0,1159.7433333333333,827.861217400443,false,dual_transit_competitor_scaled,independent_diagnostic,20k,50-50,resistant
9.0,2141.5383333333334,1181.2368734730458,false,dual_transit_competitor_scaled,independent_diagnostic,20k,50-50,resistant
10.0,2331.901666666666,1612.280143560378,false,dual_transit_competitor_scaled,independent_diagnostic,20k,50-50,resistant
11.0,3319.126666666667,2060.077292951353,false,dual_transit_competitor_scaled,independent_diagnostic,20k,50-50,resistant
12.0,1939.1216666666667,2439.9911751356453,false,dual_transit_competitor_scaled,independent_diagnostic,20k,50-50,resistant
13.0,3037.8416666666667,2711.178097952021,false,dual_transit_competitor_scaled,independent_diagnostic,20k,50-50,resistant
14.0,1923.26,2891.4347169650655,false,dual_transit_competitor_scaled,independent_diagnostic,20k,50-50,resistant
0.0,50.25,50.25,true,dual_transit_competitor_scaled,independent_diagnostic,20k,75-25,sensitive
1.0,216.94833333333335,98.4461458595596,false,dual_transit_competitor_scaled,independent_diagnostic,20k,75-25,sensitive
2.0,395.03833333333336,189.8018946879061,false,dual_transit_competitor_scaled,independent_diagnostic,20k,75-25,sensitive
3.0,575.9033333333333,355.3762960459988,false,dual_transit_competitor_scaled,independent_diagnostic,20k,75-25,sensitive
4.0,750.965,610.2849564737794,false,dual_transit_competitor_scaled,independent_diagnostic,20k,75-25,sensitive
5.0,1098.7666666666667,876.1769802474058,false,dual_transit_competitor_scaled,independent_diagnostic,20k,75-25,sensitive
6.0,1222.9466666666665,1126.4863499465923,false,dual_transit_competitor_scaled,independent_diagnostic,20k,75-25,sensitive
7.0,1636.885,1354.0413851560497,false,dual_transit_competitor_scaled,independent_diagnostic,20k,75-25,sensitive
8.0,1417.09,1549.4583833410243,false,dual_transit_competitor_scaled,independent_diagnostic,20k,75-25,sensitive
9.0,1830.3733333333337,1701.9672085722646,false,dual_transit_competitor_scaled,independent_diagnostic,20k,75-25,sensitive
10.0,2137.61,1801.5105758945228,false,dual_transit_competitor_scaled,independent_diagnostic,20k,75-25,sensitive
11.0,2132.978333333333,1840.9414347167528,false,dual_transit_competitor_scaled,independent_diagnostic,20k,75-25,sensitive
12.0,1500.195,1818.716664596918,false,dual_transit_competitor_scaled,independent_diagnostic,20k,75-25,sensitive
13.0,1762.6516666666669,1741.4448273838784,false,dual_transit_competitor_scaled,independent_diagnostic,20k,75-25,sensitive
14.0,1454.5266666666666,1623.6238574029271,false,dual_transit_competitor_scaled,independent_diagnostic,20k,75-25,sensitive
0.0,16.75,16.75,true,dual_transit_competitor_scaled,independent_diagnostic,20k,75-25,resistant
1.0,26.93166666666667,25.16274957901717,false,dual_transit_competitor_scaled,independent_diagnostic,20k,75-25,resistant
2.0,42.105,37.79907237532413,false,dual_transit_competitor_scaled,independent_diagnostic,20k,75-25,resistant
3.0,64.44166666666668,56.76413989033177,false,dual_transit_competitor_scaled,independent_diagnostic,20k,75-25,resistant
4.0,128.0016666666667,85.1312792097103,false,dual_transit_competitor_scaled,independent_diagnostic,20k,75-25,resistant
5.0,186.15166666666664,127.39292042188468,false,dual_transit_competitor_scaled,independent_diagnostic,20k,75-25,resistant
6.0,262.3983333333333,189.9791216632409,false,dual_transit_competitor_scaled,independent_diagnostic,20k,75-25,resistant
7.0,430.875,281.73020083851736,false,dual_transit_competitor_scaled,independent_diagnostic,20k,75-25,resistant
8.0,525.69,414.1380203061918,false,dual_transit_competitor_scaled,independent_diagnostic,20k,75-25,resistant
9.0,900.48,600.6344730754363,false,dual_transit_competitor_scaled,independent_diagnostic,20k,75-25,resistant
10.0,1261.5033333333333,853.4743096897857,false,dual_transit_competitor_scaled,independent_diagnostic,20k,75-25,resistant
11.0,1896.801666666667,1176.0866663972831,false,dual_transit_competitor_scaled,independent_diagnostic,20k,75-25,resistant
12.0,1271.0700000000004,1551.098930013543,false,dual_transit_competitor_scaled,independent_diagnostic,20k,75-25,resistant
13.0,2274.6516666666666,1934.4349930361059,false,dual_transit_competitor_scaled,independent_diagnostic,20k,75-25,resistant
14.0,1507.9783333333335,2273.4562515946063,false,dual_transit_competitor_scaled,independent_diagnostic,20k,75-25,resistant
0.0,25.0,25.0,true,dual_transit_competitor_scaled,independent_diagnostic,30k,25-75,sensitive
1.0,92.28666666666668,46.73397534273243,false,dual_transit_competitor_scaled,independent_diagnostic,30k,25-75,sensitive
2.0,166.93666666666667,86.2963015306173,false,dual_transit_competitor_scaled,independent_diagnostic,30k,25-75,sensitive
3.0,254.01833333333335,150.02372917372847,false,dual_transit_competitor_scaled,independent_diagnostic,30k,25-75,sensitive
4.0,304.3333333333333,230.7687960773756,false,dual_transit_competitor_scaled,independent_diagnostic,30k,25-75,sensitive
5.0,467.26833333333326,325.5198820368823,false,dual_transit_competitor_scaled,independent_diagnostic,30k,25-75,sensitive
6.0,478.9883333333334,430.19604880395946,false,dual_transit_competitor_scaled,independent_diagnostic,30k,25-75,sensitive
7.0,644.6283333333333,535.3237072402499,false,dual_transit_competitor_scaled,independent_diagnostic,30k,25-75,sensitive
8.0,433.00666666666666,626.1256951768419,false,dual_transit_competitor_scaled,independent_diagnostic,30k,25-75,sensitive
9.0,360.13166666666666,688.5301607544375,false,dual_transit_competitor_scaled,independent_diagnostic,30k,25-75,sensitive
10.0,420.3900000000001,718.9317608798074,false,dual_transit_competitor_scaled,independent_diagnostic,30k,25-75,sensitive
11.0,492.47499999999997,725.0129457478597,false,dual_transit_competitor_scaled,independent_diagnostic,30k,25-75,sensitive
12.0,788.84,716.2658916952344,false,dual_transit_competitor_scaled,independent_diagnostic,30k,25-75,sensitive
13.0,1077.7166666666667,698.7918478419217,false,dual_transit_competitor_scaled,independent_diagnostic,30k,25-75,sensitive
14.0,921.545,675.9547975906785,false,dual_transit_competitor_scaled,independent_diagnostic,30k,25-75,sensitive
0.0,75.0,75.0,true,dual_transit_competitor_scaled,independent_diagnostic,30k,25-75,resistant
1.0,87.41333333333334,112.66787977610487,false,dual_transit_competitor_scaled,independent_diagnostic,30k,25-75,resistant
2.0,146.07000000000002,169.24342109824474,false,dual_transit_competitor_scaled,independent_diagnostic,30k,25-75,resistant
3.0,261.51,254.16663075379248,false,dual_transit_competitor_scaled,independent_diagnostic,30k,25-75,resistant
4.0,490.7949999999999,381.4321953801589,false,dual_transit_competitor_scaled,independent_diagnostic,30k,25-75,resistant
5.0,872.2133333333333,571.2390994738072,false,dual_transit_competitor_scaled,independent_diagnostic,30k,25-75,resistant
6.0,1398.1966666666667,850.4563353514038,false,dual_transit_competitor_scaled,independent_diagnostic,30k,25-75,resistant
7.0,2656.3349999999996,1246.0549799566215,false,dual_transit_competitor_scaled,independent_diagnostic,30k,25-75,resistant
8.0,2187.6316666666667,1756.061525624115,false,dual_transit_competitor_scaled,independent_diagnostic,30k,25-75,resistant
9.0,3209.313333333333,2294.585591756077,false,dual_transit_competitor_scaled,independent_diagnostic,30k,25-75,resistant
10.0,3193.9033333333336,2711.887889296273,false,dual_transit_competitor_scaled,independent_diagnostic,30k,25-75,resistant
11.0,3624.1133333333332,2951.027788330296,false,dual_transit_competitor_scaled,independent_diagnostic,30k,25-75,resistant
12.0,2743.473333333334,3070.8662924949444,false,dual_transit_competitor_scaled,independent_diagnostic,30k,25-75,resistant
13.0,3918.6783333333333,3135.7382554732512,false,dual_transit_competitor_scaled,independent_diagnostic,30k,25-75,resistant
14.0,3231.2383333333332,3178.2922065311413,false,dual_transit_competitor_scaled,independent_diagnostic,30k,25-75,resistant
0.0,50.0,50.0,true,dual_transit_competitor_scaled,independent_diagnostic,30k,50-50,sensitive
1.0,165.45833333333334,93.1427613002731,false,dual_transit_competitor_scaled,independent_diagnostic,30k,50-50,sensitive
2.0,282.01500000000004,170.6703746291725,false,dual_transit_competitor_scaled,independent_diagnostic,30k,50-50,sensitive
3.0,432.8383333333333,292.8180311039345,false,dual_transit_competitor_scaled,independent_diagnostic,30k,50-50,sensitive
4.0,607.8166666666667,443.44676178744095,false,dual_transit_competitor_scaled,independent_diagnostic,30k,50-50,sensitive
5.0,879.0050000000001,615.0582905046704,false,dual_transit_competitor_scaled,independent_diagnostic,30k,50-50,sensitive
6.0,947.1116666666667,799.6985443698597,false,dual_transit_competitor_scaled,independent_diagnostic,30k,50-50,sensitive
7.0,1412.7849999999999,982.8906467244757,false,dual_transit_competitor_scaled,independent_diagnostic,30k,50-50,sensitive
8.0,1018.185,1144.4294266801971,false,dual_transit_competitor_scaled,independent_diagnostic,30k,50-50,sensitive
9.0,1172.4866666666667,1264.2064959635939,false,dual_transit_competitor_scaled,independent_diagnostic,30k,50-50,sensitive
10.0,1294.5683333333334,1331.658249898662,false,dual_transit_competitor_scaled,independent_diagnostic,30k,50-50,sensitive
11.0,1082.5033333333333,1351.2489060928954,false,dual_transit_competitor_scaled,independent_diagnostic,30k,50-50,sensitive
12.0,1456.9150000000002,1336.6655586213365,false,dual_transit_competitor_scaled,independent_diagnostic,30k,50-50,sensitive
13.0,1700.3266666666666,1301.0072853898566,false,dual_transit_competitor_scaled,independent_diagnostic,30k,50-50,sensitive
14.0,1370.07,1253.0181061597502,false,dual_transit_competitor_scaled,independent_diagnostic,30k,50-50,sensitive
0.0,50.0,50.0,true,dual_transit_competitor_scaled,independent_diagnostic,30k,50-50,resistant
1.0,53.36166666666666,75.11142851519685,false,dual_transit_competitor_scaled,independent_diagnostic,30k,50-50,resistant
2.0,85.83833333333332,112.82276769604478,false,dual_transit_competitor_scaled,independent_diagnostic,30k,50-50,resistant
3.0,136.93666666666667,169.39697317814708,false,dual_transit_competitor_scaled,independent_diagnostic,30k,50-50,resistant
4.0,278.0416666666667,254.0736045836994,false,dual_transit_competitor_scaled,independent_diagnostic,30k,50-50,resistant
5.0,439.5783333333333,380.1021397878931,false,dual_transit_competitor_scaled,independent_diagnostic,30k,50-50,resistant
6.0,738.2216666666667,565.192121265096,false,dual_transit_competitor_scaled,independent_diagnostic,30k,50-50,resistant
7.0,1333.6733333333334,829.0504790319794,false,dual_transit_competitor_scaled,independent_diagnostic,30k,50-50,resistant
8.0,1333.7316666666666,1182.5341026477035,false,dual_transit_competitor_scaled,independent_diagnostic,30k,50-50,resistant
9.0,2235.375,1603.6221134434907,false,dual_transit_competitor_scaled,independent_diagnostic,30k,50-50,resistant
10.0,2239.6666666666665,2020.0544778570516,false,dual_transit_competitor_scaled,independent_diagnostic,30k,50-50,resistant
11.0,2711.556666666667,2350.3038738842865,false,dual_transit_competitor_scaled,independent_diagnostic,30k,50-50,resistant
12.0,2136.7833333333333,2572.0611084222405,false,dual_transit_competitor_scaled,independent_diagnostic,30k,50-50,resistant
13.0,3352.3216666666667,2714.954677134695,false,dual_transit_competitor_scaled,independent_diagnostic,30k,50-50,resistant
14.0,2315.278333333333,2813.4464835320546,false,dual_transit_competitor_scaled,independent_diagnostic,30k,50-50,resistant
0.0,75.0,75.0,true,dual_transit_competitor_scaled,independent_diagnostic,30k,75-25,sensitive
1.0,218.08333333333334,139.23148031657618,false,dual_transit_competitor_scaled,independent_diagnostic,30k,75-25,sensitive
2.0,356.52833333333336,253.2093658937238,false,dual_transit_competitor_scaled,independent_diagnostic,30k,75-25,sensitive
3.0,545.945,429.05875011713255,false,dual_transit_competitor_scaled,independent_diagnostic,30k,75-25,sensitive
4.0,755.7766666666666,640.8153214033161,false,dual_transit_competitor_scaled,independent_diagnostic,30k,75-25,sensitive
5.0,1013.1566666666666,876.6275572814209,false,dual_transit_competitor_scaled,independent_diagnostic,30k,75-25,sensitive
6.0,1191.6316666666664,1126.5409414644794,false,dual_transit_competitor_scaled,independent_diagnostic,30k,75-25,sensitive
7.0,1758.6866666666667,1375.6187692310689,false,dual_transit_competitor_scaled,independent_diagnostic,30k,75-25,sensitive
8.0,1400.4566666666667,1605.004818767103,false,dual_transit_competitor_scaled,independent_diagnostic,30k,75-25,sensitive
9.0,1660.7133333333334,1795.3969713403153,false,dual_transit_competitor_scaled,independent_diagnostic,30k,75-25,sensitive
10.0,2107.1266666666666,1931.509286716535,false,dual_transit_competitor_scaled,independent_diagnostic,30k,75-25,sensitive
11.0,1744.1750000000002,2006.3859733432473,false,dual_transit_competitor_scaled,independent_diagnostic,30k,75-25,sensitive
12.0,1827.7083333333333,2023.5402562077797,false,dual_transit_competitor_scaled,independent_diagnostic,30k,75-25,sensitive
13.0,1923.9083333333335,1994.6785956292642,false,dual_transit_competitor_scaled,independent_diagnostic,30k,75-25,sensitive
14.0,1647.07,1934.0632613657938,false,dual_transit_competitor_scaled,independent_diagnostic,30k,75-25,sensitive
0.0,25.0,25.0,true,dual_transit_competitor_scaled,independent_diagnostic,30k,75-25,resistant
1.0,28.45,37.55541803280318,false,dual_transit_competitor_scaled,independent_diagnostic,30k,75-25,resistant
2.0,45.685,56.4074294371775,false,dual_transit_competitor_scaled,independent_diagnostic,30k,75-25,resistant
3.0,72.71833333333332,84.66832072976314,false,dual_transit_competitor_scaled,independent_diagnostic,30k,75-25,resistant
4.0,127.53333333333332,126.91317955948146,false,dual_transit_competitor_scaled,independent_diagnostic,30k,75-25,resistant
5.0,211.36,189.69978892446898,false,dual_transit_competitor_scaled,independent_diagnostic,30k,75-25,resistant
6.0,311.8583333333333,281.97940682143945,false,dual_transit_competitor_scaled,independent_diagnostic,30k,75-25,resistant
7.0,585.2883333333333,414.93122151093803,false,dual_transit_competitor_scaled,independent_diagnostic,30k,75-25,resistant
8.0,720.1316666666667,600.2198140703923,false,dual_transit_competitor_scaled,independent_diagnostic,30k,75-25,resistant
9.0,1168.5216666666668,845.1850430585125,false,dual_transit_competitor_scaled,independent_diagnostic,30k,75-25,resistant
10.0,1358.1716666666664,1144.339389723335,false,dual_transit_competitor_scaled,independent_diagnostic,30k,75-25,resistant
11.0,1719.3033333333333,1471.7351170716665,false,dual_transit_competitor_scaled,independent_diagnostic,30k,75-25,resistant
12.0,1458.7166666666665,1786.2760115214537,false,dual_transit_competitor_scaled,independent_diagnostic,30k,75-25,resistant
13.0,2386.6633333333334,2053.822731922144,false,dual_transit_competitor_scaled,independent_diagnostic,30k,75-25,resistant
14.0,1738.6666666666667,2264.2988100783023,false,dual_transit_competitor_scaled,independent_diagnostic,30k,75-25,resistant
0.0,16.75,16.75,true,dual_transit_damage,independent_diagnostic,20k,25-75,sensitive
1.0,99.62333333333333,32.99866786477208,false,dual_transit_damage,independent_diagnostic,20k,25-75,sensitive
2.0,151.64666666666665,64.44550456096637,false,dual_transit_damage,independent_diagnostic,20k,25-75,sensitive
3.0,256.715,123.96577922226518,false,dual_transit_damage,independent_diagnostic,20k,25-75,sensitive
4.0,308.39166666666665,224.67234724531292,false,dual_transit_damage,independent_diagnostic,20k,25-75,sensitive
5.0,458.41,337.7002052327568,false,dual_transit_damage,independent_diagnostic,20k,25-75,sensitive
6.0,443.1983333333333,452.4396976924869,false,dual_transit_damage,independent_diagnostic,20k,25-75,sensitive
7.0,684.745,563.5671373593361,false,dual_transit_damage,independent_diagnostic,20k,25-75,sensitive
8.0,381.4466666666667,660.3803098717319,false,dual_transit_damage,independent_diagnostic,20k,25-75,sensitive
9.0,434.4266666666667,728.8093683092136,false,dual_transit_damage,independent_diagnostic,20k,25-75,sensitive
10.0,381.8066666666667,758.150220982025,false,dual_transit_damage,independent_diagnostic,20k,25-75,sensitive
11.0,827.9266666666667,749.381823613707,false,dual_transit_damage,independent_diagnostic,20k,25-75,sensitive
12.0,564.2466666666667,714.2131754807474,false,dual_transit_damage,independent_diagnostic,20k,25-75,sensitive
13.0,1105.2716666666665,665.2486795894156,false,dual_transit_damage,independent_diagnostic,20k,25-75,sensitive
14.0,404.80333333333334,610.7897443849421,false,dual_transit_damage,independent_diagnostic,20k,25-75,sensitive
0.0,50.25,50.25,true,dual_transit_damage,independent_diagnostic,20k,25-75,resistant
1.0,88.58666666666666,75.4884858475571,false,dual_transit_damage,independent_diagnostic,20k,25-75,resistant
2.0,143.335,113.40114241350548,false,dual_transit_damage,independent_diagnostic,20k,25-75,resistant
3.0,247.62666666666667,170.33959262471723,false,dual_transit_damage,independent_diagnostic,20k,25-75,resistant
4.0,494.3083333333334,255.76846511605015,false,dual_transit_damage,independent_diagnostic,20k,25-75,resistant
5.0,903.3716666666666,383.67140539296037,false,dual_transit_damage,independent_diagnostic,20k,25-75,resistant
6.0,1360.0966666666666,574.1075819943349,false,dual_transit_damage,independent_diagnostic,20k,25-75,resistant
7.0,2438.3766666666666,853.5025075990237,false,dual_transit_damage,independent_diagnostic,20k,25-75,resistant
8.0,1945.3233333333335,1248.257262059154,false,dual_transit_damage,independent_diagnostic,20k,25-75,resistant
9.0,3250.286666666667,1757.7812696967953,false,dual_transit_damage,independent_diagnostic,20k,25-75,resistant
10.0,3135.64,2303.340178551999,false,dual_transit_damage,independent_diagnostic,20k,25-75,resistant
11.0,3987.5866666666666,2740.9608298153253,false,dual_transit_damage,independent_diagnostic,20k,25-75,resistant
12.0,2308.2483333333334,3005.3164497205385,false,dual_transit_damage,independent_diagnostic,20k,25-75,resistant
13.0,3826.773333333333,3145.94734832277,false,dual_transit_damage,independent_diagnostic,20k,25-75,resistant
14.0,2159.3716666666664,3225.7565935773646,false,dual_transit_damage,independent_diagnostic,20k,25-75,resistant
0.0,33.5,33.5,true,dual_transit_damage,independent_diagnostic,20k,50-50,sensitive
1.0,154.28,65.81333485605695,false,dual_transit_damage,independent_diagnostic,20k,50-50,sensitive
2.0,285.20666666666665,127.69885612373153,false,dual_transit_damage,independent_diagnostic,20k,50-50,sensitive
3.0,425.075,242.27338392917363,false,dual_transit_damage,independent_diagnostic,20k,50-50,sensitive
4.0,562.615,428.5641530155724,false,dual_transit_damage,independent_diagnostic,20k,50-50,sensitive
5.0,850.4516666666667,627.7507431286842,false,dual_transit_damage,independent_diagnostic,20k,50-50,sensitive
6.0,932.2550000000001,819.6519086373892,false,dual_transit_damage,independent_diagnostic,20k,50-50,sensitive
7.0,1392.045,997.0712675182573,false,dual_transit_damage,independent_diagnostic,20k,50-50,sensitive
8.0,999.73,1147.7982382643788,false,dual_transit_damage,independent_diagnostic,20k,50-50,sensitive
9.0,1287.6316666666664,1256.9492736028628,false,dual_transit_damage,independent_diagnostic,20k,50-50,sensitive
10.0,1285.185,1311.876127579403,false,dual_transit_damage,independent_diagnostic,20k,50-50,sensitive
11.0,1589.9216666666669,1308.959598042762,false,dual_transit_damage,independent_diagnostic,20k,50-50,sensitive
12.0,1183.66,1257.6287108525626,false,dual_transit_damage,independent_diagnostic,20k,50-50,sensitive
13.0,1283.0133333333333,1175.4489614145348,false,dual_transit_damage,independent_diagnostic,20k,50-50,sensitive
14.0,1010.3066666666667,1078.7535534390227,false,dual_transit_damage,independent_diagnostic,20k,50-50,sensitive
0.0,33.5,33.5,true,dual_transit_damage,independent_diagnostic,20k,50-50,resistant
1.0,51.281666666666666,50.325584522697206,false,dual_transit_damage,independent_diagnostic,20k,50-50,resistant
2.0,89.81333333333333,75.59961661633093,false,dual_transit_damage,independent_diagnostic,20k,50-50,resistant
3.0,141.95833333333334,113.54644735442056,false,dual_transit_damage,independent_diagnostic,20k,50-50,resistant
4.0,269.67333333333335,170.40143193027146,false,dual_transit_damage,independent_diagnostic,20k,50-50,resistant
5.0,503.14333333333326,255.32268214240125,false,dual_transit_damage,independent_diagnostic,20k,50-50,resistant
6.0,640.2366666666667,381.3873979688378,false,dual_transit_damage,independent_diagnostic,20k,50-50,resistant
7.0,1228.7583333333334,566.0971787540589,false,dual_transit_damage,independent_diagnostic,20k,50-50,resistant
8.0,1159.7433333333333,829.6731569242589,false,dual_transit_damage,independent_diagnostic,20k,50-50,resistant
9.0,2141.5383333333334,1186.5670087262988,false,dual_transit_damage,independent_diagnostic,20k,50-50,resistant
10.0,2331.901666666666,1624.2594723357017,false,dual_transit_damage,independent_diagnostic,20k,50-50,resistant
11.0,3319.126666666667,2079.69070655286,false,dual_transit_damage,independent_diagnostic,20k,50-50,resistant
12.0,1939.1216666666667,2462.710373857857,false,dual_transit_damage,independent_diagnostic,20k,50-50,resistant
13.0,3037.8416666666667,2730.341621991413,false,dual_transit_damage,independent_diagnostic,20k,50-50,resistant
14.0,1923.26,2903.4718361414457,false,dual_transit_damage,independent_diagnostic,20k,50-50,resistant
0.0,50.25,50.25,true,dual_transit_damage,independent_diagnostic,20k,75-25,sensitive
1.0,216.94833333333335,98.4461458595596,false,dual_transit_damage,independent_diagnostic,20k,75-25,sensitive
2.0,395.03833333333336,189.80189513547742,false,dual_transit_damage,independent_diagnostic,20k,75-25,sensitive
3.0,575.9033333333333,355.37629598932557,false,dual_transit_damage,independent_diagnostic,20k,75-25,sensitive
4.0,750.965,614.8691275843091,false,dual_transit_damage,independent_diagnostic,20k,75-25,sensitive
5.0,1098.7666666666667,881.2795385603475,false,dual_transit_damage,independent_diagnostic,20k,75-25,sensitive
6.0,1222.9466666666665,1128.445977267493,false,dual_transit_damage,independent_diagnostic,20k,75-25,sensitive
7.0,1636.885,1351.6492308723305,false,dual_transit_damage,independent_diagnostic,20k,75-25,sensitive
8.0,1417.09,1543.0438931427386,false,dual_transit_damage,independent_diagnostic,20k,75-25,sensitive
9.0,1830.3733333333337,1693.1382843770698,false,dual_transit_damage,independent_diagnostic,20k,75-25,sensitive
10.0,2137.61,1792.5673005435815,false,dual_transit_damage,independent_diagnostic,20k,75-25,sensitive
11.0,2132.978333333333,1834.152888956351,false,dual_transit_damage,independent_diagnostic,20k,75-25,sensitive
12.0,1500.195,1815.794856352853,false,dual_transit_damage,independent_diagnostic,20k,75-25,sensitive
13.0,1762.6516666666669,1743.50336098367,false,dual_transit_damage,independent_diagnostic,20k,75-25,sensitive
14.0,1454.5266666666666,1631.497589652716,false,dual_transit_damage,independent_diagnostic,20k,75-25,sensitive
0.0,16.75,16.75,true,dual_transit_damage,independent_diagnostic,20k,75-25,resistant
1.0,26.93166666666667,25.16274957901717,false,dual_transit_damage,independent_diagnostic,20k,75-25,resistant
2.0,42.105,37.799072384806784,false,dual_transit_damage,independent_diagnostic,20k,75-25,resistant
3.0,64.44166666666668,56.76413989070418,false,dual_transit_damage,independent_diagnostic,20k,75-25,resistant
4.0,128.0016666666667,85.12604754790205,false,dual_transit_damage,independent_diagnostic,20k,75-25,resistant
5.0,186.15166666666664,127.39104807582112,false,dual_transit_damage,independent_diagnostic,20k,75-25,resistant
6.0,262.3983333333333,190.0462213332931,false,dual_transit_damage,independent_diagnostic,20k,75-25,resistant
7.0,430.875,282.08961247875277,false,dual_transit_damage,independent_diagnostic,20k,75-25,resistant
8.0,525.69,415.3977580216555,false,dual_transit_damage,independent_diagnostic,20k,75-25,resistant
9.0,900.48,604.1684659584556,false,dual_transit_damage,independent_diagnostic,20k,75-25,resistant
10.0,1261.5033333333333,861.8402668234646,false,dual_transit_damage,independent_diagnostic,20k,75-25,resistant
11.0,1896.801666666667,1192.8789950545774,false,dual_transit_damage,independent_diagnostic,20k,75-25,resistant
12.0,1271.0700000000004,1579.009763914317,false,dual_transit_damage,independent_diagnostic,20k,75-25,resistant
13.0,2274.6516666666666,1971.592130278622,false,dual_transit_damage,independent_diagnostic,20k,75-25,resistant
14.0,1507.9783333333335,2312.590231252681,false,dual_transit_damage,independent_diagnostic,20k,75-25,resistant
0.0,25.0,25.0,true,dual_transit_damage,independent_diagnostic,30k,25-75,sensitive
1.0,92.28666666666668,46.73397534273243,false,dual_transit_damage,independent_diagnostic,30k,25-75,sensitive
2.0,166.93666666666667,86.2963017552646,false,dual_transit_damage,independent_diagnostic,30k,25-75,sensitive
3.0,254.01833333333335,149.74424424455572,false,dual_transit_damage,independent_diagnostic,30k,25-75,sensitive
4.0,304.3333333333333,228.77220237251893,false,dual_transit_damage,independent_diagnostic,30k,25-75,sensitive
5.0,467.26833333333326,322.24878736182575,false,dual_transit_damage,independent_diagnostic,30k,25-75,sensitive
6.0,478.9883333333334,426.43165473356146,false,dual_transit_damage,independent_diagnostic,30k,25-75,sensitive
7.0,644.6283333333333,531.5530807572381,false,dual_transit_damage,independent_diagnostic,30k,25-75,sensitive
8.0,433.00666666666666,622.2889506223593,false,dual_transit_damage,independent_diagnostic,30k,25-75,sensitive
9.0,360.13166666666666,684.0520346301078,false,dual_transit_damage,independent_diagnostic,30k,25-75,sensitive
10.0,420.3900000000001,712.9318890917903,false,dual_transit_damage,independent_diagnostic,30k,25-75,sensitive
11.0,492.47499999999997,716.4795827473355,false,dual_transit_damage,independent_diagnostic,30k,25-75,sensitive
12.0,788.84,704.2175635335668,false,dual_transit_damage,independent_diagnostic,30k,25-75,sensitive
13.0,1077.7166666666667,682.4253200814258,false,dual_transit_damage,independent_diagnostic,30k,25-75,sensitive
14.0,921.545,654.7157462867982,false,dual_transit_damage,independent_diagnostic,30k,25-75,sensitive
0.0,75.0,75.0,true,dual_transit_damage,independent_diagnostic,30k,25-75,resistant
1.0,87.41333333333334,112.66787977610487,false,dual_transit_damage,independent_diagnostic,30k,25-75,resistant
2.0,146.07000000000002,169.24342114183517,false,dual_transit_damage,independent_diagnostic,30k,25-75,resistant
3.0,261.51,254.1672418202393,false,dual_transit_damage,independent_diagnostic,30k,25-75,resistant
4.0,490.7949999999999,381.4428021236514,false,dual_transit_damage,independent_diagnostic,30k,25-75,resistant
5.0,872.2133333333333,571.2907273479074,false,dual_transit_damage,independent_diagnostic,30k,25-75,resistant
6.0,1398.1966666666667,850.6467591392378,false,dual_transit_damage,independent_diagnostic,30k,25-75,resistant
7.0,2656.3349999999996,1246.712275660348,false,dual_transit_damage,independent_diagnostic,30k,25-75,resistant
8.0,2187.6316666666667,1758.3036415042332,false,dual_transit_damage,independent_diagnostic,30k,25-75,resistant
9.0,3209.313333333333,2301.282157452596,false,dual_transit_damage,independent_diagnostic,30k,25-75,resistant
10.0,3193.9033333333336,2726.7045996445217,false,dual_transit_damage,independent_diagnostic,30k,25-75,resistant
11.0,3624.1133333333332,2975.272183964438,false,dual_transit_damage,independent_diagnostic,30k,25-75,resistant
12.0,2743.473333333334,3103.5700271591536,false,dual_transit_damage,independent_diagnostic,30k,25-75,resistant
13.0,3918.6783333333333,3175.436319842204,false,dual_transit_damage,independent_diagnostic,30k,25-75,resistant
14.0,3231.2383333333332,3223.676203975255,false,dual_transit_damage,independent_diagnostic,30k,25-75,resistant
0.0,50.0,50.0,true,dual_transit_damage,independent_diagnostic,30k,50-50,sensitive
1.0,165.45833333333334,93.1427613002731,false,dual_transit_damage,independent_diagnostic,30k,50-50,sensitive
2.0,282.01500000000004,170.67037503504824,false,dual_transit_damage,independent_diagnostic,30k,50-50,sensitive
3.0,432.8383333333333,292.34452310929976,false,dual_transit_damage,independent_diagnostic,30k,50-50,sensitive
4.0,607.8166666666667,440.20179946956546,false,dual_transit_damage,independent_diagnostic,30k,50-50,sensitive
5.0,879.0050000000001,610.4975886262773,false,dual_transit_damage,independent_diagnostic,30k,50-50,sensitive
6.0,947.1116666666667,795.9941872382101,false,dual_transit_damage,independent_diagnostic,30k,50-50,sensitive
7.0,1412.7849999999999,981.7417409292805,false,dual_transit_damage,independent_diagnostic,30k,50-50,sensitive
8.0,1018.185,1146.5719252120853,false,dual_transit_damage,independent_diagnostic,30k,50-50,sensitive
9.0,1172.4866666666667,1269.3467991517227,false,dual_transit_damage,independent_diagnostic,30k,50-50,sensitive
10.0,1294.5683333333334,1338.730505690342,false,dual_transit_damage,independent_diagnostic,30k,50-50,sensitive
11.0,1082.5033333333333,1358.6821507805253,false,dual_transit_damage,independent_diagnostic,30k,50-50,sensitive
12.0,1456.9150000000002,1342.6153407724173,false,dual_transit_damage,independent_diagnostic,30k,50-50,sensitive
13.0,1700.3266666666666,1303.649065725103,false,dual_transit_damage,independent_diagnostic,30k,50-50,sensitive
14.0,1370.07,1250.7891966274092,false,dual_transit_damage,independent_diagnostic,30k,50-50,sensitive
0.0,50.0,50.0,true,dual_transit_damage,independent_diagnostic,30k,50-50,resistant
1.0,53.36166666666666,75.11142851519685,false,dual_transit_damage,independent_diagnostic,30k,50-50,resistant
2.0,85.83833333333332,112.82276772464584,false,dual_transit_damage,independent_diagnostic,30k,50-50,resistant
3.0,136.93666666666667,169.39805942035878,false,dual_transit_damage,independent_diagnostic,30k,50-50,resistant
4.0,278.0416666666667,254.0906956795013,false,dual_transit_damage,independent_diagnostic,30k,50-50,resistant
5.0,439.5783333333333,380.17212271866595,false,dual_transit_damage,independent_diagnostic,30k,50-50,resistant
6.0,738.2216666666667,565.3879920806935,false,dual_transit_damage,independent_diagnostic,30k,50-50,resistant
7.0,1333.6733333333334,829.50199400791,false,dual_transit_damage,independent_diagnostic,30k,50-50,resistant
8.0,1333.7316666666666,1183.5576085024961,false,dual_transit_damage,independent_diagnostic,30k,50-50,resistant
9.0,2235.375,1606.3432444232928,false,dual_transit_damage,independent_diagnostic,30k,50-50,resistant
10.0,2239.6666666666665,2027.4437339774365,false,dual_transit_damage,independent_diagnostic,30k,50-50,resistant
11.0,2711.556666666667,2366.4259532204615,false,dual_transit_damage,independent_diagnostic,30k,50-50,resistant
12.0,2136.7833333333333,2599.3323383120387,false,dual_transit_damage,independent_diagnostic,30k,50-50,resistant
13.0,3352.3216666666667,2753.3814350791263,false,dual_transit_damage,independent_diagnostic,30k,50-50,resistant
14.0,2315.278333333333,2861.800858458645,false,dual_transit_damage,independent_diagnostic,30k,50-50,resistant
0.0,75.0,75.0,true,dual_transit_damage,independent_diagnostic,30k,75-25,sensitive
1.0,218.08333333333334,139.23148031657618,false,dual_transit_damage,independent_diagnostic,30k,75-25,sensitive
2.0,356.52833333333336,253.209366466972,false,dual_transit_damage,independent_diagnostic,30k,75-25,sensitive
3.0,545.945,428.46209199580966,false,dual_transit_damage,independent_diagnostic,30k,75-25,sensitive
4.0,755.7766666666666,636.8865650678423,false,dual_transit_damage,independent_diagnostic,30k,75-25,sensitive
5.0,1013.1566666666666,872.0780064242524,false,dual_transit_damage,independent_diagnostic,30k,75-25,sensitive
6.0,1191.6316666666664,1125.021112353297,false,dual_transit_damage,independent_diagnostic,30k,75-25,sensitive
7.0,1758.6866666666667,1380.0751874003258,false,dual_transit_damage,independent_diagnostic,30k,75-25,sensitive
8.0,1400.4566666666667,1617.1006502705554,false,dual_transit_damage,independent_diagnostic,30k,75-25,sensitive
9.0,1660.7133333333334,1815.4714959816738,false,dual_transit_damage,independent_diagnostic,30k,75-25,sensitive
10.0,2107.1266666666666,1958.9330081521157,false,dual_transit_damage,independent_diagnostic,30k,75-25,sensitive
11.0,1744.1750000000002,2039.9519286720847,false,dual_transit_damage,independent_diagnostic,30k,75-25,sensitive
12.0,1827.7083333333333,2061.5737325512023,false,dual_transit_damage,independent_diagnostic,30k,75-25,sensitive
13.0,1923.9083333333335,2034.9859887274138,false,dual_transit_damage,independent_diagnostic,30k,75-25,sensitive
14.0,1647.07,1974.0760105093505,false,dual_transit_damage,independent_diagnostic,30k,75-25,sensitive
0.0,25.0,25.0,true,dual_transit_damage,independent_diagnostic,30k,75-25,resistant
1.0,28.45,37.55541803280318,false,dual_transit_damage,independent_diagnostic,30k,75-25,resistant
2.0,45.685,56.40742945139407,false,dual_transit_damage,independent_diagnostic,30k,75-25,resistant
3.0,72.71833333333332,84.66931933408416,false,dual_transit_damage,independent_diagnostic,30k,75-25,resistant
4.0,127.53333333333332,126.92757183559863,false,dual_transit_damage,independent_diagnostic,30k,75-25,resistant
5.0,211.36,189.74955427266656,false,dual_transit_damage,independent_diagnostic,30k,75-25,resistant
6.0,311.8583333333333,282.08026051639075,false,dual_transit_damage,independent_diagnostic,30k,75-25,resistant
7.0,585.2883333333333,415.02606247299343,false,dual_transit_damage,independent_diagnostic,30k,75-25,resistant
8.0,720.1316666666667,600.0380623634231,false,dual_transit_damage,independent_diagnostic,30k,75-25,resistant
9.0,1168.5216666666668,844.1492704273084,false,dual_transit_damage,independent_diagnostic,30k,75-25,resistant
10.0,1358.1716666666664,1141.9482159696556,false,dual_transit_damage,independent_diagnostic,30k,75-25,resistant
11.0,1719.3033333333333,1468.8028906126822,false,dual_transit_damage,independent_diagnostic,30k,75-25,resistant
12.0,1458.7166666666665,1786.0411957944004,false,dual_transit_damage,independent_diagnostic,30k,75-25,resistant
13.0,2386.6633333333334,2060.9137071780656,false,dual_transit_damage,independent_diagnostic,30k,75-25,resistant
14.0,1738.6666666666667,2282.2564243949682,false,dual_transit_damage,independent_diagnostic,30k,75-25,resistant
0.0,16.75,16.75,true,dual_transit_load_scaled,independent_diagnostic,20k,25-75,sensitive
1.0,99.62333333333333,32.998667876001406,false,dual_transit_load_scaled,independent_diagnostic,20k,25-75,sensitive
2.0,151.64666666666665,64.44550444916035,false,dual_transit_load_scaled,independent_diagnostic,20k,25-75,sensitive
3.0,256.715,123.96577958745652,false,dual_transit_load_scaled,independent_diagnostic,20k,25-75,sensitive
4.0,308.39166666666665,226.48612572206196,false,dual_transit_load_scaled,independent_diagnostic,20k,25-75,sensitive
5.0,458.41,342.9627130846319,false,dual_transit_load_scaled,independent_diagnostic,20k,25-75,sensitive
6.0,443.1983333333333,457.2190193629841,false,dual_transit_load_scaled,independent_diagnostic,20k,25-75,sensitive
7.0,684.745,564.7407975706491,false,dual_transit_load_scaled,independent_diagnostic,20k,25-75,sensitive
8.0,381.4466666666667,656.8236650353185,false,dual_transit_load_scaled,independent_diagnostic,20k,25-75,sensitive
9.0,434.4266666666667,721.550581940452,false,dual_transit_load_scaled,independent_diagnostic,20k,25-75,sensitive
10.0,381.8066666666667,749.7418914313293,false,dual_transit_load_scaled,independent_diagnostic,20k,25-75,sensitive
11.0,827.9266666666667,742.7549496566426,false,dual_transit_load_scaled,independent_diagnostic,20k,25-75,sensitive
12.0,564.2466666666667,711.7906353919997,false,dual_transit_load_scaled,independent_diagnostic,20k,25-75,sensitive
13.0,1105.2716666666665,668.5834191617151,false,dual_transit_load_scaled,independent_diagnostic,20k,25-75,sensitive
14.0,404.80333333333334,620.5671905110946,false,dual_transit_load_scaled,independent_diagnostic,20k,25-75,sensitive
0.0,50.25,50.25,true,dual_transit_load_scaled,independent_diagnostic,20k,25-75,resistant
1.0,88.58666666666666,75.48848584802613,false,dual_transit_load_scaled,independent_diagnostic,20k,25-75,resistant
2.0,143.335,113.40114239392045,false,dual_transit_load_scaled,independent_diagnostic,20k,25-75,resistant
3.0,247.62666666666667,170.33959267945002,false,dual_transit_load_scaled,independent_diagnostic,20k,25-75,resistant
4.0,494.3083333333334,255.7653605332364,false,dual_transit_load_scaled,independent_diagnostic,20k,25-75,resistant
5.0,903.3716666666666,383.64490083387415,false,dual_transit_load_scaled,independent_diagnostic,20k,25-75,resistant
6.0,1360.0966666666666,574.0348316704024,false,dual_transit_load_scaled,independent_diagnostic,20k,25-75,resistant
7.0,2438.3766666666666,853.4108011669741,false,dual_transit_load_scaled,independent_diagnostic,20k,25-75,resistant
8.0,1945.3233333333335,1248.3742529109006,false,dual_transit_load_scaled,independent_diagnostic,20k,25-75,resistant
9.0,3250.286666666667,1758.5218744023691,false,dual_transit_load_scaled,independent_diagnostic,20k,25-75,resistant
10.0,3135.64,2303.9842931115872,false,dual_transit_load_scaled,independent_diagnostic,20k,25-75,resistant
11.0,3987.5866666666666,2738.0197740009617,false,dual_transit_load_scaled,independent_diagnostic,20k,25-75,resistant
12.0,2308.2483333333334,2995.4246071065545,false,dual_transit_load_scaled,independent_diagnostic,20k,25-75,resistant
13.0,3826.773333333333,3128.667825792102,false,dual_transit_load_scaled,independent_diagnostic,20k,25-75,resistant
14.0,2159.3716666666664,3202.331546483385,false,dual_transit_load_scaled,independent_diagnostic,20k,25-75,resistant
0.0,33.5,33.5,true,dual_transit_load_scaled,independent_diagnostic,20k,50-50,sensitive
1.0,154.28,65.81333488694035,false,dual_transit_load_scaled,independent_diagnostic,20k,50-50,sensitive
2.0,285.20666666666665,127.69885594606087,false,dual_transit_load_scaled,independent_diagnostic,20k,50-50,sensitive
3.0,425.075,242.27338442771335,false,dual_transit_load_scaled,independent_diagnostic,20k,50-50,sensitive
4.0,562.615,431.84994971796266,false,dual_transit_load_scaled,independent_diagnostic,20k,50-50,sensitive
5.0,850.4516666666667,637.5184581290303,false,dual_transit_load_scaled,independent_diagnostic,20k,50-50,sensitive
6.0,932.2550000000001,829.7839800809816,false,dual_transit_load_scaled,independent_diagnostic,20k,50-50,sensitive
7.0,1392.045,1003.185726646361,false,dual_transit_load_scaled,independent_diagnostic,20k,50-50,sensitive
8.0,999.73,1148.4971077562973,false,dual_transit_load_scaled,independent_diagnostic,20k,50-50,sensitive
9.0,1287.6316666666664,1253.4102286008128,false,dual_transit_load_scaled,independent_diagnostic,20k,50-50,sensitive
10.0,1285.185,1306.9330782371394,false,dual_transit_load_scaled,independent_diagnostic,20k,50-50,sensitive
11.0,1589.9216666666669,1306.0357812985542,false,dual_transit_load_scaled,independent_diagnostic,20k,50-50,sensitive
12.0,1183.66,1259.9213757213179,false,dual_transit_load_scaled,independent_diagnostic,20k,50-50,sensitive
13.0,1283.0133333333333,1185.404200323072,false,dual_transit_load_scaled,independent_diagnostic,20k,50-50,sensitive
14.0,1010.3066666666667,1097.771419401286,false,dual_transit_load_scaled,independent_diagnostic,20k,50-50,sensitive
0.0,33.5,33.5,true,dual_transit_load_scaled,independent_diagnostic,20k,50-50,resistant
1.0,51.281666666666666,50.325584523052505,false,dual_transit_load_scaled,independent_diagnostic,20k,50-50,resistant
2.0,89.81333333333333,75.5996166034796,false,dual_transit_load_scaled,independent_diagnostic,20k,50-50,resistant
3.0,141.95833333333334,113.54644738497578,false,dual_transit_load_scaled,independent_diagnostic,20k,50-50,resistant
4.0,269.67333333333335,170.39495854941916,false,dual_transit_load_scaled,independent_diagnostic,20k,50-50,resistant
5.0,503.14333333333326,255.27012053299364,false,dual_transit_load_scaled,independent_diagnostic,20k,50-50,resistant
6.0,640.2366666666667,381.236202030445,false,dual_transit_load_scaled,independent_diagnostic,20k,50-50,resistant
7.0,1228.7583333333334,565.797344506113,false,dual_transit_load_scaled,independent_diagnostic,20k,50-50,resistant
8.0,1159.7433333333333,829.1951342607358,false,dual_transit_load_scaled,independent_diagnostic,20k,50-50,resistant
9.0,2141.5383333333334,1185.7305344959136,false,dual_transit_load_scaled,independent_diagnostic,20k,50-50,resistant
10.0,2331.901666666666,1621.8470478485885,false,dual_transit_load_scaled,independent_diagnostic,20k,50-50,resistant
11.0,3319.126666666667,2072.0552584623706,false,dual_transit_load_scaled,independent_diagnostic,20k,50-50,resistant
12.0,1939.1216666666667,2444.9649450361662,false,dual_transit_load_scaled,independent_diagnostic,20k,50-50,resistant
13.0,3037.8416666666667,2700.392253839738,false,dual_transit_load_scaled,independent_diagnostic,20k,50-50,resistant
14.0,1923.26,2862.759291611945,false,dual_transit_load_scaled,independent_diagnostic,20k,50-50,resistant
0.0,50.25,50.25,true,dual_transit_load_scaled,independent_diagnostic,20k,75-25,sensitive
1.0,216.94833333333335,98.4461459171229,false,dual_transit_load_scaled,independent_diagnostic,20k,75-25,sensitive
2.0,395.03833333333336,189.80189491739958,false,dual_transit_load_scaled,independent_diagnostic,20k,75-25,sensitive
3.0,575.9033333333333,355.37629660912944,false,dual_transit_load_scaled,independent_diagnostic,20k,75-25,sensitive
4.0,750.965,619.3377174803097,false,dual_transit_load_scaled,independent_diagnostic,20k,75-25,sensitive
5.0,1098.7666666666667,894.7476858267969,false,dual_transit_load_scaled,independent_diagnostic,20k,75-25,sensitive
6.0,1222.9466666666665,1143.3633957550462,false,dual_transit_load_scaled,independent_diagnostic,20k,75-25,sensitive
7.0,1636.885,1362.7861479223543,false,dual_transit_load_scaled,independent_diagnostic,20k,75-25,sensitive
8.0,1417.09,1548.51337768337,false,dual_transit_load_scaled,independent_diagnostic,20k,75-25,sensitive
9.0,1830.3733333333337,1693.5747358980352,false,dual_transit_load_scaled,independent_diagnostic,20k,75-25,sensitive
10.0,2137.61,1790.1739863771459,false,dual_transit_load_scaled,independent_diagnostic,20k,75-25,sensitive
11.0,2132.978333333333,1831.8869435812665,false,dual_transit_load_scaled,independent_diagnostic,20k,75-25,sensitive
12.0,1500.195,1816.8225824336694,false,dual_transit_load_scaled,independent_diagnostic,20k,75-25,sensitive
13.0,1762.6516666666669,1750.874034769035,false,dual_transit_load_scaled,independent_diagnostic,20k,75-25,sensitive
14.0,1454.5266666666666,1647.8039304231029,false,dual_transit_load_scaled,independent_diagnostic,20k,75-25,sensitive
0.0,16.75,16.75,true,dual_transit_load_scaled,independent_diagnostic,20k,75-25,resistant
1.0,26.93166666666667,25.162749579225064,false,dual_transit_load_scaled,independent_diagnostic,20k,75-25,resistant
2.0,42.105,37.79907237849335,false,dual_transit_load_scaled,independent_diagnostic,20k,75-25,resistant
3.0,64.44166666666668,56.76413990306149,false,dual_transit_load_scaled,independent_diagnostic,20k,75-25,resistant
4.0,128.0016666666667,85.11934737473308,false,dual_transit_load_scaled,independent_diagnostic,20k,75-25,resistant
5.0,186.15166666666664,127.33901521813242,false,dual_transit_load_scaled,independent_diagnostic,20k,75-25,resistant
6.0,262.3983333333333,189.89729324417368,false,dual_transit_load_scaled,independent_diagnostic,20k,75-25,resistant
7.0,430.875,281.7717690913351,false,dual_transit_load_scaled,independent_diagnostic,20k,75-25,resistant
8.0,525.69,414.7953833932815,false,dual_transit_load_scaled,independent_diagnostic,20k,75-25,resistant
9.0,900.48,603.0209659203765,false,dual_transit_load_scaled,independent_diagnostic,20k,75-25,resistant
10.0,1261.5033333333333,859.411886425777,false,dual_transit_load_scaled,independent_diagnostic,20k,75-25,resistant
11.0,1896.801666666667,1187.2246810059228,false,dual_transit_load_scaled,independent_diagnostic,20k,75-25,resistant
12.0,1271.0700000000004,1566.1570157265053,false,dual_transit_load_scaled,independent_diagnostic,20k,75-25,resistant
13.0,2274.6516666666666,1946.282368803159,false,dual_transit_load_scaled,independent_diagnostic,20k,75-25,resistant
14.0,1507.9783333333335,2271.577566416125,false,dual_transit_load_scaled,independent_diagnostic,20k,75-25,resistant
0.0,25.0,25.0,true,dual_transit_load_scaled,independent_diagnostic,30k,25-75,sensitive
1.0,92.28666666666668,46.24193575081439,false,dual_transit_load_scaled,independent_diagnostic,30k,25-75,sensitive
2.0,166.93666666666667,80.64501771816606,false,dual_transit_load_scaled,independent_diagnostic,30k,25-75,sensitive
3.0,254.01833333333335,131.35438255563682,false,dual_transit_load_scaled,independent_diagnostic,30k,25-75,sensitive
4.0,304.3333333333333,200.83925567418194,false,dual_transit_load_scaled,independent_diagnostic,30k,25-75,sensitive
5.0,467.26833333333326,289.51676653985913,false,dual_transit_load_scaled,independent_diagnostic,30k,25-75,sensitive
6.0,478.9883333333334,393.5241639677797,false,dual_transit_load_scaled,independent_diagnostic,30k,25-75,sensitive
7.0,644.6283333333333,502.4478945736496,false,dual_transit_load_scaled,independent_diagnostic,30k,25-75,sensitive
8.0,433.00666666666666,599.6142289961537,false,dual_transit_load_scaled,independent_diagnostic,30k,25-75,sensitive
9.0,360.13166666666666,668.7636870371854,false,dual_transit_load_scaled,independent_diagnostic,30k,25-75,sensitive
10.0,420.3900000000001,704.7913199441925,false,dual_transit_load_scaled,independent_diagnostic,30k,25-75,sensitive
11.0,492.47499999999997,714.7683447736979,false,dual_transit_load_scaled,independent_diagnostic,30k,25-75,sensitive
12.0,788.84,708.0958124669127,false,dual_transit_load_scaled,independent_diagnostic,30k,25-75,sensitive
13.0,1077.7166666666667,691.0548748956151,false,dual_transit_load_scaled,independent_diagnostic,30k,25-75,sensitive
14.0,921.545,667.3088417464317,false,dual_transit_load_scaled,independent_diagnostic,30k,25-75,sensitive
0.0,75.0,75.0,true,dual_transit_load_scaled,independent_diagnostic,30k,25-75,resistant
1.0,87.41333333333334,112.66741232564975,false,dual_transit_load_scaled,independent_diagnostic,30k,25-75,resistant
2.0,146.07000000000002,169.23996032171385,false,dual_transit_load_scaled,independent_diagnostic,30k,25-75,resistant
3.0,261.51,254.1646464384844,false,dual_transit_load_scaled,independent_diagnostic,30k,25-75,resistant
4.0,490.7949999999999,381.46134662825733,false,dual_transit_load_scaled,independent_diagnostic,30k,25-75,resistant
5.0,872.2133333333333,571.3997816735347,false,dual_transit_load_scaled,independent_diagnostic,30k,25-75,resistant
6.0,1398.1966666666667,850.9995371101949,false,dual_transit_load_scaled,independent_diagnostic,30k,25-75,resistant
7.0,2656.3349999999996,1247.4047065301347,false,dual_transit_load_scaled,independent_diagnostic,30k,25-75,resistant
8.0,2187.6316666666667,1758.578310953155,false,dual_transit_load_scaled,independent_diagnostic,30k,25-75,resistant
9.0,3209.313333333333,2298.525888024075,false,dual_transit_load_scaled,independent_diagnostic,30k,25-75,resistant
10.0,3193.9033333333336,2718.627576231192,false,dual_transit_load_scaled,independent_diagnostic,30k,25-75,resistant
11.0,3624.1133333333332,2962.8793337172383,false,dual_transit_load_scaled,independent_diagnostic,30k,25-75,resistant
12.0,2743.473333333334,3089.0617370919044,false,dual_transit_load_scaled,independent_diagnostic,30k,25-75,resistant
13.0,3918.6783333333333,3160.2188908376597,false,dual_transit_load_scaled,independent_diagnostic,30k,25-75,resistant
14.0,3231.2383333333332,3208.409769686775,false,dual_transit_load_scaled,independent_diagnostic,30k,25-75,resistant
0.0,50.0,50.0,true,dual_transit_load_scaled,independent_diagnostic,30k,50-50,sensitive
1.0,165.45833333333334,92.17832924841807,false,dual_transit_load_scaled,independent_diagnostic,30k,50-50,sensitive
2.0,282.01500000000004,159.8085852743891,false,dual_transit_load_scaled,independent_diagnostic,30k,50-50,sensitive
3.0,432.8383333333333,257.98422652789696,false,dual_transit_load_scaled,independent_diagnostic,30k,50-50,sensitive
4.0,607.8166666666667,389.75525775921875,false,dual_transit_load_scaled,independent_diagnostic,30k,50-50,sensitive
5.0,879.0050000000001,553.849856935285,false,dual_transit_load_scaled,independent_diagnostic,30k,50-50,sensitive
6.0,947.1116666666667,741.8880954340023,false,dual_transit_load_scaled,independent_diagnostic,30k,50-50,sensitive
7.0,1412.7849999999999,936.6692196696048,false,dual_transit_load_scaled,independent_diagnostic,30k,50-50,sensitive
8.0,1018.185,1113.98777376024,false,dual_transit_load_scaled,independent_diagnostic,30k,50-50,sensitive
9.0,1172.4866666666667,1249.9136885873136,false,dual_transit_load_scaled,independent_diagnostic,30k,50-50,sensitive
10.0,1294.5683333333334,1331.568369369252,false,dual_transit_load_scaled,independent_diagnostic,30k,50-50,sensitive
11.0,1082.5033333333333,1362.4982322056142,false,dual_transit_load_scaled,independent_diagnostic,30k,50-50,sensitive
12.0,1456.9150000000002,1356.0154557329715,false,dual_transit_load_scaled,independent_diagnostic,30k,50-50,sensitive
13.0,1700.3266666666666,1325.164511467432,false,dual_transit_load_scaled,independent_diagnostic,30k,50-50,sensitive
14.0,1370.07,1278.975224759382,false,dual_transit_load_scaled,independent_diagnostic,30k,50-50,sensitive
0.0,50.0,50.0,true,dual_transit_load_scaled,independent_diagnostic,30k,50-50,resistant
1.0,53.36166666666666,75.11116275122887,false,dual_transit_load_scaled,independent_diagnostic,30k,50-50,resistant
2.0,85.83833333333332,112.82250066892115,false,dual_transit_load_scaled,independent_diagnostic,30k,50-50,resistant
3.0,136.93666666666667,169.4174034615745,false,dual_transit_load_scaled,independent_diagnostic,30k,50-50,resistant
4.0,278.0416666666667,254.1831586803269,false,dual_transit_load_scaled,independent_diagnostic,30k,50-50,resistant
5.0,439.5783333333333,380.4572537944768,false,dual_transit_load_scaled,independent_diagnostic,30k,50-50,resistant
6.0,738.2216666666667,566.0352038059972,false,dual_transit_load_scaled,independent_diagnostic,30k,50-50,resistant
7.0,1333.6733333333334,830.4299320817828,false,dual_transit_load_scaled,independent_diagnostic,30k,50-50,resistant
8.0,1333.7316666666666,1183.4590808669457,false,dual_transit_load_scaled,independent_diagnostic,30k,50-50,resistant
9.0,2235.375,1601.4880758088916,false,dual_transit_load_scaled,independent_diagnostic,30k,50-50,resistant
10.0,2239.6666666666665,2013.247107541646,false,dual_transit_load_scaled,independent_diagnostic,30k,50-50,resistant
11.0,2711.556666666667,2342.2559315513236,false,dual_transit_load_scaled,independent_diagnostic,30k,50-50,resistant
12.0,2136.7833333333333,2568.894216340994,false,dual_transit_load_scaled,independent_diagnostic,30k,50-50,resistant
13.0,3352.3216666666667,2720.60281532823,false,dual_transit_load_scaled,independent_diagnostic,30k,50-50,resistant
14.0,2315.278333333333,2828.95017368183,false,dual_transit_load_scaled,independent_diagnostic,30k,50-50,resistant
0.0,75.0,75.0,true,dual_transit_load_scaled,independent_diagnostic,30k,75-25,sensitive
1.0,218.08333333333334,137.81389261527337,false,dual_transit_load_scaled,independent_diagnostic,30k,75-25,sensitive
2.0,356.52833333333336,237.55154477951135,false,dual_transit_load_scaled,independent_diagnostic,30k,75-25,sensitive
3.0,545.945,380.26359786733224,false,dual_transit_load_scaled,independent_diagnostic,30k,75-25,sensitive
4.0,755.7766666666666,568.3058531271308,false,dual_transit_load_scaled,independent_diagnostic,30k,75-25,sensitive
5.0,1013.1566666666666,797.8941887996314,false,dual_transit_load_scaled,independent_diagnostic,30k,75-25,sensitive
6.0,1191.6316666666664,1057.1527174829669,false,dual_transit_load_scaled,independent_diagnostic,30k,75-25,sensitive
7.0,1758.6866666666667,1326.2774121604662,false,dual_transit_load_scaled,independent_diagnostic,30k,75-25,sensitive
8.0,1400.4566666666667,1580.6751091248407,false,dual_transit_load_scaled,independent_diagnostic,30k,75-25,sensitive
9.0,1660.7133333333334,1796.2882880774114,false,dual_transit_load_scaled,independent_diagnostic,30k,75-25,sensitive
10.0,2107.1266666666666,1955.2414272138826,false,dual_transit_load_scaled,independent_diagnostic,30k,75-25,sensitive
11.0,1744.1750000000002,2049.9353682921487,false,dual_transit_load_scaled,independent_diagnostic,30k,75-25,sensitive
12.0,1827.7083333333333,2083.871442851607,false,dual_transit_load_scaled,independent_diagnostic,30k,75-25,sensitive
13.0,1923.9083333333335,2068.358466312777,false,dual_transit_load_scaled,independent_diagnostic,30k,75-25,sensitive
14.0,1647.07,2017.0467187513068,false,dual_transit_load_scaled,independent_diagnostic,30k,75-25,sensitive
0.0,25.0,25.0,true,dual_transit_load_scaled,independent_diagnostic,30k,75-25,resistant
1.0,28.45,37.5553165057393,false,dual_transit_load_scaled,independent_diagnostic,30k,75-25,resistant
2.0,45.685,56.40875529966455,false,dual_transit_load_scaled,independent_diagnostic,30k,75-25,resistant
3.0,72.71833333333332,84.69367774791691,false,dual_transit_load_scaled,independent_diagnostic,30k,75-25,resistant
4.0,127.53333333333332,127.02448489977681,false,dual_transit_load_scaled,independent_diagnostic,30k,75-25,resistant
5.0,211.36,190.00790106935824,false,dual_transit_load_scaled,independent_diagnostic,30k,75-25,resistant
6.0,311.8583333333333,282.5841434415288,false,dual_transit_load_scaled,independent_diagnostic,30k,75-25,resistant
7.0,585.2883333333333,415.62383725201346,false,dual_transit_load_scaled,independent_diagnostic,30k,75-25,resistant
8.0,720.1316666666667,599.7771882629398,false,dual_transit_load_scaled,independent_diagnostic,30k,75-25,resistant
9.0,1168.5216666666668,840.4848302419134,false,dual_transit_load_scaled,independent_diagnostic,30k,75-25,resistant
10.0,1358.1716666666664,1130.5591772024386,false,dual_transit_load_scaled,independent_diagnostic,30k,75-25,resistant
11.0,1719.3033333333333,1445.3596541625193,false,dual_transit_load_scaled,independent_diagnostic,30k,75-25,resistant
12.0,1458.7166666666665,1749.4630823355806,false,dual_transit_load_scaled,independent_diagnostic,30k,75-25,resistant
13.0,2386.6633333333334,2014.4896482800498,false,dual_transit_load_scaled,independent_diagnostic,30k,75-25,resistant
14.0,1738.6666666666667,2231.0852832324167,false,dual_transit_load_scaled,independent_diagnostic,30k,75-25,resistant
0.0,16.75,16.75,true,sensitive_tolerant_transition,independent_diagnostic,20k,25-75,sensitive
1.0,99.62333333333333,32.99866384236997,false,sensitive_tolerant_transition,independent_diagnostic,20k,25-75,sensitive
2.0,151.64666666666665,64.44549668444208,false,sensitive_tolerant_transition,independent_diagnostic,20k,25-75,sensitive
3.0,256.715,123.96576461214121,false,sensitive_tolerant_transition,independent_diagnostic,20k,25-75,sensitive
4.0,308.39166666666665,232.29367064373315,false,sensitive_tolerant_transition,independent_diagnostic,20k,25-75,sensitive
5.0,458.41,411.9410612209423,false,sensitive_tolerant_transition,independent_diagnostic,20k,25-75,sensitive
6.0,443.1983333333333,550.9368935028245,false,sensitive_tolerant_transition,independent_diagnostic,20k,25-75,sensitive
7.0,684.745,586.9285886060403,false,sensitive_tolerant_transition,independent_diagnostic,20k,25-75,sensitive
8.0,381.4466666666667,604.4586580352566,false,sensitive_tolerant_transition,independent_diagnostic,20k,25-75,sensitive
9.0,434.4266666666667,657.7985667540931,false,sensitive_tolerant_transition,independent_diagnostic,20k,25-75,sensitive
10.0,381.8066666666667,723.1893765151627,false,sensitive_tolerant_transition,independent_diagnostic,20k,25-75,sensitive
11.0,827.9266666666667,765.0323693875622,false,sensitive_tolerant_transition,independent_diagnostic,20k,25-75,sensitive
12.0,564.2466666666667,777.180829143928,false,sensitive_tolerant_transition,independent_diagnostic,20k,25-75,sensitive
13.0,1105.2716666666665,768.7018673458914,false,sensitive_tolerant_transition,independent_diagnostic,20k,25-75,sensitive
14.0,404.80333333333334,747.9942958154899,false,sensitive_tolerant_transition,independent_diagnostic,20k,25-75,sensitive
0.0,50.25,50.25,true,sensitive_tolerant_transition,independent_diagnostic,20k,25-75,resistant
1.0,88.58666666666666,75.48848583913131,false,sensitive_tolerant_transition,independent_diagnostic,20k,25-75,resistant
2.0,143.335,113.4011423868372,false,sensitive_tolerant_transition,independent_diagnostic,20k,25-75,resistant
3.0,247.62666666666667,170.33959261558027,false,sensitive_tolerant_transition,independent_diagnostic,20k,25-75,resistant
4.0,494.3083333333334,255.7553331629003,false,sensitive_tolerant_transition,independent_diagnostic,20k,25-75,resistant
5.0,903.3716666666666,383.20993928899134,false,sensitive_tolerant_transition,independent_diagnostic,20k,25-75,resistant
6.0,1360.0966666666666,570.3262063873924,false,sensitive_tolerant_transition,independent_diagnostic,20k,25-75,resistant
7.0,2438.3766666666666,838.8525028880442,false,sensitive_tolerant_transition,independent_diagnostic,20k,25-75,resistant
8.0,1945.3233333333335,1208.4686944734885,false,sensitive_tolerant_transition,independent_diagnostic,20k,25-75,resistant
9.0,3250.286666666667,1664.0729366476207,false,sensitive_tolerant_transition,independent_diagnostic,20k,25-75,resistant
10.0,3135.64,2107.365718633179,false,sensitive_tolerant_transition,independent_diagnostic,20k,25-75,resistant
11.0,3987.5866666666666,2412.5007011975404,false,sensitive_tolerant_transition,independent_diagnostic,20k,25-75,resistant
12.0,2308.2483333333334,2566.669475780993,false,sensitive_tolerant_transition,independent_diagnostic,20k,25-75,resistant
13.0,3826.773333333333,2637.613754361534,false,sensitive_tolerant_transition,independent_diagnostic,20k,25-75,resistant
14.0,2159.3716666666664,2678.4573364732737,false,sensitive_tolerant_transition,independent_diagnostic,20k,25-75,resistant
0.0,33.5,33.5,true,sensitive_tolerant_transition,independent_diagnostic,20k,50-50,sensitive
1.0,154.28,65.81332696384032,false,sensitive_tolerant_transition,independent_diagnostic,20k,50-50,sensitive
2.0,285.20666666666665,127.69884096106772,false,sensitive_tolerant_transition,independent_diagnostic,20k,50-50,sensitive
3.0,425.075,242.27335667942296,false,sensitive_tolerant_transition,independent_diagnostic,20k,50-50,sensitive
4.0,562.615,441.95507059472004,false,sensitive_tolerant_transition,independent_diagnostic,20k,50-50,sensitive
5.0,850.4516666666667,747.7893330543092,false,sensitive_tolerant_transition,independent_diagnostic,20k,50-50,sensitive
6.0,932.2550000000001,939.4657775692099,false,sensitive_tolerant_transition,independent_diagnostic,20k,50-50,sensitive
7.0,1392.045,948.1047791912393,false,sensitive_tolerant_transition,independent_diagnostic,20k,50-50,sensitive
8.0,999.73,943.7911383934813,false,sensitive_tolerant_transition,independent_diagnostic,20k,50-50,sensitive
9.0,1287.6316666666664,1010.4638889246684,false,sensitive_tolerant_transition,independent_diagnostic,20k,50-50,sensitive
10.0,1285.185,1104.1972011482314,false,sensitive_tolerant_transition,independent_diagnostic,20k,50-50,sensitive
11.0,1589.9216666666669,1162.164371687891,false,sensitive_tolerant_transition,independent_diagnostic,20k,50-50,sensitive
12.0,1183.66,1168.555952063666,false,sensitive_tolerant_transition,independent_diagnostic,20k,50-50,sensitive
13.0,1283.0133333333333,1138.2965278544837,false,sensitive_tolerant_transition,independent_diagnostic,20k,50-50,sensitive
14.0,1010.3066666666667,1088.4749694633172,false,sensitive_tolerant_transition,independent_diagnostic,20k,50-50,sensitive
0.0,33.5,33.5,true,sensitive_tolerant_transition,independent_diagnostic,20k,50-50,resistant
1.0,51.281666666666666,50.325584517252935,false,sensitive_tolerant_transition,independent_diagnostic,20k,50-50,resistant
2.0,89.81333333333333,75.59961659987809,false,sensitive_tolerant_transition,independent_diagnostic,20k,50-50,resistant
3.0,141.95833333333334,113.5464473543996,false,sensitive_tolerant_transition,independent_diagnostic,20k,50-50,resistant
4.0,269.67333333333335,170.37366227259196,false,sensitive_tolerant_transition,independent_diagnostic,20k,50-50,resistant
5.0,503.14333333333326,254.42239368695837,false,sensitive_tolerant_transition,independent_diagnostic,20k,50-50,resistant
6.0,640.2366666666667,375.07695564570264,false,sensitive_tolerant_transition,independent_diagnostic,20k,50-50,resistant
7.0,1228.7583333333334,545.9017565601707,false,sensitive_tolerant_transition,independent_diagnostic,20k,50-50,resistant
8.0,1159.7433333333333,783.8576409038978,false,sensitive_tolerant_transition,independent_diagnostic,20k,50-50,resistant
9.0,2141.5383333333334,1092.5718642583186,false,sensitive_tolerant_transition,independent_diagnostic,20k,50-50,resistant
10.0,2331.901666666666,1435.171393909815,false,sensitive_tolerant_transition,independent_diagnostic,20k,50-50,resistant
11.0,3319.126666666667,1737.3516974251124,false,sensitive_tolerant_transition,independent_diagnostic,20k,50-50,resistant
12.0,1939.1216666666667,1952.7501975223759,false,sensitive_tolerant_transition,independent_diagnostic,20k,50-50,resistant
13.0,3037.8416666666667,2094.8693241104233,false,sensitive_tolerant_transition,independent_diagnostic,20k,50-50,resistant
14.0,1923.26,2197.275327226784,false,sensitive_tolerant_transition,independent_diagnostic,20k,50-50,resistant
0.0,50.25,50.25,true,sensitive_tolerant_transition,independent_diagnostic,20k,75-25,sensitive
1.0,216.94833333333335,98.44613424290353,false,sensitive_tolerant_transition,independent_diagnostic,20k,75-25,sensitive
2.0,395.03833333333336,189.8018732120434,false,sensitive_tolerant_transition,independent_diagnostic,20k,75-25,sensitive
3.0,575.9033333333333,355.37625778424183,false,sensitive_tolerant_transition,independent_diagnostic,20k,75-25,sensitive
4.0,750.965,632.5950112183536,false,sensitive_tolerant_transition,independent_diagnostic,20k,75-25,sensitive
5.0,1098.7666666666667,1028.9722567009562,false,sensitive_tolerant_transition,independent_diagnostic,20k,75-25,sensitive
6.0,1222.9466666666665,1234.3212014753326,false,sensitive_tolerant_transition,independent_diagnostic,20k,75-25,sensitive
7.0,1636.885,1205.1057396735232,false,sensitive_tolerant_transition,independent_diagnostic,20k,75-25,sensitive
8.0,1417.09,1182.9492697485662,false,sensitive_tolerant_transition,independent_diagnostic,20k,75-25,sensitive
9.0,1830.3733333333337,1268.6273882352648,false,sensitive_tolerant_transition,independent_diagnostic,20k,75-25,sensitive
10.0,2137.61,1403.1581182342477,false,sensitive_tolerant_transition,independent_diagnostic,20k,75-25,sensitive
11.0,2132.978333333333,1500.7781902554773,false,sensitive_tolerant_transition,independent_diagnostic,20k,75-25,sensitive
12.0,1500.195,1529.1106179326614,false,sensitive_tolerant_transition,independent_diagnostic,20k,75-25,sensitive
13.0,1762.6516666666669,1499.267416471697,false,sensitive_tolerant_transition,independent_diagnostic,20k,75-25,sensitive
14.0,1454.5266666666666,1433.6525034562285,false,sensitive_tolerant_transition,independent_diagnostic,20k,75-25,sensitive
0.0,16.75,16.75,true,sensitive_tolerant_transition,independent_diagnostic,20k,75-25,resistant
1.0,26.93166666666667,25.162749576411244,false,sensitive_tolerant_transition,independent_diagnostic,20k,75-25,resistant
2.0,42.105,37.799072377497225,false,sensitive_tolerant_transition,independent_diagnostic,20k,75-25,resistant
3.0,64.44166666666668,56.76413989508027,false,sensitive_tolerant_transition,independent_diagnostic,20k,75-25,resistant
4.0,128.0016666666667,85.09755206976105,false,sensitive_tolerant_transition,independent_diagnostic,20k,75-25,resistant
5.0,186.15166666666664,126.54453947341014,false,sensitive_tolerant_transition,independent_diagnostic,20k,75-25,resistant
6.0,262.3983333333333,184.83031695436168,false,sensitive_tolerant_transition,independent_diagnostic,20k,75-25,resistant
7.0,430.875,267.46114188852323,false,sensitive_tolerant_transition,independent_diagnostic,20k,75-25,resistant
8.0,525.69,385.6050239045331,false,sensitive_tolerant_transition,independent_diagnostic,20k,75-25,resistant
9.0,900.48,547.7318984088649,false,sensitive_tolerant_transition,independent_diagnostic,20k,75-25,resistant
10.0,1261.5033333333333,751.1848261866736,false,sensitive_tolerant_transition,independent_diagnostic,20k,75-25,resistant
11.0,1896.801666666667,976.7141688001323,false,sensitive_tolerant_transition,independent_diagnostic,20k,75-25,resistant
12.0,1271.0700000000004,1198.3531854836897,false,sensitive_tolerant_transition,independent_diagnostic,20k,75-25,resistant
13.0,2274.6516666666666,1400.0746288327773,false,sensitive_tolerant_transition,independent_diagnostic,20k,75-25,resistant
14.0,1507.9783333333335,1579.5925681467002,false,sensitive_tolerant_transition,independent_diagnostic,20k,75-25,resistant
0.0,25.0,25.0,true,sensitive_tolerant_transition,independent_diagnostic,30k,25-75,sensitive
1.0,92.28666666666668,46.733971966711785,false,sensitive_tolerant_transition,independent_diagnostic,30k,25-75,sensitive
2.0,166.93666666666667,86.29629552409418,false,sensitive_tolerant_transition,independent_diagnostic,30k,25-75,sensitive
3.0,254.01833333333335,156.1486890592426,false,sensitive_tolerant_transition,independent_diagnostic,30k,25-75,sensitive
4.0,304.3333333333333,273.3831096530818,false,sensitive_tolerant_transition,independent_diagnostic,30k,25-75,sensitive
5.0,467.26833333333326,443.676048183683,false,sensitive_tolerant_transition,independent_diagnostic,30k,25-75,sensitive
6.0,478.9883333333334,542.2927063568516,false,sensitive_tolerant_transition,independent_diagnostic,30k,25-75,sensitive
7.0,644.6283333333333,556.7549610549419,false,sensitive_tolerant_transition,independent_diagnostic,30k,25-75,sensitive
8.0,433.00666666666666,550.9933331530417,false,sensitive_tolerant_transition,independent_diagnostic,30k,25-75,sensitive
9.0,360.13166666666666,562.3361897935459,false,sensitive_tolerant_transition,independent_diagnostic,30k,25-75,sensitive
10.0,420.3900000000001,596.6691919795564,false,sensitive_tolerant_transition,independent_diagnostic,30k,25-75,sensitive
11.0,492.47499999999997,648.819194419989,false,sensitive_tolerant_transition,independent_diagnostic,30k,25-75,sensitive
12.0,788.84,713.721610961462,false,sensitive_tolerant_transition,independent_diagnostic,30k,25-75,sensitive
13.0,1077.7166666666667,787.7228043133869,false,sensitive_tolerant_transition,independent_diagnostic,30k,25-75,sensitive
14.0,921.545,868.2143078266736,false,sensitive_tolerant_transition,independent_diagnostic,30k,25-75,sensitive
0.0,75.0,75.0,true,sensitive_tolerant_transition,independent_diagnostic,30k,25-75,resistant
1.0,87.41333333333334,112.66787976419029,false,sensitive_tolerant_transition,independent_diagnostic,30k,25-75,resistant
2.0,146.07000000000002,169.2434211048401,false,sensitive_tolerant_transition,independent_diagnostic,30k,25-75,resistant
3.0,261.51,254.15692647381408,false,sensitive_tolerant_transition,independent_diagnostic,30k,25-75,resistant
4.0,490.7949999999999,381.2056431653542,false,sensitive_tolerant_transition,independent_diagnostic,30k,25-75,resistant
5.0,872.2133333333333,568.8961757391249,false,sensitive_tolerant_transition,independent_diagnostic,30k,25-75,resistant
6.0,1398.1966666666667,837.5108556574702,false,sensitive_tolerant_transition,independent_diagnostic,30k,25-75,resistant
7.0,2656.3349999999996,1204.7205906420627,false,sensitive_tolerant_transition,independent_diagnostic,30k,25-75,resistant
8.0,2187.6316666666667,1663.9204455182594,false,sensitive_tolerant_transition,independent_diagnostic,30k,25-75,resistant
9.0,3209.313333333333,2138.8713618799416,false,sensitive_tolerant_transition,independent_diagnostic,30k,25-75,resistant
10.0,3193.9033333333336,2492.7987837468136,false,sensitive_tolerant_transition,independent_diagnostic,30k,25-75,resistant
11.0,3624.1133333333332,2659.97244629853,false,sensitive_tolerant_transition,independent_diagnostic,30k,25-75,resistant
12.0,2743.473333333334,2688.4746940973123,false,sensitive_tolerant_transition,independent_diagnostic,30k,25-75,resistant
13.0,3918.6783333333333,2644.7730791988815,false,sensitive_tolerant_transition,independent_diagnostic,30k,25-75,resistant
14.0,3231.2383333333332,2567.4902514993496,false,sensitive_tolerant_transition,independent_diagnostic,30k,25-75,resistant
0.0,50.0,50.0,true,sensitive_tolerant_transition,independent_diagnostic,30k,50-50,sensitive
1.0,165.45833333333334,93.14275473091729,false,sensitive_tolerant_transition,independent_diagnostic,30k,50-50,sensitive
2.0,282.01500000000004,170.6703631849608,false,sensitive_tolerant_transition,independent_diagnostic,30k,50-50,sensitive
3.0,432.8383333333333,304.08838377344716,false,sensitive_tolerant_transition,independent_diagnostic,30k,50-50,sensitive
4.0,607.8166666666667,517.6882250284073,false,sensitive_tolerant_transition,independent_diagnostic,30k,50-50,sensitive
5.0,879.0050000000001,803.3080388406008,false,sensitive_tolerant_transition,independent_diagnostic,30k,50-50,sensitive
6.0,947.1116666666667,932.6033195254669,false,sensitive_tolerant_transition,independent_diagnostic,30k,50-50,sensitive
7.0,1412.7849999999999,923.7061450328722,false,sensitive_tolerant_transition,independent_diagnostic,30k,50-50,sensitive
8.0,1018.185,903.0713953153727,false,sensitive_tolerant_transition,independent_diagnostic,30k,50-50,sensitive
9.0,1172.4866666666667,927.5648342419548,false,sensitive_tolerant_transition,independent_diagnostic,30k,50-50,sensitive
10.0,1294.5683333333334,994.606137833695,false,sensitive_tolerant_transition,independent_diagnostic,30k,50-50,sensitive
11.0,1082.5033333333333,1082.1246001316244,false,sensitive_tolerant_transition,independent_diagnostic,30k,50-50,sensitive
12.0,1456.9150000000002,1175.205475422614,false,sensitive_tolerant_transition,independent_diagnostic,30k,50-50,sensitive
13.0,1700.3266666666666,1268.6857118524738,false,sensitive_tolerant_transition,independent_diagnostic,30k,50-50,sensitive
14.0,1370.07,1361.1036834449703,false,sensitive_tolerant_transition,independent_diagnostic,30k,50-50,sensitive
0.0,50.0,50.0,true,sensitive_tolerant_transition,independent_diagnostic,30k,50-50,resistant
1.0,53.36166666666666,75.11142850795964,false,sensitive_tolerant_transition,independent_diagnostic,30k,50-50,resistant
2.0,85.83833333333332,112.8227677040844,false,sensitive_tolerant_transition,independent_diagnostic,30k,50-50,resistant
3.0,136.93666666666667,169.3784101651113,false,sensitive_tolerant_transition,independent_diagnostic,30k,50-50,resistant
4.0,278.0416666666667,253.65408542593423,false,sensitive_tolerant_transition,independent_diagnostic,30k,50-50,resistant
5.0,439.5783333333333,376.0999118787992,false,sensitive_tolerant_transition,independent_diagnostic,30k,50-50,resistant
6.0,738.2216666666667,546.2016723907213,false,sensitive_tolerant_transition,independent_diagnostic,30k,50-50,resistant
7.0,1333.6733333333334,777.6145228273531,false,sensitive_tolerant_transition,independent_diagnostic,30k,50-50,resistant
8.0,1333.7316666666666,1080.585865789856,false,sensitive_tolerant_transition,independent_diagnostic,30k,50-50,resistant
9.0,2235.375,1435.545133149784,false,sensitive_tolerant_transition,independent_diagnostic,30k,50-50,resistant
10.0,2239.6666666666665,1767.4112953470244,false,sensitive_tolerant_transition,independent_diagnostic,30k,50-50,resistant
11.0,2711.556666666667,1982.361018979427,false,sensitive_tolerant_transition,independent_diagnostic,30k,50-50,resistant
12.0,2136.7833333333333,2056.5424467571975,false,sensitive_tolerant_transition,independent_diagnostic,30k,50-50,resistant
13.0,3352.3216666666667,2033.7124328785662,false,sensitive_tolerant_transition,independent_diagnostic,30k,50-50,resistant
14.0,2315.278333333333,1961.7694016519795,false,sensitive_tolerant_transition,independent_diagnostic,30k,50-50,resistant
0.0,75.0,75.0,true,sensitive_tolerant_transition,independent_diagnostic,30k,75-25,sensitive
1.0,218.08333333333334,139.23147072453565,false,sensitive_tolerant_transition,independent_diagnostic,30k,75-25,sensitive
2.0,356.52833333333336,253.20934952316614,false,sensitive_tolerant_transition,independent_diagnostic,30k,75-25,sensitive
3.0,545.945,444.62500671963943,false,sensitive_tolerant_transition,independent_diagnostic,30k,75-25,sensitive
4.0,755.7766666666666,738.265851742791,false,sensitive_tolerant_transition,independent_diagnostic,30k,75-25,sensitive
5.0,1013.1566666666666,1104.4919896750605,false,sensitive_tolerant_transition,independent_diagnostic,30k,75-25,sensitive
6.0,1191.6316666666664,1236.4061602399977,false,sensitive_tolerant_transition,independent_diagnostic,30k,75-25,sensitive
7.0,1758.6866666666667,1201.165904200179,false,sensitive_tolerant_transition,independent_diagnostic,30k,75-25,sensitive
8.0,1400.4566666666667,1176.1151433040486,false,sensitive_tolerant_transition,independent_diagnostic,30k,75-25,sensitive
9.0,1660.7133333333334,1230.446389729226,false,sensitive_tolerant_transition,independent_diagnostic,30k,75-25,sensitive
10.0,2107.1266666666666,1353.8897680971966,false,sensitive_tolerant_transition,independent_diagnostic,30k,75-25,sensitive
11.0,1744.1750000000002,1502.6930886755858,false,sensitive_tolerant_transition,independent_diagnostic,30k,75-25,sensitive
12.0,1827.7083333333333,1640.07976305748,false,sensitive_tolerant_transition,independent_diagnostic,30k,75-25,sensitive
13.0,1923.9083333333335,1753.7623908334385,false,sensitive_tolerant_transition,independent_diagnostic,30k,75-25,sensitive
14.0,1647.07,1846.9428906689334,false,sensitive_tolerant_transition,independent_diagnostic,30k,75-25,sensitive
0.0,25.0,25.0,true,sensitive_tolerant_transition,independent_diagnostic,30k,75-25,resistant
1.0,28.45,37.555418029654334,false,sensitive_tolerant_transition,independent_diagnostic,30k,75-25,resistant
2.0,45.685,56.40742944372536,false,sensitive_tolerant_transition,independent_diagnostic,30k,75-25,resistant
3.0,72.71833333333332,84.6499738473818,false,sensitive_tolerant_transition,independent_diagnostic,30k,75-25,resistant
4.0,127.53333333333332,126.51726367113743,false,sensitive_tolerant_transition,independent_diagnostic,30k,75-25,resistant
5.0,211.36,186.224738313295,false,sensitive_tolerant_transition,independent_diagnostic,30k,75-25,resistant
6.0,311.8583333333333,267.3578308203389,false,sensitive_tolerant_transition,independent_diagnostic,30k,75-25,resistant
7.0,585.2883333333333,379.46577182755664,false,sensitive_tolerant_transition,independent_diagnostic,30k,75-25,resistant
8.0,720.1316666666667,534.3246409271715,false,sensitive_tolerant_transition,independent_diagnostic,30k,75-25,resistant
9.0,1168.5216666666668,735.9893979070632,false,sensitive_tolerant_transition,independent_diagnostic,30k,75-25,resistant
10.0,1358.1716666666664,965.6580081813241,false,sensitive_tolerant_transition,independent_diagnostic,30k,75-25,resistant
11.0,1719.3033333333333,1171.494866538774,false,sensitive_tolerant_transition,independent_diagnostic,30k,75-25,resistant
12.0,1458.7166666666665,1298.445708955251,false,sensitive_tolerant_transition,independent_diagnostic,30k,75-25,resistant
13.0,2386.6633333333334,1335.9899672145864,false,sensitive_tolerant_transition,independent_diagnostic,30k,75-25,resistant
14.0,1738.6666666666667,1311.8121106745648,false,sensitive_tolerant_transition,independent_diagnostic,30k,75-25,resistant
