time,observed,predicted,fixed_day0_anchor,model,pooling_mode,context,cell_line,density,dose,mix,component
0.0,67.0,67.0,true,strict_inheritance,linked_global,monoculture,A2780Naive,20k,0.67,,total
1.0,305.18962200000004,139.4441319985008,false,strict_inheritance,linked_global,monoculture,A2780Naive,20k,0.67,,total
2.0,465.63738433333333,400.20779466875854,false,strict_inheritance,linked_global,monoculture,A2780Naive,20k,0.67,,total
3.0,790.214892,956.2044003339425,false,strict_inheritance,linked_global,monoculture,A2780Naive,20k,0.67,,total
4.0,880.948534,1691.9132319398134,false,strict_inheritance,linked_global,monoculture,A2780Naive,20k,0.67,,total
5.0,1277.0010803333332,2376.2962924352555,false,strict_inheritance,linked_global,monoculture,A2780Naive,20k,0.67,,total
6.0,1612.01223,2875.487385870801,false,strict_inheritance,linked_global,monoculture,A2780Naive,20k,0.67,,total
7.0,2016.4244216666668,3187.444554917934,false,strict_inheritance,linked_global,monoculture,A2780Naive,20k,0.67,,total
8.0,2081.411111,3365.0019050686456,false,strict_inheritance,linked_global,monoculture,A2780Naive,20k,0.67,,total
9.0,2395.0547066666663,3460.4906703183824,false,strict_inheritance,linked_global,monoculture,A2780Naive,20k,0.67,,total
10.0,2537.1984183333334,3509.9698253849965,false,strict_inheritance,linked_global,monoculture,A2780Naive,20k,0.67,,total
11.0,3073.8874999999994,3534.883621708421,false,strict_inheritance,linked_global,monoculture,A2780Naive,20k,0.67,,total
12.0,3042.368325666667,3547.087887280911,false,strict_inheritance,linked_global,monoculture,A2780Naive,20k,0.67,,total
13.0,3537.7463733333334,3552.8758698849106,false,strict_inheritance,linked_global,monoculture,A2780Naive,20k,0.67,,total
14.0,3458.3808643333336,3555.501164237516,false,strict_inheritance,linked_global,monoculture,A2780Naive,20k,0.67,,total
0.0,67.0,67.0,true,strict_inheritance,linked_global,monoculture,A2780Naive,20k,1.0,,total
1.0,164.83707566666666,139.4441319985008,false,strict_inheritance,linked_global,monoculture,A2780Naive,20k,1.0,,total
2.0,310.328588,400.20779466875854,false,strict_inheritance,linked_global,monoculture,A2780Naive,20k,1.0,,total
3.0,498.45925933333325,924.7732495893054,false,strict_inheritance,linked_global,monoculture,A2780Naive,20k,1.0,,total
4.0,690.7097223333334,1452.3763820996617,false,strict_inheritance,linked_global,monoculture,A2780Naive,20k,1.0,,total
5.0,804.9089893333334,1789.5414518606133,false,strict_inheritance,linked_global,monoculture,A2780Naive,20k,1.0,,total
6.0,1188.2886573333333,1941.6305806523267,false,strict_inheritance,linked_global,monoculture,A2780Naive,20k,1.0,,total
7.0,1563.5381556666664,1983.6708692358525,false,strict_inheritance,linked_global,monoculture,A2780Naive,20k,1.0,,total
8.0,1634.130247,1975.925981985082,false,strict_inheritance,linked_global,monoculture,A2780Naive,20k,1.0,,total
9.0,1556.192554,1951.37958951757,false,strict_inheritance,linked_global,monoculture,A2780Naive,20k,1.0,,total
10.0,1522.992284,1924.8911551627805,false,strict_inheritance,linked_global,monoculture,A2780Naive,20k,1.0,,total
11.0,1608.247685333333,1902.0039290812485,false,strict_inheritance,linked_global,monoculture,A2780Naive,20k,1.0,,total
12.0,1500.9281636666667,1884.0622242768002,false,strict_inheritance,linked_global,monoculture,A2780Naive,20k,1.0,,total
13.0,2011.2254243333334,1870.7385251240073,false,strict_inheritance,linked_global,monoculture,A2780Naive,20k,1.0,,total
14.0,2445.406712666667,1861.1791007185516,false,strict_inheritance,linked_global,monoculture,A2780Naive,20k,1.0,,total
0.0,67.0,67.0,true,strict_inheritance,linked_global,monoculture,A2780Naive,20k,1.47,,total
1.0,470.381366,139.4441319985008,false,strict_inheritance,linked_global,monoculture,A2780Naive,20k,1.47,,total
2.0,658.348264,400.20779466875854,false,strict_inheritance,linked_global,monoculture,A2780Naive,20k,1.47,,total
3.0,910.885918,874.3604132892735,false,strict_inheritance,linked_global,monoculture,A2780Naive,20k,1.47,,total
4.0,928.761304,1121.691979412167,false,strict_inheritance,linked_global,monoculture,A2780Naive,20k,1.47,,total
5.0,914.7665896666667,1095.622314064845,false,strict_inheritance,linked_global,monoculture,A2780Naive,20k,1.47,,total
6.0,867.7298226666667,962.9939594384063,false,strict_inheritance,linked_global,monoculture,A2780Naive,20k,1.47,,total
7.0,681.9129633333333,824.6442265396482,false,strict_inheritance,linked_global,monoculture,A2780Naive,20k,1.47,,total
8.0,481.738503,711.6757292993824,false,strict_inheritance,linked_global,monoculture,A2780Naive,20k,1.47,,total
9.0,333.6756173333333,626.6166611364232,false,strict_inheritance,linked_global,monoculture,A2780Naive,20k,1.47,,total
10.0,232.34174399999998,564.347875946847,false,strict_inheritance,linked_global,monoculture,A2780Naive,20k,1.47,,total
11.0,155.3204476666667,519.1146521832978,false,strict_inheritance,linked_global,monoculture,A2780Naive,20k,1.47,,total
12.0,103.907562,486.25036117694356,false,strict_inheritance,linked_global,monoculture,A2780Naive,20k,1.47,,total
13.0,71.52523133333334,462.3037551510756,false,strict_inheritance,linked_global,monoculture,A2780Naive,20k,1.47,,total
14.0,36.60995366666666,444.79615078329,false,strict_inheritance,linked_global,monoculture,A2780Naive,20k,1.47,,total
0.0,100.0,100.0,true,strict_inheritance,linked_global,monoculture,A2780Naive,30k,0.67,,total
1.0,507.5015816666667,184.66381120857264,false,strict_inheritance,linked_global,monoculture,A2780Naive,30k,0.67,,total
2.0,801.887693,451.80602553381283,false,strict_inheritance,linked_global,monoculture,A2780Naive,30k,0.67,,total
3.0,1336.278318,973.1883257525793,false,strict_inheritance,linked_global,monoculture,A2780Naive,30k,0.67,,total
4.0,1623.1049383333336,1638.770695829771,false,strict_inheritance,linked_global,monoculture,A2780Naive,30k,0.67,,total
5.0,2076.8491126666668,2265.8673731092526,false,strict_inheritance,linked_global,monoculture,A2780Naive,30k,0.67,,total
6.0,2482.367592666667,2744.0699032624207,false,strict_inheritance,linked_global,monoculture,A2780Naive,30k,0.67,,total
7.0,2895.899845666667,3061.645882393177,false,strict_inheritance,linked_global,monoculture,A2780Naive,30k,0.67,,total
8.0,2949.133024666667,3255.182011111029,false,strict_inheritance,linked_global,monoculture,A2780Naive,30k,0.67,,total
9.0,3220.295872,3367.1105142443294,false,strict_inheritance,linked_global,monoculture,A2780Naive,30k,0.67,,total
10.0,2758.7708333333335,3429.777017152928,false,strict_inheritance,linked_global,monoculture,A2780Naive,30k,0.67,,total
11.0,3434.9652003333335,3464.1198533864117,false,strict_inheritance,linked_global,monoculture,A2780Naive,30k,0.67,,total
12.0,3115.501775,3482.644452752403,false,strict_inheritance,linked_global,monoculture,A2780Naive,30k,0.67,,total
13.0,3633.6489583333337,3492.50061653499,false,strict_inheritance,linked_global,monoculture,A2780Naive,30k,0.67,,total
14.0,3423.783179,3497.672787010502,false,strict_inheritance,linked_global,monoculture,A2780Naive,30k,0.67,,total
0.0,100.0,100.0,true,strict_inheritance,linked_global,monoculture,A2780Naive,30k,1.0,,total
1.0,277.1990353333333,184.66381120857264,false,strict_inheritance,linked_global,monoculture,A2780Naive,30k,1.0,,total
2.0,512.5472606666666,451.80602553381283,false,strict_inheritance,linked_global,monoculture,A2780Naive,30k,1.0,,total
3.0,810.4685956666666,943.9528983108102,false,strict_inheritance,linked_global,monoculture,A2780Naive,30k,1.0,,total
4.0,1072.5972223333333,1423.043956323372,false,strict_inheritance,linked_global,monoculture,A2780Naive,30k,1.0,,total
5.0,1220.3375386666667,1736.6320801223999,false,strict_inheritance,linked_global,monoculture,A2780Naive,30k,1.0,,total
6.0,1524.2378856666667,1889.516611629097,false,strict_inheritance,linked_global,monoculture,A2780Naive,30k,1.0,,total
7.0,1784.3173613333336,1942.0073913245026,false,strict_inheritance,linked_global,monoculture,A2780Naive,30k,1.0,,total
8.0,1754.768094,1945.2040446813824,false,strict_inheritance,linked_global,monoculture,A2780Naive,30k,1.0,,total
9.0,1630.9435183333335,1929.0165552661817,false,strict_inheritance,linked_global,monoculture,A2780Naive,30k,1.0,,total
10.0,1765.6959490000002,1908.0709940890906,false,strict_inheritance,linked_global,monoculture,A2780Naive,30k,1.0,,total
11.0,1797.057716,1888.5357723267873,false,strict_inheritance,linked_global,monoculture,A2780Naive,30k,1.0,,total
12.0,1664.883989,1872.457200673963,false,strict_inheritance,linked_global,monoculture,A2780Naive,30k,1.0,,total
13.0,1869.5183256666667,1860.062985311383,false,strict_inheritance,linked_global,monoculture,A2780Naive,30k,1.0,,total
14.0,2521.7536263333336,1850.8847459411402,false,strict_inheritance,linked_global,monoculture,A2780Naive,30k,1.0,,total
0.0,100.0,100.0,true,strict_inheritance,linked_global,monoculture,A2780Naive,30k,1.47,,total
1.0,683.0949846666667,184.66381120857264,false,strict_inheritance,linked_global,monoculture,A2780Naive,30k,1.47,,total
2.0,962.59946,451.80602553381283,false,strict_inheritance,linked_global,monoculture,A2780Naive,30k,1.47,,total
3.0,1293.4153163333333,896.8838445070949,false,strict_inheritance,linked_global,monoculture,A2780Naive,30k,1.47,,total
4.0,1242.3761956666667,1121.0470495003096,false,strict_inheritance,linked_global,monoculture,A2780Naive,30k,1.47,,total
5.0,1196.6721066666667,1098.250820157279,false,strict_inheritance,linked_global,monoculture,A2780Naive,30k,1.47,,total
6.0,1151.6981093333334,975.5188990629456,false,strict_inheritance,linked_global,monoculture,A2780Naive,30k,1.47,,total
7.0,908.6366510000001,843.8782135023494,false,strict_inheritance,linked_global,monoculture,A2780Naive,30k,1.47,,total
8.0,684.2957563333333,733.7846888268291,false,strict_inheritance,linked_global,monoculture,A2780Naive,30k,1.47,,total
9.0,451.471335,649.1952428186469,false,strict_inheritance,linked_global,monoculture,A2780Naive,30k,1.47,,total
10.0,351.6421293333333,586.1840050474736,false,strict_inheritance,linked_global,monoculture,A2780Naive,30k,1.47,,total
11.0,239.04888100000002,539.69670344475,false,strict_inheritance,linked_global,monoculture,A2780Naive,30k,1.47,,total
12.0,153.48256166666667,505.4304909005249,false,strict_inheritance,linked_global,monoculture,A2780Naive,30k,1.47,,total
13.0,115.12735333333332,480.11062203397904,false,strict_inheritance,linked_global,monoculture,A2780Naive,30k,1.47,,total
14.0,60.396604999999994,461.337946415955,false,strict_inheritance,linked_global,monoculture,A2780Naive,30k,1.47,,total
0.0,67.0,67.0,true,strict_inheritance,linked_global,monoculture,A2780cis,20k,0.67,,total
1.0,79.832716,75.98203929576614,false,strict_inheritance,linked_global,monoculture,A2780cis,20k,0.67,,total
2.0,136.68186733333332,107.07175412555704,false,strict_inheritance,linked_global,monoculture,A2780cis,20k,0.67,,total
3.0,256.032137,178.67199251024388,false,strict_inheritance,linked_global,monoculture,A2780cis,20k,0.67,,total
4.0,551.4876543333334,336.2311766446244,false,strict_inheritance,linked_global,monoculture,A2780cis,20k,0.67,,total
5.0,932.248611,671.138034378806,false,strict_inheritance,linked_global,monoculture,A2780cis,20k,0.67,,total
6.0,1630.1435956666667,1299.8242718514211,false,strict_inheritance,linked_global,monoculture,A2780cis,20k,0.67,,total
7.0,2349.2489583333336,2184.4673250297396,false,strict_inheritance,linked_global,monoculture,A2780cis,20k,0.67,,total
8.0,2344.200308666667,2765.1970977032215,false,strict_inheritance,linked_global,monoculture,A2780cis,20k,0.67,,total
9.0,3261.814429,3154.7214457228847,false,strict_inheritance,linked_global,monoculture,A2780cis,20k,0.67,,total
10.0,2744.403163333333,3375.8198970681815,false,strict_inheritance,linked_global,monoculture,A2780cis,20k,0.67,,total
11.0,3624.0109566666665,3497.0660877020046,false,strict_inheritance,linked_global,monoculture,A2780cis,20k,0.67,,total
12.0,2656.8393906666665,3568.249091097408,false,strict_inheritance,linked_global,monoculture,A2780cis,20k,0.67,,total
13.0,3902.5750386666664,3614.8090618545507,false,strict_inheritance,linked_global,monoculture,A2780cis,20k,0.67,,total
14.0,2987.771682,3648.1510288347645,false,strict_inheritance,linked_global,monoculture,A2780cis,20k,0.67,,total
0.0,67.0,67.0,true,strict_inheritance,linked_global,monoculture,A2780cis,20k,1.0,,total
1.0,82.57476866666666,75.98203929576614,false,strict_inheritance,linked_global,monoculture,A2780cis,20k,1.0,,total
2.0,153.74926733333334,107.07175412555704,false,strict_inheritance,linked_global,monoculture,A2780cis,20k,1.0,,total
3.0,298.6227236666667,178.67199251024388,false,strict_inheritance,linked_global,monoculture,A2780cis,20k,1.0,,total
4.0,584.2937496666667,336.2311766446244,false,strict_inheritance,linked_global,monoculture,A2780cis,20k,1.0,,total
5.0,1028.8575233333333,671.138034378806,false,strict_inheritance,linked_global,monoculture,A2780cis,20k,1.0,,total
6.0,1728.4681713333332,1299.8242718514211,false,strict_inheritance,linked_global,monoculture,A2780cis,20k,1.0,,total
7.0,2346.5103780000004,2156.477974685955,false,strict_inheritance,linked_global,monoculture,A2780cis,20k,1.0,,total
8.0,2305.3690973333332,1945.1773569801153,false,strict_inheritance,linked_global,monoculture,A2780cis,20k,1.0,,total
9.0,3049.6326773333335,2444.8991462949116,false,strict_inheritance,linked_global,monoculture,A2780cis,20k,1.0,,total
10.0,3134.858873333333,2876.166230790883,false,strict_inheritance,linked_global,monoculture,A2780cis,20k,1.0,,total
11.0,3720.5385029999998,3115.8088332157718,false,strict_inheritance,linked_global,monoculture,A2780cis,20k,1.0,,total
12.0,2824.6677086666664,3227.154101817559,false,strict_inheritance,linked_global,monoculture,A2780cis,20k,1.0,,total
13.0,3906.9917053333334,3276.581270405429,false,strict_inheritance,linked_global,monoculture,A2780cis,20k,1.0,,total
14.0,4011.9759260000005,3299.577550692598,false,strict_inheritance,linked_global,monoculture,A2780cis,20k,1.0,,total
0.0,67.0,67.0,true,strict_inheritance,linked_global,monoculture,A2780cis,20k,1.47,,total
1.0,66.07534733333334,75.98203929576614,false,strict_inheritance,linked_global,monoculture,A2780cis,20k,1.47,,total
2.0,136.019406,107.07175412555704,false,strict_inheritance,linked_global,monoculture,A2780cis,20k,1.47,,total
3.0,262.4119983333333,178.67199251024388,false,strict_inheritance,linked_global,monoculture,A2780cis,20k,1.47,,total
4.0,627.1851849999999,336.2311766446244,false,strict_inheritance,linked_global,monoculture,A2780cis,20k,1.47,,total
5.0,1055.7064813333334,671.138034378806,false,strict_inheritance,linked_global,monoculture,A2780cis,20k,1.47,,total
6.0,1644.4327546666666,1299.8242718514211,false,strict_inheritance,linked_global,monoculture,A2780cis,20k,1.47,,total
7.0,1888.7926696666666,2135.704544222459,false,strict_inheritance,linked_global,monoculture,A2780cis,20k,1.47,,total
8.0,1640.846373333333,1738.9093954812647,false,strict_inheritance,linked_global,monoculture,A2780cis,20k,1.47,,total
9.0,2390.4506556666665,2195.3222777306396,false,strict_inheritance,linked_global,monoculture,A2780cis,20k,1.47,,total
10.0,1885.2126543333334,2546.8708182089576,false,strict_inheritance,linked_global,monoculture,A2780cis,20k,1.47,,total
11.0,2693.7878856666666,2754.7786861972345,false,strict_inheritance,linked_global,monoculture,A2780cis,20k,1.47,,total
12.0,2554.914467666667,2865.0999474685977,false,strict_inheritance,linked_global,monoculture,A2780cis,20k,1.47,,total
13.0,3229.3090276666667,2922.3625248241706,false,strict_inheritance,linked_global,monoculture,A2780cis,20k,1.47,,total
14.0,3171.784760666667,2953.390212173961,false,strict_inheritance,linked_global,monoculture,A2780cis,20k,1.47,,total
0.0,100.0,100.0,true,strict_inheritance,linked_global,monoculture,A2780cis,30k,0.67,,total
1.0,119.12291633333332,113.26221670163889,false,strict_inheritance,linked_global,monoculture,A2780cis,30k,0.67,,total
2.0,208.10995366666666,158.91277460551203,false,strict_inheritance,linked_global,monoculture,A2780cis,30k,0.67,,total
3.0,381.1926696666667,262.5829903282844,false,strict_inheritance,linked_global,monoculture,A2780cis,30k,0.67,,total
4.0,731.6507716666666,483.8649743670333,false,strict_inheritance,linked_global,monoculture,A2780cis,30k,0.67,,total
5.0,1291.6760416666666,925.5975804044098,false,strict_inheritance,linked_global,monoculture,A2780cis,30k,0.67,,total
6.0,1980.2315586666666,1664.578055731416,false,strict_inheritance,linked_global,monoculture,A2780cis,30k,0.67,,total
7.0,2670.8478393333335,2543.723575222425,false,strict_inheritance,linked_global,monoculture,A2780cis,30k,0.67,,total
8.0,2545.009915,2971.510583307709,false,strict_inheritance,linked_global,monoculture,A2780cis,30k,0.67,,total
9.0,3548.7987266666664,3245.352503006034,false,strict_inheritance,linked_global,monoculture,A2780cis,30k,0.67,,total
10.0,2897.7104553333334,3407.3752108932795,false,strict_inheritance,linked_global,monoculture,A2780cis,30k,0.67,,total
11.0,3797.833449333333,3505.2800225927385,false,strict_inheritance,linked_global,monoculture,A2780cis,30k,0.67,,total
12.0,2884.930285666667,3569.100206517518,false,strict_inheritance,linked_global,monoculture,A2780cis,30k,0.67,,total
13.0,4146.366087666666,3614.090728049579,false,strict_inheritance,linked_global,monoculture,A2780cis,30k,0.67,,total
14.0,3326.884761,3647.540506665555,false,strict_inheritance,linked_global,monoculture,A2780cis,30k,0.67,,total
0.0,100.0,100.0,true,strict_inheritance,linked_global,monoculture,A2780cis,30k,1.0,,total
1.0,117.62118066666666,113.26221670163889,false,strict_inheritance,linked_global,monoculture,A2780cis,30k,1.0,,total
2.0,206.52970666666667,158.91277460551203,false,strict_inheritance,linked_global,monoculture,A2780cis,30k,1.0,,total
3.0,392.79753066666666,262.5829903282844,false,strict_inheritance,linked_global,monoculture,A2780cis,30k,1.0,,total
4.0,793.1631946666666,483.8649743670333,false,strict_inheritance,linked_global,monoculture,A2780cis,30k,1.0,,total
5.0,1328.3501159999998,925.5975804044098,false,strict_inheritance,linked_global,monoculture,A2780cis,30k,1.0,,total
6.0,1947.6582176666668,1664.578055731416,false,strict_inheritance,linked_global,monoculture,A2780cis,30k,1.0,,total
7.0,2594.510609333334,2509.6418129376407,false,strict_inheritance,linked_global,monoculture,A2780cis,30k,1.0,,total
8.0,2352.0106483333334,2104.3833908512856,false,strict_inheritance,linked_global,monoculture,A2780cis,30k,1.0,,total
9.0,3220.0850306666666,2545.185748589291,false,strict_inheritance,linked_global,monoculture,A2780cis,30k,1.0,,total
10.0,2953.806751666667,2916.8255862580754,false,strict_inheritance,linked_global,monoculture,A2780cis,30k,1.0,,total
11.0,3595.1114196666663,3118.7343270860206,false,strict_inheritance,linked_global,monoculture,A2780cis,30k,1.0,,total
12.0,2534.660455333333,3212.964696183369,false,strict_inheritance,linked_global,monoculture,A2780cis,30k,1.0,,total
13.0,3853.449228666667,3255.934580525649,false,strict_inheritance,linked_global,monoculture,A2780cis,30k,1.0,,total
14.0,4116.669907333334,3276.813101936537,false,strict_inheritance,linked_global,monoculture,A2780cis,30k,1.0,,total
0.0,100.0,100.0,true,strict_inheritance,linked_global,monoculture,A2780cis,30k,1.47,,total
1.0,73.88472200000001,113.26221670163889,false,strict_inheritance,linked_global,monoculture,A2780cis,30k,1.47,,total
2.0,143.64463766666665,158.91277460551203,false,strict_inheritance,linked_global,monoculture,A2780cis,30k,1.47,,total
3.0,301.875849,262.5829903282844,false,strict_inheritance,linked_global,monoculture,A2780cis,30k,1.47,,total
4.0,670.1066746666667,483.8649743670333,false,strict_inheritance,linked_global,monoculture,A2780cis,30k,1.47,,total
5.0,1170.9108796666667,925.5975804044098,false,strict_inheritance,linked_global,monoculture,A2780cis,30k,1.47,,total
6.0,1348.3380016666667,1664.578055731416,false,strict_inheritance,linked_global,monoculture,A2780cis,30k,1.47,,total
7.0,1881.759761,2484.3737196072284,false,strict_inheritance,linked_global,monoculture,A2780cis,30k,1.47,,total
8.0,1606.1887733333333,1889.589720362184,false,strict_inheritance,linked_global,monoculture,A2780cis,30k,1.47,,total
9.0,2421.258526333333,2283.3664613159963,false,strict_inheritance,linked_global,monoculture,A2780cis,30k,1.47,,total
10.0,1957.2380400000002,2574.164323422393,false,strict_inheritance,linked_global,monoculture,A2780cis,30k,1.47,,total
11.0,2537.103395,2744.42934866349,false,strict_inheritance,linked_global,monoculture,A2780cis,30k,1.47,,total
12.0,2244.322531,2836.681892020467,false,strict_inheritance,linked_global,monoculture,A2780cis,30k,1.47,,total
13.0,2827.4429400000004,2886.5891979000526,false,strict_inheritance,linked_global,monoculture,A2780cis,30k,1.47,,total
14.0,3433.938387333333,2915.049323303346,false,strict_inheritance,linked_global,monoculture,A2780cis,30k,1.47,,total
0.0,16.75,16.75,true,strict_inheritance,linked_global,coculture,A2780Naive+A2780cis,20k,1.0,25-75,sensitive
1.0,99.62333333333333,29.904539181221907,false,strict_inheritance,linked_global,coculture,A2780Naive+A2780cis,20k,1.0,25-75,sensitive
2.0,151.64666666666665,85.23859053481908,false,strict_inheritance,linked_global,coculture,A2780Naive+A2780cis,20k,1.0,25-75,sensitive
3.0,256.715,224.26415504546856,false,strict_inheritance,linked_global,coculture,A2780Naive+A2780cis,20k,1.0,25-75,sensitive
4.0,308.39166666666665,421.66997126332944,false,strict_inheritance,linked_global,coculture,A2780Naive+A2780cis,20k,1.0,25-75,sensitive
5.0,458.41,606.4099114899377,false,strict_inheritance,linked_global,coculture,A2780Naive+A2780cis,20k,1.0,25-75,sensitive
6.0,443.1983333333333,721.064993741916,false,strict_inheritance,linked_global,coculture,A2780Naive+A2780cis,20k,1.0,25-75,sensitive
7.0,684.745,748.2388254893214,false,strict_inheritance,linked_global,coculture,A2780Naive+A2780cis,20k,1.0,25-75,sensitive
8.0,381.4466666666667,746.5381032831942,false,strict_inheritance,linked_global,coculture,A2780Naive+A2780cis,20k,1.0,25-75,sensitive
9.0,434.4266666666667,720.7813916296303,false,strict_inheritance,linked_global,coculture,A2780Naive+A2780cis,20k,1.0,25-75,sensitive
10.0,381.8066666666667,662.8052755804787,false,strict_inheritance,linked_global,coculture,A2780Naive+A2780cis,20k,1.0,25-75,sensitive
11.0,827.9266666666667,587.1034576016435,false,strict_inheritance,linked_global,coculture,A2780Naive+A2780cis,20k,1.0,25-75,sensitive
12.0,564.2466666666667,507.7924759254678,false,strict_inheritance,linked_global,coculture,A2780Naive+A2780cis,20k,1.0,25-75,sensitive
13.0,1105.2716666666665,433.4639014937958,false,strict_inheritance,linked_global,coculture,A2780Naive+A2780cis,20k,1.0,25-75,sensitive
14.0,404.80333333333334,367.7637837939186,false,strict_inheritance,linked_global,coculture,A2780Naive+A2780cis,20k,1.0,25-75,sensitive
0.0,50.25,50.25,true,strict_inheritance,linked_global,coculture,A2780Naive+A2780cis,20k,1.0,25-75,resistant
1.0,88.58666666666666,56.962293066736976,false,strict_inheritance,linked_global,coculture,A2780Naive+A2780cis,20k,1.0,25-75,resistant
2.0,143.335,79.90509186998426,false,strict_inheritance,linked_global,coculture,A2780Naive+A2780cis,20k,1.0,25-75,resistant
3.0,247.62666666666667,130.3632216634812,false,strict_inheritance,linked_global,coculture,A2780Naive+A2780cis,20k,1.0,25-75,resistant
4.0,494.3083333333334,230.6432862439797,false,strict_inheritance,linked_global,coculture,A2780Naive+A2780cis,20k,1.0,25-75,resistant
5.0,903.3716666666666,415.2356236139958,false,strict_inheritance,linked_global,coculture,A2780Naive+A2780cis,20k,1.0,25-75,resistant
6.0,1360.0966666666666,724.218892681105,false,strict_inheritance,linked_global,coculture,A2780Naive+A2780cis,20k,1.0,25-75,resistant
7.0,2438.3766666666666,1159.6904372237457,false,strict_inheritance,linked_global,coculture,A2780Naive+A2780cis,20k,1.0,25-75,resistant
8.0,1945.3233333333335,1031.8690414458213,false,strict_inheritance,linked_global,coculture,A2780Naive+A2780cis,20k,1.0,25-75,resistant
9.0,3250.286666666667,1329.6837492154418,false,strict_inheritance,linked_global,coculture,A2780Naive+A2780cis,20k,1.0,25-75,resistant
10.0,3135.64,1700.2838624553524,false,strict_inheritance,linked_global,coculture,A2780Naive+A2780cis,20k,1.0,25-75,resistant
11.0,3987.5866666666666,2041.7636074707648,false,strict_inheritance,linked_global,coculture,A2780Naive+A2780cis,20k,1.0,25-75,resistant
12.0,2308.2483333333334,2318.8934724767328,false,strict_inheritance,linked_global,coculture,A2780Naive+A2780cis,20k,1.0,25-75,resistant
13.0,3826.773333333333,2530.4503415703894,false,strict_inheritance,linked_global,coculture,A2780Naive+A2780cis,20k,1.0,25-75,resistant
14.0,2159.3716666666664,2689.32789538984,false,strict_inheritance,linked_global,coculture,A2780Naive+A2780cis,20k,1.0,25-75,resistant
0.0,33.5,33.5,true,strict_inheritance,linked_global,coculture,A2780Naive+A2780cis,20k,1.0,50-50,sensitive
1.0,154.28,58.537113240976865,false,strict_inheritance,linked_global,coculture,A2780Naive+A2780cis,20k,1.0,50-50,sensitive
2.0,285.20666666666665,156.63147394384063,false,strict_inheritance,linked_global,coculture,A2780Naive+A2780cis,20k,1.0,50-50,sensitive
3.0,425.075,372.94567421924324,false,strict_inheritance,linked_global,coculture,A2780Naive+A2780cis,20k,1.0,50-50,sensitive
4.0,562.615,631.2936654527864,false,strict_inheritance,linked_global,coculture,A2780Naive+A2780cis,20k,1.0,50-50,sensitive
5.0,850.4516666666667,834.8419785983042,false,strict_inheritance,linked_global,coculture,A2780Naive+A2780cis,20k,1.0,50-50,sensitive
6.0,932.2550000000001,943.6178625585794,false,strict_inheritance,linked_global,coculture,A2780Naive+A2780cis,20k,1.0,50-50,sensitive
7.0,1392.045,963.5027596287442,false,strict_inheritance,linked_global,coculture,A2780Naive+A2780cis,20k,1.0,50-50,sensitive
8.0,999.73,951.4776133545155,false,strict_inheritance,linked_global,coculture,A2780Naive+A2780cis,20k,1.0,50-50,sensitive
9.0,1287.6316666666664,916.5914746053517,false,strict_inheritance,linked_global,coculture,A2780Naive+A2780cis,20k,1.0,50-50,sensitive
10.0,1285.185,851.5897829976873,false,strict_inheritance,linked_global,coculture,A2780Naive+A2780cis,20k,1.0,50-50,sensitive
11.0,1589.9216666666669,765.4738424265208,false,strict_inheritance,linked_global,coculture,A2780Naive+A2780cis,20k,1.0,50-50,sensitive
12.0,1183.66,670.093771329898,false,strict_inheritance,linked_global,coculture,A2780Naive+A2780cis,20k,1.0,50-50,sensitive
13.0,1283.0133333333333,575.858875712467,false,strict_inheritance,linked_global,coculture,A2780Naive+A2780cis,20k,1.0,50-50,sensitive
14.0,1010.3066666666667,489.48037686839086,false,strict_inheritance,linked_global,coculture,A2780Naive+A2780cis,20k,1.0,50-50,sensitive
0.0,33.5,33.5,true,strict_inheritance,linked_global,coculture,A2780Naive+A2780cis,20k,1.0,50-50,resistant
1.0,51.281666666666666,37.959833350615305,false,strict_inheritance,linked_global,coculture,A2780Naive+A2780cis,20k,1.0,50-50,resistant
2.0,89.81333333333333,53.0485338902957,false,strict_inheritance,linked_global,coculture,A2780Naive+A2780cis,20k,1.0,50-50,resistant
3.0,141.95833333333334,85.24610363555021,false,strict_inheritance,linked_global,coculture,A2780Naive+A2780cis,20k,1.0,50-50,resistant
4.0,269.67333333333335,146.28093254258556,false,strict_inheritance,linked_global,coculture,A2780Naive+A2780cis,20k,1.0,50-50,resistant
5.0,503.14333333333326,254.5678904359208,false,strict_inheritance,linked_global,coculture,A2780Naive+A2780cis,20k,1.0,50-50,resistant
6.0,640.2366666666667,437.288169491075,false,strict_inheritance,linked_global,coculture,A2780Naive+A2780cis,20k,1.0,50-50,resistant
7.0,1228.7583333333334,716.766983594077,false,strict_inheritance,linked_global,coculture,A2780Naive+A2780cis,20k,1.0,50-50,resistant
8.0,1159.7433333333333,657.9182062889361,false,strict_inheritance,linked_global,coculture,A2780Naive+A2780cis,20k,1.0,50-50,resistant
9.0,2141.5383333333334,885.7236968625236,false,strict_inheritance,linked_global,coculture,A2780Naive+A2780cis,20k,1.0,50-50,resistant
10.0,2331.901666666666,1210.7399190703945,false,strict_inheritance,linked_global,coculture,A2780Naive+A2780cis,20k,1.0,50-50,resistant
11.0,3319.126666666667,1568.8385941905187,false,strict_inheritance,linked_global,coculture,A2780Naive+A2780cis,20k,1.0,50-50,resistant
12.0,1939.1216666666667,1910.3005219151999,false,strict_inheritance,linked_global,coculture,A2780Naive+A2780cis,20k,1.0,50-50,resistant
13.0,3037.8416666666667,2201.895817972614,false,strict_inheritance,linked_global,coculture,A2780Naive+A2780cis,20k,1.0,50-50,resistant
14.0,1923.26,2433.665185002697,false,strict_inheritance,linked_global,coculture,A2780Naive+A2780cis,20k,1.0,50-50,resistant
0.0,50.25,50.25,true,strict_inheritance,linked_global,coculture,A2780Naive+A2780cis,20k,1.0,75-25,sensitive
1.0,216.94833333333335,86.24191939813075,false,strict_inheritance,linked_global,coculture,A2780Naive+A2780cis,20k,1.0,75-25,sensitive
2.0,395.03833333333336,220.20497871180103,false,strict_inheritance,linked_global,coculture,A2780Naive+A2780cis,20k,1.0,75-25,sensitive
3.0,575.9033333333333,490.8711136150284,false,strict_inheritance,linked_global,coculture,A2780Naive+A2780cis,20k,1.0,75-25,sensitive
4.0,750.965,780.0388256659164,false,strict_inheritance,linked_global,coculture,A2780Naive+A2780cis,20k,1.0,75-25,sensitive
5.0,1098.7666666666667,984.9969100263257,false,strict_inheritance,linked_global,coculture,A2780Naive+A2780cis,20k,1.0,75-25,sensitive
6.0,1222.9466666666665,1086.8954207335985,false,strict_inheritance,linked_global,coculture,A2780Naive+A2780cis,20k,1.0,75-25,sensitive
7.0,1636.885,1109.0241417560096,false,strict_inheritance,linked_global,coculture,A2780Naive+A2780cis,20k,1.0,75-25,sensitive
8.0,1417.09,1098.0709260132314,false,strict_inheritance,linked_global,coculture,A2780Naive+A2780cis,20k,1.0,75-25,sensitive
9.0,1830.3733333333337,1067.3189020913394,false,strict_inheritance,linked_global,coculture,A2780Naive+A2780cis,20k,1.0,75-25,sensitive
10.0,2137.61,1013.4880191653624,false,strict_inheritance,linked_global,coculture,A2780Naive+A2780cis,20k,1.0,75-25,sensitive
11.0,2132.978333333333,938.4020561932977,false,strict_inheritance,linked_global,coculture,A2780Naive+A2780cis,20k,1.0,75-25,sensitive
12.0,1500.195,846.1317950025253,false,strict_inheritance,linked_global,coculture,A2780Naive+A2780cis,20k,1.0,75-25,sensitive
13.0,1762.6516666666669,744.1119928025618,false,strict_inheritance,linked_global,coculture,A2780Naive+A2780cis,20k,1.0,75-25,sensitive
14.0,1454.5266666666666,641.4933514233521,false,strict_inheritance,linked_global,coculture,A2780Naive+A2780cis,20k,1.0,75-25,sensitive
0.0,16.75,16.75,true,strict_inheritance,linked_global,coculture,A2780Naive+A2780cis,20k,1.0,75-25,resistant
1.0,26.93166666666667,18.972799591603117,false,strict_inheritance,linked_global,coculture,A2780Naive+A2780cis,20k,1.0,75-25,resistant
2.0,42.105,26.426935997093945,false,strict_inheritance,linked_global,coculture,A2780Naive+A2780cis,20k,1.0,75-25,resistant
3.0,64.44166666666668,41.96711233324385,false,strict_inheritance,linked_global,coculture,A2780Naive+A2780cis,20k,1.0,75-25,resistant
4.0,128.0016666666667,70.54517410187808,false,strict_inheritance,linked_global,coculture,A2780Naive+A2780cis,20k,1.0,75-25,resistant
5.0,186.15166666666664,120.52348666303776,false,strict_inheritance,linked_global,coculture,A2780Naive+A2780cis,20k,1.0,75-25,resistant
6.0,262.3983333333333,206.770244914832,false,strict_inheritance,linked_global,coculture,A2780Naive+A2780cis,20k,1.0,75-25,resistant
7.0,430.875,349.20613627116666,false,strict_inheritance,linked_global,coculture,A2780Naive+A2780cis,20k,1.0,75-25,resistant
8.0,525.69,332.78569958788955,false,strict_inheritance,linked_global,coculture,A2780Naive+A2780cis,20k,1.0,75-25,resistant
9.0,900.48,471.3200201254673,false,strict_inheritance,linked_global,coculture,A2780Naive+A2780cis,20k,1.0,75-25,resistant
10.0,1261.5033333333333,697.0477520013271,false,strict_inheritance,linked_global,coculture,A2780Naive+A2780cis,20k,1.0,75-25,resistant
11.0,1896.801666666667,998.9210369780199,false,strict_inheritance,linked_global,coculture,A2780Naive+A2780cis,20k,1.0,75-25,resistant
12.0,1271.0700000000004,1353.2852087605238,false,strict_inheritance,linked_global,coculture,A2780Naive+A2780cis,20k,1.0,75-25,resistant
13.0,2274.6516666666666,1716.156969655842,false,strict_inheritance,linked_global,coculture,A2780Naive+A2780cis,20k,1.0,75-25,resistant
14.0,1507.9783333333335,2043.307565898213,false,strict_inheritance,linked_global,coculture,A2780Naive+A2780cis,20k,1.0,75-25,resistant
0.0,25.0,25.0,true,strict_inheritance,linked_global,coculture,A2780Naive+A2780cis,30k,1.0,25-75,sensitive
1.0,92.28666666666668,39.20221268964863,false,strict_inheritance,linked_global,coculture,A2780Naive+A2780cis,30k,1.0,25-75,sensitive
2.0,166.93666666666667,92.28094684508436,false,strict_inheritance,linked_global,coculture,A2780Naive+A2780cis,30k,1.0,25-75,sensitive
3.0,254.01833333333335,209.77839404875058,false,strict_inheritance,linked_global,coculture,A2780Naive+A2780cis,30k,1.0,25-75,sensitive
4.0,304.3333333333333,361.0327101679781,false,strict_inheritance,linked_global,coculture,A2780Naive+A2780cis,30k,1.0,25-75,sensitive
5.0,467.26833333333326,491.7305587257811,false,strict_inheritance,linked_global,coculture,A2780Naive+A2780cis,30k,1.0,25-75,sensitive
6.0,478.9883333333334,560.6374219143662,false,strict_inheritance,linked_global,coculture,A2780Naive+A2780cis,30k,1.0,25-75,sensitive
7.0,644.6283333333333,557.250385270314,false,strict_inheritance,linked_global,coculture,A2780Naive+A2780cis,30k,1.0,25-75,sensitive
8.0,433.00666666666666,541.3067882213437,false,strict_inheritance,linked_global,coculture,A2780Naive+A2780cis,30k,1.0,25-75,sensitive
9.0,360.13166666666666,510.97201642482594,false,strict_inheritance,linked_global,coculture,A2780Naive+A2780cis,30k,1.0,25-75,sensitive
10.0,420.3900000000001,456.8465921406506,false,strict_inheritance,linked_global,coculture,A2780Naive+A2780cis,30k,1.0,25-75,sensitive
11.0,492.47499999999997,391.9986958393607,false,strict_inheritance,linked_global,coculture,A2780Naive+A2780cis,30k,1.0,25-75,sensitive
12.0,788.84,327.66880177595414,false,strict_inheritance,linked_global,coculture,A2780Naive+A2780cis,30k,1.0,25-75,sensitive
13.0,1077.7166666666667,269.70821101821934,false,strict_inheritance,linked_global,coculture,A2780Naive+A2780cis,30k,1.0,25-75,sensitive
14.0,921.545,220.05811608148517,false,strict_inheritance,linked_global,coculture,A2780Naive+A2780cis,30k,1.0,25-75,sensitive
0.0,75.0,75.0,true,strict_inheritance,linked_global,coculture,A2780Naive+A2780cis,30k,1.0,25-75,resistant
1.0,87.41333333333334,84.88508087684437,false,strict_inheritance,linked_global,coculture,A2780Naive+A2780cis,30k,1.0,25-75,resistant
2.0,146.07000000000002,118.42437433503187,false,strict_inheritance,linked_global,coculture,A2780Naive+A2780cis,30k,1.0,25-75,resistant
3.0,261.51,191.12980978893688,false,strict_inheritance,linked_global,coculture,A2780Naive+A2780cis,30k,1.0,25-75,resistant
4.0,490.7949999999999,332.7998033906854,false,strict_inheritance,linked_global,coculture,A2780Naive+A2780cis,30k,1.0,25-75,resistant
5.0,872.2133333333333,586.1078892065248,false,strict_inheritance,linked_global,coculture,A2780Naive+A2780cis,30k,1.0,25-75,resistant
6.0,1398.1966666666667,988.8450061672208,false,strict_inheritance,linked_global,coculture,A2780Naive+A2780cis,30k,1.0,25-75,resistant
7.0,2656.3349999999996,1506.6199338434126,false,strict_inheritance,linked_global,coculture,A2780Naive+A2780cis,30k,1.0,25-75,resistant
8.0,2187.6316666666667,1279.619377269417,false,strict_inheritance,linked_global,coculture,A2780Naive+A2780cis,30k,1.0,25-75,resistant
9.0,3209.313333333333,1601.719078988879,false,strict_inheritance,linked_global,coculture,A2780Naive+A2780cis,30k,1.0,25-75,resistant
10.0,3193.9033333333336,1974.8971234447374,false,strict_inheritance,linked_global,coculture,A2780Naive+A2780cis,30k,1.0,25-75,resistant
11.0,3624.1133333333332,2291.788238730942,false,strict_inheritance,linked_global,coculture,A2780Naive+A2780cis,30k,1.0,25-75,resistant
12.0,2743.473333333334,2534.021655818532,false,strict_inheritance,linked_global,coculture,A2780Naive+A2780cis,30k,1.0,25-75,resistant
13.0,3918.6783333333333,2712.88639917555,false,strict_inheritance,linked_global,coculture,A2780Naive+A2780cis,30k,1.0,25-75,resistant
14.0,3231.2383333333332,2845.330519525853,false,strict_inheritance,linked_global,coculture,A2780Naive+A2780cis,30k,1.0,25-75,resistant
0.0,50.0,50.0,true,strict_inheritance,linked_global,coculture,A2780Naive+A2780cis,30k,1.0,50-50,sensitive
1.0,165.45833333333334,77.06562165782962,false,strict_inheritance,linked_global,coculture,A2780Naive+A2780cis,30k,1.0,50-50,sensitive
2.0,282.01500000000004,172.67078690315944,false,strict_inheritance,linked_global,coculture,A2780Naive+A2780cis,30k,1.0,50-50,sensitive
3.0,432.8383333333333,362.4531791270219,false,strict_inheritance,linked_global,coculture,A2780Naive+A2780cis,30k,1.0,50-50,sensitive
4.0,607.8166666666667,573.4646444735978,false,strict_inheritance,linked_global,coculture,A2780Naive+A2780cis,30k,1.0,50-50,sensitive
5.0,879.0050000000001,732.715004858998,false,strict_inheritance,linked_global,coculture,A2780Naive+A2780cis,30k,1.0,50-50,sensitive
6.0,947.1116666666667,810.235422372355,false,strict_inheritance,linked_global,coculture,A2780Naive+A2780cis,30k,1.0,50-50,sensitive
7.0,1412.7849999999999,808.9406232435349,false,strict_inheritance,linked_global,coculture,A2780Naive+A2780cis,30k,1.0,50-50,sensitive
8.0,1018.185,788.2792191324716,false,strict_inheritance,linked_global,coculture,A2780Naive+A2780cis,30k,1.0,50-50,sensitive
9.0,1172.4866666666667,750.3683258476324,false,strict_inheritance,linked_global,coculture,A2780Naive+A2780cis,30k,1.0,50-50,sensitive
10.0,1294.5683333333334,684.9068393070246,false,strict_inheritance,linked_global,coculture,A2780Naive+A2780cis,30k,1.0,50-50,sensitive
11.0,1082.5033333333333,602.0406491892855,false,strict_inheritance,linked_global,coculture,A2780Naive+A2780cis,30k,1.0,50-50,sensitive
12.0,1456.9150000000002,513.7618449586387,false,strict_inheritance,linked_global,coculture,A2780Naive+A2780cis,30k,1.0,50-50,sensitive
13.0,1700.3266666666666,429.22584197862795,false,strict_inheritance,linked_global,coculture,A2780Naive+A2780cis,30k,1.0,50-50,sensitive
14.0,1370.07,353.5936866424683,false,strict_inheritance,linked_global,coculture,A2780Naive+A2780cis,30k,1.0,50-50,sensitive
0.0,50.0,50.0,true,strict_inheritance,linked_global,coculture,A2780Naive+A2780cis,30k,1.0,50-50,resistant
1.0,53.36166666666666,56.55113614598976,false,strict_inheritance,linked_global,coculture,A2780Naive+A2780cis,30k,1.0,50-50,resistant
2.0,85.83833333333332,78.51160344483779,false,strict_inheritance,linked_global,coculture,A2780Naive+A2780cis,30k,1.0,50-50,resistant
3.0,136.93666666666667,124.57522517909108,false,strict_inheritance,linked_global,coculture,A2780Naive+A2780cis,30k,1.0,50-50,resistant
4.0,278.0416666666667,210.06739920979408,false,strict_inheritance,linked_global,coculture,A2780Naive+A2780cis,30k,1.0,50-50,resistant
5.0,439.5783333333333,357.67027546302995,false,strict_inheritance,linked_global,coculture,A2780Naive+A2780cis,30k,1.0,50-50,resistant
6.0,738.2216666666667,596.4804869571834,false,strict_inheritance,linked_global,coculture,A2780Naive+A2780cis,30k,1.0,50-50,resistant
7.0,1333.6733333333334,937.6004834070791,false,strict_inheritance,linked_global,coculture,A2780Naive+A2780cis,30k,1.0,50-50,resistant
8.0,1333.7316666666666,820.8787652791614,false,strict_inheritance,linked_global,coculture,A2780Naive+A2780cis,30k,1.0,50-50,resistant
9.0,2235.375,1069.3624241139853,false,strict_inheritance,linked_global,coculture,A2780Naive+A2780cis,30k,1.0,50-50,resistant
10.0,2239.6666666666665,1404.741992033274,false,strict_inheritance,linked_global,coculture,A2780Naive+A2780cis,30k,1.0,50-50,resistant
11.0,2711.556666666667,1752.2692271278092,false,strict_inheritance,linked_global,coculture,A2780Naive+A2780cis,30k,1.0,50-50,resistant
12.0,2136.7833333333333,2069.841370256236,false,strict_inheritance,linked_global,coculture,A2780Naive+A2780cis,30k,1.0,50-50,resistant
13.0,3352.3216666666667,2335.9698564428836,false,strict_inheritance,linked_global,coculture,A2780Naive+A2780cis,30k,1.0,50-50,resistant
14.0,2315.278333333333,2547.581671538796,false,strict_inheritance,linked_global,coculture,A2780Naive+A2780cis,30k,1.0,50-50,resistant
0.0,75.0,75.0,true,strict_inheritance,linked_global,coculture,A2780Naive+A2780cis,30k,1.0,75-25,sensitive
1.0,218.08333333333334,113.89554361384991,false,strict_inheritance,linked_global,coculture,A2780Naive+A2780cis,30k,1.0,75-25,sensitive
2.0,356.52833333333336,245.635190396123,false,strict_inheritance,linked_global,coculture,A2780Naive+A2780cis,30k,1.0,75-25,sensitive
3.0,545.945,487.99153313537136,false,strict_inheritance,linked_global,coculture,A2780Naive+A2780cis,30k,1.0,75-25,sensitive
4.0,755.7766666666666,732.3145138027872,false,strict_inheritance,linked_global,coculture,A2780Naive+A2780cis,30k,1.0,75-25,sensitive
5.0,1013.1566666666666,902.1098197850381,false,strict_inheritance,linked_global,coculture,A2780Naive+A2780cis,30k,1.0,75-25,sensitive
6.0,1191.6316666666664,984.3368217902615,false,strict_inheritance,linked_global,coculture,A2780Naive+A2780cis,30k,1.0,75-25,sensitive
7.0,1758.6866666666667,995.1991912460833,false,strict_inheritance,linked_global,coculture,A2780Naive+A2780cis,30k,1.0,75-25,sensitive
8.0,1400.4566666666667,980.8840668913354,false,strict_inheritance,linked_global,coculture,A2780Naive+A2780cis,30k,1.0,75-25,sensitive
9.0,1660.7133333333334,949.1273148629887,false,strict_inheritance,linked_global,coculture,A2780Naive+A2780cis,30k,1.0,75-25,sensitive
10.0,2107.1266666666666,893.3015406534199,false,strict_inheritance,linked_global,coculture,A2780Naive+A2780cis,30k,1.0,75-25,sensitive
11.0,1744.1750000000002,816.3998814074345,false,strict_inheritance,linked_global,coculture,A2780Naive+A2780cis,30k,1.0,75-25,sensitive
12.0,1827.7083333333333,724.2297071617851,false,strict_inheritance,linked_global,coculture,A2780Naive+A2780cis,30k,1.0,75-25,sensitive
13.0,1923.9083333333335,624.9135048179076,false,strict_inheritance,linked_global,coculture,A2780Naive+A2780cis,30k,1.0,75-25,sensitive
14.0,1647.07,526.9898276987258,false,strict_inheritance,linked_global,coculture,A2780Naive+A2780cis,30k,1.0,75-25,sensitive
0.0,25.0,25.0,true,strict_inheritance,linked_global,coculture,A2780Naive+A2780cis,30k,1.0,75-25,resistant
1.0,28.45,28.256909866225875,false,strict_inheritance,linked_global,coculture,A2780Naive+A2780cis,30k,1.0,75-25,resistant
2.0,45.685,39.05958564786849,false,strict_inheritance,linked_global,coculture,A2780Naive+A2780cis,30k,1.0,75-25,resistant
3.0,72.71833333333332,61.133847531475666,false,strict_inheritance,linked_global,coculture,A2780Naive+A2780cis,30k,1.0,75-25,resistant
4.0,127.53333333333332,100.78620696312173,false,strict_inheritance,linked_global,coculture,A2780Naive+A2780cis,30k,1.0,75-25,resistant
5.0,211.36,168.28554202931633,false,strict_inheritance,linked_global,coculture,A2780Naive+A2780cis,30k,1.0,75-25,resistant
6.0,311.8583333333333,280.69346869619017,false,strict_inheritance,linked_global,coculture,A2780Naive+A2780cis,30k,1.0,75-25,resistant
7.0,585.2883333333333,457.0708658216747,false,strict_inheritance,linked_global,coculture,A2780Naive+A2780cis,30k,1.0,75-25,resistant
8.0,720.1316666666667,415.0616403006558,false,strict_inheritance,linked_global,coculture,A2780Naive+A2780cis,30k,1.0,75-25,resistant
9.0,1168.5216666666668,566.86796669572,false,strict_inheritance,linked_global,coculture,A2780Naive+A2780cis,30k,1.0,75-25,resistant
10.0,1358.1716666666664,803.3426472184258,false,strict_inheritance,linked_global,coculture,A2780Naive+A2780cis,30k,1.0,75-25,resistant
11.0,1719.3033333333333,1104.073985321639,false,strict_inheritance,linked_global,coculture,A2780Naive+A2780cis,30k,1.0,75-25,resistant
12.0,1458.7166666666665,1444.245219178328,false,strict_inheritance,linked_global,coculture,A2780Naive+A2780cis,30k,1.0,75-25,resistant
13.0,2386.6633333333334,1786.7205935120548,false,strict_inheritance,linked_global,coculture,A2780Naive+A2780cis,30k,1.0,75-25,resistant
14.0,1738.6666666666667,2096.773267671035,false,strict_inheritance,linked_global,coculture,A2780Naive+A2780cis,30k,1.0,75-25,resistant
0.0,67.0,67.0,true,competitor_scaled,linked_global,monoculture,A2780Naive,20k,0.67,,total
1.0,305.18962200000004,139.44413198814502,false,competitor_scaled,linked_global,monoculture,A2780Naive,20k,0.67,,total
2.0,465.63738433333333,400.2077946450966,false,competitor_scaled,linked_global,monoculture,A2780Naive,20k,0.67,,total
3.0,790.214892,957.5104575182136,false,competitor_scaled,linked_global,monoculture,A2780Naive,20k,0.67,,total
4.0,880.948534,1687.5617663869366,false,competitor_scaled,linked_global,monoculture,A2780Naive,20k,0.67,,total
5.0,1277.0010803333332,2355.390636607709,false,competitor_scaled,linked_global,monoculture,A2780Naive,20k,0.67,,total
6.0,1612.01223,2834.3517163684464,false,competitor_scaled,linked_global,monoculture,A2780Naive,20k,0.67,,total
7.0,2016.4244216666668,3128.9794559286433,false,competitor_scaled,linked_global,monoculture,A2780Naive,20k,0.67,,total
8.0,2081.411111,3294.1572703533616,false,competitor_scaled,linked_global,monoculture,A2780Naive,20k,0.67,,total
9.0,2395.0547066666663,3381.6166048159357,false,competitor_scaled,linked_global,monoculture,A2780Naive,20k,0.67,,total
10.0,2537.1984183333334,3426.152866384808,false,competitor_scaled,linked_global,monoculture,A2780Naive,20k,0.67,,total
11.0,3073.8874999999994,3448.1109798608754,false,competitor_scaled,linked_global,monoculture,A2780Naive,20k,0.67,,total
12.0,3042.368325666667,3458.5779125032172,false,competitor_scaled,linked_global,monoculture,A2780Naive,20k,0.67,,total
13.0,3537.7463733333334,3463.3561532771414,false,competitor_scaled,linked_global,monoculture,A2780Naive,20k,0.67,,total
14.0,3458.3808643333336,3465.3996234121396,false,competitor_scaled,linked_global,monoculture,A2780Naive,20k,0.67,,total
0.0,67.0,67.0,true,competitor_scaled,linked_global,monoculture,A2780Naive,20k,1.0,,total
1.0,164.83707566666666,139.44413198814502,false,competitor_scaled,linked_global,monoculture,A2780Naive,20k,1.0,,total
2.0,310.328588,400.2077946450966,false,competitor_scaled,linked_global,monoculture,A2780Naive,20k,1.0,,total
3.0,498.45925933333325,932.624888868696,false,competitor_scaled,linked_global,monoculture,A2780Naive,20k,1.0,,total
4.0,690.7097223333334,1446.188905859262,false,competitor_scaled,linked_global,monoculture,A2780Naive,20k,1.0,,total
5.0,804.9089893333334,1739.599875919804,false,competitor_scaled,linked_global,monoculture,A2780Naive,20k,1.0,,total
6.0,1188.2886573333333,1844.2018621565205,false,competitor_scaled,linked_global,monoculture,A2780Naive,20k,1.0,,total
7.0,1563.5381556666664,1849.2998258960247,false,competitor_scaled,linked_global,monoculture,A2780Naive,20k,1.0,,total
8.0,1634.130247,1816.6106236446042,false,competitor_scaled,linked_global,monoculture,A2780Naive,20k,1.0,,total
9.0,1556.192554,1776.1984861963767,false,competitor_scaled,linked_global,monoculture,A2780Naive,20k,1.0,,total
10.0,1522.992284,1739.8321617781723,false,competitor_scaled,linked_global,monoculture,A2780Naive,20k,1.0,,total
11.0,1608.247685333333,1710.8149599562616,false,competitor_scaled,linked_global,monoculture,A2780Naive,20k,1.0,,total
12.0,1500.9281636666667,1689.0507120455259,false,competitor_scaled,linked_global,monoculture,A2780Naive,20k,1.0,,total
13.0,2011.2254243333334,1673.3246708522734,false,competitor_scaled,linked_global,monoculture,A2780Naive,20k,1.0,,total
14.0,2445.406712666667,1662.2429874532934,false,competitor_scaled,linked_global,monoculture,A2780Naive,20k,1.0,,total
0.0,67.0,67.0,true,competitor_scaled,linked_global,monoculture,A2780Naive,20k,1.47,,total
1.0,470.381366,139.44413198814502,false,competitor_scaled,linked_global,monoculture,A2780Naive,20k,1.47,,total
2.0,658.348264,400.2077946450966,false,competitor_scaled,linked_global,monoculture,A2780Naive,20k,1.47,,total
3.0,910.885918,894.1135026392028,false,competitor_scaled,linked_global,monoculture,A2780Naive,20k,1.47,,total
4.0,928.761304,1127.1029695510729,false,competitor_scaled,linked_global,monoculture,A2780Naive,20k,1.47,,total
5.0,914.7665896666667,1054.5156863552663,false,competitor_scaled,linked_global,monoculture,A2780Naive,20k,1.47,,total
6.0,867.7298226666667,885.2410635777302,false,competitor_scaled,linked_global,monoculture,A2780Naive,20k,1.47,,total
7.0,681.9129633333333,727.2576578099453,false,competitor_scaled,linked_global,monoculture,A2780Naive,20k,1.47,,total
8.0,481.738503,605.8014402094155,false,competitor_scaled,linked_global,monoculture,A2780Naive,20k,1.47,,total
9.0,333.6756173333333,517.867136580212,false,competitor_scaled,linked_global,monoculture,A2780Naive,20k,1.47,,total
10.0,232.34174399999998,455.1493975230733,false,competitor_scaled,linked_global,monoculture,A2780Naive,20k,1.47,,total
11.0,155.3204476666667,410.33493154699335,false,competitor_scaled,linked_global,monoculture,A2780Naive,20k,1.47,,total
12.0,103.907562,378.0666445443488,false,competitor_scaled,linked_global,monoculture,A2780Naive,20k,1.47,,total
13.0,71.52523133333334,354.6231121489257,false,competitor_scaled,linked_global,monoculture,A2780Naive,20k,1.47,,total
14.0,36.60995366666666,337.44726688620227,false,competitor_scaled,linked_global,monoculture,A2780Naive,20k,1.47,,total
0.0,100.0,100.0,true,competitor_scaled,linked_global,monoculture,A2780Naive,30k,0.67,,total
1.0,507.5015816666667,184.6638111975735,false,competitor_scaled,linked_global,monoculture,A2780Naive,30k,0.67,,total
2.0,801.887693,451.8060255122169,false,competitor_scaled,linked_global,monoculture,A2780Naive,30k,0.67,,total
3.0,1336.278318,974.4076865311226,false,competitor_scaled,linked_global,monoculture,A2780Naive,30k,0.67,,total
4.0,1623.1049383333336,1634.9429956697932,false,competitor_scaled,linked_global,monoculture,A2780Naive,30k,0.67,,total
5.0,2076.8491126666668,2247.329733111324,false,competitor_scaled,linked_global,monoculture,A2780Naive,30k,0.67,,total
6.0,2482.367592666667,2706.9556998485814,false,competitor_scaled,linked_global,monoculture,A2780Naive,30k,0.67,,total
7.0,2895.899845666667,3007.85978599359,false,competitor_scaled,linked_global,monoculture,A2780Naive,30k,0.67,,total
8.0,2949.133024666667,3188.9085654891437,false,competitor_scaled,linked_global,monoculture,A2780Naive,30k,0.67,,total
9.0,3220.295872,3292.383834181598,false,competitor_scaled,linked_global,monoculture,A2780Naive,30k,0.67,,total
10.0,2758.7708333333335,3349.6505255138673,false,competitor_scaled,linked_global,monoculture,A2780Naive,30k,0.67,,total
11.0,3434.9652003333335,3380.660129968825,false,competitor_scaled,linked_global,monoculture,A2780Naive,30k,0.67,,total
12.0,3115.501775,3397.170221732526,false,competitor_scaled,linked_global,monoculture,A2780Naive,30k,0.67,,total
13.0,3633.6489583333337,3405.8258281628714,false,competitor_scaled,linked_global,monoculture,A2780Naive,30k,0.67,,total
14.0,3423.783179,3410.289811843658,false,competitor_scaled,linked_global,monoculture,A2780Naive,30k,0.67,,total
0.0,100.0,100.0,true,competitor_scaled,linked_global,monoculture,A2780Naive,30k,1.0,,total
1.0,277.1990353333333,184.6638111975735,false,competitor_scaled,linked_global,monoculture,A2780Naive,30k,1.0,,total
2.0,512.5472606666666,451.8060255122169,false,competitor_scaled,linked_global,monoculture,A2780Naive,30k,1.0,,total
3.0,810.4685956666666,951.2937120408601,false,competitor_scaled,linked_global,monoculture,A2780Naive,30k,1.0,,total
4.0,1072.5972223333333,1417.7354560520141,false,competitor_scaled,linked_global,monoculture,A2780Naive,30k,1.0,,total
5.0,1220.3375386666667,1691.9054149542822,false,competitor_scaled,linked_global,monoculture,A2780Naive,30k,1.0,,total
6.0,1524.2378856666667,1800.564178068361,false,competitor_scaled,linked_global,monoculture,A2780Naive,30k,1.0,,total
7.0,1784.3173613333336,1817.1301278724452,false,competitor_scaled,linked_global,monoculture,A2780Naive,30k,1.0,,total
8.0,1754.768094,1795.00177115045,false,competitor_scaled,linked_global,monoculture,A2780Naive,30k,1.0,,total
9.0,1630.9435183333335,1762.0589887859892,false,competitor_scaled,linked_global,monoculture,A2780Naive,30k,1.0,,total
10.0,1765.6959490000002,1730.3087245114991,false,competitor_scaled,linked_global,monoculture,A2780Naive,30k,1.0,,total
11.0,1797.057716,1703.85455247917,false,competitor_scaled,linked_global,monoculture,A2780Naive,30k,1.0,,total
12.0,1664.883989,1683.3364228881276,false,competitor_scaled,linked_global,monoculture,A2780Naive,30k,1.0,,total
13.0,1869.5183256666667,1668.0765514442803,false,competitor_scaled,linked_global,monoculture,A2780Naive,30k,1.0,,total
14.0,2521.7536263333336,1657.035110781391,false,competitor_scaled,linked_global,monoculture,A2780Naive,30k,1.0,,total
0.0,100.0,100.0,true,competitor_scaled,linked_global,monoculture,A2780Naive,30k,1.47,,total
1.0,683.0949846666667,184.6638111975735,false,competitor_scaled,linked_global,monoculture,A2780Naive,30k,1.47,,total
2.0,962.59946,451.8060255122169,false,competitor_scaled,linked_global,monoculture,A2780Naive,30k,1.47,,total
3.0,1293.4153163333333,915.418285455152,false,competitor_scaled,linked_global,monoculture,A2780Naive,30k,1.47,,total
4.0,1242.3761956666667,1126.5429419441532,false,competitor_scaled,linked_global,monoculture,A2780Naive,30k,1.47,,total
5.0,1196.6721066666667,1060.7410201532791,false,competitor_scaled,linked_global,monoculture,A2780Naive,30k,1.47,,total
6.0,1151.6981093333334,902.4649053007125,false,competitor_scaled,linked_global,monoculture,A2780Naive,30k,1.47,,total
7.0,908.6366510000001,750.5164753276531,false,competitor_scaled,linked_global,monoculture,A2780Naive,30k,1.47,,total
8.0,684.2957563333333,630.8227161679088,false,competitor_scaled,linked_global,monoculture,A2780Naive,30k,1.47,,total
9.0,451.471335,542.393091988257,false,competitor_scaled,linked_global,monoculture,A2780Naive,30k,1.47,,total
10.0,351.6421293333333,478.2397151210937,false,competitor_scaled,linked_global,monoculture,A2780Naive,30k,1.47,,total
11.0,239.04888100000002,431.71494122284093,false,competitor_scaled,linked_global,monoculture,A2780Naive,30k,1.47,,total
12.0,153.48256166666667,397.75967394563713,false,competitor_scaled,linked_global,monoculture,A2780Naive,30k,1.47,,total
13.0,115.12735333333332,372.77122950044287,false,competitor_scaled,linked_global,monoculture,A2780Naive,30k,1.47,,total
14.0,60.396604999999994,354.2295999605445,false,competitor_scaled,linked_global,monoculture,A2780Naive,30k,1.47,,total
0.0,67.0,67.0,true,competitor_scaled,linked_global,monoculture,A2780cis,20k,0.67,,total
1.0,79.832716,75.98203929299405,false,competitor_scaled,linked_global,monoculture,A2780cis,20k,0.67,,total
2.0,136.68186733333332,107.07175412168176,false,competitor_scaled,linked_global,monoculture,A2780cis,20k,0.67,,total
3.0,256.032137,178.67199262274835,false,competitor_scaled,linked_global,monoculture,A2780cis,20k,0.67,,total
4.0,551.4876543333334,336.23117666431574,false,competitor_scaled,linked_global,monoculture,A2780cis,20k,0.67,,total
5.0,932.248611,671.1380323697649,false,competitor_scaled,linked_global,monoculture,A2780cis,20k,0.67,,total
6.0,1630.1435956666667,1299.8242713763118,false,competitor_scaled,linked_global,monoculture,A2780cis,20k,0.67,,total
7.0,2349.2489583333336,2188.211709690454,false,competitor_scaled,linked_global,monoculture,A2780cis,20k,0.67,,total
8.0,2344.200308666667,2759.560287357426,false,competitor_scaled,linked_global,monoculture,A2780cis,20k,0.67,,total
9.0,3261.814429,3146.8328863773354,false,competitor_scaled,linked_global,monoculture,A2780cis,20k,0.67,,total
10.0,2744.403163333333,3370.3198864805727,false,competitor_scaled,linked_global,monoculture,A2780cis,20k,0.67,,total
11.0,3624.0109566666665,3495.1069130942165,false,competitor_scaled,linked_global,monoculture,A2780cis,20k,0.67,,total
12.0,2656.8393906666665,3569.3369372814564,false,competitor_scaled,linked_global,monoculture,A2780cis,20k,0.67,,total
13.0,3902.5750386666664,3618.050337920885,false,competitor_scaled,linked_global,monoculture,A2780cis,20k,0.67,,total
14.0,2987.771682,3652.7197861694403,false,competitor_scaled,linked_global,monoculture,A2780cis,20k,0.67,,total
0.0,67.0,67.0,true,competitor_scaled,linked_global,monoculture,A2780cis,20k,1.0,,total
1.0,82.57476866666666,75.98203929299405,false,competitor_scaled,linked_global,monoculture,A2780cis,20k,1.0,,total
2.0,153.74926733333334,107.07175412168176,false,competitor_scaled,linked_global,monoculture,A2780cis,20k,1.0,,total
3.0,298.6227236666667,178.67199262274835,false,competitor_scaled,linked_global,monoculture,A2780cis,20k,1.0,,total
4.0,584.2937496666667,336.23117666431574,false,competitor_scaled,linked_global,monoculture,A2780cis,20k,1.0,,total
5.0,1028.8575233333333,671.1380323697649,false,competitor_scaled,linked_global,monoculture,A2780cis,20k,1.0,,total
6.0,1728.4681713333332,1299.8242713763118,false,competitor_scaled,linked_global,monoculture,A2780cis,20k,1.0,,total
7.0,2346.5103780000004,2187.888187486493,false,competitor_scaled,linked_global,monoculture,A2780cis,20k,1.0,,total
8.0,2305.3690973333332,1950.3159794921269,false,competitor_scaled,linked_global,monoculture,A2780cis,20k,1.0,,total
9.0,3049.6326773333335,2466.166122609587,false,competitor_scaled,linked_global,monoculture,A2780cis,20k,1.0,,total
10.0,3134.858873333333,2899.0660597815277,false,competitor_scaled,linked_global,monoculture,A2780cis,20k,1.0,,total
11.0,3720.5385029999998,3135.2749961514496,false,competitor_scaled,linked_global,monoculture,A2780cis,20k,1.0,,total
12.0,2824.6677086666664,3243.8346842007536,false,competitor_scaled,linked_global,monoculture,A2780cis,20k,1.0,,total
13.0,3906.9917053333334,3291.72259472654,false,competitor_scaled,linked_global,monoculture,A2780cis,20k,1.0,,total
14.0,4011.9759260000005,3313.9349323197025,false,competitor_scaled,linked_global,monoculture,A2780cis,20k,1.0,,total
0.0,67.0,67.0,true,competitor_scaled,linked_global,monoculture,A2780cis,20k,1.47,,total
1.0,66.07534733333334,75.98203929299405,false,competitor_scaled,linked_global,monoculture,A2780cis,20k,1.47,,total
2.0,136.019406,107.07175412168176,false,competitor_scaled,linked_global,monoculture,A2780cis,20k,1.47,,total
3.0,262.4119983333333,178.67199262274835,false,competitor_scaled,linked_global,monoculture,A2780cis,20k,1.47,,total
4.0,627.1851849999999,336.23117666431574,false,competitor_scaled,linked_global,monoculture,A2780cis,20k,1.47,,total
5.0,1055.7064813333334,671.1380323697649,false,competitor_scaled,linked_global,monoculture,A2780cis,20k,1.47,,total
6.0,1644.4327546666666,1299.8242713763118,false,competitor_scaled,linked_global,monoculture,A2780cis,20k,1.47,,total
7.0,1888.7926696666666,2187.642545086252,false,competitor_scaled,linked_global,monoculture,A2780cis,20k,1.47,,total
8.0,1640.846373333333,1755.585672260867,false,competitor_scaled,linked_global,monoculture,A2780cis,20k,1.47,,total
9.0,2390.4506556666665,2223.5918846963405,false,competitor_scaled,linked_global,monoculture,A2780cis,20k,1.47,,total
10.0,1885.2126543333334,2576.672829251333,false,competitor_scaled,linked_global,monoculture,A2780cis,20k,1.47,,total
11.0,2693.7878856666666,2783.0286204874064,false,competitor_scaled,linked_global,monoculture,A2780cis,20k,1.47,,total
12.0,2554.914467666667,2891.42675314661,false,competitor_scaled,linked_global,monoculture,A2780cis,20k,1.47,,total
13.0,3229.3090276666667,2947.234971392951,false,competitor_scaled,linked_global,monoculture,A2780cis,20k,1.47,,total
14.0,3171.784760666667,2977.308499490039,false,competitor_scaled,linked_global,monoculture,A2780cis,20k,1.47,,total
0.0,100.0,100.0,true,competitor_scaled,linked_global,monoculture,A2780cis,30k,0.67,,total
1.0,119.12291633333332,113.26221669755026,false,competitor_scaled,linked_global,monoculture,A2780cis,30k,0.67,,total
2.0,208.10995366666666,158.91277459984587,false,competitor_scaled,linked_global,monoculture,A2780cis,30k,0.67,,total
3.0,381.1926696666667,262.5829904339237,false,competitor_scaled,linked_global,monoculture,A2780cis,30k,0.67,,total
4.0,731.6507716666666,483.864973892655,false,competitor_scaled,linked_global,monoculture,A2780cis,30k,0.67,,total
5.0,1291.6760416666666,925.5975784138675,false,competitor_scaled,linked_global,monoculture,A2780cis,30k,0.67,,total
6.0,1980.2315586666666,1664.578054369588,false,competitor_scaled,linked_global,monoculture,A2780cis,30k,0.67,,total
7.0,2670.8478393333335,2548.28605872364,false,competitor_scaled,linked_global,monoculture,A2780cis,30k,0.67,,total
8.0,2545.009915,2965.1617483383,false,competitor_scaled,linked_global,monoculture,A2780cis,30k,0.67,,total
9.0,3548.7987266666664,3237.15538079313,false,competitor_scaled,linked_global,monoculture,A2780cis,30k,0.67,,total
10.0,2897.7104553333334,3401.980243939649,false,competitor_scaled,linked_global,monoculture,A2780cis,30k,0.67,,total
11.0,3797.833449333333,3503.6629400023867,false,competitor_scaled,linked_global,monoculture,A2780cis,30k,0.67,,total
12.0,2884.930285666667,3570.649116613742,false,competitor_scaled,linked_global,monoculture,A2780cis,30k,0.67,,total
13.0,4146.366087666666,3617.8187658316974,false,competitor_scaled,linked_global,monoculture,A2780cis,30k,0.67,,total
14.0,3326.884761,3652.552556774668,false,competitor_scaled,linked_global,monoculture,A2780cis,30k,0.67,,total
0.0,100.0,100.0,true,competitor_scaled,linked_global,monoculture,A2780cis,30k,1.0,,total
1.0,117.62118066666666,113.26221669755026,false,competitor_scaled,linked_global,monoculture,A2780cis,30k,1.0,,total
2.0,206.52970666666667,158.91277459984587,false,competitor_scaled,linked_global,monoculture,A2780cis,30k,1.0,,total
3.0,392.79753066666666,262.5829904339237,false,competitor_scaled,linked_global,monoculture,A2780cis,30k,1.0,,total
4.0,793.1631946666666,483.864973892655,false,competitor_scaled,linked_global,monoculture,A2780cis,30k,1.0,,total
5.0,1328.3501159999998,925.5975784138675,false,competitor_scaled,linked_global,monoculture,A2780cis,30k,1.0,,total
6.0,1947.6582176666668,1664.578054369588,false,competitor_scaled,linked_global,monoculture,A2780cis,30k,1.0,,total
7.0,2594.510609333334,2547.891280179535,false,competitor_scaled,linked_global,monoculture,A2780cis,30k,1.0,,total
8.0,2352.0106483333334,2110.5239815894583,false,competitor_scaled,linked_global,monoculture,A2780cis,30k,1.0,,total
9.0,3220.0850306666666,2567.258378757634,false,competitor_scaled,linked_global,monoculture,A2780cis,30k,1.0,,total
10.0,2953.806751666667,2939.502336841658,false,competitor_scaled,linked_global,monoculture,A2780cis,30k,1.0,,total
11.0,3595.1114196666663,3137.9813579969323,false,competitor_scaled,linked_global,monoculture,A2780cis,30k,1.0,,total
12.0,2534.660455333333,3229.663719902537,false,competitor_scaled,linked_global,monoculture,A2780cis,30k,1.0,,total
13.0,3853.449228666667,3271.244175173196,false,competitor_scaled,linked_global,monoculture,A2780cis,30k,1.0,,total
14.0,4116.669907333334,3291.4047300698903,false,competitor_scaled,linked_global,monoculture,A2780cis,30k,1.0,,total
0.0,100.0,100.0,true,competitor_scaled,linked_global,monoculture,A2780cis,30k,1.47,,total
1.0,73.88472200000001,113.26221669755026,false,competitor_scaled,linked_global,monoculture,A2780cis,30k,1.47,,total
2.0,143.64463766666665,158.91277459984587,false,competitor_scaled,linked_global,monoculture,A2780cis,30k,1.47,,total
3.0,301.875849,262.5829904339237,false,competitor_scaled,linked_global,monoculture,A2780cis,30k,1.47,,total
4.0,670.1066746666667,483.864973892655,false,competitor_scaled,linked_global,monoculture,A2780cis,30k,1.47,,total
5.0,1170.9108796666667,925.5975784138675,false,competitor_scaled,linked_global,monoculture,A2780cis,30k,1.47,,total
6.0,1348.3380016666667,1664.578054369588,false,competitor_scaled,linked_global,monoculture,A2780cis,30k,1.47,,total
7.0,1881.759761,2547.5915379067796,false,competitor_scaled,linked_global,monoculture,A2780cis,30k,1.47,,total
8.0,1606.1887733333333,1907.9208122690231,false,competitor_scaled,linked_global,monoculture,A2780cis,30k,1.47,,total
9.0,2421.258526333333,2312.0427656064853,false,competitor_scaled,linked_global,monoculture,A2780cis,30k,1.47,,total
10.0,1957.2380400000002,2603.753108735906,false,competitor_scaled,linked_global,monoculture,A2780cis,30k,1.47,,total
11.0,2537.103395,2772.5644468290798,false,competitor_scaled,linked_global,monoculture,A2780cis,30k,1.47,,total
12.0,2244.322531,2863.1392903598576,false,competitor_scaled,linked_global,monoculture,A2780cis,30k,1.47,,total
13.0,2827.4429400000004,2911.765823227915,false,competitor_scaled,linked_global,monoculture,A2780cis,30k,1.47,,total
14.0,3433.938387333333,2939.3608055320224,false,competitor_scaled,linked_global,monoculture,A2780cis,30k,1.47,,total
0.0,16.75,16.75,true,competitor_scaled,linked_global,coculture,A2780Naive+A2780cis,20k,1.0,25-75,sensitive
1.0,99.62333333333333,29.904539178782258,false,competitor_scaled,linked_global,coculture,A2780Naive+A2780cis,20k,1.0,25-75,sensitive
2.0,151.64666666666665,85.23859052863268,false,competitor_scaled,linked_global,coculture,A2780Naive+A2780cis,20k,1.0,25-75,sensitive
3.0,256.715,226.5544755315131,false,competitor_scaled,linked_global,coculture,A2780Naive+A2780cis,20k,1.0,25-75,sensitive
4.0,308.39166666666665,424.66619408192355,false,competitor_scaled,linked_global,coculture,A2780Naive+A2780cis,20k,1.0,25-75,sensitive
5.0,458.41,607.937591883483,false,competitor_scaled,linked_global,coculture,A2780Naive+A2780cis,20k,1.0,25-75,sensitive
6.0,443.1983333333333,732.6940616347309,false,competitor_scaled,linked_global,coculture,A2780Naive+A2780cis,20k,1.0,25-75,sensitive
7.0,684.745,794.9774401011939,false,competitor_scaled,linked_global,coculture,A2780Naive+A2780cis,20k,1.0,25-75,sensitive
8.0,381.4466666666667,826.3012927972063,false,competitor_scaled,linked_global,coculture,A2780Naive+A2780cis,20k,1.0,25-75,sensitive
9.0,434.4266666666667,837.0130993396284,false,competitor_scaled,linked_global,coculture,A2780Naive+A2780cis,20k,1.0,25-75,sensitive
10.0,381.8066666666667,827.9047965093331,false,competitor_scaled,linked_global,coculture,A2780Naive+A2780cis,20k,1.0,25-75,sensitive
11.0,827.9266666666667,806.4876056717725,false,competitor_scaled,linked_global,coculture,A2780Naive+A2780cis,20k,1.0,25-75,sensitive
12.0,564.2466666666667,779.5807548594092,false,competitor_scaled,linked_global,coculture,A2780Naive+A2780cis,20k,1.0,25-75,sensitive
13.0,1105.2716666666665,751.7390947818662,false,competitor_scaled,linked_global,coculture,A2780Naive+A2780cis,20k,1.0,25-75,sensitive
14.0,404.80333333333334,725.3832665783077,false,competitor_scaled,linked_global,coculture,A2780Naive+A2780cis,20k,1.0,25-75,sensitive
0.0,50.25,50.25,true,competitor_scaled,linked_global,coculture,A2780Naive+A2780cis,20k,1.0,25-75,resistant
1.0,88.58666666666666,56.962293064663626,false,competitor_scaled,linked_global,coculture,A2780Naive+A2780cis,20k,1.0,25-75,resistant
2.0,143.335,79.90509186713513,false,competitor_scaled,linked_global,coculture,A2780Naive+A2780cis,20k,1.0,25-75,resistant
3.0,247.62666666666667,130.34483579222706,false,competitor_scaled,linked_global,coculture,A2780Naive+A2780cis,20k,1.0,25-75,resistant
4.0,494.3083333333334,230.4503386270536,false,competitor_scaled,linked_global,coculture,A2780Naive+A2780cis,20k,1.0,25-75,resistant
5.0,903.3716666666666,414.70062518701167,false,competitor_scaled,linked_global,coculture,A2780Naive+A2780cis,20k,1.0,25-75,resistant
6.0,1360.0966666666666,722.3844664249575,false,competitor_scaled,linked_global,coculture,A2780Naive+A2780cis,20k,1.0,25-75,resistant
7.0,2438.3766666666666,1165.178285554378,false,competitor_scaled,linked_global,coculture,A2780Naive+A2780cis,20k,1.0,25-75,resistant
8.0,1945.3233333333335,1053.387703851363,false,competitor_scaled,linked_global,coculture,A2780Naive+A2780cis,20k,1.0,25-75,resistant
9.0,3250.286666666667,1326.6972413210788,false,competitor_scaled,linked_global,coculture,A2780Naive+A2780cis,20k,1.0,25-75,resistant
10.0,3135.64,1661.8121521689895,false,competitor_scaled,linked_global,coculture,A2780Naive+A2780cis,20k,1.0,25-75,resistant
11.0,3987.5866666666666,1947.2797049159474,false,competitor_scaled,linked_global,coculture,A2780Naive+A2780cis,20k,1.0,25-75,resistant
12.0,2308.2483333333334,2153.633817653655,false,competitor_scaled,linked_global,coculture,A2780Naive+A2780cis,20k,1.0,25-75,resistant
13.0,3826.773333333333,2292.18275716952,false,competitor_scaled,linked_global,coculture,A2780Naive+A2780cis,20k,1.0,25-75,resistant
14.0,2159.3716666666664,2384.541763683798,false,competitor_scaled,linked_global,coculture,A2780Naive+A2780cis,20k,1.0,25-75,resistant
0.0,33.5,33.5,true,competitor_scaled,linked_global,coculture,A2780Naive+A2780cis,20k,1.0,50-50,sensitive
1.0,154.28,58.53711323635011,false,competitor_scaled,linked_global,coculture,A2780Naive+A2780cis,20k,1.0,50-50,sensitive
2.0,285.20666666666665,156.63147393329152,false,competitor_scaled,linked_global,coculture,A2780Naive+A2780cis,20k,1.0,50-50,sensitive
3.0,425.075,376.52813517476767,false,competitor_scaled,linked_global,coculture,A2780Naive+A2780cis,20k,1.0,50-50,sensitive
4.0,562.615,633.1135970860108,false,competitor_scaled,linked_global,coculture,A2780Naive+A2780cis,20k,1.0,50-50,sensitive
5.0,850.4516666666667,826.8030370742129,false,competitor_scaled,linked_global,coculture,A2780Naive+A2780cis,20k,1.0,50-50,sensitive
6.0,932.2550000000001,932.4453493464114,false,competitor_scaled,linked_global,coculture,A2780Naive+A2780cis,20k,1.0,50-50,sensitive
7.0,1392.045,969.6648649990121,false,competitor_scaled,linked_global,coculture,A2780Naive+A2780cis,20k,1.0,50-50,sensitive
8.0,999.73,974.7848552558328,false,competitor_scaled,linked_global,coculture,A2780Naive+A2780cis,20k,1.0,50-50,sensitive
9.0,1287.6316666666664,963.0324283805743,false,competitor_scaled,linked_global,coculture,A2780Naive+A2780cis,20k,1.0,50-50,sensitive
10.0,1285.185,937.5479000843505,false,competitor_scaled,linked_global,coculture,A2780Naive+A2780cis,20k,1.0,50-50,sensitive
11.0,1589.9216666666669,903.2538285693935,false,competitor_scaled,linked_global,coculture,A2780Naive+A2780cis,20k,1.0,50-50,sensitive
12.0,1183.66,864.7615064831904,false,competitor_scaled,linked_global,coculture,A2780Naive+A2780cis,20k,1.0,50-50,sensitive
13.0,1283.0133333333333,825.9504449357509,false,competitor_scaled,linked_global,coculture,A2780Naive+A2780cis,20k,1.0,50-50,sensitive
14.0,1010.3066666666667,789.443408595484,false,competitor_scaled,linked_global,coculture,A2780Naive+A2780cis,20k,1.0,50-50,sensitive
0.0,33.5,33.5,true,competitor_scaled,linked_global,coculture,A2780Naive+A2780cis,20k,1.0,50-50,resistant
1.0,51.281666666666666,37.9598333492369,false,competitor_scaled,linked_global,coculture,A2780Naive+A2780cis,20k,1.0,50-50,resistant
2.0,89.81333333333333,53.04853388842633,false,competitor_scaled,linked_global,coculture,A2780Naive+A2780cis,20k,1.0,50-50,resistant
3.0,141.95833333333334,85.22649702519399,false,competitor_scaled,linked_global,coculture,A2780Naive+A2780cis,20k,1.0,50-50,resistant
4.0,269.67333333333335,146.12666479714926,false,competitor_scaled,linked_global,coculture,A2780Naive+A2780cis,20k,1.0,50-50,resistant
5.0,503.14333333333326,254.5147060676742,false,competitor_scaled,linked_global,coculture,A2780Naive+A2780cis,20k,1.0,50-50,resistant
6.0,640.2366666666667,438.5520253263959,false,competitor_scaled,linked_global,coculture,A2780Naive+A2780cis,20k,1.0,50-50,resistant
7.0,1228.7583333333334,729.9949048894356,false,competitor_scaled,linked_global,coculture,A2780Naive+A2780cis,20k,1.0,50-50,resistant
8.0,1159.7433333333333,697.8012553987323,false,competitor_scaled,linked_global,coculture,A2780Naive+A2780cis,20k,1.0,50-50,resistant
9.0,2141.5383333333334,929.9763286626685,false,competitor_scaled,linked_global,coculture,A2780Naive+A2780cis,20k,1.0,50-50,resistant
10.0,2331.901666666666,1257.664920698452,false,competitor_scaled,linked_global,coculture,A2780Naive+A2780cis,20k,1.0,50-50,resistant
11.0,3319.126666666667,1593.4175093157496,false,competitor_scaled,linked_global,coculture,A2780Naive+A2780cis,20k,1.0,50-50,resistant
12.0,1939.1216666666667,1878.1477504496881,false,competitor_scaled,linked_global,coculture,A2780Naive+A2780cis,20k,1.0,50-50,resistant
13.0,3037.8416666666667,2090.3456595515063,false,competitor_scaled,linked_global,coculture,A2780Naive+A2780cis,20k,1.0,50-50,resistant
14.0,1923.26,2238.123227968598,false,competitor_scaled,linked_global,coculture,A2780Naive+A2780cis,20k,1.0,50-50,resistant
0.0,50.25,50.25,true,competitor_scaled,linked_global,coculture,A2780Naive+A2780cis,20k,1.0,75-25,sensitive
1.0,216.94833333333335,86.24191939150366,false,competitor_scaled,linked_global,coculture,A2780Naive+A2780cis,20k,1.0,75-25,sensitive
2.0,395.03833333333336,220.2049786977799,false,competitor_scaled,linked_global,coculture,A2780Naive+A2780cis,20k,1.0,75-25,sensitive
3.0,575.9033333333333,495.339008155936,false,competitor_scaled,linked_global,coculture,A2780Naive+A2780cis,20k,1.0,75-25,sensitive
4.0,750.965,779.4843805874284,false,competitor_scaled,linked_global,coculture,A2780Naive+A2780cis,20k,1.0,75-25,sensitive
5.0,1098.7666666666667,965.6354625154055,false,competitor_scaled,linked_global,coculture,A2780Naive+A2780cis,20k,1.0,75-25,sensitive
6.0,1222.9466666666665,1050.240863240715,false,competitor_scaled,linked_global,coculture,A2780Naive+A2780cis,20k,1.0,75-25,sensitive
7.0,1636.885,1069.1750498593813,false,competitor_scaled,linked_global,coculture,A2780Naive+A2780cis,20k,1.0,75-25,sensitive
8.0,1417.09,1058.8826334371884,false,competitor_scaled,linked_global,coculture,A2780Naive+A2780cis,20k,1.0,75-25,sensitive
9.0,1830.3733333333337,1036.3484067354734,false,competitor_scaled,linked_global,coculture,A2780Naive+A2780cis,20k,1.0,75-25,sensitive
10.0,2137.61,1006.0112371445033,false,competitor_scaled,linked_global,coculture,A2780Naive+A2780cis,20k,1.0,75-25,sensitive
11.0,2132.978333333333,969.94193796206,false,competitor_scaled,linked_global,coculture,A2780Naive+A2780cis,20k,1.0,75-25,sensitive
12.0,1500.195,929.4884397546838,false,competitor_scaled,linked_global,coculture,A2780Naive+A2780cis,20k,1.0,75-25,sensitive
13.0,1762.6516666666669,886.7659095108042,false,competitor_scaled,linked_global,coculture,A2780Naive+A2780cis,20k,1.0,75-25,sensitive
14.0,1454.5266666666666,844.5105069263915,false,competitor_scaled,linked_global,coculture,A2780Naive+A2780cis,20k,1.0,75-25,sensitive
0.0,16.75,16.75,true,competitor_scaled,linked_global,coculture,A2780Naive+A2780cis,20k,1.0,75-25,resistant
1.0,26.93166666666667,18.972799590915834,false,competitor_scaled,linked_global,coculture,A2780Naive+A2780cis,20k,1.0,75-25,resistant
2.0,42.105,26.42693599617204,false,competitor_scaled,linked_global,coculture,A2780Naive+A2780cis,20k,1.0,75-25,resistant
3.0,64.44166666666668,41.95463902472194,false,competitor_scaled,linked_global,coculture,A2780Naive+A2780cis,20k,1.0,75-25,resistant
4.0,128.0016666666667,70.46994273918821,false,competitor_scaled,linked_global,coculture,A2780Naive+A2780cis,20k,1.0,75-25,resistant
5.0,186.15166666666664,120.70132816058003,false,competitor_scaled,linked_global,coculture,A2780Naive+A2780cis,20k,1.0,75-25,resistant
6.0,262.3983333333333,208.80533153745506,false,competitor_scaled,linked_global,coculture,A2780Naive+A2780cis,20k,1.0,75-25,resistant
7.0,430.875,361.9810355797106,false,competitor_scaled,linked_global,coculture,A2780Naive+A2780cis,20k,1.0,75-25,resistant
8.0,525.69,368.8812040334652,false,competitor_scaled,linked_global,coculture,A2780Naive+A2780cis,20k,1.0,75-25,resistant
9.0,900.48,529.3728739256759,false,competitor_scaled,linked_global,coculture,A2780Naive+A2780cis,20k,1.0,75-25,resistant
10.0,1261.5033333333333,793.1689133427144,false,competitor_scaled,linked_global,coculture,A2780Naive+A2780cis,20k,1.0,75-25,resistant
11.0,1896.801666666667,1129.8310779243,false,competitor_scaled,linked_global,coculture,A2780Naive+A2780cis,20k,1.0,75-25,resistant
12.0,1271.0700000000004,1484.747495148377,false,competitor_scaled,linked_global,coculture,A2780Naive+A2780cis,20k,1.0,75-25,resistant
13.0,2274.6516666666666,1797.0982341586475,false,competitor_scaled,linked_global,coculture,A2780Naive+A2780cis,20k,1.0,75-25,resistant
14.0,1507.9783333333335,2035.1298571070147,false,competitor_scaled,linked_global,coculture,A2780Naive+A2780cis,20k,1.0,75-25,resistant
0.0,25.0,25.0,true,competitor_scaled,linked_global,coculture,A2780Naive+A2780cis,30k,1.0,25-75,sensitive
1.0,92.28666666666668,39.2022126870858,false,competitor_scaled,linked_global,coculture,A2780Naive+A2780cis,30k,1.0,25-75,sensitive
2.0,166.93666666666667,92.28094683975235,false,competitor_scaled,linked_global,coculture,A2780Naive+A2780cis,30k,1.0,25-75,sensitive
3.0,254.01833333333335,211.89909472743577,false,competitor_scaled,linked_global,coculture,A2780Naive+A2780cis,30k,1.0,25-75,sensitive
4.0,304.3333333333333,365.8832821994522,false,competitor_scaled,linked_global,coculture,A2780Naive+A2780cis,30k,1.0,25-75,sensitive
5.0,467.26833333333326,502.95862924836354,false,competitor_scaled,linked_global,coculture,A2780Naive+A2780cis,30k,1.0,25-75,sensitive
6.0,478.9883333333334,594.2232558625306,false,competitor_scaled,linked_global,coculture,A2780Naive+A2780cis,30k,1.0,25-75,sensitive
7.0,644.6283333333333,636.8059146336767,false,competitor_scaled,linked_global,coculture,A2780Naive+A2780cis,30k,1.0,25-75,sensitive
8.0,433.00666666666666,661.8952867976349,false,competitor_scaled,linked_global,coculture,A2780Naive+A2780cis,30k,1.0,25-75,sensitive
9.0,360.13166666666666,673.36695004337,false,competitor_scaled,linked_global,coculture,A2780Naive+A2780cis,30k,1.0,25-75,sensitive
10.0,420.3900000000001,667.2450932564527,false,competitor_scaled,linked_global,coculture,A2780Naive+A2780cis,30k,1.0,25-75,sensitive
11.0,492.47499999999997,649.7461789268478,false,competitor_scaled,linked_global,coculture,A2780Naive+A2780cis,30k,1.0,25-75,sensitive
12.0,788.84,626.9086425260032,false,competitor_scaled,linked_global,coculture,A2780Naive+A2780cis,30k,1.0,25-75,sensitive
13.0,1077.7166666666667,602.6438072892458,false,competitor_scaled,linked_global,coculture,A2780Naive+A2780cis,30k,1.0,25-75,sensitive
14.0,921.545,578.9937159032329,false,competitor_scaled,linked_global,coculture,A2780Naive+A2780cis,30k,1.0,25-75,sensitive
0.0,75.0,75.0,true,competitor_scaled,linked_global,coculture,A2780Naive+A2780cis,30k,1.0,25-75,resistant
1.0,87.41333333333334,84.88508087379446,false,competitor_scaled,linked_global,coculture,A2780Naive+A2780cis,30k,1.0,25-75,resistant
2.0,146.07000000000002,118.42437433088128,false,competitor_scaled,linked_global,coculture,A2780Naive+A2780cis,30k,1.0,25-75,resistant
3.0,261.51,191.1017591612386,false,competitor_scaled,linked_global,coculture,A2780Naive+A2780cis,30k,1.0,25-75,resistant
4.0,490.7949999999999,332.44705087782904,false,competitor_scaled,linked_global,coculture,A2780Naive+A2780cis,30k,1.0,25-75,resistant
5.0,872.2133333333333,584.2917685711212,false,competitor_scaled,linked_global,coculture,A2780Naive+A2780cis,30k,1.0,25-75,resistant
6.0,1398.1966666666667,979.919822704632,false,competitor_scaled,linked_global,coculture,A2780Naive+A2780cis,30k,1.0,25-75,resistant
7.0,2656.3349999999996,1493.3478993847855,false,competitor_scaled,linked_global,coculture,A2780Naive+A2780cis,30k,1.0,25-75,resistant
8.0,2187.6316666666667,1268.1864165810537,false,competitor_scaled,linked_global,coculture,A2780Naive+A2780cis,30k,1.0,25-75,resistant
9.0,3209.313333333333,1538.212490591651,false,competitor_scaled,linked_global,coculture,A2780Naive+A2780cis,30k,1.0,25-75,resistant
10.0,3193.9033333333336,1848.9378564835893,false,competitor_scaled,linked_global,coculture,A2780Naive+A2780cis,30k,1.0,25-75,resistant
11.0,3624.1133333333332,2093.1589154140647,false,competitor_scaled,linked_global,coculture,A2780Naive+A2780cis,30k,1.0,25-75,resistant
12.0,2743.473333333334,2261.4030208539857,false,competitor_scaled,linked_global,coculture,A2780Naive+A2780cis,30k,1.0,25-75,resistant
13.0,3918.6783333333333,2373.677690916037,false,competitor_scaled,linked_global,coculture,A2780Naive+A2780cis,30k,1.0,25-75,resistant
14.0,3231.2383333333332,2450.9583950844126,false,competitor_scaled,linked_global,coculture,A2780Naive+A2780cis,30k,1.0,25-75,resistant
0.0,50.0,50.0,true,competitor_scaled,linked_global,coculture,A2780Naive+A2780cis,30k,1.0,50-50,sensitive
1.0,165.45833333333334,77.06562165294696,false,competitor_scaled,linked_global,coculture,A2780Naive+A2780cis,30k,1.0,50-50,sensitive
2.0,282.01500000000004,172.67078689382475,false,competitor_scaled,linked_global,coculture,A2780Naive+A2780cis,30k,1.0,50-50,sensitive
3.0,432.8383333333333,365.8198705618999,false,competitor_scaled,linked_global,coculture,A2780Naive+A2780cis,30k,1.0,50-50,sensitive
4.0,607.8166666666667,577.4957199940606,false,competitor_scaled,linked_global,coculture,A2780Naive+A2780cis,30k,1.0,50-50,sensitive
5.0,879.0050000000001,735.1804370508175,false,competitor_scaled,linked_global,coculture,A2780Naive+A2780cis,30k,1.0,50-50,sensitive
6.0,947.1116666666667,822.0502422804382,false,competitor_scaled,linked_global,coculture,A2780Naive+A2780cis,30k,1.0,50-50,sensitive
7.0,1412.7849999999999,851.6787401616759,false,competitor_scaled,linked_global,coculture,A2780Naive+A2780cis,30k,1.0,50-50,sensitive
8.0,1018.185,857.5053773160786,false,competitor_scaled,linked_global,coculture,A2780Naive+A2780cis,30k,1.0,50-50,sensitive
9.0,1172.4866666666667,849.2998488507873,false,competitor_scaled,linked_global,coculture,A2780Naive+A2780cis,30k,1.0,50-50,sensitive
10.0,1294.5683333333334,826.5362417539135,false,competitor_scaled,linked_global,coculture,A2780Naive+A2780cis,30k,1.0,50-50,sensitive
11.0,1082.5033333333333,794.07278779189,false,competitor_scaled,linked_global,coculture,A2780Naive+A2780cis,30k,1.0,50-50,sensitive
12.0,1456.9150000000002,756.879236179535,false,competitor_scaled,linked_global,coculture,A2780Naive+A2780cis,30k,1.0,50-50,sensitive
13.0,1700.3266666666666,718.8443040802299,false,competitor_scaled,linked_global,coculture,A2780Naive+A2780cis,30k,1.0,50-50,sensitive
14.0,1370.07,682.4133449039317,false,competitor_scaled,linked_global,coculture,A2780Naive+A2780cis,30k,1.0,50-50,sensitive
0.0,50.0,50.0,true,competitor_scaled,linked_global,coculture,A2780Naive+A2780cis,30k,1.0,50-50,resistant
1.0,53.36166666666666,56.55113614396748,false,competitor_scaled,linked_global,coculture,A2780Naive+A2780cis,30k,1.0,50-50,resistant
2.0,85.83833333333332,78.51160344212578,false,competitor_scaled,linked_global,coculture,A2780Naive+A2780cis,30k,1.0,50-50,resistant
3.0,136.93666666666667,124.54474396185185,false,competitor_scaled,linked_global,coculture,A2780Naive+A2780cis,30k,1.0,50-50,resistant
4.0,278.0416666666667,209.7870991327597,false,competitor_scaled,linked_global,coculture,A2780Naive+A2780cis,30k,1.0,50-50,resistant
5.0,439.5783333333333,356.9141667877452,false,competitor_scaled,linked_global,coculture,A2780Naive+A2780cis,30k,1.0,50-50,resistant
6.0,738.2216666666667,594.24440235207,false,competitor_scaled,linked_global,coculture,A2780Naive+A2780cis,30k,1.0,50-50,resistant
7.0,1333.6733333333334,940.9257959483524,false,competitor_scaled,linked_global,coculture,A2780Naive+A2780cis,30k,1.0,50-50,resistant
8.0,1333.7316666666666,845.7500600030771,false,competitor_scaled,linked_global,coculture,A2780Naive+A2780cis,30k,1.0,50-50,resistant
9.0,2235.375,1076.6160021578064,false,competitor_scaled,linked_global,coculture,A2780Naive+A2780cis,30k,1.0,50-50,resistant
10.0,2239.6666666666665,1386.3560289860272,false,competitor_scaled,linked_global,coculture,A2780Naive+A2780cis,30k,1.0,50-50,resistant
11.0,2711.556666666667,1683.590439086459,false,competitor_scaled,linked_global,coculture,A2780Naive+A2780cis,30k,1.0,50-50,resistant
12.0,2136.7833333333333,1926.6579495226945,false,competitor_scaled,linked_global,coculture,A2780Naive+A2780cis,30k,1.0,50-50,resistant
13.0,3352.3216666666667,2108.224390964331,false,competitor_scaled,linked_global,coculture,A2780Naive+A2780cis,30k,1.0,50-50,resistant
14.0,2315.278333333333,2239.4310889308094,false,competitor_scaled,linked_global,coculture,A2780Naive+A2780cis,30k,1.0,50-50,resistant
0.0,75.0,75.0,true,competitor_scaled,linked_global,coculture,A2780Naive+A2780cis,30k,1.0,75-25,sensitive
1.0,218.08333333333334,113.89554360683482,false,competitor_scaled,linked_global,coculture,A2780Naive+A2780cis,30k,1.0,75-25,sensitive
2.0,356.52833333333336,245.63519038351856,false,competitor_scaled,linked_global,coculture,A2780Naive+A2780cis,30k,1.0,75-25,sensitive
3.0,545.945,492.17554246748904,false,competitor_scaled,linked_global,coculture,A2780Naive+A2780cis,30k,1.0,75-25,sensitive
4.0,755.7766666666666,733.4381385934848,false,competitor_scaled,linked_global,coculture,A2780Naive+A2780cis,30k,1.0,75-25,sensitive
5.0,1013.1566666666666,890.8800897605832,false,competitor_scaled,linked_global,coculture,A2780Naive+A2780cis,30k,1.0,75-25,sensitive
6.0,1191.6316666666664,964.6065070192045,false,competitor_scaled,linked_global,coculture,A2780Naive+A2780cis,30k,1.0,75-25,sensitive
7.0,1758.6866666666667,981.8831059886464,false,competitor_scaled,linked_global,coculture,A2780Naive+A2780cis,30k,1.0,75-25,sensitive
8.0,1400.4566666666667,974.3842335955705,false,competitor_scaled,linked_global,coculture,A2780Naive+A2780cis,30k,1.0,75-25,sensitive
9.0,1660.7133333333334,955.126671961244,false,competitor_scaled,linked_global,coculture,A2780Naive+A2780cis,30k,1.0,75-25,sensitive
10.0,2107.1266666666666,926.2170284897683,false,competitor_scaled,linked_global,coculture,A2780Naive+A2780cis,30k,1.0,75-25,sensitive
11.0,1744.1750000000002,889.9361643376814,false,competitor_scaled,linked_global,coculture,A2780Naive+A2780cis,30k,1.0,75-25,sensitive
12.0,1827.7083333333333,848.4247900214588,false,competitor_scaled,linked_global,coculture,A2780Naive+A2780cis,30k,1.0,75-25,sensitive
13.0,1923.9083333333335,804.3099166197175,false,competitor_scaled,linked_global,coculture,A2780Naive+A2780cis,30k,1.0,75-25,sensitive
14.0,1647.07,760.3503639116317,false,competitor_scaled,linked_global,coculture,A2780Naive+A2780cis,30k,1.0,75-25,sensitive
0.0,25.0,25.0,true,competitor_scaled,linked_global,coculture,A2780Naive+A2780cis,30k,1.0,75-25,resistant
1.0,28.45,28.25690986522012,false,competitor_scaled,linked_global,coculture,A2780Naive+A2780cis,30k,1.0,75-25,resistant
2.0,45.685,39.059585646536405,false,competitor_scaled,linked_global,coculture,A2780Naive+A2780cis,30k,1.0,75-25,resistant
3.0,72.71833333333332,61.114375522350954,false,competitor_scaled,linked_global,coculture,A2780Naive+A2780cis,30k,1.0,75-25,resistant
4.0,127.53333333333332,100.6568244784032,false,competitor_scaled,linked_global,coculture,A2780Naive+A2780cis,30k,1.0,75-25,resistant
5.0,211.36,168.32438749675197,false,competitor_scaled,linked_global,coculture,A2780Naive+A2780cis,30k,1.0,75-25,resistant
6.0,311.8583333333333,282.2789609998751,false,competitor_scaled,linked_global,coculture,A2780Naive+A2780cis,30k,1.0,75-25,resistant
7.0,585.2883333333333,469.4065295247359,false,competitor_scaled,linked_global,coculture,A2780Naive+A2780cis,30k,1.0,75-25,resistant
8.0,720.1316666666667,452.7773507700488,false,competitor_scaled,linked_global,coculture,A2780Naive+A2780cis,30k,1.0,75-25,resistant
9.0,1168.5216666666668,620.2507229265473,false,competitor_scaled,linked_global,coculture,A2780Naive+A2780cis,30k,1.0,75-25,resistant
10.0,1358.1716666666664,882.6444126104991,false,competitor_scaled,linked_global,coculture,A2780Naive+A2780cis,30k,1.0,75-25,resistant
11.0,1719.3033333333333,1197.0296993089007,false,competitor_scaled,linked_global,coculture,A2780Naive+A2780cis,30k,1.0,75-25,resistant
12.0,1458.7166666666665,1513.7417103165346,false,competitor_scaled,linked_global,coculture,A2780Naive+A2780cis,30k,1.0,75-25,resistant
13.0,2386.6633333333334,1788.6045417561359,false,competitor_scaled,linked_global,coculture,A2780Naive+A2780cis,30k,1.0,75-25,resistant
14.0,1738.6666666666667,2002.3718605217769,false,competitor_scaled,linked_global,coculture,A2780Naive+A2780cis,30k,1.0,75-25,resistant
0.0,67.0,67.0,true,load_scaled,linked_global,monoculture,A2780Naive,20k,0.67,,total
1.0,305.18962200000004,139.444131994554,false,load_scaled,linked_global,monoculture,A2780Naive,20k,0.67,,total
2.0,465.63738433333333,400.20779465973897,false,load_scaled,linked_global,monoculture,A2780Naive,20k,0.67,,total
3.0,790.214892,956.1134408669708,false,load_scaled,linked_global,monoculture,A2780Naive,20k,0.67,,total
4.0,880.948534,1676.1759014519284,false,load_scaled,linked_global,monoculture,A2780Naive,20k,0.67,,total
5.0,1277.0010803333332,2326.082075461138,false,load_scaled,linked_global,monoculture,A2780Naive,20k,0.67,,total
6.0,1612.01223,2786.024529823022,false,load_scaled,linked_global,monoculture,A2780Naive,20k,0.67,,total
7.0,2016.4244216666668,3065.263864085345,false,load_scaled,linked_global,monoculture,A2780Naive,20k,0.67,,total
8.0,2081.411111,3219.638977253432,false,load_scaled,linked_global,monoculture,A2780Naive,20k,0.67,,total
9.0,2395.0547066666663,3300.0370541242714,false,load_scaled,linked_global,monoculture,A2780Naive,20k,0.67,,total
10.0,2537.1984183333334,3340.108699807355,false,load_scaled,linked_global,monoculture,A2780Naive,20k,0.67,,total
11.0,3073.8874999999994,3359.2817519428118,false,load_scaled,linked_global,monoculture,A2780Naive,20k,0.67,,total
12.0,3042.368325666667,3368.0178809222402,false,load_scaled,linked_global,monoculture,A2780Naive,20k,0.67,,total
13.0,3537.7463733333334,3371.719954867732,false,load_scaled,linked_global,monoculture,A2780Naive,20k,0.67,,total
14.0,3458.3808643333336,3373.0929758190764,false,load_scaled,linked_global,monoculture,A2780Naive,20k,0.67,,total
0.0,67.0,67.0,true,load_scaled,linked_global,monoculture,A2780Naive,20k,1.0,,total
1.0,164.83707566666666,139.444131994554,false,load_scaled,linked_global,monoculture,A2780Naive,20k,1.0,,total
2.0,310.328588,400.20779465973897,false,load_scaled,linked_global,monoculture,A2780Naive,20k,1.0,,total
3.0,498.45925933333325,927.6699736740078,false,load_scaled,linked_global,monoculture,A2780Naive,20k,1.0,,total
4.0,690.7097223333334,1413.162913885879,false,load_scaled,linked_global,monoculture,A2780Naive,20k,1.0,,total
5.0,804.9089893333334,1666.8709924172492,false,load_scaled,linked_global,monoculture,A2780Naive,20k,1.0,,total
6.0,1188.2886573333333,1737.036927249667,false,load_scaled,linked_global,monoculture,A2780Naive,20k,1.0,,total
7.0,1563.5381556666664,1717.9644516283872,false,load_scaled,linked_global,monoculture,A2780Naive,20k,1.0,,total
8.0,1634.130247,1669.6398962369783,false,load_scaled,linked_global,monoculture,A2780Naive,20k,1.0,,total
9.0,1556.192554,1619.283788562675,false,load_scaled,linked_global,monoculture,A2780Naive,20k,1.0,,total
10.0,1522.992284,1576.5039992801692,false,load_scaled,linked_global,monoculture,A2780Naive,20k,1.0,,total
11.0,1608.247685333333,1543.242053225061,false,load_scaled,linked_global,monoculture,A2780Naive,20k,1.0,,total
12.0,1500.9281636666667,1518.592922679045,false,load_scaled,linked_global,monoculture,A2780Naive,20k,1.0,,total
13.0,2011.2254243333334,1500.8636964566622,false,load_scaled,linked_global,monoculture,A2780Naive,20k,1.0,,total
14.0,2445.406712666667,1488.3707572410187,false,load_scaled,linked_global,monoculture,A2780Naive,20k,1.0,,total
0.0,67.0,67.0,true,load_scaled,linked_global,monoculture,A2780Naive,20k,1.47,,total
1.0,470.381366,139.444131994554,false,load_scaled,linked_global,monoculture,A2780Naive,20k,1.47,,total
2.0,658.348264,400.20779465973897,false,load_scaled,linked_global,monoculture,A2780Naive,20k,1.47,,total
3.0,910.885918,885.3204752951245,false,load_scaled,linked_global,monoculture,A2780Naive,20k,1.47,,total
4.0,928.761304,1082.5407846300864,false,load_scaled,linked_global,monoculture,A2780Naive,20k,1.47,,total
5.0,914.7665896666667,978.2005990370176,false,load_scaled,linked_global,monoculture,A2780Naive,20k,1.47,,total
6.0,867.7298226666667,794.0157074357161,false,load_scaled,linked_global,monoculture,A2780Naive,20k,1.47,,total
7.0,681.9129633333333,632.4232155680659,false,load_scaled,linked_global,monoculture,A2780Naive,20k,1.47,,total
8.0,481.738503,512.2856664435602,false,load_scaled,linked_global,monoculture,A2780Naive,20k,1.47,,total
9.0,333.6756173333333,427.1474809461789,false,load_scaled,linked_global,monoculture,A2780Naive,20k,1.47,,total
10.0,232.34174399999998,367.2476598555651,false,load_scaled,linked_global,monoculture,A2780Naive,20k,1.47,,total
11.0,155.3204476666667,324.7759836971712,false,load_scaled,linked_global,monoculture,A2780Naive,20k,1.47,,total
12.0,103.907562,294.27955188857,false,load_scaled,linked_global,monoculture,A2780Naive,20k,1.47,,total
13.0,71.52523133333334,272.0903667662601,false,load_scaled,linked_global,monoculture,A2780Naive,20k,1.47,,total
14.0,36.60995366666666,255.74838085102203,false,load_scaled,linked_global,monoculture,A2780Naive,20k,1.47,,total
0.0,100.0,100.0,true,load_scaled,linked_global,monoculture,A2780Naive,30k,0.67,,total
1.0,507.5015816666667,184.66381120437984,false,load_scaled,linked_global,monoculture,A2780Naive,30k,0.67,,total
2.0,801.887693,451.8060255255806,false,load_scaled,linked_global,monoculture,A2780Naive,30k,0.67,,total
3.0,1336.278318,973.1104835538212,false,load_scaled,linked_global,monoculture,A2780Naive,30k,0.67,,total
4.0,1623.1049383333336,1624.7369782489034,false,load_scaled,linked_global,monoculture,A2780Naive,30k,0.67,,total
5.0,2076.8491126666668,2221.050757049586,false,load_scaled,linked_global,monoculture,A2780Naive,30k,0.67,,total
6.0,2482.367592666667,2662.9708188526906,false,load_scaled,linked_global,monoculture,A2780Naive,30k,0.67,,total
7.0,2895.899845666667,2948.846588625104,false,load_scaled,linked_global,monoculture,A2780Naive,30k,0.67,,total
8.0,2949.133024666667,3118.8513030709078,false,load_scaled,linked_global,monoculture,A2780Naive,30k,0.67,,total
9.0,3220.295872,3214.824426560508,false,load_scaled,linked_global,monoculture,A2780Naive,30k,0.67,,total
10.0,2758.7708333333335,3267.203011409435,false,load_scaled,linked_global,monoculture,A2780Naive,30k,0.67,,total
11.0,3434.9652003333335,3295.0941719083808,false,load_scaled,linked_global,monoculture,A2780Naive,30k,0.67,,total
12.0,3115.501775,3309.634392587672,false,load_scaled,linked_global,monoculture,A2780Naive,30k,0.67,,total
13.0,3633.6489583333337,3317.050670333132,false,load_scaled,linked_global,monoculture,A2780Naive,30k,0.67,,total
14.0,3423.783179,3320.735831281781,false,load_scaled,linked_global,monoculture,A2780Naive,30k,0.67,,total
0.0,100.0,100.0,true,load_scaled,linked_global,monoculture,A2780Naive,30k,1.0,,total
1.0,277.1990353333333,184.66381120437984,false,load_scaled,linked_global,monoculture,A2780Naive,30k,1.0,,total
2.0,512.5472606666666,451.8060255255806,false,load_scaled,linked_global,monoculture,A2780Naive,30k,1.0,,total
3.0,810.4685956666666,946.6806163469145,false,load_scaled,linked_global,monoculture,A2780Naive,30k,1.0,,total
4.0,1072.5972223333333,1387.784365348935,false,load_scaled,linked_global,monoculture,A2780Naive,30k,1.0,,total
5.0,1220.3375386666667,1625.5865296127326,false,load_scaled,linked_global,monoculture,A2780Naive,30k,1.0,,total
6.0,1524.2378856666667,1701.3711717635756,false,load_scaled,linked_global,monoculture,A2780Naive,30k,1.0,,total
7.0,1784.3173613333336,1693.7393666540424,false,load_scaled,linked_global,monoculture,A2780Naive,30k,1.0,,total
8.0,1754.768094,1655.2604072486909,false,load_scaled,linked_global,monoculture,A2780Naive,30k,1.0,,total
9.0,1630.9435183333335,1611.5445533408551,false,load_scaled,linked_global,monoculture,A2780Naive,30k,1.0,,total
10.0,1765.6959490000002,1572.6632909371517,false,load_scaled,linked_global,monoculture,A2780Naive,30k,1.0,,total
11.0,1797.057716,1541.4060542784164,false,load_scaled,linked_global,monoculture,A2780Naive,30k,1.0,,total
12.0,1664.883989,1517.5863658416083,false,load_scaled,linked_global,monoculture,A2780Naive,30k,1.0,,total
13.0,1869.5183256666667,1500.0158877808974,false,load_scaled,linked_global,monoculture,A2780Naive,30k,1.0,,total
14.0,2521.7536263333336,1487.3355626251443,false,load_scaled,linked_global,monoculture,A2780Naive,30k,1.0,,total
0.0,100.0,100.0,true,load_scaled,linked_global,monoculture,A2780Naive,30k,1.47,,total
1.0,683.0949846666667,184.66381120437984,false,load_scaled,linked_global,monoculture,A2780Naive,30k,1.47,,total
2.0,962.59946,451.8060255255806,false,load_scaled,linked_global,monoculture,A2780Naive,30k,1.47,,total
3.0,1293.4153163333333,907.1988947049164,false,load_scaled,linked_global,monoculture,A2780Naive,30k,1.47,,total
4.0,1242.3761956666667,1085.3670043260051,false,load_scaled,linked_global,monoculture,A2780Naive,30k,1.47,,total
5.0,1196.6721066666667,989.0422715916105,false,load_scaled,linked_global,monoculture,A2780Naive,30k,1.47,,total
6.0,1151.6981093333334,814.9811188148992,false,load_scaled,linked_global,monoculture,A2780Naive,30k,1.47,,total
7.0,908.6366510000001,658.0121260864963,false,load_scaled,linked_global,monoculture,A2780Naive,30k,1.47,,total
8.0,684.2957563333333,538.4718187274017,false,load_scaled,linked_global,monoculture,A2780Naive,30k,1.47,,total
9.0,451.471335,452.05333152328456,false,load_scaled,linked_global,monoculture,A2780Naive,30k,1.47,,total
10.0,351.6421293333333,390.23955576090526,false,load_scaled,linked_global,monoculture,A2780Naive,30k,1.47,,total
11.0,239.04888100000002,345.78775935868504,false,load_scaled,linked_global,monoculture,A2780Naive,30k,1.47,,total
12.0,153.48256166666667,313.4661816476135,false,load_scaled,linked_global,monoculture,A2780Naive,30k,1.47,,total
13.0,115.12735333333332,289.6730550622572,false,load_scaled,linked_global,monoculture,A2780Naive,30k,1.47,,total
14.0,60.396604999999994,271.9512635006646,false,load_scaled,linked_global,monoculture,A2780Naive,30k,1.47,,total
0.0,67.0,67.0,true,load_scaled,linked_global,monoculture,A2780cis,20k,0.67,,total
1.0,79.832716,75.98203929470928,false,load_scaled,linked_global,monoculture,A2780cis,20k,0.67,,total
2.0,136.68186733333332,107.07175412407932,false,load_scaled,linked_global,monoculture,A2780cis,20k,0.67,,total
3.0,256.032137,178.67199258354614,false,load_scaled,linked_global,monoculture,A2780cis,20k,0.67,,total
4.0,551.4876543333334,336.2311760881511,false,load_scaled,linked_global,monoculture,A2780cis,20k,0.67,,total
5.0,932.248611,671.1380309422808,false,load_scaled,linked_global,monoculture,A2780cis,20k,0.67,,total
6.0,1630.1435956666667,1299.8242596828052,false,load_scaled,linked_global,monoculture,A2780cis,20k,0.67,,total
7.0,2349.2489583333336,2188.2277329296944,false,load_scaled,linked_global,monoculture,A2780cis,20k,0.67,,total
8.0,2344.200308666667,2758.7676325365246,false,load_scaled,linked_global,monoculture,A2780cis,20k,0.67,,total
9.0,3261.814429,3145.3628593952944,false,load_scaled,linked_global,monoculture,A2780cis,20k,0.67,,total
10.0,2744.403163333333,3368.4585547254105,false,load_scaled,linked_global,monoculture,A2780cis,20k,0.67,,total
11.0,3624.0109566666665,3493.07076614351,false,load_scaled,linked_global,monoculture,A2780cis,20k,0.67,,total
12.0,2656.8393906666665,3567.255391819347,false,load_scaled,linked_global,monoculture,A2780cis,20k,0.67,,total
13.0,3902.5750386666664,3615.9989679175706,false,load_scaled,linked_global,monoculture,A2780cis,20k,0.67,,total
14.0,2987.771682,3650.742609818612,false,load_scaled,linked_global,monoculture,A2780cis,20k,0.67,,total
0.0,67.0,67.0,true,load_scaled,linked_global,monoculture,A2780cis,20k,1.0,,total
1.0,82.57476866666666,75.98203929470928,false,load_scaled,linked_global,monoculture,A2780cis,20k,1.0,,total
2.0,153.74926733333334,107.07175412407932,false,load_scaled,linked_global,monoculture,A2780cis,20k,1.0,,total
3.0,298.6227236666667,178.67199258354614,false,load_scaled,linked_global,monoculture,A2780cis,20k,1.0,,total
4.0,584.2937496666667,336.2311760881511,false,load_scaled,linked_global,monoculture,A2780cis,20k,1.0,,total
5.0,1028.8575233333333,671.1380309422808,false,load_scaled,linked_global,monoculture,A2780cis,20k,1.0,,total
6.0,1728.4681713333332,1299.8242596828052,false,load_scaled,linked_global,monoculture,A2780cis,20k,1.0,,total
7.0,2346.5103780000004,2188.024449547191,false,load_scaled,linked_global,monoculture,A2780cis,20k,1.0,,total
8.0,2305.3690973333332,1942.9332806271157,false,load_scaled,linked_global,monoculture,A2780cis,20k,1.0,,total
9.0,3049.6326773333335,2454.3306186383434,false,load_scaled,linked_global,monoculture,A2780cis,20k,1.0,,total
10.0,3134.858873333333,2886.7792972588177,false,load_scaled,linked_global,monoculture,A2780cis,20k,1.0,,total
11.0,3720.5385029999998,3124.043497292211,false,load_scaled,linked_global,monoculture,A2780cis,20k,1.0,,total
12.0,2824.6677086666664,3233.593766860787,false,load_scaled,linked_global,monoculture,A2780cis,20k,1.0,,total
13.0,3906.9917053333334,3282.109977103942,false,load_scaled,linked_global,monoculture,A2780cis,20k,1.0,,total
14.0,4011.9759260000005,3304.6860581331166,false,load_scaled,linked_global,monoculture,A2780cis,20k,1.0,,total
0.0,67.0,67.0,true,load_scaled,linked_global,monoculture,A2780cis,20k,1.47,,total
1.0,66.07534733333334,75.98203929470928,false,load_scaled,linked_global,monoculture,A2780cis,20k,1.47,,total
2.0,136.019406,107.07175412407932,false,load_scaled,linked_global,monoculture,A2780cis,20k,1.47,,total
3.0,262.4119983333333,178.67199258354614,false,load_scaled,linked_global,monoculture,A2780cis,20k,1.47,,total
4.0,627.1851849999999,336.2311760881511,false,load_scaled,linked_global,monoculture,A2780cis,20k,1.47,,total
5.0,1055.7064813333334,671.1380309422808,false,load_scaled,linked_global,monoculture,A2780cis,20k,1.47,,total
6.0,1644.4327546666666,1299.8242596828052,false,load_scaled,linked_global,monoculture,A2780cis,20k,1.47,,total
7.0,1888.7926696666666,2187.8701963980875,false,load_scaled,linked_global,monoculture,A2780cis,20k,1.47,,total
8.0,1640.846373333333,1745.1100367394074,false,load_scaled,linked_global,monoculture,A2780cis,20k,1.47,,total
9.0,2390.4506556666665,2207.557879022566,false,load_scaled,linked_global,monoculture,A2780cis,20k,1.47,,total
10.0,1885.2126543333334,2558.789922379864,false,load_scaled,linked_global,monoculture,A2780cis,20k,1.47,,total
11.0,2693.7878856666666,2765.401720822067,false,load_scaled,linked_global,monoculture,A2780cis,20k,1.47,,total
12.0,2554.914467666667,2874.641456519955,false,load_scaled,linked_global,monoculture,A2780cis,20k,1.47,,total
13.0,3229.3090276666667,2931.2056890269846,false,load_scaled,linked_global,monoculture,A2780cis,20k,1.47,,total
14.0,3171.784760666667,2961.8181753087533,false,load_scaled,linked_global,monoculture,A2780cis,20k,1.47,,total
0.0,100.0,100.0,true,load_scaled,linked_global,monoculture,A2780cis,30k,0.67,,total
1.0,119.12291633333332,113.26221670008013,false,load_scaled,linked_global,monoculture,A2780cis,30k,0.67,,total
2.0,208.10995366666666,158.9127746033514,false,load_scaled,linked_global,monoculture,A2780cis,30k,0.67,,total
3.0,381.1926696666667,262.5829903831689,false,load_scaled,linked_global,monoculture,A2780cis,30k,0.67,,total
4.0,731.6507716666666,483.8649724990845,false,load_scaled,linked_global,monoculture,A2780cis,30k,0.67,,total
5.0,1291.6760416666666,925.5975761111677,false,load_scaled,linked_global,monoculture,A2780cis,30k,0.67,,total
6.0,1980.2315586666666,1664.5780288535047,false,load_scaled,linked_global,monoculture,A2780cis,30k,0.67,,total
7.0,2670.8478393333335,2548.305590561003,false,load_scaled,linked_global,monoculture,A2780cis,30k,0.67,,total
8.0,2545.009915,2964.1331008562684,false,load_scaled,linked_global,monoculture,A2780cis,30k,0.67,,total
9.0,3548.7987266666664,3235.414898286908,false,load_scaled,linked_global,monoculture,A2780cis,30k,0.67,,total
10.0,2897.7104553333334,3399.8783769508227,false,load_scaled,linked_global,monoculture,A2780cis,30k,0.67,,total
11.0,3797.833449333333,3501.4286169938973,false,load_scaled,linked_global,monoculture,A2780cis,30k,0.67,,total
12.0,2884.930285666667,3568.4125705217143,false,load_scaled,linked_global,monoculture,A2780cis,30k,0.67,,total
13.0,4146.366087666666,3615.651352046536,false,load_scaled,linked_global,monoculture,A2780cis,30k,0.67,,total
14.0,3326.884761,3650.4909679002317,false,load_scaled,linked_global,monoculture,A2780cis,30k,0.67,,total
0.0,100.0,100.0,true,load_scaled,linked_global,monoculture,A2780cis,30k,1.0,,total
1.0,117.62118066666666,113.26221670008013,false,load_scaled,linked_global,monoculture,A2780cis,30k,1.0,,total
2.0,206.52970666666667,158.9127746033514,false,load_scaled,linked_global,monoculture,A2780cis,30k,1.0,,total
3.0,392.79753066666666,262.5829903831689,false,load_scaled,linked_global,monoculture,A2780cis,30k,1.0,,total
4.0,793.1631946666666,483.8649724990845,false,load_scaled,linked_global,monoculture,A2780cis,30k,1.0,,total
5.0,1328.3501159999998,925.5975761111677,false,load_scaled,linked_global,monoculture,A2780cis,30k,1.0,,total
6.0,1947.6582176666668,1664.5780288535047,false,load_scaled,linked_global,monoculture,A2780cis,30k,1.0,,total
7.0,2594.510609333334,2548.057388511692,false,load_scaled,linked_global,monoculture,A2780cis,30k,1.0,,total
8.0,2352.0106483333334,2102.083501627174,false,load_scaled,linked_global,monoculture,A2780cis,30k,1.0,,total
9.0,3220.0850306666666,2554.7322048201145,false,load_scaled,linked_global,monoculture,A2780cis,30k,1.0,,total
10.0,2953.806751666667,2926.703225515486,false,load_scaled,linked_global,monoculture,A2780cis,30k,1.0,,total
11.0,3595.1114196666663,3126.153722770259,false,load_scaled,linked_global,monoculture,A2780cis,30k,1.0,,total
12.0,2534.660455333333,3218.728356192628,false,load_scaled,linked_global,monoculture,A2780cis,30k,1.0,,total
13.0,3853.449228666667,3260.888320083023,false,load_scaled,linked_global,monoculture,A2780cis,30k,1.0,,total
14.0,4116.669907333334,3281.3974246572966,false,load_scaled,linked_global,monoculture,A2780cis,30k,1.0,,total
0.0,100.0,100.0,true,load_scaled,linked_global,monoculture,A2780cis,30k,1.47,,total
1.0,73.88472200000001,113.26221670008013,false,load_scaled,linked_global,monoculture,A2780cis,30k,1.47,,total
2.0,143.64463766666665,158.9127746033514,false,load_scaled,linked_global,monoculture,A2780cis,30k,1.47,,total
3.0,301.875849,262.5829903831689,false,load_scaled,linked_global,monoculture,A2780cis,30k,1.47,,total
4.0,670.1066746666667,483.8649724990845,false,load_scaled,linked_global,monoculture,A2780cis,30k,1.47,,total
5.0,1170.9108796666667,925.5975761111677,false,load_scaled,linked_global,monoculture,A2780cis,30k,1.47,,total
6.0,1348.3380016666667,1664.5780288535047,false,load_scaled,linked_global,monoculture,A2780cis,30k,1.47,,total
7.0,1881.759761,2547.869058402905,false,load_scaled,linked_global,monoculture,A2780cis,30k,1.47,,total
8.0,1606.1887733333333,1896.1289164660013,false,load_scaled,linked_global,monoculture,A2780cis,30k,1.47,,total
9.0,2421.258526333333,2294.911551472638,false,load_scaled,linked_global,monoculture,A2780cis,30k,1.47,,total
10.0,1957.2380400000002,2584.8929722418798,false,load_scaled,linked_global,monoculture,A2780cis,30k,1.47,,total
11.0,2537.103395,2753.8818771438064,false,load_scaled,linked_global,monoculture,A2780cis,30k,1.47,,total
12.0,2244.322531,2845.184697071873,false,load_scaled,linked_global,monoculture,A2780cis,30k,1.47,,total
13.0,2827.4429400000004,2894.4982883684593,false,load_scaled,linked_global,monoculture,A2780cis,30k,1.47,,total
14.0,3433.938387333333,2922.6060989046186,false,load_scaled,linked_global,monoculture,A2780cis,30k,1.47,,total
0.0,16.75,16.75,true,load_scaled,linked_global,coculture,A2780Naive+A2780cis,20k,1.0,25-75,sensitive
1.0,99.62333333333333,29.90453918029287,false,load_scaled,linked_global,coculture,A2780Naive+A2780cis,20k,1.0,25-75,sensitive
2.0,151.64666666666665,85.23859053246119,false,load_scaled,linked_global,coculture,A2780Naive+A2780cis,20k,1.0,25-75,sensitive
3.0,256.715,225.94958122315228,false,load_scaled,linked_global,coculture,A2780Naive+A2780cis,20k,1.0,25-75,sensitive
4.0,308.39166666666665,425.33714166715595,false,load_scaled,linked_global,coculture,A2780Naive+A2780cis,20k,1.0,25-75,sensitive
5.0,458.41,623.9677447601284,false,load_scaled,linked_global,coculture,A2780Naive+A2780cis,20k,1.0,25-75,sensitive
6.0,443.1983333333333,779.9794285583613,false,load_scaled,linked_global,coculture,A2780Naive+A2780cis,20k,1.0,25-75,sensitive
7.0,684.745,876.0656915982458,false,load_scaled,linked_global,coculture,A2780Naive+A2780cis,20k,1.0,25-75,sensitive
8.0,381.4466666666667,926.4566016872851,false,load_scaled,linked_global,coculture,A2780Naive+A2780cis,20k,1.0,25-75,sensitive
9.0,434.4266666666667,946.5826860726027,false,load_scaled,linked_global,coculture,A2780Naive+A2780cis,20k,1.0,25-75,sensitive
10.0,381.8066666666667,939.8435596272495,false,load_scaled,linked_global,coculture,A2780Naive+A2780cis,20k,1.0,25-75,sensitive
11.0,827.9266666666667,913.3957492192526,false,load_scaled,linked_global,coculture,A2780Naive+A2780cis,20k,1.0,25-75,sensitive
12.0,564.2466666666667,875.2515754655702,false,load_scaled,linked_global,coculture,A2780Naive+A2780cis,20k,1.0,25-75,sensitive
13.0,1105.2716666666665,831.8844066410945,false,load_scaled,linked_global,coculture,A2780Naive+A2780cis,20k,1.0,25-75,sensitive
14.0,404.80333333333334,787.4696739812597,false,load_scaled,linked_global,coculture,A2780Naive+A2780cis,20k,1.0,25-75,sensitive
0.0,50.25,50.25,true,load_scaled,linked_global,coculture,A2780Naive+A2780cis,20k,1.0,25-75,resistant
1.0,88.58666666666666,56.96229306594651,false,load_scaled,linked_global,coculture,A2780Naive+A2780cis,20k,1.0,25-75,resistant
2.0,143.335,79.90509186889796,false,load_scaled,linked_global,coculture,A2780Naive+A2780cis,20k,1.0,25-75,resistant
3.0,247.62666666666667,130.34864485134474,false,load_scaled,linked_global,coculture,A2780Naive+A2780cis,20k,1.0,25-75,resistant
4.0,494.3083333333334,230.48776442543314,false,load_scaled,linked_global,coculture,A2780Naive+A2780cis,20k,1.0,25-75,resistant
5.0,903.3716666666666,414.0142246387686,false,load_scaled,linked_global,coculture,A2780Naive+A2780cis,20k,1.0,25-75,resistant
6.0,1360.0966666666666,715.1409400487776,false,load_scaled,linked_global,coculture,A2780Naive+A2780cis,20k,1.0,25-75,resistant
7.0,2438.3766666666666,1134.9447097750333,false,load_scaled,linked_global,coculture,A2780Naive+A2780cis,20k,1.0,25-75,resistant
8.0,1945.3233333333335,1300.4812297609162,false,load_scaled,linked_global,coculture,A2780Naive+A2780cis,20k,1.0,25-75,resistant
9.0,3250.286666666667,1554.6446391243694,false,load_scaled,linked_global,coculture,A2780Naive+A2780cis,20k,1.0,25-75,resistant
10.0,3135.64,1837.4576798567687,false,load_scaled,linked_global,coculture,A2780Naive+A2780cis,20k,1.0,25-75,resistant
11.0,3987.5866666666666,2096.7181540275624,false,load_scaled,linked_global,coculture,A2780Naive+A2780cis,20k,1.0,25-75,resistant
12.0,2308.2483333333334,2307.0753715747824,false,load_scaled,linked_global,coculture,A2780Naive+A2780cis,20k,1.0,25-75,resistant
13.0,3826.773333333333,2468.3544605928237,false,load_scaled,linked_global,coculture,A2780Naive+A2780cis,20k,1.0,25-75,resistant
14.0,2159.3716666666664,2591.669227459345,false,load_scaled,linked_global,coculture,A2780Naive+A2780cis,20k,1.0,25-75,resistant
0.0,33.5,33.5,true,load_scaled,linked_global,coculture,A2780Naive+A2780cis,20k,1.0,50-50,sensitive
1.0,154.28,58.537113239214186,false,load_scaled,linked_global,coculture,A2780Naive+A2780cis,20k,1.0,50-50,sensitive
2.0,285.20666666666665,156.63147393981956,false,load_scaled,linked_global,coculture,A2780Naive+A2780cis,20k,1.0,50-50,sensitive
3.0,425.075,376.3147287155308,false,load_scaled,linked_global,coculture,A2780Naive+A2780cis,20k,1.0,50-50,sensitive
4.0,562.615,644.3912828837804,false,load_scaled,linked_global,coculture,A2780Naive+A2780cis,20k,1.0,50-50,sensitive
5.0,850.4516666666667,880.6444926991455,false,load_scaled,linked_global,coculture,A2780Naive+A2780cis,20k,1.0,50-50,sensitive
6.0,932.2550000000001,1052.509248902692,false,load_scaled,linked_global,coculture,A2780Naive+A2780cis,20k,1.0,50-50,sensitive
7.0,1392.045,1156.2029481525753,false,load_scaled,linked_global,coculture,A2780Naive+A2780cis,20k,1.0,50-50,sensitive
8.0,999.73,1210.0768537150973,false,load_scaled,linked_global,coculture,A2780Naive+A2780cis,20k,1.0,50-50,sensitive
9.0,1287.6316666666664,1230.3488608966195,false,load_scaled,linked_global,coculture,A2780Naive+A2780cis,20k,1.0,50-50,sensitive
10.0,1285.185,1220.877797637756,false,load_scaled,linked_global,coculture,A2780Naive+A2780cis,20k,1.0,50-50,sensitive
11.0,1589.9216666666669,1187.342907054797,false,load_scaled,linked_global,coculture,A2780Naive+A2780cis,20k,1.0,50-50,sensitive
12.0,1183.66,1137.0275983374258,false,load_scaled,linked_global,coculture,A2780Naive+A2780cis,20k,1.0,50-50,sensitive
13.0,1283.0133333333333,1077.402958823347,false,load_scaled,linked_global,coculture,A2780Naive+A2780cis,20k,1.0,50-50,sensitive
14.0,1010.3066666666667,1014.5654516104929,false,load_scaled,linked_global,coculture,A2780Naive+A2780cis,20k,1.0,50-50,sensitive
0.0,33.5,33.5,true,load_scaled,linked_global,coculture,A2780Naive+A2780cis,20k,1.0,50-50,resistant
1.0,51.281666666666666,37.95983335008979,false,load_scaled,linked_global,coculture,A2780Naive+A2780cis,20k,1.0,50-50,resistant
2.0,89.81333333333333,53.04853388958297,false,load_scaled,linked_global,coculture,A2780Naive+A2780cis,20k,1.0,50-50,resistant
3.0,141.95833333333334,85.22843893465297,false,load_scaled,linked_global,coculture,A2780Naive+A2780cis,20k,1.0,50-50,resistant
4.0,269.67333333333335,146.0092379077321,false,load_scaled,linked_global,coculture,A2780Naive+A2780cis,20k,1.0,50-50,resistant
5.0,503.14333333333326,252.3204156315624,false,load_scaled,linked_global,coculture,A2780Naive+A2780cis,20k,1.0,50-50,resistant
6.0,640.2366666666667,424.5060903197923,false,load_scaled,linked_global,coculture,A2780Naive+A2780cis,20k,1.0,50-50,resistant
7.0,1228.7583333333334,677.8824970428659,false,load_scaled,linked_global,coculture,A2780Naive+A2780cis,20k,1.0,50-50,resistant
8.0,1159.7433333333333,791.1312794763687,false,load_scaled,linked_global,coculture,A2780Naive+A2780cis,20k,1.0,50-50,resistant
9.0,2141.5383333333334,985.6936612768204,false,load_scaled,linked_global,coculture,A2780Naive+A2780cis,20k,1.0,50-50,resistant
10.0,2331.901666666666,1238.8129989632255,false,load_scaled,linked_global,coculture,A2780Naive+A2780cis,20k,1.0,50-50,resistant
11.0,3319.126666666667,1515.956300677035,false,load_scaled,linked_global,coculture,A2780Naive+A2780cis,20k,1.0,50-50,resistant
12.0,1939.1216666666667,1781.0330516364013,false,load_scaled,linked_global,coculture,A2780Naive+A2780cis,20k,1.0,50-50,resistant
13.0,3037.8416666666667,2010.6989876274768,false,load_scaled,linked_global,coculture,A2780Naive+A2780cis,20k,1.0,50-50,resistant
14.0,1923.26,2198.710267093576,false,load_scaled,linked_global,coculture,A2780Naive+A2780cis,20k,1.0,50-50,resistant
0.0,50.25,50.25,true,load_scaled,linked_global,coculture,A2780Naive+A2780cis,20k,1.0,75-25,sensitive
1.0,216.94833333333335,86.24191939560532,false,load_scaled,linked_global,coculture,A2780Naive+A2780cis,20k,1.0,75-25,sensitive
2.0,395.03833333333336,220.20497870645607,false,load_scaled,linked_global,coculture,A2780Naive+A2780cis,20k,1.0,75-25,sensitive
3.0,575.9033333333333,495.86934743477855,false,load_scaled,linked_global,coculture,A2780Naive+A2780cis,20k,1.0,75-25,sensitive
4.0,750.965,802.4295315526632,false,load_scaled,linked_global,coculture,A2780Naive+A2780cis,20k,1.0,75-25,sensitive
5.0,1098.7666666666667,1054.0353483692195,false,load_scaled,linked_global,coculture,A2780Naive+A2780cis,20k,1.0,75-25,sensitive
6.0,1222.9466666666665,1230.4957581700453,false,load_scaled,linked_global,coculture,A2780Naive+A2780cis,20k,1.0,75-25,sensitive
7.0,1636.885,1339.3552052686384,false,load_scaled,linked_global,coculture,A2780Naive+A2780cis,20k,1.0,75-25,sensitive
8.0,1417.09,1400.12789078016,false,load_scaled,linked_global,coculture,A2780Naive+A2780cis,20k,1.0,75-25,sensitive
9.0,1830.3733333333337,1428.2765415570045,false,load_scaled,linked_global,coculture,A2780Naive+A2780cis,20k,1.0,75-25,sensitive
10.0,2137.61,1428.8091480259302,false,load_scaled,linked_global,coculture,A2780Naive+A2780cis,20k,1.0,75-25,sensitive
11.0,2132.978333333333,1405.0955700730922,false,load_scaled,linked_global,coculture,A2780Naive+A2780cis,20k,1.0,75-25,sensitive
12.0,1500.195,1360.5945760868367,false,load_scaled,linked_global,coculture,A2780Naive+A2780cis,20k,1.0,75-25,sensitive
13.0,1762.6516666666669,1300.086600260427,false,load_scaled,linked_global,coculture,A2780Naive+A2780cis,20k,1.0,75-25,sensitive
14.0,1454.5266666666666,1229.5408303313131,false,load_scaled,linked_global,coculture,A2780Naive+A2780cis,20k,1.0,75-25,sensitive
0.0,16.75,16.75,true,load_scaled,linked_global,coculture,A2780Naive+A2780cis,20k,1.0,75-25,resistant
1.0,26.93166666666667,18.972799591341087,false,load_scaled,linked_global,coculture,A2780Naive+A2780cis,20k,1.0,75-25,resistant
2.0,42.105,26.426935996742444,false,load_scaled,linked_global,coculture,A2780Naive+A2780cis,20k,1.0,75-25,resistant
3.0,64.44166666666668,41.95475941965698,false,load_scaled,linked_global,coculture,A2780Naive+A2780cis,20k,1.0,75-25,resistant
4.0,128.0016666666667,70.3300080805002,false,load_scaled,linked_global,coculture,A2780Naive+A2780cis,20k,1.0,75-25,resistant
5.0,186.15166666666664,118.80265613554312,false,load_scaled,linked_global,coculture,A2780Naive+A2780cis,20k,1.0,75-25,resistant
6.0,262.3983333333333,197.80687433793446,false,load_scaled,linked_global,coculture,A2780Naive+A2780cis,20k,1.0,75-25,resistant
7.0,430.875,320.8997051711365,false,load_scaled,linked_global,coculture,A2780Naive+A2780cis,20k,1.0,75-25,resistant
8.0,525.69,382.23031277728177,false,load_scaled,linked_global,coculture,A2780Naive+A2780cis,20k,1.0,75-25,resistant
9.0,900.48,498.8141495180655,false,load_scaled,linked_global,coculture,A2780Naive+A2780cis,20k,1.0,75-25,resistant
10.0,1261.5033333333333,674.0614910466418,false,load_scaled,linked_global,coculture,A2780Naive+A2780cis,20k,1.0,75-25,resistant
11.0,1896.801666666667,904.6559210814835,false,load_scaled,linked_global,coculture,A2780Naive+A2780cis,20k,1.0,75-25,resistant
12.0,1271.0700000000004,1173.9069874021102,false,load_scaled,linked_global,coculture,A2780Naive+A2780cis,20k,1.0,75-25,resistant
13.0,2274.6516666666666,1453.5925968924525,false,load_scaled,linked_global,coculture,A2780Naive+A2780cis,20k,1.0,75-25,resistant
14.0,1507.9783333333335,1715.3423034259395,false,load_scaled,linked_global,coculture,A2780Naive+A2780cis,20k,1.0,75-25,resistant
0.0,25.0,25.0,true,load_scaled,linked_global,coculture,A2780Naive+A2780cis,30k,1.0,25-75,sensitive
1.0,92.28666666666668,39.202212688672184,false,load_scaled,linked_global,coculture,A2780Naive+A2780cis,30k,1.0,25-75,sensitive
2.0,166.93666666666667,92.2809468430518,false,load_scaled,linked_global,coculture,A2780Naive+A2780cis,30k,1.0,25-75,sensitive
3.0,254.01833333333335,211.33044839666937,false,load_scaled,linked_global,coculture,A2780Naive+A2780cis,30k,1.0,25-75,sensitive
4.0,304.3333333333333,364.8279723795384,false,load_scaled,linked_global,coculture,A2780Naive+A2780cis,30k,1.0,25-75,sensitive
5.0,467.26833333333326,507.09001291203975,false,load_scaled,linked_global,coculture,A2780Naive+A2780cis,30k,1.0,25-75,sensitive
6.0,478.9883333333334,608.5296512728512,false,load_scaled,linked_global,coculture,A2780Naive+A2780cis,30k,1.0,25-75,sensitive
7.0,644.6283333333333,658.8936025842481,false,load_scaled,linked_global,coculture,A2780Naive+A2780cis,30k,1.0,25-75,sensitive
8.0,433.00666666666666,675.5885347279498,false,load_scaled,linked_global,coculture,A2780Naive+A2780cis,30k,1.0,25-75,sensitive
9.0,360.13166666666666,673.1566840483026,false,load_scaled,linked_global,coculture,A2780Naive+A2780cis,30k,1.0,25-75,sensitive
10.0,420.3900000000001,653.464386894728,false,load_scaled,linked_global,coculture,A2780Naive+A2780cis,30k,1.0,25-75,sensitive
11.0,492.47499999999997,621.5808839992737,false,load_scaled,linked_global,coculture,A2780Naive+A2780cis,30k,1.0,25-75,sensitive
12.0,788.84,583.1123093349827,false,load_scaled,linked_global,coculture,A2780Naive+A2780cis,30k,1.0,25-75,sensitive
13.0,1077.7166666666667,542.3794444923847,false,load_scaled,linked_global,coculture,A2780Naive+A2780cis,30k,1.0,25-75,sensitive
14.0,921.545,502.03565043605477,false,load_scaled,linked_global,coculture,A2780Naive+A2780cis,30k,1.0,25-75,sensitive
0.0,75.0,75.0,true,load_scaled,linked_global,coculture,A2780Naive+A2780cis,30k,1.0,25-75,resistant
1.0,87.41333333333334,84.88508087568155,false,load_scaled,linked_global,coculture,A2780Naive+A2780cis,30k,1.0,25-75,resistant
2.0,146.07000000000002,118.42437433344921,false,load_scaled,linked_global,coculture,A2780Naive+A2780cis,30k,1.0,25-75,resistant
3.0,261.51,191.10760394987008,false,load_scaled,linked_global,coculture,A2780Naive+A2780cis,30k,1.0,25-75,resistant
4.0,490.7949999999999,332.54844154828953,false,load_scaled,linked_global,coculture,A2780Naive+A2780cis,30k,1.0,25-75,resistant
5.0,872.2133333333333,584.2790545404328,false,load_scaled,linked_global,coculture,A2780Naive+A2780cis,30k,1.0,25-75,resistant
6.0,1398.1966666666667,977.1023538571661,false,load_scaled,linked_global,coculture,A2780Naive+A2780cis,30k,1.0,25-75,resistant
7.0,2656.3349999999996,1481.6369173645178,false,load_scaled,linked_global,coculture,A2780Naive+A2780cis,30k,1.0,25-75,resistant
8.0,2187.6316666666667,1638.6161046353386,false,load_scaled,linked_global,coculture,A2780Naive+A2780cis,30k,1.0,25-75,resistant
9.0,3209.313333333333,1889.606750602758,false,load_scaled,linked_global,coculture,A2780Naive+A2780cis,30k,1.0,25-75,resistant
10.0,3193.9033333333336,2164.4760347042256,false,load_scaled,linked_global,coculture,A2780Naive+A2780cis,30k,1.0,25-75,resistant
11.0,3624.1133333333332,2410.1177112826076,false,load_scaled,linked_global,coculture,A2780Naive+A2780cis,30k,1.0,25-75,resistant
12.0,2743.473333333334,2606.0534149550567,false,load_scaled,linked_global,coculture,A2780Naive+A2780cis,30k,1.0,25-75,resistant
13.0,3918.6783333333333,2755.984319188177,false,load_scaled,linked_global,coculture,A2780Naive+A2780cis,30k,1.0,25-75,resistant
14.0,3231.2383333333332,2871.8878600359703,false,load_scaled,linked_global,coculture,A2780Naive+A2780cis,30k,1.0,25-75,resistant
0.0,50.0,50.0,true,load_scaled,linked_global,coculture,A2780Naive+A2780cis,30k,1.0,50-50,sensitive
1.0,165.45833333333334,77.06562165596877,false,load_scaled,linked_global,coculture,A2780Naive+A2780cis,30k,1.0,50-50,sensitive
2.0,282.01500000000004,172.67078689960084,false,load_scaled,linked_global,coculture,A2780Naive+A2780cis,30k,1.0,50-50,sensitive
3.0,432.8383333333333,365.5903989354124,false,load_scaled,linked_global,coculture,A2780Naive+A2780cis,30k,1.0,50-50,sensitive
4.0,607.8166666666667,585.0883826675988,false,load_scaled,linked_global,coculture,A2780Naive+A2780cis,30k,1.0,50-50,sensitive
5.0,879.0050000000001,770.3842682754924,false,load_scaled,linked_global,coculture,A2780Naive+A2780cis,30k,1.0,50-50,sensitive
6.0,947.1116666666667,898.3244654744216,false,load_scaled,linked_global,coculture,A2780Naive+A2780cis,30k,1.0,50-50,sensitive
7.0,1412.7849999999999,966.503321476163,false,load_scaled,linked_global,coculture,A2780Naive+A2780cis,30k,1.0,50-50,sensitive
8.0,1018.185,994.0721722452454,false,load_scaled,linked_global,coculture,A2780Naive+A2780cis,30k,1.0,50-50,sensitive
9.0,1172.4866666666667,996.2527775092957,false,load_scaled,linked_global,coculture,A2780Naive+A2780cis,30k,1.0,50-50,sensitive
10.0,1294.5683333333334,974.8557598326003,false,load_scaled,linked_global,coculture,A2780Naive+A2780cis,30k,1.0,50-50,sensitive
11.0,1082.5033333333333,934.52061493852,false,load_scaled,linked_global,coculture,A2780Naive+A2780cis,30k,1.0,50-50,sensitive
12.0,1456.9150000000002,881.6198996545105,false,load_scaled,linked_global,coculture,A2780Naive+A2780cis,30k,1.0,50-50,sensitive
13.0,1700.3266666666666,822.4130025951779,false,load_scaled,linked_global,coculture,A2780Naive+A2780cis,30k,1.0,50-50,sensitive
14.0,1370.07,761.7012609823528,false,load_scaled,linked_global,coculture,A2780Naive+A2780cis,30k,1.0,50-50,sensitive
0.0,50.0,50.0,true,load_scaled,linked_global,coculture,A2780Naive+A2780cis,30k,1.0,50-50,resistant
1.0,53.36166666666666,56.55113614521874,false,load_scaled,linked_global,coculture,A2780Naive+A2780cis,30k,1.0,50-50,resistant
2.0,85.83833333333332,78.51160344380374,false,load_scaled,linked_global,coculture,A2780Naive+A2780cis,30k,1.0,50-50,resistant
3.0,136.93666666666667,124.54777195286361,false,load_scaled,linked_global,coculture,A2780Naive+A2780cis,30k,1.0,50-50,resistant
4.0,278.0416666666667,209.66042883916555,false,load_scaled,linked_global,coculture,A2780Naive+A2780cis,30k,1.0,50-50,resistant
5.0,439.5783333333333,354.59959509180123,false,load_scaled,linked_global,coculture,A2780Naive+A2780cis,30k,1.0,50-50,resistant
6.0,738.2216666666667,580.3337668940587,false,load_scaled,linked_global,coculture,A2780Naive+A2780cis,30k,1.0,50-50,resistant
7.0,1333.6733333333334,893.543304168024,false,load_scaled,linked_global,coculture,A2780Naive+A2780cis,30k,1.0,50-50,resistant
8.0,1333.7316666666666,1010.7254000618284,false,load_scaled,linked_global,coculture,A2780Naive+A2780cis,30k,1.0,50-50,resistant
9.0,2235.375,1216.4670626494958,false,load_scaled,linked_global,coculture,A2780Naive+A2780cis,30k,1.0,50-50,resistant
10.0,2239.6666666666665,1476.9053587696806,false,load_scaled,linked_global,coculture,A2780Naive+A2780cis,30k,1.0,50-50,resistant
11.0,2711.556666666667,1751.2555116255,false,load_scaled,linked_global,coculture,A2780Naive+A2780cis,30k,1.0,50-50,resistant
12.0,2136.7833333333333,2005.3298583508029,false,load_scaled,linked_global,coculture,A2780Naive+A2780cis,30k,1.0,50-50,resistant
13.0,3352.3216666666667,2222.1260584609104,false,load_scaled,linked_global,coculture,A2780Naive+A2780cis,30k,1.0,50-50,resistant
14.0,2315.278333333333,2400.4011045273196,false,load_scaled,linked_global,coculture,A2780Naive+A2780cis,30k,1.0,50-50,resistant
0.0,75.0,75.0,true,load_scaled,linked_global,coculture,A2780Naive+A2780cis,30k,1.0,75-25,sensitive
1.0,218.08333333333334,113.89554361117598,false,load_scaled,linked_global,coculture,A2780Naive+A2780cis,30k,1.0,75-25,sensitive
2.0,356.52833333333336,245.63519039131776,false,load_scaled,linked_global,coculture,A2780Naive+A2780cis,30k,1.0,75-25,sensitive
3.0,545.945,492.6894813894409,false,load_scaled,linked_global,coculture,A2780Naive+A2780cis,30k,1.0,75-25,sensitive
4.0,755.7766666666666,751.9756994431822,false,load_scaled,linked_global,coculture,A2780Naive+A2780cis,30k,1.0,75-25,sensitive
5.0,1013.1566666666666,959.2075540691498,false,load_scaled,linked_global,coculture,A2780Naive+A2780cis,30k,1.0,75-25,sensitive
6.0,1191.6316666666664,1101.55720868851,false,load_scaled,linked_global,coculture,A2780Naive+A2780cis,30k,1.0,75-25,sensitive
7.0,1758.6866666666667,1185.3179691333544,false,load_scaled,linked_global,coculture,A2780Naive+A2780cis,30k,1.0,75-25,sensitive
8.0,1400.4566666666667,1228.458505222219,false,load_scaled,linked_global,coculture,A2780Naive+A2780cis,30k,1.0,75-25,sensitive
9.0,1660.7133333333334,1244.5425475899326,false,load_scaled,linked_global,coculture,A2780Naive+A2780cis,30k,1.0,75-25,sensitive
10.0,2107.1266666666666,1236.0728937438325,false,load_scaled,linked_global,coculture,A2780Naive+A2780cis,30k,1.0,75-25,sensitive
11.0,1744.1750000000002,1205.4464705958444,false,load_scaled,linked_global,coculture,A2780Naive+A2780cis,30k,1.0,75-25,sensitive
12.0,1827.7083333333333,1156.1176120476232,false,load_scaled,linked_global,coculture,A2780Naive+A2780cis,30k,1.0,75-25,sensitive
13.0,1923.9083333333335,1092.9942866076399,false,load_scaled,linked_global,coculture,A2780Naive+A2780cis,30k,1.0,75-25,sensitive
14.0,1647.07,1021.7210176296459,false,load_scaled,linked_global,coculture,A2780Naive+A2780cis,30k,1.0,75-25,sensitive
0.0,25.0,25.0,true,load_scaled,linked_global,coculture,A2780Naive+A2780cis,30k,1.0,75-25,resistant
1.0,28.45,28.256909865842395,false,load_scaled,linked_global,coculture,A2780Naive+A2780cis,30k,1.0,75-25,resistant
2.0,45.685,39.05958564736059,false,load_scaled,linked_global,coculture,A2780Naive+A2780cis,30k,1.0,75-25,resistant
3.0,72.71833333333332,61.114429157756675,false,load_scaled,linked_global,coculture,A2780Naive+A2780cis,30k,1.0,75-25,resistant
4.0,127.53333333333332,100.46691329821782,false,load_scaled,linked_global,coculture,A2780Naive+A2780cis,30k,1.0,75-25,resistant
5.0,211.36,165.93666984284386,false,load_scaled,linked_global,coculture,A2780Naive+A2780cis,30k,1.0,75-25,resistant
6.0,311.8583333333333,269.2106663423344,false,load_scaled,linked_global,coculture,A2780Naive+A2780cis,30k,1.0,75-25,resistant
7.0,585.2883333333333,423.3669979733536,false,load_scaled,linked_global,coculture,A2780Naive+A2780cis,30k,1.0,75-25,resistant
8.0,720.1316666666667,490.17161176064974,false,load_scaled,linked_global,coculture,A2780Naive+A2780cis,30k,1.0,75-25,resistant
9.0,1168.5216666666668,618.9520943756063,false,load_scaled,linked_global,coculture,A2780Naive+A2780cis,30k,1.0,75-25,resistant
10.0,1358.1716666666664,807.1860534518675,false,load_scaled,linked_global,coculture,A2780Naive+A2780cis,30k,1.0,75-25,resistant
11.0,1719.3033333333333,1045.028290926284,false,load_scaled,linked_global,coculture,A2780Naive+A2780cis,30k,1.0,75-25,resistant
12.0,1458.7166666666665,1311.8188944845315,false,load_scaled,linked_global,coculture,A2780Naive+A2780cis,30k,1.0,75-25,resistant
13.0,2386.6633333333334,1580.9952131302814,false,load_scaled,linked_global,coculture,A2780Naive+A2780cis,30k,1.0,75-25,resistant
14.0,1738.6666666666667,1830.226759441601,false,load_scaled,linked_global,coculture,A2780Naive+A2780cis,30k,1.0,75-25,resistant
0.0,67.0,67.0,true,load_plus_context_amplitude,linked_global,monoculture,A2780Naive,20k,0.67,,total
1.0,305.18962200000004,139.44413200781383,false,load_plus_context_amplitude,linked_global,monoculture,A2780Naive,20k,0.67,,total
2.0,465.63738433333333,400.2077946898322,false,load_plus_context_amplitude,linked_global,monoculture,A2780Naive,20k,0.67,,total
3.0,790.214892,956.2341370725034,false,load_plus_context_amplitude,linked_global,monoculture,A2780Naive,20k,0.67,,total
4.0,880.948534,1677.8047505451216,false,load_plus_context_amplitude,linked_global,monoculture,A2780Naive,20k,0.67,,total
5.0,1277.0010803333332,2330.603363068285,false,load_plus_context_amplitude,linked_global,monoculture,A2780Naive,20k,0.67,,total
6.0,1612.01223,2793.612850976504,false,load_plus_context_amplitude,linked_global,monoculture,A2780Naive,20k,0.67,,total
7.0,2016.4244216666668,3075.271779232611,false,load_plus_context_amplitude,linked_global,monoculture,A2780Naive,20k,0.67,,total
8.0,2081.411111,3231.276344768893,false,load_plus_context_amplitude,linked_global,monoculture,A2780Naive,20k,0.67,,total
9.0,2395.0547066666663,3312.681734104598,false,load_plus_context_amplitude,linked_global,monoculture,A2780Naive,20k,0.67,,total
10.0,2537.1984183333334,3353.347426279455,false,load_plus_context_amplitude,linked_global,monoculture,A2780Naive,20k,0.67,,total
11.0,3073.8874999999994,3372.861370891438,false,load_plus_context_amplitude,linked_global,monoculture,A2780Naive,20k,0.67,,total
12.0,3042.368325666667,3381.7896927505726,false,load_plus_context_amplitude,linked_global,monoculture,A2780Naive,20k,0.67,,total
13.0,3537.7463733333334,3385.5986535009733,false,load_plus_context_amplitude,linked_global,monoculture,A2780Naive,20k,0.67,,total
14.0,3458.3808643333336,3387.0303580010054,false,load_plus_context_amplitude,linked_global,monoculture,A2780Naive,20k,0.67,,total
0.0,67.0,67.0,true,load_plus_context_amplitude,linked_global,monoculture,A2780Naive,20k,1.0,,total
1.0,164.83707566666666,139.44413200781383,false,load_plus_context_amplitude,linked_global,monoculture,A2780Naive,20k,1.0,,total
2.0,310.328588,400.2077946898322,false,load_plus_context_amplitude,linked_global,monoculture,A2780Naive,20k,1.0,,total
3.0,498.45925933333325,927.8415372632066,false,load_plus_context_amplitude,linked_global,monoculture,A2780Naive,20k,1.0,,total
4.0,690.7097223333334,1416.3911993089728,false,load_plus_context_amplitude,linked_global,monoculture,A2780Naive,20k,1.0,,total
5.0,804.9089893333334,1674.9047714769893,false,load_plus_context_amplitude,linked_global,monoculture,A2780Naive,20k,1.0,,total
6.0,1188.2886573333333,1749.1571608431464,false,load_plus_context_amplitude,linked_global,monoculture,A2780Naive,20k,1.0,,total
7.0,1563.5381556666664,1732.7517979724537,false,load_plus_context_amplitude,linked_global,monoculture,A2780Naive,20k,1.0,,total
8.0,1634.130247,1685.9640259798684,false,load_plus_context_amplitude,linked_global,monoculture,A2780Naive,20k,1.0,,total
9.0,1556.192554,1636.4410145454215,false,load_plus_context_amplitude,linked_global,monoculture,A2780Naive,20k,1.0,,total
10.0,1522.992284,1594.0988958746009,false,load_plus_context_amplitude,linked_global,monoculture,A2780Naive,20k,1.0,,total
11.0,1608.247685333333,1561.0629436837635,false,load_plus_context_amplitude,linked_global,monoculture,A2780Naive,20k,1.0,,total
12.0,1500.9281636666667,1536.5293873274852,false,load_plus_context_amplitude,linked_global,monoculture,A2780Naive,20k,1.0,,total
13.0,2011.2254243333334,1518.8590619807567,false,load_plus_context_amplitude,linked_global,monoculture,A2780Naive,20k,1.0,,total
14.0,2445.406712666667,1506.3962817108056,false,load_plus_context_amplitude,linked_global,monoculture,A2780Naive,20k,1.0,,total
0.0,67.0,67.0,true,load_plus_context_amplitude,linked_global,monoculture,A2780Naive,20k,1.47,,total
1.0,470.381366,139.44413200781383,false,load_plus_context_amplitude,linked_global,monoculture,A2780Naive,20k,1.47,,total
2.0,658.348264,400.2077946898322,false,load_plus_context_amplitude,linked_global,monoculture,A2780Naive,20k,1.47,,total
3.0,910.885918,885.2407900578214,false,load_plus_context_amplitude,linked_global,monoculture,A2780Naive,20k,1.47,,total
4.0,928.761304,1084.9881567950492,false,load_plus_context_amplitude,linked_global,monoculture,A2780Naive,20k,1.47,,total
5.0,914.7665896666667,983.3924685205495,false,load_plus_context_amplitude,linked_global,monoculture,A2780Naive,20k,1.47,,total
6.0,867.7298226666667,800.4202530655116,false,load_plus_context_amplitude,linked_global,monoculture,A2780Naive,20k,1.47,,total
7.0,681.9129633333333,638.9664868280757,false,load_plus_context_amplitude,linked_global,monoculture,A2780Naive,20k,1.47,,total
8.0,481.738503,518.5299871164564,false,load_plus_context_amplitude,linked_global,monoculture,A2780Naive,20k,1.47,,total
9.0,333.6756173333333,432.9908052274422,false,load_plus_context_amplitude,linked_global,monoculture,A2780Naive,20k,1.47,,total
10.0,232.34174399999998,372.71881580355466,false,load_plus_context_amplitude,linked_global,monoculture,A2780Naive,20k,1.47,,total
11.0,155.3204476666667,329.941516198496,false,load_plus_context_amplitude,linked_global,monoculture,A2780Naive,20k,1.47,,total
12.0,103.907562,299.2079958161506,false,load_plus_context_amplitude,linked_global,monoculture,A2780Naive,20k,1.47,,total
13.0,71.52523133333334,276.84076228821317,false,load_plus_context_amplitude,linked_global,monoculture,A2780Naive,20k,1.47,,total
14.0,36.60995366666666,260.3680591055925,false,load_plus_context_amplitude,linked_global,monoculture,A2780Naive,20k,1.47,,total
0.0,100.0,100.0,true,load_plus_context_amplitude,linked_global,monoculture,A2780Naive,30k,0.67,,total
1.0,507.5015816666667,184.66381121842514,false,load_plus_context_amplitude,linked_global,monoculture,A2780Naive,30k,0.67,,total
2.0,801.887693,451.8060255530656,false,load_plus_context_amplitude,linked_global,monoculture,A2780Naive,30k,0.67,,total
3.0,1336.278318,973.2222639994584,false,load_plus_context_amplitude,linked_global,monoculture,A2780Naive,30k,0.67,,total
4.0,1623.1049383333336,1626.194322570599,false,load_plus_context_amplitude,linked_global,monoculture,A2780Naive,30k,0.67,,total
5.0,2076.8491126666668,2225.0986315481077,false,load_plus_context_amplitude,linked_global,monoculture,A2780Naive,30k,0.67,,total
6.0,2482.367592666667,2669.8704338273837,false,load_plus_context_amplitude,linked_global,monoculture,A2780Naive,30k,0.67,,total
7.0,2895.899845666667,2958.1117199733912,false,load_plus_context_amplitude,linked_global,monoculture,A2780Naive,30k,0.67,,total
8.0,2949.133024666667,3129.7924798158538,false,load_plus_context_amplitude,linked_global,monoculture,A2780Naive,30k,0.67,,total
9.0,3220.295872,3226.851014603991,false,load_plus_context_amplitude,linked_global,monoculture,A2780Naive,30k,0.67,,total
10.0,2758.7708333333335,3279.89661378809,false,load_plus_context_amplitude,linked_global,monoculture,A2780Naive,30k,0.67,,total
11.0,3434.9652003333335,3308.184821300052,false,load_plus_context_amplitude,linked_global,monoculture,A2780Naive,30k,0.67,,total
12.0,3115.501775,3322.9565086787184,false,load_plus_context_amplitude,linked_global,monoculture,A2780Naive,30k,0.67,,total
13.0,3633.6489583333337,3330.505672980987,false,load_plus_context_amplitude,linked_global,monoculture,A2780Naive,30k,0.67,,total
14.0,3423.783179,3334.266143185971,false,load_plus_context_amplitude,linked_global,monoculture,A2780Naive,30k,0.67,,total
0.0,100.0,100.0,true,load_plus_context_amplitude,linked_global,monoculture,A2780Naive,30k,1.0,,total
1.0,277.1990353333333,184.66381121842514,false,load_plus_context_amplitude,linked_global,monoculture,A2780Naive,30k,1.0,,total
2.0,512.5472606666666,451.8060255530656,false,load_plus_context_amplitude,linked_global,monoculture,A2780Naive,30k,1.0,,total
3.0,810.4685956666666,946.8392147127745,false,load_plus_context_amplitude,linked_global,monoculture,A2780Naive,30k,1.0,,total
4.0,1072.5972223333333,1390.703962014694,false,load_plus_context_amplitude,linked_global,monoculture,A2780Naive,30k,1.0,,total
5.0,1220.3375386666667,1632.899232658126,false,load_plus_context_amplitude,linked_global,monoculture,A2780Naive,30k,1.0,,total
6.0,1524.2378856666667,1712.580489858992,false,load_plus_context_amplitude,linked_global,monoculture,A2780Naive,30k,1.0,,total
7.0,1784.3173613333336,1707.6328815114377,false,load_plus_context_amplitude,linked_global,monoculture,A2780Naive,30k,1.0,,total
8.0,1754.768094,1670.7936972800196,false,load_plus_context_amplitude,linked_global,monoculture,A2780Naive,30k,1.0,,total
9.0,1630.9435183333335,1628.0237967798535,false,load_plus_context_amplitude,linked_global,monoculture,A2780Naive,30k,1.0,,total
10.0,1765.6959490000002,1589.674463547674,false,load_plus_context_amplitude,linked_global,monoculture,A2780Naive,30k,1.0,,total
11.0,1797.057716,1558.713958178765,false,load_plus_context_amplitude,linked_global,monoculture,A2780Naive,30k,1.0,,total
12.0,1664.883989,1535.0603928805122,false,load_plus_context_amplitude,linked_global,monoculture,A2780Naive,30k,1.0,,total
13.0,1869.5183256666667,1517.5841613572934,false,load_plus_context_amplitude,linked_global,monoculture,A2780Naive,30k,1.0,,total
14.0,2521.7536263333336,1504.9585390129657,false,load_plus_context_amplitude,linked_global,monoculture,A2780Naive,30k,1.0,,total
0.0,100.0,100.0,true,load_plus_context_amplitude,linked_global,monoculture,A2780Naive,30k,1.47,,total
1.0,683.0949846666667,184.66381121842514,false,load_plus_context_amplitude,linked_global,monoculture,A2780Naive,30k,1.47,,total
2.0,962.59946,451.8060255530656,false,load_plus_context_amplitude,linked_global,monoculture,A2780Naive,30k,1.47,,total
3.0,1293.4153163333333,907.1222822068936,false,load_plus_context_amplitude,linked_global,monoculture,A2780Naive,30k,1.47,,total
4.0,1242.3761956666667,1087.6170701718556,false,load_plus_context_amplitude,linked_global,monoculture,A2780Naive,30k,1.47,,total
5.0,1196.6721066666667,993.9086842238721,false,load_plus_context_amplitude,linked_global,monoculture,A2780Naive,30k,1.47,,total
6.0,1151.6981093333334,821.1217000355723,false,load_plus_context_amplitude,linked_global,monoculture,A2780Naive,30k,1.47,,total
7.0,908.6366510000001,664.4052263341555,false,load_plus_context_amplitude,linked_global,monoculture,A2780Naive,30k,1.47,,total
8.0,684.2957563333333,544.6582456965093,false,load_plus_context_amplitude,linked_global,monoculture,A2780Naive,30k,1.47,,total
9.0,451.471335,457.8981155092798,false,load_plus_context_amplitude,linked_global,monoculture,A2780Naive,30k,1.47,,total
10.0,351.6421293333333,395.74619348425176,false,load_plus_context_amplitude,linked_global,monoculture,A2780Naive,30k,1.47,,total
11.0,239.04888100000002,351.0064766286569,false,load_plus_context_amplitude,linked_global,monoculture,A2780Naive,30k,1.47,,total
12.0,153.48256166666667,318.455749399184,false,load_plus_context_amplitude,linked_global,monoculture,A2780Naive,30k,1.47,,total
13.0,115.12735333333332,294.4869309070696,false,load_plus_context_amplitude,linked_global,monoculture,A2780Naive,30k,1.47,,total
14.0,60.396604999999994,276.63374392732743,false,load_plus_context_amplitude,linked_global,monoculture,A2780Naive,30k,1.47,,total
0.0,67.0,67.0,true,load_plus_context_amplitude,linked_global,monoculture,A2780cis,20k,0.67,,total
1.0,79.832716,75.98203929824616,false,load_plus_context_amplitude,linked_global,monoculture,A2780cis,20k,0.67,,total
2.0,136.68186733333332,107.07175412901924,false,load_plus_context_amplitude,linked_global,monoculture,A2780cis,20k,0.67,,total
3.0,256.032137,178.67199252302885,false,load_plus_context_amplitude,linked_global,monoculture,A2780cis,20k,0.67,,total
4.0,551.4876543333334,336.2311766150292,false,load_plus_context_amplitude,linked_global,monoculture,A2780cis,20k,0.67,,total
5.0,932.248611,671.1380352336091,false,load_plus_context_amplitude,linked_global,monoculture,A2780cis,20k,0.67,,total
6.0,1630.1435956666667,1299.8242737787575,false,load_plus_context_amplitude,linked_global,monoculture,A2780cis,20k,0.67,,total
7.0,2349.2489583333336,2185.2246201334865,false,load_plus_context_amplitude,linked_global,monoculture,A2780cis,20k,0.67,,total
8.0,2344.200308666667,2754.7813158922236,false,load_plus_context_amplitude,linked_global,monoculture,A2780cis,20k,0.67,,total
9.0,3261.814429,3141.5931067090946,false,load_plus_context_amplitude,linked_global,monoculture,A2780cis,20k,0.67,,total
10.0,2744.403163333333,3365.4508860839214,false,load_plus_context_amplitude,linked_global,monoculture,A2780cis,20k,0.67,,total
11.0,3624.0109566666665,3490.8645583167263,false,load_plus_context_amplitude,linked_global,monoculture,A2780cis,20k,0.67,,total
12.0,2656.8393906666665,3565.722886872475,false,load_plus_context_amplitude,linked_global,monoculture,A2780cis,20k,0.67,,total
13.0,3902.5750386666664,3614.996704784788,false,load_plus_context_amplitude,linked_global,monoculture,A2780cis,20k,0.67,,total
14.0,2987.771682,3650.14808047011,false,load_plus_context_amplitude,linked_global,monoculture,A2780cis,20k,0.67,,total
0.0,67.0,67.0,true,load_plus_context_amplitude,linked_global,monoculture,A2780cis,20k,1.0,,total
1.0,82.57476866666666,75.98203929824616,false,load_plus_context_amplitude,linked_global,monoculture,A2780cis,20k,1.0,,total
2.0,153.74926733333334,107.07175412901924,false,load_plus_context_amplitude,linked_global,monoculture,A2780cis,20k,1.0,,total
3.0,298.6227236666667,178.67199252302885,false,load_plus_context_amplitude,linked_global,monoculture,A2780cis,20k,1.0,,total
4.0,584.2937496666667,336.2311766150292,false,load_plus_context_amplitude,linked_global,monoculture,A2780cis,20k,1.0,,total
5.0,1028.8575233333333,671.1380352336091,false,load_plus_context_amplitude,linked_global,monoculture,A2780cis,20k,1.0,,total
6.0,1728.4681713333332,1299.8242737787575,false,load_plus_context_amplitude,linked_global,monoculture,A2780cis,20k,1.0,,total
7.0,2346.5103780000004,2162.766861904529,false,load_plus_context_amplitude,linked_global,monoculture,A2780cis,20k,1.0,,total
8.0,2305.3690973333332,1934.842953882299,false,load_plus_context_amplitude,linked_global,monoculture,A2780cis,20k,1.0,,total
9.0,3049.6326773333335,2452.854118807859,false,load_plus_context_amplitude,linked_global,monoculture,A2780cis,20k,1.0,,total
10.0,3134.858873333333,2889.0501588019756,false,load_plus_context_amplitude,linked_global,monoculture,A2780cis,20k,1.0,,total
11.0,3720.5385029999998,3127.969638553493,false,load_plus_context_amplitude,linked_global,monoculture,A2780cis,20k,1.0,,total
12.0,2824.6677086666664,3238.0503863281674,false,load_plus_context_amplitude,linked_global,monoculture,A2780cis,20k,1.0,,total
13.0,3906.9917053333334,3286.667360100777,false,load_plus_context_amplitude,linked_global,monoculture,A2780cis,20k,1.0,,total
14.0,4011.9759260000005,3309.2172673127147,false,load_plus_context_amplitude,linked_global,monoculture,A2780cis,20k,1.0,,total
0.0,67.0,67.0,true,load_plus_context_amplitude,linked_global,monoculture,A2780cis,20k,1.47,,total
1.0,66.07534733333334,75.98203929824616,false,load_plus_context_amplitude,linked_global,monoculture,A2780cis,20k,1.47,,total
2.0,136.019406,107.07175412901924,false,load_plus_context_amplitude,linked_global,monoculture,A2780cis,20k,1.47,,total
3.0,262.4119983333333,178.67199252302885,false,load_plus_context_amplitude,linked_global,monoculture,A2780cis,20k,1.47,,total
4.0,627.1851849999999,336.2311766150292,false,load_plus_context_amplitude,linked_global,monoculture,A2780cis,20k,1.47,,total
5.0,1055.7064813333334,671.1380352336091,false,load_plus_context_amplitude,linked_global,monoculture,A2780cis,20k,1.47,,total
6.0,1644.4327546666666,1299.8242737787575,false,load_plus_context_amplitude,linked_global,monoculture,A2780cis,20k,1.47,,total
7.0,1888.7926696666666,2146.023955045851,false,load_plus_context_amplitude,linked_global,monoculture,A2780cis,20k,1.47,,total
8.0,1640.846373333333,1739.2314832506518,false,load_plus_context_amplitude,linked_global,monoculture,A2780cis,20k,1.47,,total
9.0,2390.4506556666665,2208.049234015042,false,load_plus_context_amplitude,linked_global,monoculture,A2780cis,20k,1.47,,total
10.0,1885.2126543333334,2563.403993686113,false,load_plus_context_amplitude,linked_global,monoculture,A2780cis,20k,1.47,,total
11.0,2693.7878856666666,2772.110785686497,false,load_plus_context_amplitude,linked_global,monoculture,A2780cis,20k,1.47,,total
12.0,2554.914467666667,2882.107807623796,false,load_plus_context_amplitude,linked_global,monoculture,A2780cis,20k,1.47,,total
13.0,3229.3090276666667,2938.832188166197,false,load_plus_context_amplitude,linked_global,monoculture,A2780cis,20k,1.47,,total
14.0,3171.784760666667,2969.4021944575957,false,load_plus_context_amplitude,linked_global,monoculture,A2780cis,20k,1.47,,total
0.0,100.0,100.0,true,load_plus_context_amplitude,linked_global,monoculture,A2780cis,30k,0.67,,total
1.0,119.12291633333332,113.262216705296,false,load_plus_context_amplitude,linked_global,monoculture,A2780cis,30k,0.67,,total
2.0,208.10995366666666,158.91277461057408,false,load_plus_context_amplitude,linked_global,monoculture,A2780cis,30k,0.67,,total
3.0,381.1926696666667,262.58299033836863,false,load_plus_context_amplitude,linked_global,monoculture,A2780cis,30k,0.67,,total
4.0,731.6507716666666,483.8649743562611,false,load_plus_context_amplitude,linked_global,monoculture,A2780cis,30k,0.67,,total
5.0,1291.6760416666666,925.5975812558139,false,load_plus_context_amplitude,linked_global,monoculture,A2780cis,30k,0.67,,total
6.0,1980.2315586666666,1664.5780575122853,false,load_plus_context_amplitude,linked_global,monoculture,A2780cis,30k,0.67,,total
7.0,2670.8478393333335,2544.6417773850453,false,load_plus_context_amplitude,linked_global,monoculture,A2780cis,30k,0.67,,total
8.0,2545.009915,2959.9687697457775,false,load_plus_context_amplitude,linked_global,monoculture,A2780cis,30k,0.67,,total
9.0,3548.7987266666664,3231.709882245426,false,load_plus_context_amplitude,linked_global,monoculture,A2780cis,30k,0.67,,total
10.0,2897.7104553333334,3396.9754827907714,false,load_plus_context_amplitude,linked_global,monoculture,A2780cis,30k,0.67,,total
11.0,3797.833449333333,3499.317322152038,false,load_plus_context_amplitude,linked_global,monoculture,A2780cis,30k,0.67,,total
12.0,2884.930285666667,3566.9680171706873,false,load_plus_context_amplitude,linked_global,monoculture,A2780cis,30k,0.67,,total
13.0,4146.366087666666,3614.7354172316323,false,load_plus_context_amplitude,linked_global,monoculture,A2780cis,30k,0.67,,total
14.0,3326.884761,3649.981491763633,false,load_plus_context_amplitude,linked_global,monoculture,A2780cis,30k,0.67,,total
0.0,100.0,100.0,true,load_plus_context_amplitude,linked_global,monoculture,A2780cis,30k,1.0,,total
1.0,117.62118066666666,113.262216705296,false,load_plus_context_amplitude,linked_global,monoculture,A2780cis,30k,1.0,,total
2.0,206.52970666666667,158.91277461057408,false,load_plus_context_amplitude,linked_global,monoculture,A2780cis,30k,1.0,,total
3.0,392.79753066666666,262.58299033836863,false,load_plus_context_amplitude,linked_global,monoculture,A2780cis,30k,1.0,,total
4.0,793.1631946666666,483.8649743562611,false,load_plus_context_amplitude,linked_global,monoculture,A2780cis,30k,1.0,,total
5.0,1328.3501159999998,925.5975812558139,false,load_plus_context_amplitude,linked_global,monoculture,A2780cis,30k,1.0,,total
6.0,1947.6582176666668,1664.5780575122853,false,load_plus_context_amplitude,linked_global,monoculture,A2780cis,30k,1.0,,total
7.0,2594.510609333334,2517.2585693545598,false,load_plus_context_amplitude,linked_global,monoculture,A2780cis,30k,1.0,,total
8.0,2352.0106483333334,2094.3285022872906,false,load_plus_context_amplitude,linked_global,monoculture,A2780cis,30k,1.0,,total
9.0,3220.0850306666666,2554.128983925098,false,load_plus_context_amplitude,linked_global,monoculture,A2780cis,30k,1.0,,total
10.0,2953.806751666667,2929.668117114218,false,load_plus_context_amplitude,linked_global,monoculture,A2780cis,30k,1.0,,total
11.0,3595.1114196666663,3130.589530056008,false,load_plus_context_amplitude,linked_global,monoculture,A2780cis,30k,1.0,,total
12.0,2534.660455333333,3223.610547743631,false,load_plus_context_amplitude,linked_global,monoculture,A2780cis,30k,1.0,,total
13.0,3853.449228666667,3265.839605680676,false,load_plus_context_amplitude,linked_global,monoculture,A2780cis,30k,1.0,,total
14.0,4116.669907333334,3286.309565103433,false,load_plus_context_amplitude,linked_global,monoculture,A2780cis,30k,1.0,,total
0.0,100.0,100.0,true,load_plus_context_amplitude,linked_global,monoculture,A2780cis,30k,1.47,,total
1.0,73.88472200000001,113.262216705296,false,load_plus_context_amplitude,linked_global,monoculture,A2780cis,30k,1.47,,total
2.0,143.64463766666665,158.91277461057408,false,load_plus_context_amplitude,linked_global,monoculture,A2780cis,30k,1.47,,total
3.0,301.875849,262.58299033836863,false,load_plus_context_amplitude,linked_global,monoculture,A2780cis,30k,1.47,,total
4.0,670.1066746666667,483.8649743562611,false,load_plus_context_amplitude,linked_global,monoculture,A2780cis,30k,1.47,,total
5.0,1170.9108796666667,925.5975812558139,false,load_plus_context_amplitude,linked_global,monoculture,A2780cis,30k,1.47,,total
6.0,1348.3380016666667,1664.5780575122853,false,load_plus_context_amplitude,linked_global,monoculture,A2780cis,30k,1.47,,total
7.0,1881.759761,2496.861649441305,false,load_plus_context_amplitude,linked_global,monoculture,A2780cis,30k,1.47,,total
8.0,1606.1887733333333,1890.8022682328206,false,load_plus_context_amplitude,linked_global,monoculture,A2780cis,30k,1.47,,total
9.0,2421.258526333333,2296.4304542056393,false,load_plus_context_amplitude,linked_global,monoculture,A2780cis,30k,1.47,,total
10.0,1957.2380400000002,2590.4354039841196,false,load_plus_context_amplitude,linked_global,monoculture,A2780cis,30k,1.47,,total
11.0,2537.103395,2761.3529049231383,false,load_plus_context_amplitude,linked_global,monoculture,A2780cis,30k,1.47,,total
12.0,2244.322531,2853.3289830788044,false,load_plus_context_amplitude,linked_global,monoculture,A2780cis,30k,1.47,,total
13.0,2827.4429400000004,2902.7707858814397,false,load_plus_context_amplitude,linked_global,monoculture,A2780cis,30k,1.47,,total
14.0,3433.938387333333,2930.822548274895,false,load_plus_context_amplitude,linked_global,monoculture,A2780cis,30k,1.47,,total
0.0,16.75,16.75,true,load_plus_context_amplitude,linked_global,coculture,A2780Naive+A2780cis,20k,1.0,25-75,sensitive
1.0,99.62333333333333,29.904539183448296,false,load_plus_context_amplitude,linked_global,coculture,A2780Naive+A2780cis,20k,1.0,25-75,sensitive
2.0,151.64666666666665,85.2385905403289,false,load_plus_context_amplitude,linked_global,coculture,A2780Naive+A2780cis,20k,1.0,25-75,sensitive
3.0,256.715,225.89241212671314,false,load_plus_context_amplitude,linked_global,coculture,A2780Naive+A2780cis,20k,1.0,25-75,sensitive
4.0,308.39166666666665,424.4972867357807,false,load_plus_context_amplitude,linked_global,coculture,A2780Naive+A2780cis,20k,1.0,25-75,sensitive
5.0,458.41,619.255082010271,false,load_plus_context_amplitude,linked_global,coculture,A2780Naive+A2780cis,20k,1.0,25-75,sensitive
6.0,443.1983333333333,766.7033097647767,false,load_plus_context_amplitude,linked_global,coculture,A2780Naive+A2780cis,20k,1.0,25-75,sensitive
7.0,684.745,850.2082115268618,false,load_plus_context_amplitude,linked_global,coculture,A2780Naive+A2780cis,20k,1.0,25-75,sensitive
8.0,381.4466666666667,898.409238388755,false,load_plus_context_amplitude,linked_global,coculture,A2780Naive+A2780cis,20k,1.0,25-75,sensitive
9.0,434.4266666666667,921.9094802035405,false,load_plus_context_amplitude,linked_global,coculture,A2780Naive+A2780cis,20k,1.0,25-75,sensitive
10.0,381.8066666666667,914.4371995305206,false,load_plus_context_amplitude,linked_global,coculture,A2780Naive+A2780cis,20k,1.0,25-75,sensitive
11.0,827.9266666666667,883.1411630296278,false,load_plus_context_amplitude,linked_global,coculture,A2780Naive+A2780cis,20k,1.0,25-75,sensitive
12.0,564.2466666666667,838.3404069070913,false,load_plus_context_amplitude,linked_global,coculture,A2780Naive+A2780cis,20k,1.0,25-75,sensitive
13.0,1105.2716666666665,788.3299424865726,false,load_plus_context_amplitude,linked_global,coculture,A2780Naive+A2780cis,20k,1.0,25-75,sensitive
14.0,404.80333333333334,738.1440236839767,false,load_plus_context_amplitude,linked_global,coculture,A2780Naive+A2780cis,20k,1.0,25-75,sensitive
0.0,50.25,50.25,true,load_plus_context_amplitude,linked_global,coculture,A2780Naive+A2780cis,20k,1.0,25-75,resistant
1.0,88.58666666666666,56.962293068589865,false,load_plus_context_amplitude,linked_global,coculture,A2780Naive+A2780cis,20k,1.0,25-75,resistant
2.0,143.335,79.90509187252894,false,load_plus_context_amplitude,linked_global,coculture,A2780Naive+A2780cis,20k,1.0,25-75,resistant
3.0,247.62666666666667,130.34907125132654,false,load_plus_context_amplitude,linked_global,coculture,A2780Naive+A2780cis,20k,1.0,25-75,resistant
4.0,494.3083333333334,230.50500816662,false,load_plus_context_amplitude,linked_global,coculture,A2780Naive+A2780cis,20k,1.0,25-75,resistant
5.0,903.3716666666666,414.306776794657,false,load_plus_context_amplitude,linked_global,coculture,A2780Naive+A2780cis,20k,1.0,25-75,resistant
6.0,1360.0966666666666,717.3110845839919,false,load_plus_context_amplitude,linked_global,coculture,A2780Naive+A2780cis,20k,1.0,25-75,resistant
7.0,2438.3766666666666,1135.7017975899962,false,load_plus_context_amplitude,linked_global,coculture,A2780Naive+A2780cis,20k,1.0,25-75,resistant
8.0,1945.3233333333335,1089.3374444807607,false,load_plus_context_amplitude,linked_global,coculture,A2780Naive+A2780cis,20k,1.0,25-75,resistant
9.0,3250.286666666667,1330.650355882806,false,load_plus_context_amplitude,linked_global,coculture,A2780Naive+A2780cis,20k,1.0,25-75,resistant
10.0,3135.64,1655.280757849095,false,load_plus_context_amplitude,linked_global,coculture,A2780Naive+A2780cis,20k,1.0,25-75,resistant
11.0,3987.5866666666666,1958.4736205812515,false,load_plus_context_amplitude,linked_global,coculture,A2780Naive+A2780cis,20k,1.0,25-75,resistant
12.0,2308.2483333333334,2198.9738275342424,false,load_plus_context_amplitude,linked_global,coculture,A2780Naive+A2780cis,20k,1.0,25-75,resistant
13.0,3826.773333333333,2377.0724013296685,false,load_plus_context_amplitude,linked_global,coculture,A2780Naive+A2780cis,20k,1.0,25-75,resistant
14.0,2159.3716666666664,2508.7878255457913,false,load_plus_context_amplitude,linked_global,coculture,A2780Naive+A2780cis,20k,1.0,25-75,resistant
0.0,33.5,33.5,true,load_plus_context_amplitude,linked_global,coculture,A2780Naive+A2780cis,20k,1.0,50-50,sensitive
1.0,154.28,58.5371132451636,false,load_plus_context_amplitude,linked_global,coculture,A2780Naive+A2780cis,20k,1.0,50-50,sensitive
2.0,285.20666666666665,156.63147395324006,false,load_plus_context_amplitude,linked_global,coculture,A2780Naive+A2780cis,20k,1.0,50-50,sensitive
3.0,425.075,376.14344782421256,false,load_plus_context_amplitude,linked_global,coculture,A2780Naive+A2780cis,20k,1.0,50-50,sensitive
4.0,562.615,642.1817773568303,false,load_plus_context_amplitude,linked_global,coculture,A2780Naive+A2780cis,20k,1.0,50-50,sensitive
5.0,850.4516666666667,871.5323514804202,false,load_plus_context_amplitude,linked_global,coculture,A2780Naive+A2780cis,20k,1.0,50-50,sensitive
6.0,932.2550000000001,1031.2734147592691,false,load_plus_context_amplitude,linked_global,coculture,A2780Naive+A2780cis,20k,1.0,50-50,sensitive
7.0,1392.045,1119.5280134515976,false,load_plus_context_amplitude,linked_global,coculture,A2780Naive+A2780cis,20k,1.0,50-50,sensitive
8.0,999.73,1166.3537563947568,false,load_plus_context_amplitude,linked_global,coculture,A2780Naive+A2780cis,20k,1.0,50-50,sensitive
9.0,1287.6316666666664,1185.1614672645214,false,load_plus_context_amplitude,linked_global,coculture,A2780Naive+A2780cis,20k,1.0,50-50,sensitive
10.0,1285.185,1173.0474394680723,false,load_plus_context_amplitude,linked_global,coculture,A2780Naive+A2780cis,20k,1.0,50-50,sensitive
11.0,1589.9216666666669,1135.169135902672,false,load_plus_context_amplitude,linked_global,coculture,A2780Naive+A2780cis,20k,1.0,50-50,sensitive
12.0,1183.66,1079.748279998492,false,load_plus_context_amplitude,linked_global,coculture,A2780Naive+A2780cis,20k,1.0,50-50,sensitive
13.0,1283.0133333333333,1015.1381975623029,false,load_plus_context_amplitude,linked_global,coculture,A2780Naive+A2780cis,20k,1.0,50-50,sensitive
14.0,1010.3066666666667,947.9325461020187,false,load_plus_context_amplitude,linked_global,coculture,A2780Naive+A2780cis,20k,1.0,50-50,sensitive
0.0,33.5,33.5,true,load_plus_context_amplitude,linked_global,coculture,A2780Naive+A2780cis,20k,1.0,50-50,resistant
1.0,51.281666666666666,37.959833351846314,false,load_plus_context_amplitude,linked_global,coculture,A2780Naive+A2780cis,20k,1.0,50-50,resistant
2.0,89.81333333333333,53.04853389196505,false,load_plus_context_amplitude,linked_global,coculture,A2780Naive+A2780cis,20k,1.0,50-50,resistant
3.0,141.95833333333334,85.22911885065312,false,load_plus_context_amplitude,linked_global,coculture,A2780Naive+A2780cis,20k,1.0,50-50,resistant
4.0,269.67333333333335,146.04085865027153,false,load_plus_context_amplitude,linked_global,coculture,A2780Naive+A2780cis,20k,1.0,50-50,resistant
5.0,503.14333333333326,252.71875349649966,false,load_plus_context_amplitude,linked_global,coculture,A2780Naive+A2780cis,20k,1.0,50-50,resistant
6.0,640.2366666666667,426.9282179659881,false,load_plus_context_amplitude,linked_global,coculture,A2780Naive+A2780cis,20k,1.0,50-50,resistant
7.0,1228.7583333333334,682.0294631719916,false,load_plus_context_amplitude,linked_global,coculture,A2780Naive+A2780cis,20k,1.0,50-50,resistant
8.0,1159.7433333333333,665.493095175793,false,load_plus_context_amplitude,linked_global,coculture,A2780Naive+A2780cis,20k,1.0,50-50,resistant
9.0,2141.5383333333334,839.7609553009213,false,load_plus_context_amplitude,linked_global,coculture,A2780Naive+A2780cis,20k,1.0,50-50,resistant
10.0,2331.901666666666,1102.9144977440137,false,load_plus_context_amplitude,linked_global,coculture,A2780Naive+A2780cis,20k,1.0,50-50,resistant
11.0,3319.126666666667,1396.498094464948,false,load_plus_context_amplitude,linked_global,coculture,A2780Naive+A2780cis,20k,1.0,50-50,resistant
12.0,1939.1216666666667,1677.240110795889,false,load_plus_context_amplitude,linked_global,coculture,A2780Naive+A2780cis,20k,1.0,50-50,resistant
13.0,3037.8416666666667,1919.7936241427612,false,load_plus_context_amplitude,linked_global,coculture,A2780Naive+A2780cis,20k,1.0,50-50,resistant
14.0,1923.26,2117.649108429561,false,load_plus_context_amplitude,linked_global,coculture,A2780Naive+A2780cis,20k,1.0,50-50,resistant
0.0,50.25,50.25,true,load_plus_context_amplitude,linked_global,coculture,A2780Naive+A2780cis,20k,1.0,75-25,sensitive
1.0,216.94833333333335,86.24191940410205,false,load_plus_context_amplitude,linked_global,coculture,A2780Naive+A2780cis,20k,1.0,75-25,sensitive
2.0,395.03833333333336,220.20497872429922,false,load_plus_context_amplitude,linked_global,coculture,A2780Naive+A2780cis,20k,1.0,75-25,sensitive
3.0,575.9033333333333,495.572274308524,false,load_plus_context_amplitude,linked_global,coculture,A2780Naive+A2780cis,20k,1.0,75-25,sensitive
4.0,750.965,798.9538439300231,false,load_plus_context_amplitude,linked_global,coculture,A2780Naive+A2780cis,20k,1.0,75-25,sensitive
5.0,1098.7666666666667,1041.5141894525552,false,load_plus_context_amplitude,linked_global,coculture,A2780Naive+A2780cis,20k,1.0,75-25,sensitive
6.0,1222.9466666666665,1203.8790505518762,false,load_plus_context_amplitude,linked_global,coculture,A2780Naive+A2780cis,20k,1.0,75-25,sensitive
7.0,1636.885,1296.256384686926,false,load_plus_context_amplitude,linked_global,coculture,A2780Naive+A2780cis,20k,1.0,75-25,sensitive
8.0,1417.09,1345.5920928945116,false,load_plus_context_amplitude,linked_global,coculture,A2780Naive+A2780cis,20k,1.0,75-25,sensitive
9.0,1830.3733333333337,1366.6655828482958,false,load_plus_context_amplitude,linked_global,coculture,A2780Naive+A2780cis,20k,1.0,75-25,sensitive
10.0,2137.61,1361.377602684134,false,load_plus_context_amplitude,linked_global,coculture,A2780Naive+A2780cis,20k,1.0,75-25,sensitive
11.0,2132.978333333333,1332.8392077933456,false,load_plus_context_amplitude,linked_global,coculture,A2780Naive+A2780cis,20k,1.0,75-25,sensitive
12.0,1500.195,1284.642327289412,false,load_plus_context_amplitude,linked_global,coculture,A2780Naive+A2780cis,20k,1.0,75-25,sensitive
13.0,1762.6516666666669,1221.4505995121922,false,load_plus_context_amplitude,linked_global,coculture,A2780Naive+A2780cis,20k,1.0,75-25,sensitive
14.0,1454.5266666666666,1148.9125083259119,false,load_plus_context_amplitude,linked_global,coculture,A2780Naive+A2780cis,20k,1.0,75-25,sensitive
0.0,16.75,16.75,true,load_plus_context_amplitude,linked_global,coculture,A2780Naive+A2780cis,20k,1.0,75-25,resistant
1.0,26.93166666666667,18.972799592216617,false,load_plus_context_amplitude,linked_global,coculture,A2780Naive+A2780cis,20k,1.0,75-25,resistant
2.0,42.105,26.42693599791719,false,load_plus_context_amplitude,linked_global,coculture,A2780Naive+A2780cis,20k,1.0,75-25,resistant
3.0,64.44166666666668,41.95530263800629,false,load_plus_context_amplitude,linked_global,coculture,A2780Naive+A2780cis,20k,1.0,75-25,resistant
4.0,128.0016666666667,70.35512684712528,false,load_plus_context_amplitude,linked_global,coculture,A2780Naive+A2780cis,20k,1.0,75-25,resistant
5.0,186.15166666666664,119.08080104282354,false,load_plus_context_amplitude,linked_global,coculture,A2780Naive+A2780cis,20k,1.0,75-25,resistant
6.0,262.3983333333333,199.36743578332653,false,load_plus_context_amplitude,linked_global,coculture,A2780Naive+A2780cis,20k,1.0,75-25,resistant
7.0,430.875,324.2704896630091,false,load_plus_context_amplitude,linked_global,coculture,A2780Naive+A2780cis,20k,1.0,75-25,resistant
8.0,525.69,323.7244351956353,false,load_plus_context_amplitude,linked_global,coculture,A2780Naive+A2780cis,20k,1.0,75-25,resistant
9.0,900.48,425.3058709920315,false,load_plus_context_amplitude,linked_global,coculture,A2780Naive+A2780cis,20k,1.0,75-25,resistant
10.0,1261.5033333333333,595.2652190243984,false,load_plus_context_amplitude,linked_global,coculture,A2780Naive+A2780cis,20k,1.0,75-25,resistant
11.0,1896.801666666667,820.8127460710296,false,load_plus_context_amplitude,linked_global,coculture,A2780Naive+A2780cis,20k,1.0,75-25,resistant
12.0,1271.0700000000004,1085.395309393934,false,load_plus_context_amplitude,linked_global,coculture,A2780Naive+A2780cis,20k,1.0,75-25,resistant
13.0,2274.6516666666666,1363.574379758154,false,load_plus_context_amplitude,linked_global,coculture,A2780Naive+A2780cis,20k,1.0,75-25,resistant
14.0,1507.9783333333335,1628.358400176078,false,load_plus_context_amplitude,linked_global,coculture,A2780Naive+A2780cis,20k,1.0,75-25,resistant
0.0,25.0,25.0,true,load_plus_context_amplitude,linked_global,coculture,A2780Naive+A2780cis,30k,1.0,25-75,sensitive
1.0,92.28666666666668,39.20221269196641,false,load_plus_context_amplitude,linked_global,coculture,A2780Naive+A2780cis,30k,1.0,25-75,sensitive
2.0,166.93666666666667,92.28094684983813,false,load_plus_context_amplitude,linked_global,coculture,A2780Naive+A2780cis,30k,1.0,25-75,sensitive
3.0,254.01833333333335,211.2687845296166,false,load_plus_context_amplitude,linked_global,coculture,A2780Naive+A2780cis,30k,1.0,25-75,sensitive
4.0,304.3333333333333,364.0620115535656,false,load_plus_context_amplitude,linked_global,coculture,A2780Naive+A2780cis,30k,1.0,25-75,sensitive
5.0,467.26833333333326,503.27652470151867,false,load_plus_context_amplitude,linked_global,coculture,A2780Naive+A2780cis,30k,1.0,25-75,sensitive
6.0,478.9883333333334,598.2192723704853,false,load_plus_context_amplitude,linked_global,coculture,A2780Naive+A2780cis,30k,1.0,25-75,sensitive
7.0,644.6283333333333,639.216778142963,false,load_plus_context_amplitude,linked_global,coculture,A2780Naive+A2780cis,30k,1.0,25-75,sensitive
8.0,433.00666666666666,658.0449898065832,false,load_plus_context_amplitude,linked_global,coculture,A2780Naive+A2780cis,30k,1.0,25-75,sensitive
9.0,360.13166666666666,662.4466023344941,false,load_plus_context_amplitude,linked_global,coculture,A2780Naive+A2780cis,30k,1.0,25-75,sensitive
10.0,420.3900000000001,644.2329197555644,false,load_plus_context_amplitude,linked_global,coculture,A2780Naive+A2780cis,30k,1.0,25-75,sensitive
11.0,492.47499999999997,609.3882677854509,false,load_plus_context_amplitude,linked_global,coculture,A2780Naive+A2780cis,30k,1.0,25-75,sensitive
12.0,788.84,566.3091353358493,false,load_plus_context_amplitude,linked_global,coculture,A2780Naive+A2780cis,30k,1.0,25-75,sensitive
13.0,1077.7166666666667,521.1030946996855,false,load_plus_context_amplitude,linked_global,coculture,A2780Naive+A2780cis,30k,1.0,25-75,sensitive
14.0,921.545,477.10864474658996,false,load_plus_context_amplitude,linked_global,coculture,A2780Naive+A2780cis,30k,1.0,25-75,sensitive
0.0,75.0,75.0,true,load_plus_context_amplitude,linked_global,coculture,A2780Naive+A2780cis,30k,1.0,25-75,resistant
1.0,87.41333333333334,84.88508087956956,false,load_plus_context_amplitude,linked_global,coculture,A2780Naive+A2780cis,30k,1.0,25-75,resistant
2.0,146.07000000000002,118.42437433873856,false,load_plus_context_amplitude,linked_global,coculture,A2780Naive+A2780cis,30k,1.0,25-75,resistant
3.0,261.51,191.10832489352902,false,load_plus_context_amplitude,linked_global,coculture,A2780Naive+A2780cis,30k,1.0,25-75,resistant
4.0,490.7949999999999,332.57608355613706,false,load_plus_context_amplitude,linked_global,coculture,A2780Naive+A2780cis,30k,1.0,25-75,resistant
5.0,872.2133333333333,584.6755776976975,false,load_plus_context_amplitude,linked_global,coculture,A2780Naive+A2780cis,30k,1.0,25-75,resistant
6.0,1398.1966666666667,979.7372403333316,false,load_plus_context_amplitude,linked_global,coculture,A2780Naive+A2780cis,30k,1.0,25-75,resistant
7.0,2656.3349999999996,1480.7325206564103,false,load_plus_context_amplitude,linked_global,coculture,A2780Naive+A2780cis,30k,1.0,25-75,resistant
8.0,2187.6316666666667,1363.5804369544182,false,load_plus_context_amplitude,linked_global,coculture,A2780Naive+A2780cis,30k,1.0,25-75,resistant
9.0,3209.313333333333,1622.2664124923294,false,load_plus_context_amplitude,linked_global,coculture,A2780Naive+A2780cis,30k,1.0,25-75,resistant
10.0,3193.9033333333336,1964.073376342477,false,load_plus_context_amplitude,linked_global,coculture,A2780Naive+A2780cis,30k,1.0,25-75,resistant
11.0,3624.1133333333332,2263.303955665211,false,load_plus_context_amplitude,linked_global,coculture,A2780Naive+A2780cis,30k,1.0,25-75,resistant
12.0,2743.473333333334,2487.111806025761,false,load_plus_context_amplitude,linked_global,coculture,A2780Naive+A2780cis,30k,1.0,25-75,resistant
13.0,3918.6783333333333,2647.2409577374215,false,load_plus_context_amplitude,linked_global,coculture,A2780Naive+A2780cis,30k,1.0,25-75,resistant
14.0,3231.2383333333332,2764.8653390358368,false,load_plus_context_amplitude,linked_global,coculture,A2780Naive+A2780cis,30k,1.0,25-75,resistant
0.0,50.0,50.0,true,load_plus_context_amplitude,linked_global,coculture,A2780Naive+A2780cis,30k,1.0,50-50,sensitive
1.0,165.45833333333334,77.06562166222307,false,load_plus_context_amplitude,linked_global,coculture,A2780Naive+A2780cis,30k,1.0,50-50,sensitive
2.0,282.01500000000004,172.6707869114843,false,load_plus_context_amplitude,linked_global,coculture,A2780Naive+A2780cis,30k,1.0,50-50,sensitive
3.0,432.8383333333333,365.42236360032683,false,load_plus_context_amplitude,linked_global,coculture,A2780Naive+A2780cis,30k,1.0,50-50,sensitive
4.0,607.8166666666667,583.1748221838436,false,load_plus_context_amplitude,linked_global,coculture,A2780Naive+A2780cis,30k,1.0,50-50,sensitive
5.0,879.0050000000001,762.9471799976416,false,load_plus_context_amplitude,linked_global,coculture,A2780Naive+A2780cis,30k,1.0,50-50,sensitive
6.0,947.1116666666667,881.2531368532324,false,load_plus_context_amplitude,linked_global,coculture,A2780Naive+A2780cis,30k,1.0,50-50,sensitive
7.0,1412.7849999999999,936.9699146033812,false,load_plus_context_amplitude,linked_global,coculture,A2780Naive+A2780cis,30k,1.0,50-50,sensitive
8.0,1018.185,962.5008623839005,false,load_plus_context_amplitude,linked_global,coculture,A2780Naive+A2780cis,30k,1.0,50-50,sensitive
9.0,1172.4866666666667,968.1606152731164,false,load_plus_context_amplitude,linked_global,coculture,A2780Naive+A2780cis,30k,1.0,50-50,sensitive
10.0,1294.5683333333334,947.2757345607516,false,load_plus_context_amplitude,linked_global,coculture,A2780Naive+A2780cis,30k,1.0,50-50,sensitive
11.0,1082.5033333333333,904.4400132552776,false,load_plus_context_amplitude,linked_global,coculture,A2780Naive+A2780cis,30k,1.0,50-50,sensitive
12.0,1456.9150000000002,847.6938193727335,false,load_plus_context_amplitude,linked_global,coculture,A2780Naive+A2780cis,30k,1.0,50-50,sensitive
13.0,1700.3266666666666,784.6027942801878,false,load_plus_context_amplitude,linked_global,coculture,A2780Naive+A2780cis,30k,1.0,50-50,sensitive
14.0,1370.07,720.60490925151,false,load_plus_context_amplitude,linked_global,coculture,A2780Naive+A2780cis,30k,1.0,50-50,sensitive
0.0,50.0,50.0,true,load_plus_context_amplitude,linked_global,coculture,A2780Naive+A2780cis,30k,1.0,50-50,resistant
1.0,53.36166666666666,56.551136147795546,false,load_plus_context_amplitude,linked_global,coculture,A2780Naive+A2780cis,30k,1.0,50-50,resistant
2.0,85.83833333333332,78.51160344725963,false,load_plus_context_amplitude,linked_global,coculture,A2780Naive+A2780cis,30k,1.0,50-50,resistant
3.0,136.93666666666667,124.54887943374584,false,load_plus_context_amplitude,linked_global,coculture,A2780Naive+A2780cis,30k,1.0,50-50,resistant
4.0,278.0416666666667,209.70713546681156,false,load_plus_context_amplitude,linked_global,coculture,A2780Naive+A2780cis,30k,1.0,50-50,resistant
5.0,439.5783333333333,355.1335345758712,false,load_plus_context_amplitude,linked_global,coculture,A2780Naive+A2780cis,30k,1.0,50-50,resistant
6.0,738.2216666666667,583.3675528426038,false,load_plus_context_amplitude,linked_global,coculture,A2780Naive+A2780cis,30k,1.0,50-50,resistant
7.0,1333.6733333333334,897.6195216184142,false,load_plus_context_amplitude,linked_global,coculture,A2780Naive+A2780cis,30k,1.0,50-50,resistant
8.0,1333.7316666666666,842.5423384071022,false,load_plus_context_amplitude,linked_global,coculture,A2780Naive+A2780cis,30k,1.0,50-50,resistant
9.0,2235.375,1033.1210520054285,false,load_plus_context_amplitude,linked_global,coculture,A2780Naive+A2780cis,30k,1.0,50-50,resistant
10.0,2239.6666666666665,1315.2746172723967,false,load_plus_context_amplitude,linked_global,coculture,A2780Naive+A2780cis,30k,1.0,50-50,resistant
11.0,2711.556666666667,1612.9757466105884,false,load_plus_context_amplitude,linked_global,coculture,A2780Naive+A2780cis,30k,1.0,50-50,resistant
12.0,2136.7833333333333,1883.64335364368,false,load_plus_context_amplitude,linked_global,coculture,A2780Naive+A2780cis,30k,1.0,50-50,resistant
13.0,3352.3216666666667,2110.587527792795,false,load_plus_context_amplitude,linked_global,coculture,A2780Naive+A2780cis,30k,1.0,50-50,resistant
14.0,2315.278333333333,2294.7830085503074,false,load_plus_context_amplitude,linked_global,coculture,A2780Naive+A2780cis,30k,1.0,50-50,resistant
0.0,75.0,75.0,true,load_plus_context_amplitude,linked_global,coculture,A2780Naive+A2780cis,30k,1.0,75-25,sensitive
1.0,218.08333333333334,113.89554362014646,false,load_plus_context_amplitude,linked_global,coculture,A2780Naive+A2780cis,30k,1.0,75-25,sensitive
2.0,356.52833333333336,245.635190407367,false,load_plus_context_amplitude,linked_global,coculture,A2780Naive+A2780cis,30k,1.0,75-25,sensitive
3.0,545.945,492.4028294965481,false,load_plus_context_amplitude,linked_global,coculture,A2780Naive+A2780cis,30k,1.0,75-25,sensitive
4.0,755.7766666666666,748.954638295984,false,load_plus_context_amplitude,linked_global,coculture,A2780Naive+A2780cis,30k,1.0,75-25,sensitive
5.0,1013.1566666666666,948.8085706904417,false,load_plus_context_amplitude,linked_global,coculture,A2780Naive+A2780cis,30k,1.0,75-25,sensitive
6.0,1191.6316666666664,1079.6937247434455,false,load_plus_context_amplitude,linked_global,coculture,A2780Naive+A2780cis,30k,1.0,75-25,sensitive
7.0,1758.6866666666667,1149.7444141009348,false,load_plus_context_amplitude,linked_global,coculture,A2780Naive+A2780cis,30k,1.0,75-25,sensitive
8.0,1400.4566666666667,1185.5488743541237,false,load_plus_context_amplitude,linked_global,coculture,A2780Naive+A2780cis,30k,1.0,75-25,sensitive
9.0,1660.7133333333334,1198.765152963846,false,load_plus_context_amplitude,linked_global,coculture,A2780Naive+A2780cis,30k,1.0,75-25,sensitive
10.0,2107.1266666666666,1187.5323692833645,false,load_plus_context_amplitude,linked_global,coculture,A2780Naive+A2780cis,30k,1.0,75-25,sensitive
11.0,1744.1750000000002,1154.0998973745004,false,load_plus_context_amplitude,linked_global,coculture,A2780Naive+A2780cis,30k,1.0,75-25,sensitive
12.0,1827.7083333333333,1102.390319771047,false,load_plus_context_amplitude,linked_global,coculture,A2780Naive+A2780cis,30k,1.0,75-25,sensitive
13.0,1923.9083333333335,1037.4834129622736,false,load_plus_context_amplitude,linked_global,coculture,A2780Naive+A2780cis,30k,1.0,75-25,sensitive
14.0,1647.07,964.9149357000459,false,load_plus_context_amplitude,linked_global,coculture,A2780Naive+A2780cis,30k,1.0,75-25,sensitive
0.0,25.0,25.0,true,load_plus_context_amplitude,linked_global,coculture,A2780Naive+A2780cis,30k,1.0,75-25,resistant
1.0,28.45,28.25690986712351,false,load_plus_context_amplitude,linked_global,coculture,A2780Naive+A2780cis,30k,1.0,75-25,resistant
2.0,45.685,39.05958564905799,false,load_plus_context_amplitude,linked_global,coculture,A2780Naive+A2780cis,30k,1.0,75-25,resistant
3.0,72.71833333333332,61.115306936481005,false,load_plus_context_amplitude,linked_global,coculture,A2780Naive+A2780cis,30k,1.0,75-25,resistant
4.0,127.53333333333332,100.5037523586902,false,load_plus_context_amplitude,linked_global,coculture,A2780Naive+A2780cis,30k,1.0,75-25,resistant
5.0,211.36,166.31373119791562,false,load_plus_context_amplitude,linked_global,coculture,A2780Naive+A2780cis,30k,1.0,75-25,resistant
6.0,311.8583333333333,271.21559021805786,false,load_plus_context_amplitude,linked_global,coculture,A2780Naive+A2780cis,30k,1.0,75-25,resistant
7.0,585.2883333333333,427.21268415738484,false,load_plus_context_amplitude,linked_global,coculture,A2780Naive+A2780cis,30k,1.0,75-25,resistant
8.0,720.1316666666667,410.665496394424,false,load_plus_context_amplitude,linked_global,coculture,A2780Naive+A2780cis,30k,1.0,75-25,resistant
9.0,1168.5216666666668,523.1418791824286,false,load_plus_context_amplitude,linked_global,coculture,A2780Naive+A2780cis,30k,1.0,75-25,resistant
10.0,1358.1716666666664,707.7099639047889,false,load_plus_context_amplitude,linked_global,coculture,A2780Naive+A2780cis,30k,1.0,75-25,resistant
11.0,1719.3033333333333,941.3430345310346,false,load_plus_context_amplitude,linked_global,coculture,A2780Naive+A2780cis,30k,1.0,75-25,resistant
12.0,1458.7166666666665,1203.183284165228,false,load_plus_context_amplitude,linked_global,coculture,A2780Naive+A2780cis,30k,1.0,75-25,resistant
13.0,2386.6633333333334,1469.6324187689488,false,load_plus_context_amplitude,linked_global,coculture,A2780Naive+A2780cis,30k,1.0,75-25,resistant
14.0,1738.6666666666667,1719.966189417075,false,load_plus_context_amplitude,linked_global,coculture,A2780Naive+A2780cis,30k,1.0,75-25,resistant
0.0,67.0,67.0,true,tolerant_context_shift,linked_global,monoculture,A2780Naive,20k,0.67,,total
1.0,305.18962200000004,139.44412278839485,false,tolerant_context_shift,linked_global,monoculture,A2780Naive,20k,0.67,,total
2.0,465.63738433333333,400.20777385501646,false,tolerant_context_shift,linked_global,monoculture,A2780Naive,20k,0.67,,total
3.0,790.214892,956.9864039989633,false,tolerant_context_shift,linked_global,monoculture,A2780Naive,20k,0.67,,total
4.0,880.948534,1686.123654520383,false,tolerant_context_shift,linked_global,monoculture,A2780Naive,20k,0.67,,total
5.0,1277.0010803333332,2353.2200172966304,false,tolerant_context_shift,linked_global,monoculture,A2780Naive,20k,0.67,,total
6.0,1612.01223,2831.4096440376493,false,tolerant_context_shift,linked_global,monoculture,A2780Naive,20k,0.67,,total
7.0,2016.4244216666668,3125.1130260958935,false,tolerant_context_shift,linked_global,monoculture,A2780Naive,20k,0.67,,total
8.0,2081.411111,3289.2966198509935,false,tolerant_context_shift,linked_global,monoculture,A2780Naive,20k,0.67,,total
9.0,2395.0547066666663,3375.8134685910645,false,tolerant_context_shift,linked_global,monoculture,A2780Naive,20k,0.67,,total
10.0,2537.1984183333334,3419.5355393123814,false,tolerant_context_shift,linked_global,monoculture,A2780Naive,20k,0.67,,total
11.0,3073.8874999999994,3440.834072365039,false,tolerant_context_shift,linked_global,monoculture,A2780Naive,20k,0.67,,total
12.0,3042.368325666667,3450.790426260606,false,tolerant_context_shift,linked_global,monoculture,A2780Naive,20k,0.67,,total
13.0,3537.7463733333334,3455.186489546762,false,tolerant_context_shift,linked_global,monoculture,A2780Naive,20k,0.67,,total
14.0,3458.3808643333336,3456.9512211431534,false,tolerant_context_shift,linked_global,monoculture,A2780Naive,20k,0.67,,total
0.0,67.0,67.0,true,tolerant_context_shift,linked_global,monoculture,A2780Naive,20k,1.0,,total
1.0,164.83707566666666,139.44412278839485,false,tolerant_context_shift,linked_global,monoculture,A2780Naive,20k,1.0,,total
2.0,310.328588,400.20777385501646,false,tolerant_context_shift,linked_global,monoculture,A2780Naive,20k,1.0,,total
3.0,498.45925933333325,930.6217216801472,false,tolerant_context_shift,linked_global,monoculture,A2780Naive,20k,1.0,,total
4.0,690.7097223333334,1444.2685709844939,false,tolerant_context_shift,linked_global,monoculture,A2780Naive,20k,1.0,,total
5.0,804.9089893333334,1741.2967227668366,false,tolerant_context_shift,linked_global,monoculture,A2780Naive,20k,1.0,,total
6.0,1188.2886573333333,1849.1340730082018,false,tolerant_context_shift,linked_global,monoculture,A2780Naive,20k,1.0,,total
7.0,1563.5381556666664,1855.6471525823115,false,tolerant_context_shift,linked_global,monoculture,A2780Naive,20k,1.0,,total
8.0,1634.130247,1822.9148163619946,false,tolerant_context_shift,linked_global,monoculture,A2780Naive,20k,1.0,,total
9.0,1556.192554,1781.6826980986013,false,tolerant_context_shift,linked_global,monoculture,A2780Naive,20k,1.0,,total
10.0,1522.992284,1744.2137043282655,false,tolerant_context_shift,linked_global,monoculture,A2780Naive,20k,1.0,,total
11.0,1608.247685333333,1714.0868605239737,false,tolerant_context_shift,linked_global,monoculture,A2780Naive,20k,1.0,,total
12.0,1500.9281636666667,1691.334604505857,false,tolerant_context_shift,linked_global,monoculture,A2780Naive,20k,1.0,,total
13.0,2011.2254243333334,1674.7871103108823,false,tolerant_context_shift,linked_global,monoculture,A2780Naive,20k,1.0,,total
14.0,2445.406712666667,1663.05229966967,false,tolerant_context_shift,linked_global,monoculture,A2780Naive,20k,1.0,,total
0.0,67.0,67.0,true,tolerant_context_shift,linked_global,monoculture,A2780Naive,20k,1.47,,total
1.0,470.381366,139.44412278839485,false,tolerant_context_shift,linked_global,monoculture,A2780Naive,20k,1.47,,total
2.0,658.348264,400.20777385501646,false,tolerant_context_shift,linked_global,monoculture,A2780Naive,20k,1.47,,total
3.0,910.885918,890.2310920484617,false,tolerant_context_shift,linked_global,monoculture,A2780Naive,20k,1.47,,total
4.0,928.761304,1127.0206805588377,false,tolerant_context_shift,linked_global,monoculture,A2780Naive,20k,1.47,,total
5.0,914.7665896666667,1063.2497619424737,false,tolerant_context_shift,linked_global,monoculture,A2780Naive,20k,1.47,,total
6.0,867.7298226666667,898.9937687062331,false,tolerant_context_shift,linked_global,monoculture,A2780Naive,20k,1.47,,total
7.0,681.9129633333333,742.2586905224152,false,tolerant_context_shift,linked_global,monoculture,A2780Naive,20k,1.47,,total
8.0,481.738503,620.2197437922999,false,tolerant_context_shift,linked_global,monoculture,A2780Naive,20k,1.47,,total
9.0,333.6756173333333,531.1115410132069,false,tolerant_context_shift,linked_global,monoculture,A2780Naive,20k,1.47,,total
10.0,232.34174399999998,467.1778851811714,false,tolerant_context_shift,linked_global,monoculture,A2780Naive,20k,1.47,,total
11.0,155.3204476666667,421.2990233976291,false,tolerant_context_shift,linked_global,monoculture,A2780Naive,20k,1.47,,total
12.0,103.907562,388.16132863577855,false,tolerant_context_shift,linked_global,monoculture,A2780Naive,20k,1.47,,total
13.0,71.52523133333334,364.03144610756004,false,tolerant_context_shift,linked_global,monoculture,A2780Naive,20k,1.47,,total
14.0,36.60995366666666,346.32396087536915,false,tolerant_context_shift,linked_global,monoculture,A2780Naive,20k,1.47,,total
0.0,100.0,100.0,true,tolerant_context_shift,linked_global,monoculture,A2780Naive,30k,0.67,,total
1.0,507.5015816666667,184.66380147041434,false,tolerant_context_shift,linked_global,monoculture,A2780Naive,30k,0.67,,total
2.0,801.887693,451.80600651762273,false,tolerant_context_shift,linked_global,monoculture,A2780Naive,30k,0.67,,total
3.0,1336.278318,973.9199908868078,false,tolerant_context_shift,linked_global,monoculture,A2780Naive,30k,0.67,,total
4.0,1623.1049383333336,1633.6407735257856,false,tolerant_context_shift,linked_global,monoculture,A2780Naive,30k,0.67,,total
5.0,2076.8491126666668,2245.35142080463,false,tolerant_context_shift,linked_global,monoculture,A2780Naive,30k,0.67,,total
6.0,2482.367592666667,2704.2395738208556,false,tolerant_context_shift,linked_global,monoculture,A2780Naive,30k,0.67,,total
7.0,2895.899845666667,3004.253553397691,false,tolerant_context_shift,linked_global,monoculture,A2780Naive,30k,0.67,,total
8.0,2949.133024666667,3184.3377543695497,false,tolerant_context_shift,linked_global,monoculture,A2780Naive,30k,0.67,,total
9.0,3220.295872,3286.8888373234104,false,tolerant_context_shift,linked_global,monoculture,A2780Naive,30k,0.67,,total
10.0,2758.7708333333335,3343.3481104124767,false,tolerant_context_shift,linked_global,monoculture,A2780Naive,30k,0.67,,total
11.0,3434.9652003333335,3373.696528481622,false,tolerant_context_shift,linked_global,monoculture,A2780Naive,30k,0.67,,total
12.0,3115.501775,3389.6895223337306,false,tolerant_context_shift,linked_global,monoculture,A2780Naive,30k,0.67,,total
13.0,3633.6489583333337,3397.954193532459,false,tolerant_context_shift,linked_global,monoculture,A2780Naive,30k,0.67,,total
14.0,3423.783179,3402.1302077161645,false,tolerant_context_shift,linked_global,monoculture,A2780Naive,30k,0.67,,total
0.0,100.0,100.0,true,tolerant_context_shift,linked_global,monoculture,A2780Naive,30k,1.0,,total
1.0,277.1990353333333,184.66380147041434,false,tolerant_context_shift,linked_global,monoculture,A2780Naive,30k,1.0,,total
2.0,512.5472606666666,451.80600651762273,false,tolerant_context_shift,linked_global,monoculture,A2780Naive,30k,1.0,,total
3.0,810.4685956666666,949.4239228576942,false,tolerant_context_shift,linked_global,monoculture,A2780Naive,30k,1.0,,total
4.0,1072.5972223333333,1415.9378154758688,false,tolerant_context_shift,linked_global,monoculture,A2780Naive,30k,1.0,,total
5.0,1220.3375386666667,1693.3272174937213,false,tolerant_context_shift,linked_global,monoculture,A2780Naive,30k,1.0,,total
6.0,1524.2378856666667,1804.9861099321395,false,tolerant_context_shift,linked_global,monoculture,A2780Naive,30k,1.0,,total
7.0,1784.3173613333336,1822.990883864011,false,tolerant_context_shift,linked_global,monoculture,A2780Naive,30k,1.0,,total
8.0,1754.768094,1800.9607922003295,false,tolerant_context_shift,linked_global,monoculture,A2780Naive,30k,1.0,,total
9.0,1630.9435183333335,1767.3499930710775,false,tolerant_context_shift,linked_global,monoculture,A2780Naive,30k,1.0,,total
10.0,1765.6959490000002,1734.6176139644956,false,tolerant_context_shift,linked_global,monoculture,A2780Naive,30k,1.0,,total
11.0,1797.057716,1707.1359307006082,false,tolerant_context_shift,linked_global,monoculture,A2780Naive,30k,1.0,,total
12.0,1664.883989,1685.6792116289264,false,tolerant_context_shift,linked_global,monoculture,A2780Naive,30k,1.0,,total
13.0,1869.5183256666667,1669.6231063064945,false,tolerant_context_shift,linked_global,monoculture,A2780Naive,30k,1.0,,total
14.0,2521.7536263333336,1657.937368324182,false,tolerant_context_shift,linked_global,monoculture,A2780Naive,30k,1.0,,total
0.0,100.0,100.0,true,tolerant_context_shift,linked_global,monoculture,A2780Naive,30k,1.47,,total
1.0,683.0949846666667,184.66380147041434,false,tolerant_context_shift,linked_global,monoculture,A2780Naive,30k,1.47,,total
2.0,962.59946,451.80600651762273,false,tolerant_context_shift,linked_global,monoculture,A2780Naive,30k,1.47,,total
3.0,1293.4153163333333,911.7794039636238,false,tolerant_context_shift,linked_global,monoculture,A2780Naive,30k,1.47,,total
4.0,1242.3761956666667,1126.3640496638243,false,tolerant_context_shift,linked_global,monoculture,A2780Naive,30k,1.47,,total
5.0,1196.6721066666667,1068.7498694745523,false,tolerant_context_shift,linked_global,monoculture,A2780Naive,30k,1.47,,total
6.0,1151.6981093333334,915.4473582734462,false,tolerant_context_shift,linked_global,monoculture,A2780Naive,30k,1.47,,total
7.0,908.6366510000001,764.9876655283231,false,tolerant_context_shift,linked_global,monoculture,A2780Naive,30k,1.47,,total
8.0,684.2957563333333,644.9562650529451,false,tolerant_context_shift,linked_global,monoculture,A2780Naive,30k,1.47,,total
9.0,451.471335,555.5246102064843,false,tolerant_context_shift,linked_global,monoculture,A2780Naive,30k,1.47,,total
10.0,351.6421293333333,490.2592306894908,false,tolerant_context_shift,linked_global,monoculture,A2780Naive,30k,1.47,,total
11.0,239.04888100000002,442.7273170250024,false,tolerant_context_shift,linked_global,monoculture,A2780Naive,30k,1.47,,total
12.0,153.48256166666667,407.9311189165748,false,tolerant_context_shift,linked_global,monoculture,A2780Naive,30k,1.47,,total
13.0,115.12735333333332,382.2679240627853,false,tolerant_context_shift,linked_global,monoculture,A2780Naive,30k,1.47,,total
14.0,60.396604999999994,363.1966957743348,false,tolerant_context_shift,linked_global,monoculture,A2780Naive,30k,1.47,,total
0.0,67.0,67.0,true,tolerant_context_shift,linked_global,monoculture,A2780cis,20k,0.67,,total
1.0,79.832716,75.98203684491364,false,tolerant_context_shift,linked_global,monoculture,A2780cis,20k,0.67,,total
2.0,136.68186733333332,107.0717507050227,false,tolerant_context_shift,linked_global,monoculture,A2780cis,20k,0.67,,total
3.0,256.032137,178.67198689490084,false,tolerant_context_shift,linked_global,monoculture,A2780cis,20k,0.67,,total
4.0,551.4876543333334,336.23116605390845,false,tolerant_context_shift,linked_global,monoculture,A2780cis,20k,0.67,,total
5.0,932.248611,671.1380163033906,false,tolerant_context_shift,linked_global,monoculture,A2780cis,20k,0.67,,total
6.0,1630.1435956666667,1299.8242379315723,false,tolerant_context_shift,linked_global,monoculture,A2780cis,20k,0.67,,total
7.0,2349.2489583333336,2157.9620317314793,false,tolerant_context_shift,linked_global,monoculture,A2780cis,20k,0.67,,total
8.0,2344.200308666667,2746.9211678393285,false,tolerant_context_shift,linked_global,monoculture,A2780cis,20k,0.67,,total
9.0,3261.814429,3144.8071410057255,false,tolerant_context_shift,linked_global,monoculture,A2780cis,20k,0.67,,total
10.0,2744.403163333333,3371.100025501766,false,tolerant_context_shift,linked_global,monoculture,A2780cis,20k,0.67,,total
11.0,3624.0109566666665,3494.9316633970434,false,tolerant_context_shift,linked_global,monoculture,A2780cis,20k,0.67,,total
12.0,2656.8393906666665,3567.345255614743,false,tolerant_context_shift,linked_global,monoculture,A2780cis,20k,0.67,,total
13.0,3902.5750386666664,3614.544288203177,false,tolerant_context_shift,linked_global,monoculture,A2780cis,20k,0.67,,total
14.0,2987.771682,3648.2739085004273,false,tolerant_context_shift,linked_global,monoculture,A2780cis,20k,0.67,,total
0.0,67.0,67.0,true,tolerant_context_shift,linked_global,monoculture,A2780cis,20k,1.0,,total
1.0,82.57476866666666,75.98203684491364,false,tolerant_context_shift,linked_global,monoculture,A2780cis,20k,1.0,,total
2.0,153.74926733333334,107.0717507050227,false,tolerant_context_shift,linked_global,monoculture,A2780cis,20k,1.0,,total
3.0,298.6227236666667,178.67198689490084,false,tolerant_context_shift,linked_global,monoculture,A2780cis,20k,1.0,,total
4.0,584.2937496666667,336.23116605390845,false,tolerant_context_shift,linked_global,monoculture,A2780cis,20k,1.0,,total
5.0,1028.8575233333333,671.1380163033906,false,tolerant_context_shift,linked_global,monoculture,A2780cis,20k,1.0,,total
6.0,1728.4681713333332,1299.8242379315723,false,tolerant_context_shift,linked_global,monoculture,A2780cis,20k,1.0,,total
7.0,2346.5103780000004,1955.9030677937492,false,tolerant_context_shift,linked_global,monoculture,A2780cis,20k,1.0,,total
8.0,2305.3690973333332,1918.7154879224613,false,tolerant_context_shift,linked_global,monoculture,A2780cis,20k,1.0,,total
9.0,3049.6326773333335,2450.9117452655623,false,tolerant_context_shift,linked_global,monoculture,A2780cis,20k,1.0,,total
10.0,3134.858873333333,2888.8979137139713,false,tolerant_context_shift,linked_global,monoculture,A2780cis,20k,1.0,,total
11.0,3720.5385029999998,3129.0800660215837,false,tolerant_context_shift,linked_global,monoculture,A2780cis,20k,1.0,,total
12.0,2824.6677086666664,3239.837924035552,false,tolerant_context_shift,linked_global,monoculture,A2780cis,20k,1.0,,total
13.0,3906.9917053333334,3288.7111505383173,false,tolerant_context_shift,linked_global,monoculture,A2780cis,20k,1.0,,total
14.0,4011.9759260000005,3311.3321880294516,false,tolerant_context_shift,linked_global,monoculture,A2780cis,20k,1.0,,total
0.0,67.0,67.0,true,tolerant_context_shift,linked_global,monoculture,A2780cis,20k,1.47,,total
1.0,66.07534733333334,75.98203684491364,false,tolerant_context_shift,linked_global,monoculture,A2780cis,20k,1.47,,total
2.0,136.019406,107.0717507050227,false,tolerant_context_shift,linked_global,monoculture,A2780cis,20k,1.47,,total
3.0,262.4119983333333,178.67198689490084,false,tolerant_context_shift,linked_global,monoculture,A2780cis,20k,1.47,,total
4.0,627.1851849999999,336.23116605390845,false,tolerant_context_shift,linked_global,monoculture,A2780cis,20k,1.47,,total
5.0,1055.7064813333334,671.1380163033906,false,tolerant_context_shift,linked_global,monoculture,A2780cis,20k,1.47,,total
6.0,1644.4327546666666,1299.8242379315723,false,tolerant_context_shift,linked_global,monoculture,A2780cis,20k,1.47,,total
7.0,1888.7926696666666,1828.206666879254,false,tolerant_context_shift,linked_global,monoculture,A2780cis,20k,1.47,,total
8.0,1640.846373333333,1720.9189041876136,false,tolerant_context_shift,linked_global,monoculture,A2780cis,20k,1.47,,total
9.0,2390.4506556666665,2199.361355731876,false,tolerant_context_shift,linked_global,monoculture,A2780cis,20k,1.47,,total
10.0,1885.2126543333334,2560.4011811862265,false,tolerant_context_shift,linked_global,monoculture,A2780cis,20k,1.47,,total
11.0,2693.7878856666666,2772.781753426068,false,tolerant_context_shift,linked_global,monoculture,A2780cis,20k,1.47,,total
12.0,2554.914467666667,2884.5645373212133,false,tolerant_context_shift,linked_global,monoculture,A2780cis,20k,1.47,,total
13.0,3229.3090276666667,2942.0163069686264,false,tolerant_context_shift,linked_global,monoculture,A2780cis,20k,1.47,,total
14.0,3171.784760666667,2972.8405935109126,false,tolerant_context_shift,linked_global,monoculture,A2780cis,20k,1.47,,total
0.0,100.0,100.0,true,tolerant_context_shift,linked_global,monoculture,A2780cis,30k,0.67,,total
1.0,119.12291633333332,113.2622130877703,false,tolerant_context_shift,linked_global,monoculture,A2780cis,30k,0.67,,total
2.0,208.10995366666666,158.9127696045948,false,tolerant_context_shift,linked_global,monoculture,A2780cis,30k,0.67,,total
3.0,381.1926696666667,262.58298229452544,false,tolerant_context_shift,linked_global,monoculture,A2780cis,30k,0.67,,total
4.0,731.6507716666666,483.8649599704678,false,tolerant_context_shift,linked_global,monoculture,A2780cis,30k,0.67,,total
5.0,1291.6760416666666,925.5975561167468,false,tolerant_context_shift,linked_global,monoculture,A2780cis,30k,0.67,,total
6.0,1980.2315586666666,1664.5780057423876,false,tolerant_context_shift,linked_global,monoculture,A2780cis,30k,0.67,,total
7.0,2670.8478393333335,2511.58183004635,false,tolerant_context_shift,linked_global,monoculture,A2780cis,30k,0.67,,total
8.0,2545.009915,2952.40387418026,false,tolerant_context_shift,linked_global,monoculture,A2780cis,30k,0.67,,total
9.0,3548.7987266666664,3235.7478206566925,false,tolerant_context_shift,linked_global,monoculture,A2780cis,30k,0.67,,total
10.0,2897.7104553333334,3402.955823279544,false,tolerant_context_shift,linked_global,monoculture,A2780cis,30k,0.67,,total
11.0,3797.833449333333,3503.355431662684,false,tolerant_context_shift,linked_global,monoculture,A2780cis,30k,0.67,,total
12.0,2884.930285666667,3568.3775846439053,false,tolerant_context_shift,linked_global,monoculture,A2780cis,30k,0.67,,total
13.0,4146.366087666666,3614.007192949075,false,tolerant_context_shift,linked_global,monoculture,A2780cis,30k,0.67,,total
14.0,3326.884761,3647.847088629153,false,tolerant_context_shift,linked_global,monoculture,A2780cis,30k,0.67,,total
0.0,100.0,100.0,true,tolerant_context_shift,linked_global,monoculture,A2780cis,30k,1.0,,total
1.0,117.62118066666666,113.2622130877703,false,tolerant_context_shift,linked_global,monoculture,A2780cis,30k,1.0,,total
2.0,206.52970666666667,158.9127696045948,false,tolerant_context_shift,linked_global,monoculture,A2780cis,30k,1.0,,total
3.0,392.79753066666666,262.58298229452544,false,tolerant_context_shift,linked_global,monoculture,A2780cis,30k,1.0,,total
4.0,793.1631946666666,483.8649599704678,false,tolerant_context_shift,linked_global,monoculture,A2780cis,30k,1.0,,total
5.0,1328.3501159999998,925.5975561167468,false,tolerant_context_shift,linked_global,monoculture,A2780cis,30k,1.0,,total
6.0,1947.6582176666668,1664.5780057423876,false,tolerant_context_shift,linked_global,monoculture,A2780cis,30k,1.0,,total
7.0,2594.510609333334,2267.661162460727,false,tolerant_context_shift,linked_global,monoculture,A2780cis,30k,1.0,,total
8.0,2352.0106483333334,2081.398918860294,false,tolerant_context_shift,linked_global,monoculture,A2780cis,30k,1.0,,total
9.0,3220.0850306666666,2554.8279792314224,false,tolerant_context_shift,linked_global,monoculture,A2780cis,30k,1.0,,total
10.0,2953.806751666667,2931.114719193437,false,tolerant_context_shift,linked_global,monoculture,A2780cis,30k,1.0,,total
11.0,3595.1114196666663,3132.5690544655613,false,tolerant_context_shift,linked_global,monoculture,A2780cis,30k,1.0,,total
12.0,2534.660455333333,3225.875788658035,false,tolerant_context_shift,linked_global,monoculture,A2780cis,30k,1.0,,total
13.0,3853.449228666667,3268.1912953525243,false,tolerant_context_shift,linked_global,monoculture,A2780cis,30k,1.0,,total
14.0,4116.669907333334,3288.6657127010285,false,tolerant_context_shift,linked_global,monoculture,A2780cis,30k,1.0,,total
0.0,100.0,100.0,true,tolerant_context_shift,linked_global,monoculture,A2780cis,30k,1.47,,total
1.0,73.88472200000001,113.2622130877703,false,tolerant_context_shift,linked_global,monoculture,A2780cis,30k,1.47,,total
2.0,143.64463766666665,158.9127696045948,false,tolerant_context_shift,linked_global,monoculture,A2780cis,30k,1.47,,total
3.0,301.875849,262.58298229452544,false,tolerant_context_shift,linked_global,monoculture,A2780cis,30k,1.47,,total
4.0,670.1066746666667,483.8649599704678,false,tolerant_context_shift,linked_global,monoculture,A2780cis,30k,1.47,,total
5.0,1170.9108796666667,925.5975561167468,false,tolerant_context_shift,linked_global,monoculture,A2780cis,30k,1.47,,total
6.0,1348.3380016666667,1664.5780057423876,false,tolerant_context_shift,linked_global,monoculture,A2780cis,30k,1.47,,total
7.0,1881.759761,2114.762411275006,false,tolerant_context_shift,linked_global,monoculture,A2780cis,30k,1.47,,total
8.0,1606.1887733333333,1875.3504632638512,false,tolerant_context_shift,linked_global,monoculture,A2780cis,30k,1.47,,total
9.0,2421.258526333333,2290.5804430972544,false,tolerant_context_shift,linked_global,monoculture,A2780cis,30k,1.47,,total
10.0,1957.2380400000002,2589.439806510281,false,tolerant_context_shift,linked_global,monoculture,A2780cis,30k,1.47,,total
11.0,2537.103395,2763.2033534628417,false,tolerant_context_shift,linked_global,monoculture,A2780cis,30k,1.47,,total
12.0,2244.322531,2856.491705830478,false,tolerant_context_shift,linked_global,monoculture,A2780cis,30k,1.47,,total
13.0,2827.4429400000004,2906.443926207452,false,tolerant_context_shift,linked_global,monoculture,A2780cis,30k,1.47,,total
14.0,3433.938387333333,2934.658868750841,false,tolerant_context_shift,linked_global,monoculture,A2780cis,30k,1.47,,total
0.0,16.75,16.75,true,tolerant_context_shift,linked_global,coculture,A2780Naive+A2780cis,20k,1.0,25-75,sensitive
1.0,99.62333333333333,29.904536974655656,false,tolerant_context_shift,linked_global,coculture,A2780Naive+A2780cis,20k,1.0,25-75,sensitive
2.0,151.64666666666665,85.23858509282816,false,tolerant_context_shift,linked_global,coculture,A2780Naive+A2780cis,20k,1.0,25-75,sensitive
3.0,256.715,225.78583139625718,false,tolerant_context_shift,linked_global,coculture,A2780Naive+A2780cis,20k,1.0,25-75,sensitive
4.0,308.39166666666665,419.5799665478371,false,tolerant_context_shift,linked_global,coculture,A2780Naive+A2780cis,20k,1.0,25-75,sensitive
5.0,458.41,588.6170644300026,false,tolerant_context_shift,linked_global,coculture,A2780Naive+A2780cis,20k,1.0,25-75,sensitive
6.0,443.1983333333333,680.1562325205472,false,tolerant_context_shift,linked_global,coculture,A2780Naive+A2780cis,20k,1.0,25-75,sensitive
7.0,684.745,684.8936427689778,false,tolerant_context_shift,linked_global,coculture,A2780Naive+A2780cis,20k,1.0,25-75,sensitive
8.0,381.4466666666667,641.0143433124645,false,tolerant_context_shift,linked_global,coculture,A2780Naive+A2780cis,20k,1.0,25-75,sensitive
9.0,434.4266666666667,576.7789734060912,false,tolerant_context_shift,linked_global,coculture,A2780Naive+A2780cis,20k,1.0,25-75,sensitive
10.0,381.8066666666667,504.27901653075486,false,tolerant_context_shift,linked_global,coculture,A2780Naive+A2780cis,20k,1.0,25-75,sensitive
11.0,827.9266666666667,432.36208272636577,false,tolerant_context_shift,linked_global,coculture,A2780Naive+A2780cis,20k,1.0,25-75,sensitive
12.0,564.2466666666667,366.12857004159815,false,tolerant_context_shift,linked_global,coculture,A2780Naive+A2780cis,20k,1.0,25-75,sensitive
13.0,1105.2716666666665,307.7968402534872,false,tolerant_context_shift,linked_global,coculture,A2780Naive+A2780cis,20k,1.0,25-75,sensitive
14.0,404.80333333333334,257.77051661628644,false,tolerant_context_shift,linked_global,coculture,A2780Naive+A2780cis,20k,1.0,25-75,sensitive
0.0,50.25,50.25,true,tolerant_context_shift,linked_global,coculture,A2780Naive+A2780cis,20k,1.0,25-75,resistant
1.0,88.58666666666666,56.962291235906235,false,tolerant_context_shift,linked_global,coculture,A2780Naive+A2780cis,20k,1.0,25-75,resistant
2.0,143.335,79.9050893559266,false,tolerant_context_shift,linked_global,coculture,A2780Naive+A2780cis,20k,1.0,25-75,resistant
3.0,247.62666666666667,130.34969477958845,false,tolerant_context_shift,linked_global,coculture,A2780Naive+A2780cis,20k,1.0,25-75,resistant
4.0,494.3083333333334,230.59001719138328,false,tolerant_context_shift,linked_global,coculture,A2780Naive+A2780cis,20k,1.0,25-75,resistant
5.0,903.3716666666666,416.13305225444856,false,tolerant_context_shift,linked_global,coculture,A2780Naive+A2780cis,20k,1.0,25-75,resistant
6.0,1360.0966666666666,731.5092749780879,false,tolerant_context_shift,linked_global,coculture,A2780Naive+A2780cis,20k,1.0,25-75,resistant
7.0,2438.3766666666666,1163.0950708842765,false,tolerant_context_shift,linked_global,coculture,A2780Naive+A2780cis,20k,1.0,25-75,resistant
8.0,1945.3233333333335,1403.142493957925,false,tolerant_context_shift,linked_global,coculture,A2780Naive+A2780cis,20k,1.0,25-75,resistant
9.0,3250.286666666667,1676.8073917596462,false,tolerant_context_shift,linked_global,coculture,A2780Naive+A2780cis,20k,1.0,25-75,resistant
10.0,3135.64,1936.7819721963363,false,tolerant_context_shift,linked_global,coculture,A2780Naive+A2780cis,20k,1.0,25-75,resistant
11.0,3987.5866666666666,2162.789279523115,false,tolerant_context_shift,linked_global,coculture,A2780Naive+A2780cis,20k,1.0,25-75,resistant
12.0,2308.2483333333334,2348.501530328163,false,tolerant_context_shift,linked_global,coculture,A2780Naive+A2780cis,20k,1.0,25-75,resistant
13.0,3826.773333333333,2496.365478758357,false,tolerant_context_shift,linked_global,coculture,A2780Naive+A2780cis,20k,1.0,25-75,resistant
14.0,2159.3716666666664,2612.6784137571676,false,tolerant_context_shift,linked_global,coculture,A2780Naive+A2780cis,20k,1.0,25-75,resistant
0.0,33.5,33.5,true,tolerant_context_shift,linked_global,coculture,A2780Naive+A2780cis,20k,1.0,50-50,sensitive
1.0,154.28,58.53710909664615,false,tolerant_context_shift,linked_global,coculture,A2780Naive+A2780cis,20k,1.0,50-50,sensitive
2.0,285.20666666666665,156.6314646591677,false,tolerant_context_shift,linked_global,coculture,A2780Naive+A2780cis,20k,1.0,50-50,sensitive
3.0,425.075,375.41390285287326,false,tolerant_context_shift,linked_global,coculture,A2780Naive+A2780cis,20k,1.0,50-50,sensitive
4.0,562.615,628.0086338355619,false,tolerant_context_shift,linked_global,coculture,A2780Naive+A2780cis,20k,1.0,50-50,sensitive
5.0,850.4516666666667,810.9758219999594,false,tolerant_context_shift,linked_global,coculture,A2780Naive+A2780cis,20k,1.0,50-50,sensitive
6.0,932.2550000000001,892.9262747245974,false,tolerant_context_shift,linked_global,coculture,A2780Naive+A2780cis,20k,1.0,50-50,sensitive
7.0,1392.045,888.2368582667065,false,tolerant_context_shift,linked_global,coculture,A2780Naive+A2780cis,20k,1.0,50-50,sensitive
8.0,999.73,836.8060268215422,false,tolerant_context_shift,linked_global,coculture,A2780Naive+A2780cis,20k,1.0,50-50,sensitive
9.0,1287.6316666666664,763.5227666789145,false,tolerant_context_shift,linked_global,coculture,A2780Naive+A2780cis,20k,1.0,50-50,sensitive
10.0,1285.185,678.2769447433243,false,tolerant_context_shift,linked_global,coculture,A2780Naive+A2780cis,20k,1.0,50-50,sensitive
11.0,1589.9216666666669,589.3348871399548,false,tolerant_context_shift,linked_global,coculture,A2780Naive+A2780cis,20k,1.0,50-50,sensitive
12.0,1183.66,503.33836279072426,false,tolerant_context_shift,linked_global,coculture,A2780Naive+A2780cis,20k,1.0,50-50,sensitive
13.0,1283.0133333333333,424.79906010337123,false,tolerant_context_shift,linked_global,coculture,A2780Naive+A2780cis,20k,1.0,50-50,sensitive
14.0,1010.3066666666667,355.92265728992277,false,tolerant_context_shift,linked_global,coculture,A2780Naive+A2780cis,20k,1.0,50-50,sensitive
0.0,33.5,33.5,true,tolerant_context_shift,linked_global,coculture,A2780Naive+A2780cis,20k,1.0,50-50,resistant
1.0,51.281666666666666,37.95983213442429,false,tolerant_context_shift,linked_global,coculture,A2780Naive+A2780cis,20k,1.0,50-50,resistant
2.0,89.81333333333333,53.04853224102796,false,tolerant_context_shift,linked_global,coculture,A2780Naive+A2780cis,20k,1.0,50-50,resistant
3.0,141.95833333333334,85.23138441026882,false,tolerant_context_shift,linked_global,coculture,A2780Naive+A2780cis,20k,1.0,50-50,resistant
4.0,269.67333333333335,146.229088002421,false,tolerant_context_shift,linked_global,coculture,A2780Naive+A2780cis,20k,1.0,50-50,resistant
5.0,503.14333333333326,255.33366809810695,false,tolerant_context_shift,linked_global,coculture,A2780Naive+A2780cis,20k,1.0,50-50,resistant
6.0,640.2366666666667,443.18526530920366,false,tolerant_context_shift,linked_global,coculture,A2780Naive+A2780cis,20k,1.0,50-50,resistant
7.0,1228.7583333333334,724.2198039984526,false,tolerant_context_shift,linked_global,coculture,A2780Naive+A2780cis,20k,1.0,50-50,resistant
8.0,1159.7433333333333,923.8738397981834,false,tolerant_context_shift,linked_global,coculture,A2780Naive+A2780cis,20k,1.0,50-50,resistant
9.0,2141.5383333333334,1183.8100818643584,false,tolerant_context_shift,linked_global,coculture,A2780Naive+A2780cis,20k,1.0,50-50,resistant
10.0,2331.901666666666,1472.3614733172183,false,tolerant_context_shift,linked_global,coculture,A2780Naive+A2780cis,20k,1.0,50-50,resistant
11.0,3319.126666666667,1759.5312142101386,false,tolerant_context_shift,linked_global,coculture,A2780Naive+A2780cis,20k,1.0,50-50,resistant
12.0,1939.1216666666667,2019.2089200269236,false,tolerant_context_shift,linked_global,coculture,A2780Naive+A2780cis,20k,1.0,50-50,resistant
13.0,3037.8416666666667,2237.126902023736,false,tolerant_context_shift,linked_global,coculture,A2780Naive+A2780cis,20k,1.0,50-50,resistant
14.0,1923.26,2411.4961103827854,false,tolerant_context_shift,linked_global,coculture,A2780Naive+A2780cis,20k,1.0,50-50,resistant
0.0,50.25,50.25,true,tolerant_context_shift,linked_global,coculture,A2780Naive+A2780cis,20k,1.0,75-25,sensitive
1.0,216.94833333333335,86.24191349097636,false,tolerant_context_shift,linked_global,coculture,A2780Naive+A2780cis,20k,1.0,75-25,sensitive
2.0,395.03833333333336,220.20496636593478,false,tolerant_context_shift,linked_global,coculture,A2780Naive+A2780cis,20k,1.0,75-25,sensitive
3.0,575.9033333333333,494.07026826140753,false,tolerant_context_shift,linked_global,coculture,A2780Naive+A2780cis,20k,1.0,75-25,sensitive
4.0,750.965,775.8714777777441,false,tolerant_context_shift,linked_global,coculture,A2780Naive+A2780cis,20k,1.0,75-25,sensitive
5.0,1098.7666666666667,957.2972949403554,false,tolerant_context_shift,linked_global,coculture,A2780Naive+A2780cis,20k,1.0,75-25,sensitive
6.0,1222.9466666666665,1030.6127974085775,false,tolerant_context_shift,linked_global,coculture,A2780Naive+A2780cis,20k,1.0,75-25,sensitive
7.0,1636.885,1027.5809584816618,false,tolerant_context_shift,linked_global,coculture,A2780Naive+A2780cis,20k,1.0,75-25,sensitive
8.0,1417.09,985.0554254443108,false,tolerant_context_shift,linked_global,coculture,A2780Naive+A2780cis,20k,1.0,75-25,sensitive
9.0,1830.3733333333337,922.6321740838437,false,tolerant_context_shift,linked_global,coculture,A2780Naive+A2780cis,20k,1.0,75-25,sensitive
10.0,2137.61,846.0013903422082,false,tolerant_context_shift,linked_global,coculture,A2780Naive+A2780cis,20k,1.0,75-25,sensitive
11.0,2132.978333333333,758.6920438981489,false,tolerant_context_shift,linked_global,coculture,A2780Naive+A2780cis,20k,1.0,75-25,sensitive
12.0,1500.195,665.2737938937955,false,tolerant_context_shift,linked_global,coculture,A2780Naive+A2780cis,20k,1.0,75-25,sensitive
13.0,1762.6516666666669,571.7905203249348,false,tolerant_context_shift,linked_global,coculture,A2780Naive+A2780cis,20k,1.0,75-25,sensitive
14.0,1454.5266666666666,484.00643074154823,false,tolerant_context_shift,linked_global,coculture,A2780Naive+A2780cis,20k,1.0,75-25,sensitive
0.0,16.75,16.75,true,tolerant_context_shift,linked_global,coculture,A2780Naive+A2780cis,20k,1.0,75-25,resistant
1.0,26.93166666666667,18.972798985526868,false,tolerant_context_shift,linked_global,coculture,A2780Naive+A2780cis,20k,1.0,75-25,resistant
2.0,42.105,26.42693518376909,false,tolerant_context_shift,linked_global,coculture,A2780Naive+A2780cis,20k,1.0,75-25,resistant
3.0,64.44166666666668,41.95755810756132,false,tolerant_context_shift,linked_global,coculture,A2780Naive+A2780cis,20k,1.0,75-25,resistant
4.0,128.0016666666667,70.51357986344718,false,tolerant_context_shift,linked_global,coculture,A2780Naive+A2780cis,20k,1.0,75-25,resistant
5.0,186.15166666666664,120.95389245302259,false,tolerant_context_shift,linked_global,coculture,A2780Naive+A2780cis,20k,1.0,75-25,resistant
6.0,262.3983333333333,210.03780281564062,false,tolerant_context_shift,linked_global,coculture,A2780Naive+A2780cis,20k,1.0,75-25,resistant
7.0,430.875,354.76601722576913,false,tolerant_context_shift,linked_global,coculture,A2780Naive+A2780cis,20k,1.0,75-25,resistant
8.0,525.69,480.70852654217566,false,tolerant_context_shift,linked_global,coculture,A2780Naive+A2780cis,20k,1.0,75-25,resistant
9.0,900.48,667.979304977727,false,tolerant_context_shift,linked_global,coculture,A2780Naive+A2780cis,20k,1.0,75-25,resistant
10.0,1261.5033333333333,915.800567660803,false,tolerant_context_shift,linked_global,coculture,A2780Naive+A2780cis,20k,1.0,75-25,resistant
11.0,1896.801666666667,1212.970532129525,false,tolerant_context_shift,linked_global,coculture,A2780Naive+A2780cis,20k,1.0,75-25,resistant
12.0,1271.0700000000004,1531.1257866282888,false,tolerant_context_shift,linked_global,coculture,A2780Naive+A2780cis,20k,1.0,75-25,resistant
13.0,2274.6516666666666,1834.42014881915,false,tolerant_context_shift,linked_global,coculture,A2780Naive+A2780cis,20k,1.0,75-25,resistant
14.0,1507.9783333333335,2096.1372706127945,false,tolerant_context_shift,linked_global,coculture,A2780Naive+A2780cis,20k,1.0,75-25,resistant
0.0,25.0,25.0,true,tolerant_context_shift,linked_global,coculture,A2780Naive+A2780cis,30k,1.0,25-75,sensitive
1.0,92.28666666666668,39.20221039558387,false,tolerant_context_shift,linked_global,coculture,A2780Naive+A2780cis,30k,1.0,25-75,sensitive
2.0,166.93666666666667,92.28094214933178,false,tolerant_context_shift,linked_global,coculture,A2780Naive+A2780cis,30k,1.0,25-75,sensitive
3.0,254.01833333333335,211.08891059179842,false,tolerant_context_shift,linked_global,coculture,A2780Naive+A2780cis,30k,1.0,25-75,sensitive
4.0,304.3333333333333,359.47094582635606,false,tolerant_context_shift,linked_global,coculture,A2780Naive+A2780cis,30k,1.0,25-75,sensitive
5.0,467.26833333333326,478.21901895270344,false,tolerant_context_shift,linked_global,coculture,A2780Naive+A2780cis,30k,1.0,25-75,sensitive
6.0,478.9883333333334,529.6884969668275,false,tolerant_context_shift,linked_global,coculture,A2780Naive+A2780cis,30k,1.0,25-75,sensitive
7.0,644.6283333333333,509.7786661320417,false,tolerant_context_shift,linked_global,coculture,A2780Naive+A2780cis,30k,1.0,25-75,sensitive
8.0,433.00666666666666,457.84257871907465,false,tolerant_context_shift,linked_global,coculture,A2780Naive+A2780cis,30k,1.0,25-75,sensitive
9.0,360.13166666666666,397.3350200774425,false,tolerant_context_shift,linked_global,coculture,A2780Naive+A2780cis,30k,1.0,25-75,sensitive
10.0,420.3900000000001,335.6882275808466,false,tolerant_context_shift,linked_global,coculture,A2780Naive+A2780cis,30k,1.0,25-75,sensitive
11.0,492.47499999999997,278.1487187723675,false,tolerant_context_shift,linked_global,coculture,A2780Naive+A2780cis,30k,1.0,25-75,sensitive
12.0,788.84,227.3519560291265,false,tolerant_context_shift,linked_global,coculture,A2780Naive+A2780cis,30k,1.0,25-75,sensitive
13.0,1077.7166666666667,184.09750464783494,false,tolerant_context_shift,linked_global,coculture,A2780Naive+A2780cis,30k,1.0,25-75,sensitive
14.0,921.545,148.12219210455976,false,tolerant_context_shift,linked_global,coculture,A2780Naive+A2780cis,30k,1.0,25-75,sensitive
0.0,75.0,75.0,true,tolerant_context_shift,linked_global,coculture,A2780Naive+A2780cis,30k,1.0,25-75,resistant
1.0,87.41333333333334,84.88507818423757,false,tolerant_context_shift,linked_global,coculture,A2780Naive+A2780cis,30k,1.0,25-75,resistant
2.0,146.07000000000002,118.42437067288957,false,tolerant_context_shift,linked_global,coculture,A2780Naive+A2780cis,30k,1.0,25-75,resistant
3.0,261.51,191.1099376339257,false,tolerant_context_shift,linked_global,coculture,A2780Naive+A2780cis,30k,1.0,25-75,resistant
4.0,490.7949999999999,332.72103616010423,false,tolerant_context_shift,linked_global,coculture,A2780Naive+A2780cis,30k,1.0,25-75,resistant
5.0,872.2133333333333,587.1818461011737,false,tolerant_context_shift,linked_global,coculture,A2780Naive+A2780cis,30k,1.0,25-75,resistant
6.0,1398.1966666666667,997.2049580361079,false,tolerant_context_shift,linked_global,coculture,A2780Naive+A2780cis,30k,1.0,25-75,resistant
7.0,2656.3349999999996,1503.5059912022193,false,tolerant_context_shift,linked_global,coculture,A2780Naive+A2780cis,30k,1.0,25-75,resistant
8.0,2187.6316666666667,1706.5924429920237,false,tolerant_context_shift,linked_global,coculture,A2780Naive+A2780cis,30k,1.0,25-75,resistant
9.0,3209.313333333333,1941.6171331843025,false,tolerant_context_shift,linked_global,coculture,A2780Naive+A2780cis,30k,1.0,25-75,resistant
10.0,3193.9033333333336,2158.626529902271,false,tolerant_context_shift,linked_global,coculture,A2780Naive+A2780cis,30k,1.0,25-75,resistant
11.0,3624.1133333333332,2344.2292105002803,false,tolerant_context_shift,linked_global,coculture,A2780Naive+A2780cis,30k,1.0,25-75,resistant
12.0,2743.473333333334,2496.177037823991,false,tolerant_context_shift,linked_global,coculture,A2780Naive+A2780cis,30k,1.0,25-75,resistant
13.0,3918.6783333333333,2617.433033674284,false,tolerant_context_shift,linked_global,coculture,A2780Naive+A2780cis,30k,1.0,25-75,resistant
14.0,3231.2383333333332,2712.966289415492,false,tolerant_context_shift,linked_global,coculture,A2780Naive+A2780cis,30k,1.0,25-75,resistant
0.0,50.0,50.0,true,tolerant_context_shift,linked_global,coculture,A2780Naive+A2780cis,30k,1.0,50-50,sensitive
1.0,165.45833333333334,77.06561731240052,false,tolerant_context_shift,linked_global,coculture,A2780Naive+A2780cis,30k,1.0,50-50,sensitive
2.0,282.01500000000004,172.6707786796113,false,tolerant_context_shift,linked_global,coculture,A2780Naive+A2780cis,30k,1.0,50-50,sensitive
3.0,432.8383333333333,364.6575810408274,false,tolerant_context_shift,linked_global,coculture,A2780Naive+A2780cis,30k,1.0,50-50,sensitive
4.0,607.8166666666667,570.8311518532947,false,tolerant_context_shift,linked_global,coculture,A2780Naive+A2780cis,30k,1.0,50-50,sensitive
5.0,879.0050000000001,713.1922587203994,false,tolerant_context_shift,linked_global,coculture,A2780Naive+A2780cis,30k,1.0,50-50,sensitive
6.0,947.1116666666667,768.3672601821727,false,tolerant_context_shift,linked_global,coculture,A2780Naive+A2780cis,30k,1.0,50-50,sensitive
7.0,1412.7849999999999,746.1933634052286,false,tolerant_context_shift,linked_global,coculture,A2780Naive+A2780cis,30k,1.0,50-50,sensitive
8.0,1018.185,686.077836337138,false,tolerant_context_shift,linked_global,coculture,A2780Naive+A2780cis,30k,1.0,50-50,sensitive
9.0,1172.4866666666667,611.2649753824243,false,tolerant_context_shift,linked_global,coculture,A2780Naive+A2780cis,30k,1.0,50-50,sensitive
10.0,1294.5683333333334,529.7930321174439,false,tolerant_context_shift,linked_global,coculture,A2780Naive+A2780cis,30k,1.0,50-50,sensitive
11.0,1082.5033333333333,448.5764699291407,false,tolerant_context_shift,linked_global,coculture,A2780Naive+A2780cis,30k,1.0,50-50,sensitive
12.0,1456.9150000000002,372.71556295134064,false,tolerant_context_shift,linked_global,coculture,A2780Naive+A2780cis,30k,1.0,50-50,sensitive
13.0,1700.3266666666666,305.2836286543651,false,tolerant_context_shift,linked_global,coculture,A2780Naive+A2780cis,30k,1.0,50-50,sensitive
14.0,1370.07,247.49573374275542,false,tolerant_context_shift,linked_global,coculture,A2780Naive+A2780cis,30k,1.0,50-50,sensitive
0.0,50.0,50.0,true,tolerant_context_shift,linked_global,coculture,A2780Naive+A2780cis,30k,1.0,50-50,resistant
1.0,53.36166666666666,56.551134361976466,false,tolerant_context_shift,linked_global,coculture,A2780Naive+A2780cis,30k,1.0,50-50,resistant
2.0,85.83833333333332,78.511601052139,false,tolerant_context_shift,linked_global,coculture,A2780Naive+A2780cis,30k,1.0,50-50,resistant
3.0,136.93666666666667,124.5529192673695,false,tolerant_context_shift,linked_global,coculture,A2780Naive+A2780cis,30k,1.0,50-50,resistant
4.0,278.0416666666667,209.98830861912262,false,tolerant_context_shift,linked_global,coculture,A2780Naive+A2780cis,30k,1.0,50-50,resistant
5.0,439.5783333333333,358.6553930569142,false,tolerant_context_shift,linked_global,coculture,A2780Naive+A2780cis,30k,1.0,50-50,resistant
6.0,738.2216666666667,603.8843655664415,false,tolerant_context_shift,linked_global,coculture,A2780Naive+A2780cis,30k,1.0,50-50,resistant
7.0,1333.6733333333334,943.9881846251327,false,tolerant_context_shift,linked_global,coculture,A2780Naive+A2780cis,30k,1.0,50-50,resistant
8.0,1333.7316666666666,1138.460844170966,false,tolerant_context_shift,linked_global,coculture,A2780Naive+A2780cis,30k,1.0,50-50,resistant
9.0,2235.375,1386.791548381422,false,tolerant_context_shift,linked_global,coculture,A2780Naive+A2780cis,30k,1.0,50-50,resistant
10.0,2239.6666666666665,1651.853368511773,false,tolerant_context_shift,linked_global,coculture,A2780Naive+A2780cis,30k,1.0,50-50,resistant
11.0,2711.556666666667,1908.8798530316135,false,tolerant_context_shift,linked_global,coculture,A2780Naive+A2780cis,30k,1.0,50-50,resistant
12.0,2136.7833333333333,2139.2038996406964,false,tolerant_context_shift,linked_global,coculture,A2780Naive+A2780cis,30k,1.0,50-50,resistant
13.0,3352.3216666666667,2333.328267829048,false,tolerant_context_shift,linked_global,coculture,A2780Naive+A2780cis,30k,1.0,50-50,resistant
14.0,2315.278333333333,2490.3344495083466,false,tolerant_context_shift,linked_global,coculture,A2780Naive+A2780cis,30k,1.0,50-50,resistant
0.0,75.0,75.0,true,tolerant_context_shift,linked_global,coculture,A2780Naive+A2780cis,30k,1.0,75-25,sensitive
1.0,218.08333333333334,113.89553738846706,false,tolerant_context_shift,linked_global,coculture,A2780Naive+A2780cis,30k,1.0,75-25,sensitive
2.0,356.52833333333336,245.63517928863556,false,tolerant_context_shift,linked_global,coculture,A2780Naive+A2780cis,30k,1.0,75-25,sensitive
3.0,545.945,490.9084322520193,false,tolerant_context_shift,linked_global,coculture,A2780Naive+A2780cis,30k,1.0,75-25,sensitive
4.0,755.7766666666666,728.8367128529061,false,tolerant_context_shift,linked_global,coculture,A2780Naive+A2780cis,30k,1.0,75-25,sensitive
5.0,1013.1566666666666,878.5742444251454,false,tolerant_context_shift,linked_global,coculture,A2780Naive+A2780cis,30k,1.0,75-25,sensitive
6.0,1191.6316666666664,935.9065264861955,false,tolerant_context_shift,linked_global,coculture,A2780Naive+A2780cis,30k,1.0,75-25,sensitive
7.0,1758.6866666666667,924.0241949618694,false,tolerant_context_shift,linked_global,coculture,A2780Naive+A2780cis,30k,1.0,75-25,sensitive
8.0,1400.4566666666667,876.1830937623891,false,tolerant_context_shift,linked_global,coculture,A2780Naive+A2780cis,30k,1.0,75-25,sensitive
9.0,1660.7133333333334,810.4984653383721,false,tolerant_context_shift,linked_global,coculture,A2780Naive+A2780cis,30k,1.0,75-25,sensitive
10.0,2107.1266666666666,732.1831425046732,false,tolerant_context_shift,linked_global,coculture,A2780Naive+A2780cis,30k,1.0,75-25,sensitive
11.0,1744.1750000000002,645.466750977729,false,tolerant_context_shift,linked_global,coculture,A2780Naive+A2780cis,30k,1.0,75-25,sensitive
12.0,1827.7083333333333,555.2877068906465,false,tolerant_context_shift,linked_global,coculture,A2780Naive+A2780cis,30k,1.0,75-25,sensitive
13.0,1923.9083333333335,467.1923258946955,false,tolerant_context_shift,linked_global,coculture,A2780Naive+A2780cis,30k,1.0,75-25,sensitive
14.0,1647.07,385.9762335452653,false,tolerant_context_shift,linked_global,coculture,A2780Naive+A2780cis,30k,1.0,75-25,sensitive
0.0,25.0,25.0,true,tolerant_context_shift,linked_global,coculture,A2780Naive+A2780cis,30k,1.0,75-25,resistant
1.0,28.45,28.25690897946916,false,tolerant_context_shift,linked_global,coculture,A2780Naive+A2780cis,30k,1.0,75-25,resistant
2.0,45.685,39.05958447270362,false,tolerant_context_shift,linked_global,coculture,A2780Naive+A2780cis,30k,1.0,75-25,resistant
3.0,72.71833333333332,61.119120910848835,false,tolerant_context_shift,linked_global,coculture,A2780Naive+A2780cis,30k,1.0,75-25,resistant
4.0,127.53333333333332,100.7373294013406,false,tolerant_context_shift,linked_global,coculture,A2780Naive+A2780cis,30k,1.0,75-25,resistant
5.0,211.36,168.85915287281574,false,tolerant_context_shift,linked_global,coculture,A2780Naive+A2780cis,30k,1.0,75-25,resistant
6.0,311.8583333333333,284.9820194587624,false,tolerant_context_shift,linked_global,coculture,A2780Naive+A2780cis,30k,1.0,75-25,resistant
7.0,585.2883333333333,463.40007510058484,false,tolerant_context_shift,linked_global,coculture,A2780Naive+A2780cis,30k,1.0,75-25,resistant
8.0,720.1316666666667,596.5608075706039,false,tolerant_context_shift,linked_global,coculture,A2780Naive+A2780cis,30k,1.0,75-25,resistant
9.0,1168.5216666666668,788.4217420353681,false,tolerant_context_shift,linked_global,coculture,A2780Naive+A2780cis,30k,1.0,75-25,resistant
10.0,1358.1716666666664,1031.3690198902684,false,tolerant_context_shift,linked_global,coculture,A2780Naive+A2780cis,30k,1.0,75-25,resistant
11.0,1719.3033333333333,1312.6146554291593,false,tolerant_context_shift,linked_global,coculture,A2780Naive+A2780cis,30k,1.0,75-25,resistant
12.0,1458.7166666666665,1607.9427173973963,false,tolerant_context_shift,linked_global,coculture,A2780Naive+A2780cis,30k,1.0,75-25,resistant
13.0,2386.6633333333334,1889.1278223648296,false,tolerant_context_shift,linked_global,coculture,A2780Naive+A2780cis,30k,1.0,75-25,resistant
14.0,1738.6666666666667,2135.1019665241897,false,tolerant_context_shift,linked_global,coculture,A2780Naive+A2780cis,30k,1.0,75-25,resistant
0.0,67.0,67.0,true,subpopulation_load_scaled,linked_global,monoculture,A2780Naive,20k,0.67,,total
1.0,305.18962200000004,139.44413201153023,false,subpopulation_load_scaled,linked_global,monoculture,A2780Naive,20k,0.67,,total
2.0,465.63738433333333,400.20779469796935,false,subpopulation_load_scaled,linked_global,monoculture,A2780Naive,20k,0.67,,total
3.0,790.214892,956.0751449150945,false,subpopulation_load_scaled,linked_global,monoculture,A2780Naive,20k,0.67,,total
4.0,880.948534,1677.007500899228,false,subpopulation_load_scaled,linked_global,monoculture,A2780Naive,20k,0.67,,total
5.0,1277.0010803333332,2328.950070499252,false,subpopulation_load_scaled,linked_global,monoculture,A2780Naive,20k,0.67,,total
6.0,1612.01223,2791.224342208838,false,subpopulation_load_scaled,linked_global,monoculture,A2780Naive,20k,0.67,,total
7.0,2016.4244216666668,3072.3963722428653,false,subpopulation_load_scaled,linked_global,monoculture,A2780Naive,20k,0.67,,total
8.0,2081.411111,3228.12637452394,false,subpopulation_load_scaled,linked_global,monoculture,A2780Naive,20k,0.67,,total
9.0,2395.0547066666663,3309.39391550132,false,subpopulation_load_scaled,linked_global,monoculture,A2780Naive,20k,0.67,,total
10.0,2537.1984183333334,3349.997995498901,false,subpopulation_load_scaled,linked_global,monoculture,A2780Naive,20k,0.67,,total
11.0,3073.8874999999994,3369.4890180862703,false,subpopulation_load_scaled,linked_global,monoculture,A2780Naive,20k,0.67,,total
12.0,3042.368325666667,3378.4124084867067,false,subpopulation_load_scaled,linked_global,monoculture,A2780Naive,20k,0.67,,total
13.0,3537.7463733333334,3382.2238365186963,false,subpopulation_load_scaled,linked_global,monoculture,A2780Naive,20k,0.67,,total
14.0,3458.3808643333336,3383.6603372492837,false,subpopulation_load_scaled,linked_global,monoculture,A2780Naive,20k,0.67,,total
0.0,67.0,67.0,true,subpopulation_load_scaled,linked_global,monoculture,A2780Naive,20k,1.0,,total
1.0,164.83707566666666,139.44413201153023,false,subpopulation_load_scaled,linked_global,monoculture,A2780Naive,20k,1.0,,total
2.0,310.328588,400.20779469796935,false,subpopulation_load_scaled,linked_global,monoculture,A2780Naive,20k,1.0,,total
3.0,498.45925933333325,927.1341095096951,false,subpopulation_load_scaled,linked_global,monoculture,A2780Naive,20k,1.0,,total
4.0,690.7097223333334,1413.3532325647063,false,subpopulation_load_scaled,linked_global,monoculture,A2780Naive,20k,1.0,,total
5.0,804.9089893333334,1669.5039818546998,false,subpopulation_load_scaled,linked_global,monoculture,A2780Naive,20k,1.0,,total
6.0,1188.2886573333333,1742.2135617316821,false,subpopulation_load_scaled,linked_global,monoculture,A2780Naive,20k,1.0,,total
7.0,1563.5381556666664,1725.0210741490619,false,subpopulation_load_scaled,linked_global,monoculture,A2780Naive,20k,1.0,,total
8.0,1634.130247,1677.9013904117462,false,subpopulation_load_scaled,linked_global,monoculture,A2780Naive,20k,1.0,,total
9.0,1556.192554,1628.2728997345316,false,subpopulation_load_scaled,linked_global,monoculture,A2780Naive,20k,1.0,,total
10.0,1522.992284,1585.9234972510817,false,subpopulation_load_scaled,linked_global,monoculture,A2780Naive,20k,1.0,,total
11.0,1608.247685333333,1552.9156647036912,false,subpopulation_load_scaled,linked_global,monoculture,A2780Naive,20k,1.0,,total
12.0,1500.9281636666667,1528.4177230395342,false,subpopulation_load_scaled,linked_global,monoculture,A2780Naive,20k,1.0,,total
13.0,2011.2254243333334,1510.7795687839086,false,subpopulation_load_scaled,linked_global,monoculture,A2780Naive,20k,1.0,,total
14.0,2445.406712666667,1498.3422945200393,false,subpopulation_load_scaled,linked_global,monoculture,A2780Naive,20k,1.0,,total
0.0,67.0,67.0,true,subpopulation_load_scaled,linked_global,monoculture,A2780Naive,20k,1.47,,total
1.0,470.381366,139.44413201153023,false,subpopulation_load_scaled,linked_global,monoculture,A2780Naive,20k,1.47,,total
2.0,658.348264,400.20779469796935,false,subpopulation_load_scaled,linked_global,monoculture,A2780Naive,20k,1.47,,total
3.0,910.885918,883.7900036074386,false,subpopulation_load_scaled,linked_global,monoculture,A2780Naive,20k,1.47,,total
4.0,928.761304,1080.1066658488987,false,subpopulation_load_scaled,linked_global,monoculture,A2780Naive,20k,1.47,,total
5.0,914.7665896666667,976.6873225071936,false,subpopulation_load_scaled,linked_global,monoculture,A2780Naive,20k,1.47,,total
6.0,867.7298226666667,793.5076040854746,false,subpopulation_load_scaled,linked_global,monoculture,A2780Naive,20k,1.47,,total
7.0,681.9129633333333,632.5175531374675,false,subpopulation_load_scaled,linked_global,monoculture,A2780Naive,20k,1.47,,total
8.0,481.738503,512.673261719698,false,subpopulation_load_scaled,linked_global,monoculture,A2780Naive,20k,1.47,,total
9.0,333.6756173333333,427.6601367855818,false,subpopulation_load_scaled,linked_global,monoculture,A2780Naive,20k,1.47,,total
10.0,232.34174399999998,367.8045009534467,false,subpopulation_load_scaled,linked_global,monoculture,A2780Naive,20k,1.47,,total
11.0,155.3204476666667,325.3409001092235,false,subpopulation_load_scaled,linked_global,monoculture,A2780Naive,20k,1.47,,total
12.0,103.907562,294.8378534218345,false,subpopulation_load_scaled,linked_global,monoculture,A2780Naive,20k,1.47,,total
13.0,71.52523133333334,272.6372311375556,false,subpopulation_load_scaled,linked_global,monoculture,A2780Naive,20k,1.47,,total
14.0,36.60995366666666,256.2833344037715,false,subpopulation_load_scaled,linked_global,monoculture,A2780Naive,20k,1.47,,total
0.0,100.0,100.0,true,subpopulation_load_scaled,linked_global,monoculture,A2780Naive,30k,0.67,,total
1.0,507.5015816666667,184.66381122230348,false,subpopulation_load_scaled,linked_global,monoculture,A2780Naive,30k,0.67,,total
2.0,801.887693,451.80602556052156,false,subpopulation_load_scaled,linked_global,monoculture,A2780Naive,30k,0.67,,total
3.0,1336.278318,973.074464442971,false,subpopulation_load_scaled,linked_global,monoculture,A2780Naive,30k,0.67,,total
4.0,1623.1049383333336,1625.4771503324694,false,subpopulation_load_scaled,linked_global,monoculture,A2780Naive,30k,0.67,,total
5.0,2076.8491126666668,2223.6081771070053,false,subpopulation_load_scaled,linked_global,monoculture,A2780Naive,30k,0.67,,total
6.0,2482.367592666667,2667.682088762301,false,subpopulation_load_scaled,linked_global,monoculture,A2780Naive,30k,0.67,,total
7.0,2895.899845666667,2955.4294917248585,false,subpopulation_load_scaled,linked_global,monoculture,A2780Naive,30k,0.67,,total
8.0,2949.133024666667,3126.810264258045,false,subpopulation_load_scaled,linked_global,monoculture,A2780Naive,30k,0.67,,total
9.0,3220.295872,3223.7050207954458,false,subpopulation_load_scaled,linked_global,monoculture,A2780Naive,30k,0.67,,total
10.0,2758.7708333333335,3276.66912805051,false,subpopulation_load_scaled,linked_global,monoculture,A2780Naive,30k,0.67,,total
11.0,3434.9652003333335,3304.9211056492986,false,subpopulation_load_scaled,linked_global,monoculture,A2780Naive,30k,0.67,,total
12.0,3115.501775,3319.6796597879884,false,subpopulation_load_scaled,linked_global,monoculture,A2780Naive,30k,0.67,,total
13.0,3633.6489583333337,3327.2265386221397,false,subpopulation_load_scaled,linked_global,monoculture,A2780Naive,30k,0.67,,total
14.0,3423.783179,3330.98920285797,false,subpopulation_load_scaled,linked_global,monoculture,A2780Naive,30k,0.67,,total
0.0,100.0,100.0,true,subpopulation_load_scaled,linked_global,monoculture,A2780Naive,30k,1.0,,total
1.0,277.1990353333333,184.66381122230348,false,subpopulation_load_scaled,linked_global,monoculture,A2780Naive,30k,1.0,,total
2.0,512.5472606666666,451.80602556052156,false,subpopulation_load_scaled,linked_global,monoculture,A2780Naive,30k,1.0,,total
3.0,810.4685956666666,946.1798437009552,false,subpopulation_load_scaled,linked_global,monoculture,A2780Naive,30k,1.0,,total
4.0,1072.5972223333333,1387.9385071835318,false,subpopulation_load_scaled,linked_global,monoculture,A2780Naive,30k,1.0,,total
5.0,1220.3375386666667,1627.9462977641197,false,subpopulation_load_scaled,linked_global,monoculture,A2780Naive,30k,1.0,,total
6.0,1524.2378856666667,1706.10906886319,false,subpopulation_load_scaled,linked_global,monoculture,A2780Naive,30k,1.0,,total
7.0,1784.3173613333336,1700.3159360435975,false,subpopulation_load_scaled,linked_global,monoculture,A2780Naive,30k,1.0,,total
8.0,1754.768094,1663.070820895395,false,subpopulation_load_scaled,linked_global,monoculture,A2780Naive,30k,1.0,,total
9.0,1630.9435183333335,1620.1336490057604,false,subpopulation_load_scaled,linked_global,monoculture,A2780Naive,30k,1.0,,total
10.0,1765.6959490000002,1581.732692123365,false,subpopulation_load_scaled,linked_global,monoculture,A2780Naive,30k,1.0,,total
11.0,1797.057716,1550.7707189793684,false,subpopulation_load_scaled,linked_global,monoculture,A2780Naive,30k,1.0,,total
12.0,1664.883989,1527.1337842188302,false,subpopulation_load_scaled,linked_global,monoculture,A2780Naive,30k,1.0,,total
13.0,1869.5183256666667,1509.677805554947,false,subpopulation_load_scaled,linked_global,monoculture,A2780Naive,30k,1.0,,total
14.0,2521.7536263333336,1497.0702842910478,false,subpopulation_load_scaled,linked_global,monoculture,A2780Naive,30k,1.0,,total
0.0,100.0,100.0,true,subpopulation_load_scaled,linked_global,monoculture,A2780Naive,30k,1.47,,total
1.0,683.0949846666667,184.66381122230348,false,subpopulation_load_scaled,linked_global,monoculture,A2780Naive,30k,1.47,,total
2.0,962.59946,451.80602556052156,false,subpopulation_load_scaled,linked_global,monoculture,A2780Naive,30k,1.47,,total
3.0,1293.4153163333333,905.7644549088988,false,subpopulation_load_scaled,linked_global,monoculture,A2780Naive,30k,1.47,,total
4.0,1242.3761956666667,1083.0876337076388,false,subpopulation_load_scaled,linked_global,monoculture,A2780Naive,30k,1.47,,total
5.0,1196.6721066666667,987.5686824857944,false,subpopulation_load_scaled,linked_global,monoculture,A2780Naive,30k,1.47,,total
6.0,1151.6981093333334,814.4403039510375,false,subpopulation_load_scaled,linked_global,monoculture,A2780Naive,30k,1.47,,total
7.0,908.6366510000001,658.0596169782764,false,subpopulation_load_scaled,linked_global,monoculture,A2780Naive,30k,1.47,,total
8.0,684.2957563333333,538.8211212456762,false,subpopulation_load_scaled,linked_global,monoculture,A2780Naive,30k,1.47,,total
9.0,451.471335,452.539957014349,false,subpopulation_load_scaled,linked_global,monoculture,A2780Naive,30k,1.47,,total
10.0,351.6421293333333,390.7805128238105,false,subpopulation_load_scaled,linked_global,monoculture,A2780Naive,30k,1.47,,total
11.0,239.04888100000002,346.3440173981448,false,subpopulation_load_scaled,linked_global,monoculture,A2780Naive,30k,1.47,,total
12.0,153.48256166666667,314.02067285507854,false,subpopulation_load_scaled,linked_global,monoculture,A2780Naive,30k,1.47,,total
13.0,115.12735333333332,290.2192749482435,false,subpopulation_load_scaled,linked_global,monoculture,A2780Naive,30k,1.47,,total
14.0,60.396604999999994,272.4876107300191,false,subpopulation_load_scaled,linked_global,monoculture,A2780Naive,30k,1.47,,total
0.0,67.0,67.0,true,subpopulation_load_scaled,linked_global,monoculture,A2780cis,20k,0.67,,total
1.0,79.832716,75.98203929921775,false,subpopulation_load_scaled,linked_global,monoculture,A2780cis,20k,0.67,,total
2.0,136.68186733333332,107.07175413036892,false,subpopulation_load_scaled,linked_global,monoculture,A2780cis,20k,0.67,,total
3.0,256.032137,178.67199252022135,false,subpopulation_load_scaled,linked_global,monoculture,A2780cis,20k,0.67,,total
4.0,551.4876543333334,336.231176157898,false,subpopulation_load_scaled,linked_global,monoculture,A2780cis,20k,0.67,,total
5.0,932.248611,671.1380345564128,false,subpopulation_load_scaled,linked_global,monoculture,A2780cis,20k,0.67,,total
6.0,1630.1435956666667,1299.824269636491,false,subpopulation_load_scaled,linked_global,monoculture,A2780cis,20k,0.67,,total
7.0,2349.2489583333336,2187.7928908252393,false,subpopulation_load_scaled,linked_global,monoculture,A2780cis,20k,0.67,,total
8.0,2344.200308666667,2755.5826268326937,false,subpopulation_load_scaled,linked_global,monoculture,A2780cis,20k,0.67,,total
9.0,3261.814429,3141.1383054231906,false,subpopulation_load_scaled,linked_global,monoculture,A2780cis,20k,0.67,,total
10.0,2744.403163333333,3364.4762129353303,false,subpopulation_load_scaled,linked_global,monoculture,A2780cis,20k,0.67,,total
11.0,3624.0109566666665,3489.810530392312,false,subpopulation_load_scaled,linked_global,monoculture,A2780cis,20k,0.67,,total
12.0,2656.8393906666665,3564.7673884484275,false,subpopulation_load_scaled,linked_global,monoculture,A2780cis,20k,0.67,,total
13.0,3902.5750386666664,3614.1892072092683,false,subpopulation_load_scaled,linked_global,monoculture,A2780cis,20k,0.67,,total
14.0,2987.771682,3649.488326779583,false,subpopulation_load_scaled,linked_global,monoculture,A2780cis,20k,0.67,,total
0.0,67.0,67.0,true,subpopulation_load_scaled,linked_global,monoculture,A2780cis,20k,1.0,,total
1.0,82.57476866666666,75.98203929921775,false,subpopulation_load_scaled,linked_global,monoculture,A2780cis,20k,1.0,,total
2.0,153.74926733333334,107.07175413036892,false,subpopulation_load_scaled,linked_global,monoculture,A2780cis,20k,1.0,,total
3.0,298.6227236666667,178.67199252022135,false,subpopulation_load_scaled,linked_global,monoculture,A2780cis,20k,1.0,,total
4.0,584.2937496666667,336.231176157898,false,subpopulation_load_scaled,linked_global,monoculture,A2780cis,20k,1.0,,total
5.0,1028.8575233333333,671.1380345564128,false,subpopulation_load_scaled,linked_global,monoculture,A2780cis,20k,1.0,,total
6.0,1728.4681713333332,1299.824269636491,false,subpopulation_load_scaled,linked_global,monoculture,A2780cis,20k,1.0,,total
7.0,2346.5103780000004,2184.334477987495,false,subpopulation_load_scaled,linked_global,monoculture,A2780cis,20k,1.0,,total
8.0,2305.3690973333332,1933.7824782381008,false,subpopulation_load_scaled,linked_global,monoculture,A2780cis,20k,1.0,,total
9.0,3049.6326773333335,2449.6685339990113,false,subpopulation_load_scaled,linked_global,monoculture,A2780cis,20k,1.0,,total
10.0,3134.858873333333,2887.074538626491,false,subpopulation_load_scaled,linked_global,monoculture,A2780cis,20k,1.0,,total
11.0,3720.5385029999998,3127.1052979467113,false,subpopulation_load_scaled,linked_global,monoculture,A2780cis,20k,1.0,,total
12.0,2824.6677086666664,3237.7439618440158,false,subpopulation_load_scaled,linked_global,monoculture,A2780cis,20k,1.0,,total
13.0,3906.9917053333334,3286.589395909727,false,subpopulation_load_scaled,linked_global,monoculture,A2780cis,20k,1.0,,total
14.0,4011.9759260000005,3309.2247277311544,false,subpopulation_load_scaled,linked_global,monoculture,A2780cis,20k,1.0,,total
0.0,67.0,67.0,true,subpopulation_load_scaled,linked_global,monoculture,A2780cis,20k,1.47,,total
1.0,66.07534733333334,75.98203929921775,false,subpopulation_load_scaled,linked_global,monoculture,A2780cis,20k,1.47,,total
2.0,136.019406,107.07175413036892,false,subpopulation_load_scaled,linked_global,monoculture,A2780cis,20k,1.47,,total
3.0,262.4119983333333,178.67199252022135,false,subpopulation_load_scaled,linked_global,monoculture,A2780cis,20k,1.47,,total
4.0,627.1851849999999,336.231176157898,false,subpopulation_load_scaled,linked_global,monoculture,A2780cis,20k,1.47,,total
5.0,1055.7064813333334,671.1380345564128,false,subpopulation_load_scaled,linked_global,monoculture,A2780cis,20k,1.47,,total
6.0,1644.4327546666666,1299.824269636491,false,subpopulation_load_scaled,linked_global,monoculture,A2780cis,20k,1.47,,total
7.0,1888.7926696666666,2181.7153914858995,false,subpopulation_load_scaled,linked_global,monoculture,A2780cis,20k,1.47,,total
8.0,1640.846373333333,1737.5385925189821,false,subpopulation_load_scaled,linked_global,monoculture,A2780cis,20k,1.47,,total
9.0,2390.4506556666665,2206.0179226646546,false,subpopulation_load_scaled,linked_global,monoculture,A2780cis,20k,1.47,,total
10.0,1885.2126543333334,2562.263190148236,false,subpopulation_load_scaled,linked_global,monoculture,A2780cis,20k,1.47,,total
11.0,2693.7878856666666,2771.610567583093,false,subpopulation_load_scaled,linked_global,monoculture,A2780cis,20k,1.47,,total
12.0,2554.914467666667,2881.9439646190967,false,subpopulation_load_scaled,linked_global,monoculture,A2780cis,20k,1.47,,total
13.0,3229.3090276666667,2938.8199479578047,false,subpopulation_load_scaled,linked_global,monoculture,A2780cis,20k,1.47,,total
14.0,3171.784760666667,2969.452639726286,false,subpopulation_load_scaled,linked_global,monoculture,A2780cis,20k,1.47,,total
0.0,100.0,100.0,true,subpopulation_load_scaled,linked_global,monoculture,A2780cis,30k,0.67,,total
1.0,119.12291633333332,113.2622167067275,false,subpopulation_load_scaled,linked_global,monoculture,A2780cis,30k,0.67,,total
2.0,208.10995366666666,158.9127746125465,false,subpopulation_load_scaled,linked_global,monoculture,A2780cis,30k,0.67,,total
3.0,381.1926696666667,262.58299033748966,false,subpopulation_load_scaled,linked_global,monoculture,A2780cis,30k,0.67,,total
4.0,731.6507716666666,483.86497401229224,false,subpopulation_load_scaled,linked_global,monoculture,A2780cis,30k,0.67,,total
5.0,1291.6760416666666,925.5975795418306,false,subpopulation_load_scaled,linked_global,monoculture,A2780cis,30k,0.67,,total
6.0,1980.2315586666666,1664.578041666555,false,subpopulation_load_scaled,linked_global,monoculture,A2780cis,30k,0.67,,total
7.0,2670.8478393333335,2547.774748990045,false,subpopulation_load_scaled,linked_global,monoculture,A2780cis,30k,0.67,,total
8.0,2545.009915,2960.7126553083317,false,subpopulation_load_scaled,linked_global,monoculture,A2780cis,30k,0.67,,total
9.0,3548.7987266666664,3231.106169617397,false,subpopulation_load_scaled,linked_global,monoculture,A2780cis,30k,0.67,,total
10.0,2897.7104553333334,3395.886558238568,false,subpopulation_load_scaled,linked_global,monoculture,A2780cis,30k,0.67,,total
11.0,3797.833449333333,3498.1874499138466,false,subpopulation_load_scaled,linked_global,monoculture,A2780cis,30k,0.67,,total
12.0,2884.930285666667,3565.966819273855,false,subpopulation_load_scaled,linked_global,monoculture,A2780cis,30k,0.67,,total
13.0,4146.366087666666,3613.9052747920355,false,subpopulation_load_scaled,linked_global,monoculture,A2780cis,30k,0.67,,total
14.0,3326.884761,3649.315658539143,false,subpopulation_load_scaled,linked_global,monoculture,A2780cis,30k,0.67,,total
0.0,100.0,100.0,true,subpopulation_load_scaled,linked_global,monoculture,A2780cis,30k,1.0,,total
1.0,117.62118066666666,113.2622167067275,false,subpopulation_load_scaled,linked_global,monoculture,A2780cis,30k,1.0,,total
2.0,206.52970666666667,158.9127746125465,false,subpopulation_load_scaled,linked_global,monoculture,A2780cis,30k,1.0,,total
3.0,392.79753066666666,262.58299033748966,false,subpopulation_load_scaled,linked_global,monoculture,A2780cis,30k,1.0,,total
4.0,793.1631946666666,483.86497401229224,false,subpopulation_load_scaled,linked_global,monoculture,A2780cis,30k,1.0,,total
5.0,1328.3501159999998,925.5975795418306,false,subpopulation_load_scaled,linked_global,monoculture,A2780cis,30k,1.0,,total
6.0,1947.6582176666668,1664.578041666555,false,subpopulation_load_scaled,linked_global,monoculture,A2780cis,30k,1.0,,total
7.0,2594.510609333334,2543.553154758685,false,subpopulation_load_scaled,linked_global,monoculture,A2780cis,30k,1.0,,total
8.0,2352.0106483333334,2092.640636528153,false,subpopulation_load_scaled,linked_global,monoculture,A2780cis,30k,1.0,,total
9.0,3220.0850306666666,2550.675589154816,false,subpopulation_load_scaled,linked_global,monoculture,A2780cis,30k,1.0,,total
10.0,2953.806751666667,2927.633475921727,false,subpopulation_load_scaled,linked_global,monoculture,A2780cis,30k,1.0,,total
11.0,3595.1114196666663,3129.6715900484537,false,subpopulation_load_scaled,linked_global,monoculture,A2780cis,30k,1.0,,total
12.0,2534.660455333333,3223.23219444182,false,subpopulation_load_scaled,linked_global,monoculture,A2780cis,30k,1.0,,total
13.0,3853.449228666667,3265.681574216622,false,subpopulation_load_scaled,linked_global,monoculture,A2780cis,30k,1.0,,total
14.0,4116.669907333334,3286.2351031965577,false,subpopulation_load_scaled,linked_global,monoculture,A2780cis,30k,1.0,,total
0.0,100.0,100.0,true,subpopulation_load_scaled,linked_global,monoculture,A2780cis,30k,1.47,,total
1.0,73.88472200000001,113.2622167067275,false,subpopulation_load_scaled,linked_global,monoculture,A2780cis,30k,1.47,,total
2.0,143.64463766666665,158.9127746125465,false,subpopulation_load_scaled,linked_global,monoculture,A2780cis,30k,1.47,,total
3.0,301.875849,262.58299033748966,false,subpopulation_load_scaled,linked_global,monoculture,A2780cis,30k,1.47,,total
4.0,670.1066746666667,483.86497401229224,false,subpopulation_load_scaled,linked_global,monoculture,A2780cis,30k,1.47,,total
5.0,1170.9108796666667,925.5975795418306,false,subpopulation_load_scaled,linked_global,monoculture,A2780cis,30k,1.47,,total
6.0,1348.3380016666667,1664.578041666555,false,subpopulation_load_scaled,linked_global,monoculture,A2780cis,30k,1.47,,total
7.0,1881.759761,2540.356540341754,false,subpopulation_load_scaled,linked_global,monoculture,A2780cis,30k,1.47,,total
8.0,1606.1887733333333,1888.5438889628779,false,subpopulation_load_scaled,linked_global,monoculture,A2780cis,30k,1.47,,total
9.0,2421.258526333333,2294.150357897332,false,subpopulation_load_scaled,linked_global,monoculture,A2780cis,30k,1.47,,total
10.0,1957.2380400000002,2589.1355785178735,false,subpopulation_load_scaled,linked_global,monoculture,A2780cis,30k,1.47,,total
11.0,2537.103395,2760.7041418670487,false,subpopulation_load_scaled,linked_global,monoculture,A2780cis,30k,1.47,,total
12.0,2244.322531,2853.0174736865088,false,subpopulation_load_scaled,linked_global,monoculture,A2780cis,30k,1.47,,total
13.0,2827.4429400000004,2902.6137619600972,false,subpopulation_load_scaled,linked_global,monoculture,A2780cis,30k,1.47,,total
14.0,3433.938387333333,2930.731783154081,false,subpopulation_load_scaled,linked_global,monoculture,A2780cis,30k,1.47,,total
0.0,16.75,16.75,true,subpopulation_load_scaled,linked_global,coculture,A2780Naive+A2780cis,20k,1.0,25-75,sensitive
1.0,99.62333333333333,29.90453918438093,false,subpopulation_load_scaled,linked_global,coculture,A2780Naive+A2780cis,20k,1.0,25-75,sensitive
2.0,151.64666666666665,85.23859054245634,false,subpopulation_load_scaled,linked_global,coculture,A2780Naive+A2780cis,20k,1.0,25-75,sensitive
3.0,256.715,225.73465232327823,false,subpopulation_load_scaled,linked_global,coculture,A2780Naive+A2780cis,20k,1.0,25-75,sensitive
4.0,308.39166666666665,423.832010059064,false,subpopulation_load_scaled,linked_global,coculture,A2780Naive+A2780cis,20k,1.0,25-75,sensitive
5.0,458.41,618.4508059185046,false,subpopulation_load_scaled,linked_global,coculture,A2780Naive+A2780cis,20k,1.0,25-75,sensitive
6.0,443.1983333333333,766.7847221940975,false,subpopulation_load_scaled,linked_global,coculture,A2780Naive+A2780cis,20k,1.0,25-75,sensitive
7.0,684.745,852.2330820991978,false,subpopulation_load_scaled,linked_global,coculture,A2780Naive+A2780cis,20k,1.0,25-75,sensitive
8.0,381.4466666666667,910.9405687324021,false,subpopulation_load_scaled,linked_global,coculture,A2780Naive+A2780cis,20k,1.0,25-75,sensitive
9.0,434.4266666666667,938.0453273874052,false,subpopulation_load_scaled,linked_global,coculture,A2780Naive+A2780cis,20k,1.0,25-75,sensitive
10.0,381.8066666666667,927.9595861681559,false,subpopulation_load_scaled,linked_global,coculture,A2780Naive+A2780cis,20k,1.0,25-75,sensitive
11.0,827.9266666666667,892.9620374203129,false,subpopulation_load_scaled,linked_global,coculture,A2780Naive+A2780cis,20k,1.0,25-75,sensitive
12.0,564.2466666666667,845.3429104327311,false,subpopulation_load_scaled,linked_global,coculture,A2780Naive+A2780cis,20k,1.0,25-75,sensitive
13.0,1105.2716666666665,793.6100213442137,false,subpopulation_load_scaled,linked_global,coculture,A2780Naive+A2780cis,20k,1.0,25-75,sensitive
14.0,404.80333333333334,742.4790279692643,false,subpopulation_load_scaled,linked_global,coculture,A2780Naive+A2780cis,20k,1.0,25-75,sensitive
0.0,50.25,50.25,true,subpopulation_load_scaled,linked_global,coculture,A2780Naive+A2780cis,20k,1.0,25-75,resistant
1.0,88.58666666666666,56.96229306931312,false,subpopulation_load_scaled,linked_global,coculture,A2780Naive+A2780cis,20k,1.0,25-75,resistant
2.0,143.335,79.90509187351991,false,subpopulation_load_scaled,linked_global,coculture,A2780Naive+A2780cis,20k,1.0,25-75,resistant
3.0,247.62666666666667,130.35004277605285,false,subpopulation_load_scaled,linked_global,coculture,A2780Naive+A2780cis,20k,1.0,25-75,resistant
4.0,494.3083333333334,230.52824603709138,false,subpopulation_load_scaled,linked_global,coculture,A2780Naive+A2780cis,20k,1.0,25-75,resistant
5.0,903.3716666666666,414.43133564862023,false,subpopulation_load_scaled,linked_global,coculture,A2780Naive+A2780cis,20k,1.0,25-75,resistant
6.0,1360.0966666666666,717.5875887850184,false,subpopulation_load_scaled,linked_global,coculture,A2780Naive+A2780cis,20k,1.0,25-75,resistant
7.0,2438.3766666666666,1141.6633152776762,false,subpopulation_load_scaled,linked_global,coculture,A2780Naive+A2780cis,20k,1.0,25-75,resistant
8.0,1945.3233333333335,1004.2052864689679,false,subpopulation_load_scaled,linked_global,coculture,A2780Naive+A2780cis,20k,1.0,25-75,resistant
9.0,3250.286666666667,1348.1872704384416,false,subpopulation_load_scaled,linked_global,coculture,A2780Naive+A2780cis,20k,1.0,25-75,resistant
10.0,3135.64,1722.0904978446413,false,subpopulation_load_scaled,linked_global,coculture,A2780Naive+A2780cis,20k,1.0,25-75,resistant
11.0,3987.5866666666666,2036.7036509965094,false,subpopulation_load_scaled,linked_global,coculture,A2780Naive+A2780cis,20k,1.0,25-75,resistant
12.0,2308.2483333333334,2273.0743423806475,false,subpopulation_load_scaled,linked_global,coculture,A2780Naive+A2780cis,20k,1.0,25-75,resistant
13.0,3826.773333333333,2443.8962516279616,false,subpopulation_load_scaled,linked_global,coculture,A2780Naive+A2780cis,20k,1.0,25-75,resistant
14.0,2159.3716666666664,2569.6642948646554,false,subpopulation_load_scaled,linked_global,coculture,A2780Naive+A2780cis,20k,1.0,25-75,resistant
0.0,33.5,33.5,true,subpopulation_load_scaled,linked_global,coculture,A2780Naive+A2780cis,20k,1.0,50-50,sensitive
1.0,154.28,58.53711324686948,false,subpopulation_load_scaled,linked_global,coculture,A2780Naive+A2780cis,20k,1.0,50-50,sensitive
2.0,285.20666666666665,156.6314739568753,false,subpopulation_load_scaled,linked_global,coculture,A2780Naive+A2780cis,20k,1.0,50-50,sensitive
3.0,425.075,375.9140875093837,false,subpopulation_load_scaled,linked_global,coculture,A2780Naive+A2780cis,20k,1.0,50-50,sensitive
4.0,562.615,641.5045198049067,false,subpopulation_load_scaled,linked_global,coculture,A2780Naive+A2780cis,20k,1.0,50-50,sensitive
5.0,850.4516666666667,871.2602300178249,false,subpopulation_load_scaled,linked_global,coculture,A2780Naive+A2780cis,20k,1.0,50-50,sensitive
6.0,932.2550000000001,1032.6601003520798,false,subpopulation_load_scaled,linked_global,coculture,A2780Naive+A2780cis,20k,1.0,50-50,sensitive
7.0,1392.045,1123.5153276149522,false,subpopulation_load_scaled,linked_global,coculture,A2780Naive+A2780cis,20k,1.0,50-50,sensitive
8.0,999.73,1179.1984681827355,false,subpopulation_load_scaled,linked_global,coculture,A2780Naive+A2780cis,20k,1.0,50-50,sensitive
9.0,1287.6316666666664,1201.8598600906978,false,subpopulation_load_scaled,linked_global,coculture,A2780Naive+A2780cis,20k,1.0,50-50,sensitive
10.0,1285.185,1188.580592203027,false,subpopulation_load_scaled,linked_global,coculture,A2780Naive+A2780cis,20k,1.0,50-50,sensitive
11.0,1589.9216666666669,1147.8938885916805,false,subpopulation_load_scaled,linked_global,coculture,A2780Naive+A2780cis,20k,1.0,50-50,sensitive
12.0,1183.66,1089.7000144337471,false,subpopulation_load_scaled,linked_global,coculture,A2780Naive+A2780cis,20k,1.0,50-50,sensitive
13.0,1283.0133333333333,1022.961799048835,false,subpopulation_load_scaled,linked_global,coculture,A2780Naive+A2780cis,20k,1.0,50-50,sensitive
14.0,1010.3066666666667,954.3314105193579,false,subpopulation_load_scaled,linked_global,coculture,A2780Naive+A2780cis,20k,1.0,50-50,sensitive
0.0,33.5,33.5,true,subpopulation_load_scaled,linked_global,coculture,A2780Naive+A2780cis,20k,1.0,50-50,resistant
1.0,51.281666666666666,37.95983335232562,false,subpopulation_load_scaled,linked_global,coculture,A2780Naive+A2780cis,20k,1.0,50-50,resistant
2.0,89.81333333333333,53.048533892614856,false,subpopulation_load_scaled,linked_global,coculture,A2780Naive+A2780cis,20k,1.0,50-50,resistant
3.0,141.95833333333334,85.2300815396163,false,subpopulation_load_scaled,linked_global,coculture,A2780Naive+A2780cis,20k,1.0,50-50,resistant
4.0,269.67333333333335,146.0586609503388,false,subpopulation_load_scaled,linked_global,coculture,A2780Naive+A2780cis,20k,1.0,50-50,resistant
5.0,503.14333333333326,252.78577300407812,false,subpopulation_load_scaled,linked_global,coculture,A2780Naive+A2780cis,20k,1.0,50-50,resistant
6.0,640.2366666666667,426.97468850142707,false,subpopulation_load_scaled,linked_global,coculture,A2780Naive+A2780cis,20k,1.0,50-50,resistant
7.0,1228.7583333333334,685.2624873404394,false,subpopulation_load_scaled,linked_global,coculture,A2780Naive+A2780cis,20k,1.0,50-50,resistant
8.0,1159.7433333333333,609.8090756281249,false,subpopulation_load_scaled,linked_global,coculture,A2780Naive+A2780cis,20k,1.0,50-50,resistant
9.0,2141.5383333333334,842.7802696337092,false,subpopulation_load_scaled,linked_global,coculture,A2780Naive+A2780cis,20k,1.0,50-50,resistant
10.0,2331.901666666666,1141.480196921293,false,subpopulation_load_scaled,linked_global,coculture,A2780Naive+A2780cis,20k,1.0,50-50,resistant
11.0,3319.126666666667,1452.508618031307,false,subpopulation_load_scaled,linked_global,coculture,A2780Naive+A2780cis,20k,1.0,50-50,resistant
12.0,1939.1216666666667,1739.5928366720532,false,subpopulation_load_scaled,linked_global,coculture,A2780Naive+A2780cis,20k,1.0,50-50,resistant
13.0,3037.8416666666667,1982.2876850828736,false,subpopulation_load_scaled,linked_global,coculture,A2780Naive+A2780cis,20k,1.0,50-50,resistant
14.0,1923.26,2177.723093940583,false,subpopulation_load_scaled,linked_global,coculture,A2780Naive+A2780cis,20k,1.0,50-50,resistant
0.0,50.25,50.25,true,subpopulation_load_scaled,linked_global,coculture,A2780Naive+A2780cis,20k,1.0,75-25,sensitive
1.0,216.94833333333335,86.24191940650044,false,subpopulation_load_scaled,linked_global,coculture,A2780Naive+A2780cis,20k,1.0,75-25,sensitive
2.0,395.03833333333336,220.20497872913884,false,subpopulation_load_scaled,linked_global,coculture,A2780Naive+A2780cis,20k,1.0,75-25,sensitive
3.0,575.9033333333333,495.30130891469054,false,subpopulation_load_scaled,linked_global,coculture,A2780Naive+A2780cis,20k,1.0,75-25,sensitive
4.0,750.965,798.3677913795713,false,subpopulation_load_scaled,linked_global,coculture,A2780Naive+A2780cis,20k,1.0,75-25,sensitive
5.0,1098.7666666666667,1041.770912467363,false,subpopulation_load_scaled,linked_global,coculture,A2780Naive+A2780cis,20k,1.0,75-25,sensitive
6.0,1222.9466666666665,1206.2585456317988,false,subpopulation_load_scaled,linked_global,coculture,A2780Naive+A2780cis,20k,1.0,75-25,sensitive
7.0,1636.885,1301.5138151934543,false,subpopulation_load_scaled,linked_global,coculture,A2780Naive+A2780cis,20k,1.0,75-25,sensitive
8.0,1417.09,1357.0020372378892,false,subpopulation_load_scaled,linked_global,coculture,A2780Naive+A2780cis,20k,1.0,75-25,sensitive
9.0,1830.3733333333337,1381.5901672706339,false,subpopulation_load_scaled,linked_global,coculture,A2780Naive+A2780cis,20k,1.0,75-25,sensitive
10.0,2137.61,1376.838304985127,false,subpopulation_load_scaled,linked_global,coculture,A2780Naive+A2780cis,20k,1.0,75-25,sensitive
11.0,2132.978333333333,1347.277612116668,false,subpopulation_load_scaled,linked_global,coculture,A2780Naive+A2780cis,20k,1.0,75-25,sensitive
12.0,1500.195,1297.2793036421099,false,subpopulation_load_scaled,linked_global,coculture,A2780Naive+A2780cis,20k,1.0,75-25,sensitive
13.0,1762.6516666666669,1232.046643452367,false,subpopulation_load_scaled,linked_global,coculture,A2780Naive+A2780cis,20k,1.0,75-25,sensitive
14.0,1454.5266666666666,1157.6425150902485,false,subpopulation_load_scaled,linked_global,coculture,A2780Naive+A2780cis,20k,1.0,75-25,sensitive
0.0,16.75,16.75,true,subpopulation_load_scaled,linked_global,coculture,A2780Naive+A2780cis,20k,1.0,75-25,resistant
1.0,26.93166666666667,18.972799592455093,false,subpopulation_load_scaled,linked_global,coculture,A2780Naive+A2780cis,20k,1.0,75-25,resistant
2.0,42.105,26.426935998237596,false,subpopulation_load_scaled,linked_global,coculture,A2780Naive+A2780cis,20k,1.0,75-25,resistant
3.0,64.44166666666668,41.955881385355944,false,subpopulation_load_scaled,linked_global,coculture,A2780Naive+A2780cis,20k,1.0,75-25,resistant
4.0,128.0016666666667,70.36394928638738,false,subpopulation_load_scaled,linked_global,coculture,A2780Naive+A2780cis,20k,1.0,75-25,resistant
5.0,186.15166666666664,119.10393799477163,false,subpopulation_load_scaled,linked_global,coculture,A2780Naive+A2780cis,20k,1.0,75-25,resistant
6.0,262.3983333333333,199.3326619867944,false,subpopulation_load_scaled,linked_global,coculture,A2780Naive+A2780cis,20k,1.0,75-25,resistant
7.0,430.875,325.6795790663664,false,subpopulation_load_scaled,linked_global,coculture,A2780Naive+A2780cis,20k,1.0,75-25,resistant
8.0,525.69,295.9168293158131,false,subpopulation_load_scaled,linked_global,coculture,A2780Naive+A2780cis,20k,1.0,75-25,resistant
9.0,900.48,423.5271630160356,false,subpopulation_load_scaled,linked_global,coculture,A2780Naive+A2780cis,20k,1.0,75-25,resistant
10.0,1261.5033333333333,612.4899909081311,false,subpopulation_load_scaled,linked_global,coculture,A2780Naive+A2780cis,20k,1.0,75-25,resistant
11.0,1896.801666666667,852.8792117199341,false,subpopulation_load_scaled,linked_global,coculture,A2780Naive+A2780cis,20k,1.0,75-25,resistant
12.0,1271.0700000000004,1129.6528787029363,false,subpopulation_load_scaled,linked_global,coculture,A2780Naive+A2780cis,20k,1.0,75-25,resistant
13.0,2274.6516666666666,1416.4268532847425,false,subpopulation_load_scaled,linked_global,coculture,A2780Naive+A2780cis,20k,1.0,75-25,resistant
14.0,1507.9783333333335,1685.5474541321448,false,subpopulation_load_scaled,linked_global,coculture,A2780Naive+A2780cis,20k,1.0,75-25,resistant
0.0,25.0,25.0,true,subpopulation_load_scaled,linked_global,coculture,A2780Naive+A2780cis,30k,1.0,25-75,sensitive
1.0,92.28666666666668,39.20221269290872,false,subpopulation_load_scaled,linked_global,coculture,A2780Naive+A2780cis,30k,1.0,25-75,sensitive
2.0,166.93666666666667,92.28094685167945,false,subpopulation_load_scaled,linked_global,coculture,A2780Naive+A2780cis,30k,1.0,25-75,sensitive
3.0,254.01833333333335,211.13843774902315,false,subpopulation_load_scaled,linked_global,coculture,A2780Naive+A2780cis,30k,1.0,25-75,sensitive
4.0,304.3333333333333,363.55512465079397,false,subpopulation_load_scaled,linked_global,coculture,A2780Naive+A2780cis,30k,1.0,25-75,sensitive
5.0,467.26833333333326,502.68746705699357,false,subpopulation_load_scaled,linked_global,coculture,A2780Naive+A2780cis,30k,1.0,25-75,sensitive
6.0,478.9883333333334,598.3089013141183,false,subpopulation_load_scaled,linked_global,coculture,A2780Naive+A2780cis,30k,1.0,25-75,sensitive
7.0,644.6283333333333,640.7632183620285,false,subpopulation_load_scaled,linked_global,coculture,A2780Naive+A2780cis,30k,1.0,25-75,sensitive
8.0,433.00666666666666,669.9116694844273,false,subpopulation_load_scaled,linked_global,coculture,A2780Naive+A2780cis,30k,1.0,25-75,sensitive
9.0,360.13166666666666,676.6112045037014,false,subpopulation_load_scaled,linked_global,coculture,A2780Naive+A2780cis,30k,1.0,25-75,sensitive
10.0,420.3900000000001,655.0193801966416,false,subpopulation_load_scaled,linked_global,coculture,A2780Naive+A2780cis,30k,1.0,25-75,sensitive
11.0,492.47499999999997,616.458686784826,false,subpopulation_load_scaled,linked_global,coculture,A2780Naive+A2780cis,30k,1.0,25-75,sensitive
12.0,788.84,570.8124817705108,false,subpopulation_load_scaled,linked_global,coculture,A2780Naive+A2780cis,30k,1.0,25-75,sensitive
13.0,1077.7166666666667,524.0847533208151,false,subpopulation_load_scaled,linked_global,coculture,A2780Naive+A2780cis,30k,1.0,25-75,sensitive
14.0,921.545,479.22159759708575,false,subpopulation_load_scaled,linked_global,coculture,A2780Naive+A2780cis,30k,1.0,25-75,sensitive
0.0,75.0,75.0,true,subpopulation_load_scaled,linked_global,coculture,A2780Naive+A2780cis,30k,1.0,25-75,resistant
1.0,87.41333333333334,84.88508088063259,false,subpopulation_load_scaled,linked_global,coculture,A2780Naive+A2780cis,30k,1.0,25-75,resistant
2.0,146.07000000000002,118.42437434018183,false,subpopulation_load_scaled,linked_global,coculture,A2780Naive+A2780cis,30k,1.0,25-75,resistant
3.0,261.51,191.10969842536076,false,subpopulation_load_scaled,linked_global,coculture,A2780Naive+A2780cis,30k,1.0,25-75,resistant
4.0,490.7949999999999,332.60603854371493,false,subpopulation_load_scaled,linked_global,coculture,A2780Naive+A2780cis,30k,1.0,25-75,resistant
5.0,872.2133333333333,584.8250246566034,false,subpopulation_load_scaled,linked_global,coculture,A2780Naive+A2780cis,30k,1.0,25-75,resistant
6.0,1398.1966666666667,980.0384646373134,false,subpopulation_load_scaled,linked_global,coculture,A2780Naive+A2780cis,30k,1.0,25-75,resistant
7.0,2656.3349999999996,1488.276200109614,false,subpopulation_load_scaled,linked_global,coculture,A2780Naive+A2780cis,30k,1.0,25-75,resistant
8.0,2187.6316666666667,1264.2159734249353,false,subpopulation_load_scaled,linked_global,coculture,A2780Naive+A2780cis,30k,1.0,25-75,resistant
9.0,3209.313333333333,1658.9031161938938,false,subpopulation_load_scaled,linked_global,coculture,A2780Naive+A2780cis,30k,1.0,25-75,resistant
10.0,3193.9033333333336,2051.1282140337726,false,subpopulation_load_scaled,linked_global,coculture,A2780Naive+A2780cis,30k,1.0,25-75,resistant
11.0,3624.1133333333332,2353.86612176,false,subpopulation_load_scaled,linked_global,coculture,A2780Naive+A2780cis,30k,1.0,25-75,resistant
12.0,2743.473333333334,2567.69836800589,false,subpopulation_load_scaled,linked_global,coculture,A2780Naive+A2780cis,30k,1.0,25-75,resistant
13.0,3918.6783333333333,2718.1658257749777,false,subpopulation_load_scaled,linked_global,coculture,A2780Naive+A2780cis,30k,1.0,25-75,resistant
14.0,3231.2383333333332,2829.433754910975,false,subpopulation_load_scaled,linked_global,coculture,A2780Naive+A2780cis,30k,1.0,25-75,resistant
0.0,50.0,50.0,true,subpopulation_load_scaled,linked_global,coculture,A2780Naive+A2780cis,30k,1.0,50-50,sensitive
1.0,165.45833333333334,77.0656216639794,false,subpopulation_load_scaled,linked_global,coculture,A2780Naive+A2780cis,30k,1.0,50-50,sensitive
2.0,282.01500000000004,172.67078691471207,false,subpopulation_load_scaled,linked_global,coculture,A2780Naive+A2780cis,30k,1.0,50-50,sensitive
3.0,432.8383333333333,365.224769665814,false,subpopulation_load_scaled,linked_global,coculture,A2780Naive+A2780cis,30k,1.0,50-50,sensitive
4.0,607.8166666666667,582.6172202546991,false,subpopulation_load_scaled,linked_global,coculture,A2780Naive+A2780cis,30k,1.0,50-50,sensitive
5.0,879.0050000000001,762.6855897310684,false,subpopulation_load_scaled,linked_global,coculture,A2780Naive+A2780cis,30k,1.0,50-50,sensitive
6.0,947.1116666666667,882.2587881773837,false,subpopulation_load_scaled,linked_global,coculture,A2780Naive+A2780cis,30k,1.0,50-50,sensitive
7.0,1412.7849999999999,940.0238141878672,false,subpopulation_load_scaled,linked_global,coculture,A2780Naive+A2780cis,30k,1.0,50-50,sensitive
8.0,1018.185,975.238712378439,false,subpopulation_load_scaled,linked_global,coculture,A2780Naive+A2780cis,30k,1.0,50-50,sensitive
9.0,1172.4866666666667,983.9780531468027,false,subpopulation_load_scaled,linked_global,coculture,A2780Naive+A2780cis,30k,1.0,50-50,sensitive
10.0,1294.5683333333334,960.7202832613331,false,subpopulation_load_scaled,linked_global,coculture,A2780Naive+A2780cis,30k,1.0,50-50,sensitive
11.0,1082.5033333333333,914.299720881414,false,subpopulation_load_scaled,linked_global,coculture,A2780Naive+A2780cis,30k,1.0,50-50,sensitive
12.0,1456.9150000000002,854.4559545746357,false,subpopulation_load_scaled,linked_global,coculture,A2780Naive+A2780cis,30k,1.0,50-50,sensitive
13.0,1700.3266666666666,789.1471366590631,false,subpopulation_load_scaled,linked_global,coculture,A2780Naive+A2780cis,30k,1.0,50-50,sensitive
14.0,1370.07,723.6964356987957,false,subpopulation_load_scaled,linked_global,coculture,A2780Naive+A2780cis,30k,1.0,50-50,sensitive
0.0,50.0,50.0,true,subpopulation_load_scaled,linked_global,coculture,A2780Naive+A2780cis,30k,1.0,50-50,resistant
1.0,53.36166666666666,56.55113614849825,false,subpopulation_load_scaled,linked_global,coculture,A2780Naive+A2780cis,30k,1.0,50-50,resistant
2.0,85.83833333333332,78.5116034482023,false,subpopulation_load_scaled,linked_global,coculture,A2780Naive+A2780cis,30k,1.0,50-50,resistant
3.0,136.93666666666667,124.55029010060954,false,subpopulation_load_scaled,linked_global,coculture,A2780Naive+A2780cis,30k,1.0,50-50,resistant
4.0,278.0416666666667,209.73150686045747,false,subpopulation_load_scaled,linked_global,coculture,A2780Naive+A2780cis,30k,1.0,50-50,resistant
5.0,439.5783333333333,355.222981708396,false,subpopulation_load_scaled,linked_global,coculture,A2780Naive+A2780cis,30k,1.0,50-50,resistant
6.0,738.2216666666667,583.4408255840976,false,subpopulation_load_scaled,linked_global,coculture,A2780Naive+A2780cis,30k,1.0,50-50,resistant
7.0,1333.6733333333334,901.9563673258936,false,subpopulation_load_scaled,linked_global,coculture,A2780Naive+A2780cis,30k,1.0,50-50,resistant
8.0,1333.7316666666666,774.8682070193427,false,subpopulation_load_scaled,linked_global,coculture,A2780Naive+A2780cis,30k,1.0,50-50,resistant
9.0,2235.375,1045.0245168455501,false,subpopulation_load_scaled,linked_global,coculture,A2780Naive+A2780cis,30k,1.0,50-50,resistant
10.0,2239.6666666666665,1367.3830178538653,false,subpopulation_load_scaled,linked_global,coculture,A2780Naive+A2780cis,30k,1.0,50-50,resistant
11.0,2711.556666666667,1680.3766352412247,false,subpopulation_load_scaled,linked_global,coculture,A2780Naive+A2780cis,30k,1.0,50-50,resistant
12.0,2136.7833333333333,1954.0826301257462,false,subpopulation_load_scaled,linked_global,coculture,A2780Naive+A2780cis,30k,1.0,50-50,resistant
13.0,3352.3216666666667,2179.070222181413,false,subpopulation_load_scaled,linked_global,coculture,A2780Naive+A2780cis,30k,1.0,50-50,resistant
14.0,2315.278333333333,2360.1545784782224,false,subpopulation_load_scaled,linked_global,coculture,A2780Naive+A2780cis,30k,1.0,50-50,resistant
0.0,75.0,75.0,true,subpopulation_load_scaled,linked_global,coculture,A2780Naive+A2780cis,30k,1.0,75-25,sensitive
1.0,218.08333333333334,113.89554362264197,false,subpopulation_load_scaled,linked_global,coculture,A2780Naive+A2780cis,30k,1.0,75-25,sensitive
2.0,356.52833333333336,245.63519041173063,false,subpopulation_load_scaled,linked_global,coculture,A2780Naive+A2780cis,30k,1.0,75-25,sensitive
3.0,545.945,492.163814338646,false,subpopulation_load_scaled,linked_global,coculture,A2780Naive+A2780cis,30k,1.0,75-25,sensitive
4.0,755.7766666666666,748.4484316525469,false,subpopulation_load_scaled,linked_global,coculture,A2780Naive+A2780cis,30k,1.0,75-25,sensitive
5.0,1013.1566666666666,948.9393575841553,false,subpopulation_load_scaled,linked_global,coculture,A2780Naive+A2780cis,30k,1.0,75-25,sensitive
6.0,1191.6316666666664,1081.4753716190073,false,subpopulation_load_scaled,linked_global,coculture,A2780Naive+A2780cis,30k,1.0,75-25,sensitive
7.0,1758.6866666666667,1153.840233371878,false,subpopulation_load_scaled,linked_global,coculture,A2780Naive+A2780cis,30k,1.0,75-25,sensitive
8.0,1400.4566666666667,1196.3586625007576,false,subpopulation_load_scaled,linked_global,coculture,A2780Naive+A2780cis,30k,1.0,75-25,sensitive
9.0,1660.7133333333334,1212.6618439298675,false,subpopulation_load_scaled,linked_global,coculture,A2780Naive+A2780cis,30k,1.0,75-25,sensitive
10.0,2107.1266666666666,1201.007823892565,false,subpopulation_load_scaled,linked_global,coculture,A2780Naive+A2780cis,30k,1.0,75-25,sensitive
11.0,1744.1750000000002,1165.6397720486123,false,subpopulation_load_scaled,linked_global,coculture,A2780Naive+A2780cis,30k,1.0,75-25,sensitive
12.0,1827.7083333333333,1111.4513446651483,false,subpopulation_load_scaled,linked_global,coculture,A2780Naive+A2780cis,30k,1.0,75-25,sensitive
13.0,1923.9083333333335,1044.0834431522073,false,subpopulation_load_scaled,linked_global,coculture,A2780Naive+A2780cis,30k,1.0,75-25,sensitive
14.0,1647.07,969.4150421718867,false,subpopulation_load_scaled,linked_global,coculture,A2780Naive+A2780cis,30k,1.0,75-25,sensitive
0.0,25.0,25.0,true,subpopulation_load_scaled,linked_global,coculture,A2780Naive+A2780cis,30k,1.0,75-25,resistant
1.0,28.45,28.256909867472245,false,subpopulation_load_scaled,linked_global,coculture,A2780Naive+A2780cis,30k,1.0,75-25,resistant
2.0,45.685,39.059585649520876,false,subpopulation_load_scaled,linked_global,coculture,A2780Naive+A2780cis,30k,1.0,75-25,resistant
3.0,72.71833333333332,61.11617155103326,false,subpopulation_load_scaled,linked_global,coculture,A2780Naive+A2780cis,30k,1.0,75-25,resistant
4.0,127.53333333333332,100.51622336383434,false,subpopulation_load_scaled,linked_global,coculture,A2780Naive+A2780cis,30k,1.0,75-25,resistant
5.0,211.36,166.3472736420668,false,subpopulation_load_scaled,linked_global,coculture,A2780Naive+A2780cis,30k,1.0,75-25,resistant
6.0,311.8583333333333,271.18704889179764,false,subpopulation_load_scaled,linked_global,coculture,A2780Naive+A2780cis,30k,1.0,75-25,resistant
7.0,585.2883333333333,429.16947335578806,false,subpopulation_load_scaled,linked_global,coculture,A2780Naive+A2780cis,30k,1.0,75-25,resistant
8.0,720.1316666666667,375.9660049555721,false,subpopulation_load_scaled,linked_global,coculture,A2780Naive+A2780cis,30k,1.0,75-25,resistant
9.0,1168.5216666666668,524.1664845650355,false,subpopulation_load_scaled,linked_global,coculture,A2780Naive+A2780cis,30k,1.0,75-25,resistant
10.0,1358.1716666666664,731.6949938097559,false,subpopulation_load_scaled,linked_global,coculture,A2780Naive+A2780cis,30k,1.0,75-25,resistant
11.0,1719.3033333333333,981.4703638835292,false,subpopulation_load_scaled,linked_global,coculture,A2780Naive+A2780cis,30k,1.0,75-25,resistant
12.0,1458.7166666666665,1255.4199996307289,false,subpopulation_load_scaled,linked_global,coculture,A2780Naive+A2780cis,30k,1.0,75-25,resistant
13.0,2386.6633333333334,1529.8668387165783,false,subpopulation_load_scaled,linked_global,coculture,A2780Naive+A2780cis,30k,1.0,75-25,resistant
14.0,1738.6666666666667,1784.1671468604336,false,subpopulation_load_scaled,linked_global,coculture,A2780Naive+A2780cis,30k,1.0,75-25,resistant
0.0,67.0,67.0,true,load_plus_tolerant_context,linked_global,monoculture,A2780Naive,20k,0.67,,total
1.0,305.18962200000004,139.44412263453256,false,load_plus_tolerant_context,linked_global,monoculture,A2780Naive,20k,0.67,,total
2.0,465.63738433333333,400.207773507097,false,load_plus_tolerant_context,linked_global,monoculture,A2780Naive,20k,0.67,,total
3.0,790.214892,953.7485706308235,false,load_plus_tolerant_context,linked_global,monoculture,A2780Naive,20k,0.67,,total
4.0,880.948534,1658.4244125443922,false,load_plus_tolerant_context,linked_global,monoculture,A2780Naive,20k,0.67,,total
5.0,1277.0010803333332,2282.940764634045,false,load_plus_tolerant_context,linked_global,monoculture,A2780Naive,20k,0.67,,total
6.0,1612.01223,2718.23865954056,false,load_plus_tolerant_context,linked_global,monoculture,A2780Naive,20k,0.67,,total
7.0,2016.4244216666668,2979.4378828061476,false,load_plus_tolerant_context,linked_global,monoculture,A2780Naive,20k,0.67,,total
8.0,2081.411111,3122.554061297153,false,load_plus_tolerant_context,linked_global,monoculture,A2780Naive,20k,0.67,,total
9.0,2395.0547066666663,3196.569004567034,false,load_plus_tolerant_context,linked_global,monoculture,A2780Naive,20k,0.67,,total
10.0,2537.1984183333334,3233.255152582012,false,load_plus_tolerant_context,linked_global,monoculture,A2780Naive,20k,0.67,,total
11.0,3073.8874999999994,3250.735611955653,false,load_plus_tolerant_context,linked_global,monoculture,A2780Naive,20k,0.67,,total
12.0,3042.368325666667,3258.683086874636,false,load_plus_tolerant_context,linked_global,monoculture,A2780Naive,20k,0.67,,total
13.0,3537.7463733333334,3262.056467166019,false,load_plus_tolerant_context,linked_global,monoculture,A2780Naive,20k,0.67,,total
14.0,3458.3808643333336,3263.322279717939,false,load_plus_tolerant_context,linked_global,monoculture,A2780Naive,20k,0.67,,total
0.0,67.0,67.0,true,load_plus_tolerant_context,linked_global,monoculture,A2780Naive,20k,1.0,,total
1.0,164.83707566666666,139.44412263453256,false,load_plus_tolerant_context,linked_global,monoculture,A2780Naive,20k,1.0,,total
2.0,310.328588,400.207773507097,false,load_plus_tolerant_context,linked_global,monoculture,A2780Naive,20k,1.0,,total
3.0,498.45925933333325,920.7355075606611,false,load_plus_tolerant_context,linked_global,monoculture,A2780Naive,20k,1.0,,total
4.0,690.7097223333334,1373.6301685888716,false,load_plus_tolerant_context,linked_global,monoculture,A2780Naive,20k,1.0,,total
5.0,804.9089893333334,1589.0100954641628,false,load_plus_tolerant_context,linked_global,monoculture,A2780Naive,20k,1.0,,total
6.0,1188.2886573333333,1632.5326710592547,false,load_plus_tolerant_context,linked_global,monoculture,A2780Naive,20k,1.0,,total
7.0,1563.5381556666664,1599.5503470709004,false,load_plus_tolerant_context,linked_global,monoculture,A2780Naive,20k,1.0,,total
8.0,1634.130247,1545.4864032169053,false,load_plus_tolerant_context,linked_global,monoculture,A2780Naive,20k,1.0,,total
9.0,1556.192554,1493.6006157964673,false,load_plus_tolerant_context,linked_global,monoculture,A2780Naive,20k,1.0,,total
10.0,1522.992284,1451.1478754030627,false,load_plus_tolerant_context,linked_global,monoculture,A2780Naive,20k,1.0,,total
11.0,1608.247685333333,1418.8697454305814,false,load_plus_tolerant_context,linked_global,monoculture,A2780Naive,20k,1.0,,total
12.0,1500.9281636666667,1395.3088262516785,false,load_plus_tolerant_context,linked_global,monoculture,A2780Naive,20k,1.0,,total
13.0,2011.2254243333334,1378.5486065484433,false,load_plus_tolerant_context,linked_global,monoculture,A2780Naive,20k,1.0,,total
14.0,2445.406712666667,1366.8381057263857,false,load_plus_tolerant_context,linked_global,monoculture,A2780Naive,20k,1.0,,total
0.0,67.0,67.0,true,load_plus_tolerant_context,linked_global,monoculture,A2780Naive,20k,1.47,,total
1.0,470.381366,139.44412263453256,false,load_plus_tolerant_context,linked_global,monoculture,A2780Naive,20k,1.47,,total
2.0,658.348264,400.207773507097,false,load_plus_tolerant_context,linked_global,monoculture,A2780Naive,20k,1.47,,total
3.0,910.885918,874.634342139623,false,load_plus_tolerant_context,linked_global,monoculture,A2780Naive,20k,1.47,,total
4.0,928.761304,1040.8163656614888,false,load_plus_tolerant_context,linked_global,monoculture,A2780Naive,20k,1.47,,total
5.0,914.7665896666667,919.4004089137552,false,load_plus_tolerant_context,linked_global,monoculture,A2780Naive,20k,1.47,,total
6.0,867.7298226666667,734.6797529161931,false,load_plus_tolerant_context,linked_global,monoculture,A2780Naive,20k,1.47,,total
7.0,681.9129633333333,579.3066846457222,false,load_plus_tolerant_context,linked_global,monoculture,A2780Naive,20k,1.47,,total
8.0,481.738503,466.3479116700292,false,load_plus_tolerant_context,linked_global,monoculture,A2780Naive,20k,1.47,,total
9.0,333.6756173333333,387.37219540723777,false,load_plus_tolerant_context,linked_global,monoculture,A2780Naive,20k,1.47,,total
10.0,232.34174399999998,332.27366846458546,false,load_plus_tolerant_context,linked_global,monoculture,A2780Naive,20k,1.47,,total
11.0,155.3204476666667,293.4047386867813,false,load_plus_tolerant_context,linked_global,monoculture,A2780Naive,20k,1.47,,total
12.0,103.907562,265.57178497501286,false,load_plus_tolerant_context,linked_global,monoculture,A2780Naive,20k,1.47,,total
13.0,71.52523133333334,245.34041239129022,false,load_plus_tolerant_context,linked_global,monoculture,A2780Naive,20k,1.47,,total
14.0,36.60995366666666,230.43405854012352,false,load_plus_tolerant_context,linked_global,monoculture,A2780Naive,20k,1.47,,total
0.0,100.0,100.0,true,load_plus_tolerant_context,linked_global,monoculture,A2780Naive,30k,0.67,,total
1.0,507.5015816666667,184.663801307691,false,load_plus_tolerant_context,linked_global,monoculture,A2780Naive,30k,0.67,,total
2.0,801.887693,451.80600619977287,false,load_plus_tolerant_context,linked_global,monoculture,A2780Naive,30k,0.67,,total
3.0,1336.278318,970.9137339662228,false,load_plus_tolerant_context,linked_global,monoculture,A2780Naive,30k,0.67,,total
4.0,1623.1049383333336,1608.807611949651,false,load_plus_tolerant_context,linked_global,monoculture,A2780Naive,30k,0.67,,total
5.0,2076.8491126666668,2182.298058507047,false,load_plus_tolerant_context,linked_global,monoculture,A2780Naive,30k,0.67,,total
6.0,2482.367592666667,2601.126009202372,false,load_plus_tolerant_context,linked_global,monoculture,A2780Naive,30k,0.67,,total
7.0,2895.899845666667,2869.128607983103,false,load_plus_tolerant_context,linked_global,monoculture,A2780Naive,30k,0.67,,total
8.0,2949.133024666667,3027.2980510830853,false,load_plus_tolerant_context,linked_global,monoculture,A2780Naive,30k,0.67,,total
9.0,3220.295872,3116.1506958138893,false,load_plus_tolerant_context,linked_global,monoculture,A2780Naive,30k,0.67,,total
10.0,2758.7708333333335,3164.514723639738,false,load_plus_tolerant_context,linked_global,monoculture,A2780Naive,30k,0.67,,total
11.0,3434.9652003333335,3190.257250379726,false,load_plus_tolerant_context,linked_global,monoculture,A2780Naive,30k,0.67,,total
12.0,3115.501775,3203.706146041949,false,load_plus_tolerant_context,linked_global,monoculture,A2780Naive,30k,0.67,,total
13.0,3633.6489583333337,3210.6038877850333,false,load_plus_tolerant_context,linked_global,monoculture,A2780Naive,30k,0.67,,total
14.0,3423.783179,3214.0676367848487,false,load_plus_tolerant_context,linked_global,monoculture,A2780Naive,30k,0.67,,total
0.0,100.0,100.0,true,load_plus_tolerant_context,linked_global,monoculture,A2780Naive,30k,1.0,,total
1.0,277.1990353333333,184.663801307691,false,load_plus_tolerant_context,linked_global,monoculture,A2780Naive,30k,1.0,,total
2.0,512.5472606666666,451.80600619977287,false,load_plus_tolerant_context,linked_global,monoculture,A2780Naive,30k,1.0,,total
3.0,810.4685956666666,940.218721358992,false,load_plus_tolerant_context,linked_global,monoculture,A2780Naive,30k,1.0,,total
4.0,1072.5972223333333,1351.8357223205398,false,load_plus_tolerant_context,linked_global,monoculture,A2780Naive,30k,1.0,,total
5.0,1220.3375386666667,1554.2848013985763,false,load_plus_tolerant_context,linked_global,monoculture,A2780Naive,30k,1.0,,total
6.0,1524.2378856666667,1604.1186632107133,false,load_plus_tolerant_context,linked_global,monoculture,A2780Naive,30k,1.0,,total
7.0,1784.3173613333336,1581.803818650258,false,load_plus_tolerant_context,linked_global,monoculture,A2780Naive,30k,1.0,,total
8.0,1754.768094,1536.4376551105033,false,load_plus_tolerant_context,linked_global,monoculture,A2780Naive,30k,1.0,,total
9.0,1630.9435183333335,1490.180821133008,false,load_plus_tolerant_context,linked_global,monoculture,A2780Naive,30k,1.0,,total
10.0,1765.6959490000002,1450.8774501647974,false,load_plus_tolerant_context,linked_global,monoculture,A2780Naive,30k,1.0,,total
11.0,1797.057716,1420.0930917465153,false,load_plus_tolerant_context,linked_global,monoculture,A2780Naive,30k,1.0,,total
12.0,1664.883989,1397.0292625611453,false,load_plus_tolerant_context,linked_global,monoculture,A2780Naive,30k,1.0,,total
13.0,1869.5183256666667,1380.2183869686266,false,load_plus_tolerant_context,linked_global,monoculture,A2780Naive,30k,1.0,,total
14.0,2521.7536263333336,1368.1918055232716,false,load_plus_tolerant_context,linked_global,monoculture,A2780Naive,30k,1.0,,total
0.0,100.0,100.0,true,load_plus_tolerant_context,linked_global,monoculture,A2780Naive,30k,1.47,,total
1.0,683.0949846666667,184.663801307691,false,load_plus_tolerant_context,linked_global,monoculture,A2780Naive,30k,1.47,,total
2.0,962.59946,451.80600619977287,false,load_plus_tolerant_context,linked_global,monoculture,A2780Naive,30k,1.47,,total
3.0,1293.4153163333333,897.1952754123021,false,load_plus_tolerant_context,linked_global,monoculture,A2780Naive,30k,1.47,,total
4.0,1242.3761956666667,1046.6430821995766,false,load_plus_tolerant_context,linked_global,monoculture,A2780Naive,30k,1.47,,total
5.0,1196.6721066666667,933.3999223550477,false,load_plus_tolerant_context,linked_global,monoculture,A2780Naive,30k,1.47,,total
6.0,1151.6981093333334,757.5274505739184,false,load_plus_tolerant_context,linked_global,monoculture,A2780Naive,30k,1.47,,total
7.0,908.6366510000001,605.5897289318124,false,load_plus_tolerant_context,linked_global,monoculture,A2780Naive,30k,1.47,,total
8.0,684.2957563333333,492.4947340064309,false,load_plus_tolerant_context,linked_global,monoculture,A2780Naive,30k,1.47,,total
9.0,451.471335,411.86181353414906,false,load_plus_tolerant_context,linked_global,monoculture,A2780Naive,30k,1.47,,total
10.0,351.6421293333333,354.68430526848135,false,load_plus_tolerant_context,linked_global,monoculture,A2780Naive,30k,1.47,,total
11.0,239.04888100000002,313.78323158414645,false,load_plus_tolerant_context,linked_global,monoculture,A2780Naive,30k,1.47,,total
12.0,153.48256166666667,284.129594077892,false,load_plus_tolerant_context,linked_global,monoculture,A2780Naive,30k,1.47,,total
13.0,115.12735333333332,262.32494139674384,false,load_plus_tolerant_context,linked_global,monoculture,A2780Naive,30k,1.47,,total
14.0,60.396604999999994,246.07983215807957,false,load_plus_tolerant_context,linked_global,monoculture,A2780Naive,30k,1.47,,total
0.0,67.0,67.0,true,load_plus_tolerant_context,linked_global,monoculture,A2780cis,20k,0.67,,total
1.0,79.832716,75.9820368039548,false,load_plus_tolerant_context,linked_global,monoculture,A2780cis,20k,0.67,,total
2.0,136.68186733333332,107.07175064785693,false,load_plus_tolerant_context,linked_global,monoculture,A2780cis,20k,0.67,,total
3.0,256.032137,178.6719868736173,false,load_plus_tolerant_context,linked_global,monoculture,A2780cis,20k,0.67,,total
4.0,551.4876543333334,336.2311657508167,false,load_plus_tolerant_context,linked_global,monoculture,A2780cis,20k,0.67,,total
5.0,932.248611,671.13801630132,false,load_plus_tolerant_context,linked_global,monoculture,A2780cis,20k,0.67,,total
6.0,1630.1435956666667,1299.8242469034926,false,load_plus_tolerant_context,linked_global,monoculture,A2780cis,20k,0.67,,total
7.0,2349.2489583333336,2163.357451866727,false,load_plus_tolerant_context,linked_global,monoculture,A2780cis,20k,0.67,,total
8.0,2344.200308666667,2750.176696905385,false,load_plus_tolerant_context,linked_global,monoculture,A2780cis,20k,0.67,,total
9.0,3261.814429,3146.1337624298385,false,load_plus_tolerant_context,linked_global,monoculture,A2780cis,20k,0.67,,total
10.0,2744.403163333333,3371.3606499841444,false,load_plus_tolerant_context,linked_global,monoculture,A2780cis,20k,0.67,,total
11.0,3624.0109566666665,3494.757857966545,false,load_plus_tolerant_context,linked_global,monoculture,A2780cis,20k,0.67,,total
12.0,2656.8393906666665,3567.0393813946284,false,load_plus_tolerant_context,linked_global,monoculture,A2780cis,20k,0.67,,total
13.0,3902.5750386666664,3614.2240217689305,false,load_plus_tolerant_context,linked_global,monoculture,A2780cis,20k,0.67,,total
14.0,2987.771682,3647.978344389939,false,load_plus_tolerant_context,linked_global,monoculture,A2780cis,20k,0.67,,total
0.0,67.0,67.0,true,load_plus_tolerant_context,linked_global,monoculture,A2780cis,20k,1.0,,total
1.0,82.57476866666666,75.9820368039548,false,load_plus_tolerant_context,linked_global,monoculture,A2780cis,20k,1.0,,total
2.0,153.74926733333334,107.07175064785693,false,load_plus_tolerant_context,linked_global,monoculture,A2780cis,20k,1.0,,total
3.0,298.6227236666667,178.6719868736173,false,load_plus_tolerant_context,linked_global,monoculture,A2780cis,20k,1.0,,total
4.0,584.2937496666667,336.2311657508167,false,load_plus_tolerant_context,linked_global,monoculture,A2780cis,20k,1.0,,total
5.0,1028.8575233333333,671.13801630132,false,load_plus_tolerant_context,linked_global,monoculture,A2780cis,20k,1.0,,total
6.0,1728.4681713333332,1299.8242469034926,false,load_plus_tolerant_context,linked_global,monoculture,A2780cis,20k,1.0,,total
7.0,2346.5103780000004,1993.7851872949814,false,load_plus_tolerant_context,linked_global,monoculture,A2780cis,20k,1.0,,total
8.0,2305.3690973333332,1922.1516529059497,false,load_plus_tolerant_context,linked_global,monoculture,A2780cis,20k,1.0,,total
9.0,3049.6326773333335,2449.032203886936,false,load_plus_tolerant_context,linked_global,monoculture,A2780cis,20k,1.0,,total
10.0,3134.858873333333,2887.008022397935,false,load_plus_tolerant_context,linked_global,monoculture,A2780cis,20k,1.0,,total
11.0,3720.5385029999998,3127.816978515828,false,load_plus_tolerant_context,linked_global,monoculture,A2780cis,20k,1.0,,total
12.0,2824.6677086666664,3238.9625536023063,false,load_plus_tolerant_context,linked_global,monoculture,A2780cis,20k,1.0,,total
13.0,3906.9917053333334,3288.01423570672,false,load_plus_tolerant_context,linked_global,monoculture,A2780cis,20k,1.0,,total
14.0,4011.9759260000005,3310.7112626294506,false,load_plus_tolerant_context,linked_global,monoculture,A2780cis,20k,1.0,,total
0.0,67.0,67.0,true,load_plus_tolerant_context,linked_global,monoculture,A2780cis,20k,1.47,,total
1.0,66.07534733333334,75.9820368039548,false,load_plus_tolerant_context,linked_global,monoculture,A2780cis,20k,1.47,,total
2.0,136.019406,107.07175064785693,false,load_plus_tolerant_context,linked_global,monoculture,A2780cis,20k,1.47,,total
3.0,262.4119983333333,178.6719868736173,false,load_plus_tolerant_context,linked_global,monoculture,A2780cis,20k,1.47,,total
4.0,627.1851849999999,336.2311657508167,false,load_plus_tolerant_context,linked_global,monoculture,A2780cis,20k,1.47,,total
5.0,1055.7064813333334,671.13801630132,false,load_plus_tolerant_context,linked_global,monoculture,A2780cis,20k,1.47,,total
6.0,1644.4327546666666,1299.8242469034926,false,load_plus_tolerant_context,linked_global,monoculture,A2780cis,20k,1.47,,total
7.0,1888.7926696666666,1883.0286851165183,false,load_plus_tolerant_context,linked_global,monoculture,A2780cis,20k,1.47,,total
8.0,1640.846373333333,1723.179917513118,false,load_plus_tolerant_context,linked_global,monoculture,A2780cis,20k,1.47,,total
9.0,2390.4506556666665,2199.1106707398326,false,load_plus_tolerant_context,linked_global,monoculture,A2780cis,20k,1.47,,total
10.0,1885.2126543333334,2559.6636313348745,false,load_plus_tolerant_context,linked_global,monoculture,A2780cis,20k,1.47,,total
11.0,2693.7878856666666,2771.849064556851,false,load_plus_tolerant_context,linked_global,monoculture,A2780cis,20k,1.47,,total
12.0,2554.914467666667,2883.5754724078233,false,load_plus_tolerant_context,linked_global,monoculture,A2780cis,20k,1.47,,total
13.0,3229.3090276666667,2941.0256939055816,false,load_plus_tolerant_context,linked_global,monoculture,A2780cis,20k,1.47,,total
14.0,3171.784760666667,2971.8635625021766,false,load_plus_tolerant_context,linked_global,monoculture,A2780cis,20k,1.47,,total
0.0,100.0,100.0,true,load_plus_tolerant_context,linked_global,monoculture,A2780cis,30k,0.67,,total
1.0,119.12291633333332,113.26221302737426,false,load_plus_tolerant_context,linked_global,monoculture,A2780cis,30k,0.67,,total
2.0,208.10995366666666,158.91276952101543,false,load_plus_tolerant_context,linked_global,monoculture,A2780cis,30k,0.67,,total
3.0,381.1926696666667,262.58298220717154,false,load_plus_tolerant_context,linked_global,monoculture,A2780cis,30k,0.67,,total
4.0,731.6507716666666,483.8649583217851,false,load_plus_tolerant_context,linked_global,monoculture,A2780cis,30k,0.67,,total
5.0,1291.6760416666666,925.5975561058806,false,load_plus_tolerant_context,linked_global,monoculture,A2780cis,30k,0.67,,total
6.0,1980.2315586666666,1664.578025895804,false,load_plus_tolerant_context,linked_global,monoculture,A2780cis,30k,0.67,,total
7.0,2670.8478393333335,2518.0899439114355,false,load_plus_tolerant_context,linked_global,monoculture,A2780cis,30k,0.67,,total
8.0,2545.009915,2955.673973008932,false,load_plus_tolerant_context,linked_global,monoculture,A2780cis,30k,0.67,,total
9.0,3548.7987266666664,3236.8636188615887,false,load_plus_tolerant_context,linked_global,monoculture,A2780cis,30k,0.67,,total
10.0,2897.7104553333334,3403.0447674604857,false,load_plus_tolerant_context,linked_global,monoculture,A2780cis,30k,0.67,,total
11.0,3797.833449333333,3503.0669221235116,false,load_plus_tolerant_context,linked_global,monoculture,A2780cis,30k,0.67,,total
12.0,2884.930285666667,3567.996082053959,false,load_plus_tolerant_context,linked_global,monoculture,A2780cis,30k,0.67,,total
13.0,4146.366087666666,3613.6369360861836,false,load_plus_tolerant_context,linked_global,monoculture,A2780cis,30k,0.67,,total
14.0,3326.884761,3647.51874341895,false,load_plus_tolerant_context,linked_global,monoculture,A2780cis,30k,0.67,,total
0.0,100.0,100.0,true,load_plus_tolerant_context,linked_global,monoculture,A2780cis,30k,1.0,,total
1.0,117.62118066666666,113.26221302737426,false,load_plus_tolerant_context,linked_global,monoculture,A2780cis,30k,1.0,,total
2.0,206.52970666666667,158.91276952101543,false,load_plus_tolerant_context,linked_global,monoculture,A2780cis,30k,1.0,,total
3.0,392.79753066666666,262.58298220717154,false,load_plus_tolerant_context,linked_global,monoculture,A2780cis,30k,1.0,,total
4.0,793.1631946666666,483.8649583217851,false,load_plus_tolerant_context,linked_global,monoculture,A2780cis,30k,1.0,,total
5.0,1328.3501159999998,925.5975561058806,false,load_plus_tolerant_context,linked_global,monoculture,A2780cis,30k,1.0,,total
6.0,1947.6582176666668,1664.578025895804,false,load_plus_tolerant_context,linked_global,monoculture,A2780cis,30k,1.0,,total
7.0,2594.510609333334,2312.95611969998,false,load_plus_tolerant_context,linked_global,monoculture,A2780cis,30k,1.0,,total
8.0,2352.0106483333334,2083.8228309629817,false,load_plus_tolerant_context,linked_global,monoculture,A2780cis,30k,1.0,,total
9.0,3220.0850306666666,2552.187677216738,false,load_plus_tolerant_context,linked_global,monoculture,A2780cis,30k,1.0,,total
10.0,2953.806751666667,2928.8705510861173,false,load_plus_tolerant_context,linked_global,monoculture,A2780cis,30k,1.0,,total
11.0,3595.1114196666663,3131.0913971020104,false,load_plus_tolerant_context,linked_global,monoculture,A2780cis,30k,1.0,,total
12.0,2534.660455333333,3224.8277113506047,false,load_plus_tolerant_context,linked_global,monoculture,A2780cis,30k,1.0,,total
13.0,3853.449228666667,3267.337028581168,false,load_plus_tolerant_context,linked_global,monoculture,A2780cis,30k,1.0,,total
14.0,4116.669907333334,3287.8945284666515,false,load_plus_tolerant_context,linked_global,monoculture,A2780cis,30k,1.0,,total
0.0,100.0,100.0,true,load_plus_tolerant_context,linked_global,monoculture,A2780cis,30k,1.47,,total
1.0,73.88472200000001,113.26221302737426,false,load_plus_tolerant_context,linked_global,monoculture,A2780cis,30k,1.47,,total
2.0,143.64463766666665,158.91276952101543,false,load_plus_tolerant_context,linked_global,monoculture,A2780cis,30k,1.47,,total
3.0,301.875849,262.58298220717154,false,load_plus_tolerant_context,linked_global,monoculture,A2780cis,30k,1.47,,total
4.0,670.1066746666667,483.8649583217851,false,load_plus_tolerant_context,linked_global,monoculture,A2780cis,30k,1.47,,total
5.0,1170.9108796666667,925.5975561058806,false,load_plus_tolerant_context,linked_global,monoculture,A2780cis,30k,1.47,,total
6.0,1348.3380016666667,1664.578025895804,false,load_plus_tolerant_context,linked_global,monoculture,A2780cis,30k,1.47,,total
7.0,1881.759761,2179.883102169467,false,load_plus_tolerant_context,linked_global,monoculture,A2780cis,30k,1.47,,total
8.0,1606.1887733333333,1876.6656402663698,false,load_plus_tolerant_context,linked_global,monoculture,A2780cis,30k,1.47,,total
9.0,2421.258526333333,2289.597352930945,false,load_plus_tolerant_context,linked_global,monoculture,A2780cis,30k,1.47,,total
10.0,1957.2380400000002,2588.1716775956584,false,load_plus_tolerant_context,linked_global,monoculture,A2780cis,30k,1.47,,total
11.0,2537.103395,2761.8809211271223,false,load_plus_tolerant_context,linked_global,monoculture,A2780cis,30k,1.47,,total
12.0,2244.322531,2855.190163024041,false,load_plus_tolerant_context,linked_global,monoculture,A2780cis,30k,1.47,,total
13.0,2827.4429400000004,2905.178664148412,false,load_plus_tolerant_context,linked_global,monoculture,A2780cis,30k,1.47,,total
14.0,3433.938387333333,2933.425512852822,false,load_plus_tolerant_context,linked_global,monoculture,A2780cis,30k,1.47,,total
0.0,16.75,16.75,true,load_plus_tolerant_context,linked_global,coculture,A2780Naive+A2780cis,20k,1.0,25-75,sensitive
1.0,99.62333333333333,29.904536937821945,false,load_plus_tolerant_context,linked_global,coculture,A2780Naive+A2780cis,20k,1.0,25-75,sensitive
2.0,151.64666666666665,85.23858500185595,false,load_plus_tolerant_context,linked_global,coculture,A2780Naive+A2780cis,20k,1.0,25-75,sensitive
3.0,256.715,224.6371543271607,false,load_plus_tolerant_context,linked_global,coculture,A2780Naive+A2780cis,20k,1.0,25-75,sensitive
4.0,308.39166666666665,418.30610486947984,false,load_plus_tolerant_context,linked_global,coculture,A2780Naive+A2780cis,20k,1.0,25-75,sensitive
5.0,458.41,613.0259741719716,false,load_plus_tolerant_context,linked_global,coculture,A2780Naive+A2780cis,20k,1.0,25-75,sensitive
6.0,443.1983333333333,774.2425362198173,false,load_plus_tolerant_context,linked_global,coculture,A2780Naive+A2780cis,20k,1.0,25-75,sensitive
7.0,684.745,886.1239331953357,false,load_plus_tolerant_context,linked_global,coculture,A2780Naive+A2780cis,20k,1.0,25-75,sensitive
8.0,381.4466666666667,947.3796962672424,false,load_plus_tolerant_context,linked_global,coculture,A2780Naive+A2780cis,20k,1.0,25-75,sensitive
9.0,434.4266666666667,967.1914021346577,false,load_plus_tolerant_context,linked_global,coculture,A2780Naive+A2780cis,20k,1.0,25-75,sensitive
10.0,381.8066666666667,959.7356914938146,false,load_plus_tolerant_context,linked_global,coculture,A2780Naive+A2780cis,20k,1.0,25-75,sensitive
11.0,827.9266666666667,937.9176511842381,false,load_plus_tolerant_context,linked_global,coculture,A2780Naive+A2780cis,20k,1.0,25-75,sensitive
12.0,564.2466666666667,910.1411824938094,false,load_plus_tolerant_context,linked_global,coculture,A2780Naive+A2780cis,20k,1.0,25-75,sensitive
13.0,1105.2716666666665,880.8295628265209,false,load_plus_tolerant_context,linked_global,coculture,A2780Naive+A2780cis,20k,1.0,25-75,sensitive
14.0,404.80333333333334,851.9990988023354,false,load_plus_tolerant_context,linked_global,coculture,A2780Naive+A2780cis,20k,1.0,25-75,sensitive
0.0,50.25,50.25,true,load_plus_tolerant_context,linked_global,coculture,A2780Naive+A2780cis,20k,1.0,25-75,resistant
1.0,88.58666666666666,56.96229120530746,false,load_plus_tolerant_context,linked_global,coculture,A2780Naive+A2780cis,20k,1.0,25-75,resistant
2.0,143.335,79.9050893139078,false,load_plus_tolerant_context,linked_global,coculture,A2780Naive+A2780cis,20k,1.0,25-75,resistant
3.0,247.62666666666667,130.3562904135997,false,load_plus_tolerant_context,linked_global,coculture,A2780Naive+A2780cis,20k,1.0,25-75,resistant
4.0,494.3083333333334,230.71207750751776,false,load_plus_tolerant_context,linked_global,coculture,A2780Naive+A2780cis,20k,1.0,25-75,resistant
5.0,903.3716666666666,415.4109767253277,false,load_plus_tolerant_context,linked_global,coculture,A2780Naive+A2780cis,20k,1.0,25-75,resistant
6.0,1360.0966666666666,719.0691716373129,false,load_plus_tolerant_context,linked_global,coculture,A2780Naive+A2780cis,20k,1.0,25-75,resistant
7.0,2438.3766666666666,1137.7861619778391,false,load_plus_tolerant_context,linked_global,coculture,A2780Naive+A2780cis,20k,1.0,25-75,resistant
8.0,1945.3233333333335,1587.1496205026926,false,load_plus_tolerant_context,linked_global,coculture,A2780Naive+A2780cis,20k,1.0,25-75,resistant
9.0,3250.286666666667,1979.771070314912,false,load_plus_tolerant_context,linked_global,coculture,A2780Naive+A2780cis,20k,1.0,25-75,resistant
10.0,3135.64,2259.9511462419773,false,load_plus_tolerant_context,linked_global,coculture,A2780Naive+A2780cis,20k,1.0,25-75,resistant
11.0,3987.5866666666666,2438.258224466182,false,load_plus_tolerant_context,linked_global,coculture,A2780Naive+A2780cis,20k,1.0,25-75,resistant
12.0,2308.2483333333334,2550.1323960253717,false,load_plus_tolerant_context,linked_global,coculture,A2780Naive+A2780cis,20k,1.0,25-75,resistant
13.0,3826.773333333333,2625.175314791197,false,load_plus_tolerant_context,linked_global,coculture,A2780Naive+A2780cis,20k,1.0,25-75,resistant
14.0,2159.3716666666664,2680.9869163888793,false,load_plus_tolerant_context,linked_global,coculture,A2780Naive+A2780cis,20k,1.0,25-75,resistant
0.0,33.5,33.5,true,load_plus_tolerant_context,linked_global,coculture,A2780Naive+A2780cis,20k,1.0,50-50,sensitive
1.0,154.28,58.53710902743342,false,load_plus_tolerant_context,linked_global,coculture,A2780Naive+A2780cis,20k,1.0,50-50,sensitive
2.0,285.20666666666665,156.6314645039639,false,load_plus_tolerant_context,linked_global,coculture,A2780Naive+A2780cis,20k,1.0,50-50,sensitive
3.0,425.075,374.45835395140574,false,load_plus_tolerant_context,linked_global,coculture,A2780Naive+A2780cis,20k,1.0,50-50,sensitive
4.0,562.615,637.0704327362986,false,load_plus_tolerant_context,linked_global,coculture,A2780Naive+A2780cis,20k,1.0,50-50,sensitive
5.0,850.4516666666667,873.9831140574182,false,load_plus_tolerant_context,linked_global,coculture,A2780Naive+A2780cis,20k,1.0,50-50,sensitive
6.0,932.2550000000001,1058.1889076733837,false,load_plus_tolerant_context,linked_global,coculture,A2780Naive+A2780cis,20k,1.0,50-50,sensitive
7.0,1392.045,1184.289477357884,false,load_plus_tolerant_context,linked_global,coculture,A2780Naive+A2780cis,20k,1.0,50-50,sensitive
8.0,999.73,1255.8780734612733,false,load_plus_tolerant_context,linked_global,coculture,A2780Naive+A2780cis,20k,1.0,50-50,sensitive
9.0,1287.6316666666664,1281.0724036627257,false,load_plus_tolerant_context,linked_global,coculture,A2780Naive+A2780cis,20k,1.0,50-50,sensitive
10.0,1285.185,1271.351551233609,false,load_plus_tolerant_context,linked_global,coculture,A2780Naive+A2780cis,20k,1.0,50-50,sensitive
11.0,1589.9216666666669,1239.455006843783,false,load_plus_tolerant_context,linked_global,coculture,A2780Naive+A2780cis,20k,1.0,50-50,sensitive
12.0,1183.66,1196.1579639527665,false,load_plus_tolerant_context,linked_global,coculture,A2780Naive+A2780cis,20k,1.0,50-50,sensitive
13.0,1283.0133333333333,1148.7283532600786,false,load_plus_tolerant_context,linked_global,coculture,A2780Naive+A2780cis,20k,1.0,50-50,sensitive
14.0,1010.3066666666667,1101.264438736746,false,load_plus_tolerant_context,linked_global,coculture,A2780Naive+A2780cis,20k,1.0,50-50,sensitive
0.0,33.5,33.5,true,load_plus_tolerant_context,linked_global,coculture,A2780Naive+A2780cis,20k,1.0,50-50,resistant
1.0,51.281666666666666,37.95983211409726,false,load_plus_tolerant_context,linked_global,coculture,A2780Naive+A2780cis,20k,1.0,50-50,resistant
2.0,89.81333333333333,53.04853221346241,false,load_plus_tolerant_context,linked_global,coculture,A2780Naive+A2780cis,20k,1.0,50-50,resistant
3.0,141.95833333333334,85.23581117611144,false,load_plus_tolerant_context,linked_global,coculture,A2780Naive+A2780cis,20k,1.0,50-50,resistant
4.0,269.67333333333335,146.17836801215466,false,load_plus_tolerant_context,linked_global,coculture,A2780Naive+A2780cis,20k,1.0,50-50,resistant
5.0,503.14333333333326,253.1159512205214,false,load_plus_tolerant_context,linked_global,coculture,A2780Naive+A2780cis,20k,1.0,50-50,resistant
6.0,640.2366666666667,425.9005529047782,false,load_plus_tolerant_context,linked_global,coculture,A2780Naive+A2780cis,20k,1.0,50-50,resistant
7.0,1228.7583333333334,675.5213742482573,false,load_plus_tolerant_context,linked_global,coculture,A2780Naive+A2780cis,20k,1.0,50-50,resistant
8.0,1159.7433333333333,981.4668743048192,false,load_plus_tolerant_context,linked_global,coculture,A2780Naive+A2780cis,20k,1.0,50-50,resistant
9.0,2141.5383333333334,1312.333695037324,false,load_plus_tolerant_context,linked_global,coculture,A2780Naive+A2780cis,20k,1.0,50-50,resistant
10.0,2331.901666666666,1616.8865499900103,false,load_plus_tolerant_context,linked_global,coculture,A2780Naive+A2780cis,20k,1.0,50-50,resistant
11.0,3319.126666666667,1863.6823137628878,false,load_plus_tolerant_context,linked_global,coculture,A2780Naive+A2780cis,20k,1.0,50-50,resistant
12.0,1939.1216666666667,2049.8969907912283,false,load_plus_tolerant_context,linked_global,coculture,A2780Naive+A2780cis,20k,1.0,50-50,resistant
13.0,3037.8416666666667,2188.631170886402,false,load_plus_tolerant_context,linked_global,coculture,A2780Naive+A2780cis,20k,1.0,50-50,resistant
14.0,1923.26,2295.1241313346395,false,load_plus_tolerant_context,linked_global,coculture,A2780Naive+A2780cis,20k,1.0,50-50,resistant
0.0,50.25,50.25,true,load_plus_tolerant_context,linked_global,coculture,A2780Naive+A2780cis,20k,1.0,75-25,sensitive
1.0,216.94833333333335,86.24191339229982,false,load_plus_tolerant_context,linked_global,coculture,A2780Naive+A2780cis,20k,1.0,75-25,sensitive
2.0,395.03833333333336,220.20496615956796,false,load_plus_tolerant_context,linked_global,coculture,A2780Naive+A2780cis,20k,1.0,75-25,sensitive
3.0,575.9033333333333,493.7285587921823,false,load_plus_tolerant_context,linked_global,coculture,A2780Naive+A2780cis,20k,1.0,75-25,sensitive
4.0,750.965,795.8824642830599,false,load_plus_tolerant_context,linked_global,coculture,A2780Naive+A2780cis,20k,1.0,75-25,sensitive
5.0,1098.7666666666667,1051.9727349312861,false,load_plus_tolerant_context,linked_global,coculture,A2780Naive+A2780cis,20k,1.0,75-25,sensitive
6.0,1222.9466666666665,1245.1844879650155,false,load_plus_tolerant_context,linked_global,coculture,A2780Naive+A2780cis,20k,1.0,75-25,sensitive
7.0,1636.885,1379.532591585502,false,load_plus_tolerant_context,linked_global,coculture,A2780Naive+A2780cis,20k,1.0,75-25,sensitive
8.0,1417.09,1463.424520910297,false,load_plus_tolerant_context,linked_global,coculture,A2780Naive+A2780cis,20k,1.0,75-25,sensitive
9.0,1830.3733333333337,1504.5284501130334,false,load_plus_tolerant_context,linked_global,coculture,A2780Naive+A2780cis,20k,1.0,75-25,sensitive
10.0,2137.61,1509.7452264651192,false,load_plus_tolerant_context,linked_global,coculture,A2780Naive+A2780cis,20k,1.0,75-25,sensitive
11.0,2132.978333333333,1486.6139098961073,false,load_plus_tolerant_context,linked_global,coculture,A2780Naive+A2780cis,20k,1.0,75-25,sensitive
12.0,1500.195,1443.537206664384,false,load_plus_tolerant_context,linked_global,coculture,A2780Naive+A2780cis,20k,1.0,75-25,sensitive
13.0,1762.6516666666669,1388.7183525936096,false,load_plus_tolerant_context,linked_global,coculture,A2780Naive+A2780cis,20k,1.0,75-25,sensitive
14.0,1454.5266666666666,1328.8285210379959,false,load_plus_tolerant_context,linked_global,coculture,A2780Naive+A2780cis,20k,1.0,75-25,sensitive
0.0,16.75,16.75,true,load_plus_tolerant_context,linked_global,coculture,A2780Naive+A2780cis,20k,1.0,75-25,resistant
1.0,26.93166666666667,18.97279897539681,false,load_plus_tolerant_context,linked_global,coculture,A2780Naive+A2780cis,20k,1.0,75-25,resistant
2.0,42.105,26.426935170175174,false,load_plus_tolerant_context,linked_global,coculture,A2780Naive+A2780cis,20k,1.0,75-25,resistant
3.0,64.44166666666668,41.959089102201375,false,load_plus_tolerant_context,linked_global,coculture,A2780Naive+A2780cis,20k,1.0,75-25,resistant
4.0,128.0016666666667,70.41264329700928,false,load_plus_tolerant_context,linked_global,coculture,A2780Naive+A2780cis,20k,1.0,75-25,resistant
5.0,186.15166666666664,119.104212131052,false,load_plus_tolerant_context,linked_global,coculture,A2780Naive+A2780cis,20k,1.0,75-25,resistant
6.0,262.3983333333333,197.97283795145702,false,load_plus_tolerant_context,linked_global,coculture,A2780Naive+A2780cis,20k,1.0,75-25,resistant
7.0,430.875,317.9781359039859,false,load_plus_tolerant_context,linked_global,coculture,A2780Naive+A2780cis,20k,1.0,75-25,resistant
8.0,525.69,483.53117650521665,false,load_plus_tolerant_context,linked_global,coculture,A2780Naive+A2780cis,20k,1.0,75-25,resistant
9.0,900.48,700.1326546657643,false,load_plus_tolerant_context,linked_global,coculture,A2780Naive+A2780cis,20k,1.0,75-25,resistant
10.0,1261.5033333333333,954.6496850006241,false,load_plus_tolerant_context,linked_global,coculture,A2780Naive+A2780cis,20k,1.0,75-25,resistant
11.0,1896.801666666667,1221.0327641410295,false,load_plus_tolerant_context,linked_global,coculture,A2780Naive+A2780cis,20k,1.0,75-25,resistant
12.0,1271.0700000000004,1471.3192385652455,false,load_plus_tolerant_context,linked_global,coculture,A2780Naive+A2780cis,20k,1.0,75-25,resistant
13.0,2274.6516666666666,1687.8042140246862,false,load_plus_tolerant_context,linked_global,coculture,A2780Naive+A2780cis,20k,1.0,75-25,resistant
14.0,1507.9783333333335,1866.3510377415666,false,load_plus_tolerant_context,linked_global,coculture,A2780Naive+A2780cis,20k,1.0,75-25,resistant
0.0,25.0,25.0,true,load_plus_tolerant_context,linked_global,coculture,A2780Naive+A2780cis,30k,1.0,25-75,sensitive
1.0,92.28666666666668,39.20221035726977,false,load_plus_tolerant_context,linked_global,coculture,A2780Naive+A2780cis,30k,1.0,25-75,sensitive
2.0,166.93666666666667,92.28094207083996,false,load_plus_tolerant_context,linked_global,coculture,A2780Naive+A2780cis,30k,1.0,25-75,sensitive
3.0,254.01833333333335,210.2558222840943,false,load_plus_tolerant_context,linked_global,coculture,A2780Naive+A2780cis,30k,1.0,25-75,sensitive
4.0,304.3333333333333,359.49147161241876,false,load_plus_tolerant_context,linked_global,coculture,A2780Naive+A2780cis,30k,1.0,25-75,sensitive
5.0,467.26833333333326,499.06703638345647,false,load_plus_tolerant_context,linked_global,coculture,A2780Naive+A2780cis,30k,1.0,25-75,sensitive
6.0,478.9883333333334,604.5739015357178,false,load_plus_tolerant_context,linked_global,coculture,A2780Naive+A2780cis,30k,1.0,25-75,sensitive
7.0,644.6283333333333,666.6321000285042,false,load_plus_tolerant_context,linked_global,coculture,A2780Naive+A2780cis,30k,1.0,25-75,sensitive
8.0,433.00666666666666,688.7210381361272,false,load_plus_tolerant_context,linked_global,coculture,A2780Naive+A2780cis,30k,1.0,25-75,sensitive
9.0,360.13166666666666,682.0183379701134,false,load_plus_tolerant_context,linked_global,coculture,A2780Naive+A2780cis,30k,1.0,25-75,sensitive
10.0,420.3900000000001,658.9446466560926,false,load_plus_tolerant_context,linked_global,coculture,A2780Naive+A2780cis,30k,1.0,25-75,sensitive
11.0,492.47499999999997,628.6894072391875,false,load_plus_tolerant_context,linked_global,coculture,A2780Naive+A2780cis,30k,1.0,25-75,sensitive
12.0,788.84,596.3726171746913,false,load_plus_tolerant_context,linked_global,coculture,A2780Naive+A2780cis,30k,1.0,25-75,sensitive
13.0,1077.7166666666667,564.3732269625935,false,load_plus_tolerant_context,linked_global,coculture,A2780Naive+A2780cis,30k,1.0,25-75,sensitive
14.0,921.545,533.6556521830273,false,load_plus_tolerant_context,linked_global,coculture,A2780Naive+A2780cis,30k,1.0,25-75,sensitive
0.0,75.0,75.0,true,load_plus_tolerant_context,linked_global,coculture,A2780Naive+A2780cis,30k,1.0,25-75,resistant
1.0,87.41333333333334,84.8850781392355,false,load_plus_tolerant_context,linked_global,coculture,A2780Naive+A2780cis,30k,1.0,25-75,resistant
2.0,146.07000000000002,118.42437061168219,false,load_plus_tolerant_context,linked_global,coculture,A2780Naive+A2780cis,30k,1.0,25-75,resistant
3.0,261.51,191.11831117874107,false,load_plus_tolerant_context,linked_global,coculture,A2780Naive+A2780cis,30k,1.0,25-75,resistant
4.0,490.7949999999999,332.83535129282126,false,load_plus_tolerant_context,linked_global,coculture,A2780Naive+A2780cis,30k,1.0,25-75,resistant
5.0,872.2133333333333,585.946473390607,false,load_plus_tolerant_context,linked_global,coculture,A2780Naive+A2780cis,30k,1.0,25-75,resistant
6.0,1398.1966666666667,981.4096588452693,false,load_plus_tolerant_context,linked_global,coculture,A2780Naive+A2780cis,30k,1.0,25-75,resistant
7.0,2656.3349999999996,1483.8454893367355,false,load_plus_tolerant_context,linked_global,coculture,A2780Naive+A2780cis,30k,1.0,25-75,resistant
8.0,2187.6316666666667,1967.6499130615266,false,load_plus_tolerant_context,linked_global,coculture,A2780Naive+A2780cis,30k,1.0,25-75,resistant
9.0,3209.313333333333,2346.9042975515727,false,load_plus_tolerant_context,linked_global,coculture,A2780Naive+A2780cis,30k,1.0,25-75,resistant
10.0,3193.9033333333336,2596.9386393237664,false,load_plus_tolerant_context,linked_global,coculture,A2780Naive+A2780cis,30k,1.0,25-75,resistant
11.0,3624.1133333333332,2751.9589115895346,false,load_plus_tolerant_context,linked_global,coculture,A2780Naive+A2780cis,30k,1.0,25-75,resistant
12.0,2743.473333333334,2852.5075585984196,false,load_plus_tolerant_context,linked_global,coculture,A2780Naive+A2780cis,30k,1.0,25-75,resistant
13.0,3918.6783333333333,2925.0823023668518,false,load_plus_tolerant_context,linked_global,coculture,A2780Naive+A2780cis,30k,1.0,25-75,resistant
14.0,3231.2383333333332,2983.436914849491,false,load_plus_tolerant_context,linked_global,coculture,A2780Naive+A2780cis,30k,1.0,25-75,resistant
0.0,50.0,50.0,true,load_plus_tolerant_context,linked_global,coculture,A2780Naive+A2780cis,30k,1.0,50-50,sensitive
1.0,165.45833333333334,77.06561723980538,false,load_plus_tolerant_context,linked_global,coculture,A2780Naive+A2780cis,30k,1.0,50-50,sensitive
2.0,282.01500000000004,172.67077854215384,false,load_plus_tolerant_context,linked_global,coculture,A2780Naive+A2780cis,30k,1.0,50-50,sensitive
3.0,432.8383333333333,364.00419650305264,false,load_plus_tolerant_context,linked_global,coculture,A2780Naive+A2780cis,30k,1.0,50-50,sensitive
4.0,607.8166666666667,579.0867376233398,false,load_plus_tolerant_context,linked_global,coculture,A2780Naive+A2780cis,30k,1.0,50-50,sensitive
5.0,879.0050000000001,764.6223031170251,false,load_plus_tolerant_context,linked_global,coculture,A2780Naive+A2780cis,30k,1.0,50-50,sensitive
6.0,947.1116666666667,901.7481898033236,false,load_plus_tolerant_context,linked_global,coculture,A2780Naive+A2780cis,30k,1.0,50-50,sensitive
7.0,1412.7849999999999,987.1882454607041,false,load_plus_tolerant_context,linked_global,coculture,A2780Naive+A2780cis,30k,1.0,50-50,sensitive
8.0,1018.185,1025.4362732342915,false,load_plus_tolerant_context,linked_global,coculture,A2780Naive+A2780cis,30k,1.0,50-50,sensitive
9.0,1172.4866666666667,1025.5577878423758,false,load_plus_tolerant_context,linked_global,coculture,A2780Naive+A2780cis,30k,1.0,50-50,sensitive
10.0,1294.5683333333334,999.1875736206874,false,load_plus_tolerant_context,linked_global,coculture,A2780Naive+A2780cis,30k,1.0,50-50,sensitive
11.0,1082.5033333333333,957.6576589969561,false,load_plus_tolerant_context,linked_global,coculture,A2780Naive+A2780cis,30k,1.0,50-50,sensitive
12.0,1456.9150000000002,909.392736856344,false,load_plus_tolerant_context,linked_global,coculture,A2780Naive+A2780cis,30k,1.0,50-50,sensitive
13.0,1700.3266666666666,859.4868008434175,false,load_plus_tolerant_context,linked_global,coculture,A2780Naive+A2780cis,30k,1.0,50-50,sensitive
14.0,1370.07,810.5733097200692,false,load_plus_tolerant_context,linked_global,coculture,A2780Naive+A2780cis,30k,1.0,50-50,sensitive
0.0,50.0,50.0,true,load_plus_tolerant_context,linked_global,coculture,A2780Naive+A2780cis,30k,1.0,50-50,resistant
1.0,53.36166666666666,56.551134332158725,false,load_plus_tolerant_context,linked_global,coculture,A2780Naive+A2780cis,30k,1.0,50-50,resistant
2.0,85.83833333333332,78.51160101214774,false,load_plus_tolerant_context,linked_global,coculture,A2780Naive+A2780cis,30k,1.0,50-50,resistant
3.0,136.93666666666667,124.55848186242936,false,load_plus_tolerant_context,linked_global,coculture,A2780Naive+A2780cis,30k,1.0,50-50,resistant
4.0,278.0416666666667,209.89038954212901,false,load_plus_tolerant_context,linked_global,coculture,A2780Naive+A2780cis,30k,1.0,50-50,resistant
5.0,439.5783333333333,355.6506223256606,false,load_plus_tolerant_context,linked_global,coculture,A2780Naive+A2780cis,30k,1.0,50-50,resistant
6.0,738.2216666666667,582.2093519655973,false,load_plus_tolerant_context,linked_global,coculture,A2780Naive+A2780cis,30k,1.0,50-50,resistant
7.0,1333.6733333333334,891.2384182074984,false,load_plus_tolerant_context,linked_global,coculture,A2780Naive+A2780cis,30k,1.0,50-50,resistant
8.0,1333.7316666666666,1241.7437186133266,false,load_plus_tolerant_context,linked_global,coculture,A2780Naive+A2780cis,30k,1.0,50-50,resistant
9.0,2235.375,1589.4408489280831,false,load_plus_tolerant_context,linked_global,coculture,A2780Naive+A2780cis,30k,1.0,50-50,resistant
10.0,2239.6666666666665,1885.3960111319411,false,load_plus_tolerant_context,linked_global,coculture,A2780Naive+A2780cis,30k,1.0,50-50,resistant
11.0,2711.556666666667,2113.5208501401976,false,load_plus_tolerant_context,linked_global,coculture,A2780Naive+A2780cis,30k,1.0,50-50,resistant
12.0,2136.7833333333333,2283.8688218396223,false,load_plus_tolerant_context,linked_global,coculture,A2780Naive+A2780cis,30k,1.0,50-50,resistant
13.0,3352.3216666666667,2414.1753364132696,false,load_plus_tolerant_context,linked_global,coculture,A2780Naive+A2780cis,30k,1.0,50-50,resistant
14.0,2315.278333333333,2519.1183275529656,false,load_plus_tolerant_context,linked_global,coculture,A2780Naive+A2780cis,30k,1.0,50-50,resistant
0.0,75.0,75.0,true,load_plus_tolerant_context,linked_global,coculture,A2780Naive+A2780cis,30k,1.0,75-25,sensitive
1.0,218.08333333333334,113.8955372844505,false,load_plus_tolerant_context,linked_global,coculture,A2780Naive+A2780cis,30k,1.0,75-25,sensitive
2.0,356.52833333333336,245.63517910297884,false,load_plus_tolerant_context,linked_global,coculture,A2780Naive+A2780cis,30k,1.0,75-25,sensitive
3.0,545.945,490.81599841719094,false,load_plus_tolerant_context,linked_global,coculture,A2780Naive+A2780cis,30k,1.0,75-25,sensitive
4.0,755.7766666666666,746.3532377849727,false,load_plus_tolerant_context,linked_global,coculture,A2780Naive+A2780cis,30k,1.0,75-25,sensitive
5.0,1013.1566666666666,956.67063282599,false,load_plus_tolerant_context,linked_global,coculture,A2780Naive+A2780cis,30k,1.0,75-25,sensitive
6.0,1191.6316666666664,1111.7215755167142,false,load_plus_tolerant_context,linked_global,coculture,A2780Naive+A2780cis,30k,1.0,75-25,sensitive
7.0,1758.6866666666667,1215.579706163059,false,load_plus_tolerant_context,linked_global,coculture,A2780Naive+A2780cis,30k,1.0,75-25,sensitive
8.0,1400.4566666666667,1275.032548419037,false,load_plus_tolerant_context,linked_global,coculture,A2780Naive+A2780cis,30k,1.0,75-25,sensitive
9.0,1660.7133333333334,1296.4689105383113,false,load_plus_tolerant_context,linked_global,coculture,A2780Naive+A2780cis,30k,1.0,75-25,sensitive
10.0,2107.1266666666666,1286.3991105932014,false,load_plus_tolerant_context,linked_global,coculture,A2780Naive+A2780cis,30k,1.0,75-25,sensitive
11.0,1744.1750000000002,1252.4065263667312,false,load_plus_tolerant_context,linked_global,coculture,A2780Naive+A2780cis,30k,1.0,75-25,sensitive
12.0,1827.7083333333333,1202.5346061030584,false,load_plus_tolerant_context,linked_global,coculture,A2780Naive+A2780cis,30k,1.0,75-25,sensitive
13.0,1923.9083333333335,1143.9535543856705,false,load_plus_tolerant_context,linked_global,coculture,A2780Naive+A2780cis,30k,1.0,75-25,sensitive
14.0,1647.07,1082.0199122085796,false,load_plus_tolerant_context,linked_global,coculture,A2780Naive+A2780cis,30k,1.0,75-25,sensitive
0.0,25.0,25.0,true,load_plus_tolerant_context,linked_global,coculture,A2780Naive+A2780cis,30k,1.0,75-25,resistant
1.0,28.45,28.256908964647636,false,load_plus_tolerant_context,linked_global,coculture,A2780Naive+A2780cis,30k,1.0,75-25,resistant
2.0,45.685,39.059584453061916,false,load_plus_tolerant_context,linked_global,coculture,A2780Naive+A2780cis,30k,1.0,75-25,resistant
3.0,72.71833333333332,61.120843606036175,false,load_plus_tolerant_context,linked_global,coculture,A2780Naive+A2780cis,30k,1.0,75-25,resistant
4.0,127.53333333333332,100.58297924460346,false,load_plus_tolerant_context,linked_global,coculture,A2780Naive+A2780cis,30k,1.0,75-25,resistant
5.0,211.36,166.36335534951223,false,load_plus_tolerant_context,linked_global,coculture,A2780Naive+A2780cis,30k,1.0,75-25,resistant
6.0,311.8583333333333,269.58408982709807,false,load_plus_tolerant_context,linked_global,coculture,A2780Naive+A2780cis,30k,1.0,75-25,resistant
7.0,585.2883333333333,420.3311823937856,false,load_plus_tolerant_context,linked_global,coculture,A2780Naive+A2780cis,30k,1.0,75-25,resistant
8.0,720.1316666666667,617.5608333205558,false,load_plus_tolerant_context,linked_global,coculture,A2780Naive+A2780cis,30k,1.0,75-25,resistant
9.0,1168.5216666666668,860.0708625652678,false,load_plus_tolerant_context,linked_global,coculture,A2780Naive+A2780cis,30k,1.0,75-25,resistant
10.0,1358.1716666666664,1126.7622545623283,false,load_plus_tolerant_context,linked_global,coculture,A2780Naive+A2780cis,30k,1.0,75-25,resistant
11.0,1719.3033333333333,1389.8810251281923,false,load_plus_tolerant_context,linked_global,coculture,A2780Naive+A2780cis,30k,1.0,75-25,resistant
12.0,1458.7166666666665,1627.5242908632724,false,load_plus_tolerant_context,linked_global,coculture,A2780Naive+A2780cis,30k,1.0,75-25,resistant
13.0,2386.6633333333334,1830.5887271678566,false,load_plus_tolerant_context,linked_global,coculture,A2780Naive+A2780cis,30k,1.0,75-25,resistant
14.0,1738.6666666666667,2000.5979829573664,false,load_plus_tolerant_context,linked_global,coculture,A2780Naive+A2780cis,30k,1.0,75-25,resistant
0.0,67.0,67.0,true,load_plus_tolerant_growth_context,linked_global,monoculture,A2780Naive,20k,0.67,,total
1.0,305.18962200000004,139.44413283034405,false,load_plus_tolerant_growth_context,linked_global,monoculture,A2780Naive,20k,0.67,,total
2.0,465.63738433333333,400.2077965434175,false,load_plus_tolerant_growth_context,linked_global,monoculture,A2780Naive,20k,0.67,,total
3.0,790.214892,956.6722166641663,false,load_plus_tolerant_growth_context,linked_global,monoculture,A2780Naive,20k,0.67,,total
4.0,880.948534,1678.973477162769,false,load_plus_tolerant_growth_context,linked_global,monoculture,A2780Naive,20k,0.67,,total
5.0,1277.0010803333332,2331.8051565398505,false,load_plus_tolerant_growth_context,linked_global,monoculture,A2780Naive,20k,0.67,,total
6.0,1612.01223,2794.123827044849,false,load_plus_tolerant_growth_context,linked_global,monoculture,A2780Naive,20k,0.67,,total
7.0,2016.4244216666668,3074.790027977204,false,load_plus_tolerant_growth_context,linked_global,monoculture,A2780Naive,20k,0.67,,total
8.0,2081.411111,3229.836314460188,false,load_plus_tolerant_growth_context,linked_global,monoculture,A2780Naive,20k,0.67,,total
9.0,2395.0547066666663,3310.457552631319,false,load_plus_tolerant_growth_context,linked_global,monoculture,A2780Naive,20k,0.67,,total
10.0,2537.1984183333334,3350.53250703368,false,load_plus_tolerant_growth_context,linked_global,monoculture,A2780Naive,20k,0.67,,total
11.0,3073.8874999999994,3369.621177471394,false,load_plus_tolerant_growth_context,linked_global,monoculture,A2780Naive,20k,0.67,,total
12.0,3042.368325666667,3378.251540869541,false,load_plus_tolerant_growth_context,linked_global,monoculture,A2780Naive,20k,0.67,,total
13.0,3537.7463733333334,3381.8554295221234,false,load_plus_tolerant_growth_context,linked_global,monoculture,A2780Naive,20k,0.67,,total
14.0,3458.3808643333336,3383.1477950302656,false,load_plus_tolerant_growth_context,linked_global,monoculture,A2780Naive,20k,0.67,,total
0.0,67.0,67.0,true,load_plus_tolerant_growth_context,linked_global,monoculture,A2780Naive,20k,1.0,,total
1.0,164.83707566666666,139.44413283034405,false,load_plus_tolerant_growth_context,linked_global,monoculture,A2780Naive,20k,1.0,,total
2.0,310.328588,400.2077965434175,false,load_plus_tolerant_growth_context,linked_global,monoculture,A2780Naive,20k,1.0,,total
3.0,498.45925933333325,929.7724933128889,false,load_plus_tolerant_growth_context,linked_global,monoculture,A2780Naive,20k,1.0,,total
4.0,690.7097223333334,1420.4614434223606,false,load_plus_tolerant_growth_context,linked_global,monoculture,A2780Naive,20k,1.0,,total
5.0,804.9089893333334,1677.6929759498457,false,load_plus_tolerant_growth_context,linked_global,monoculture,A2780Naive,20k,1.0,,total
6.0,1188.2886573333333,1748.723180684573,false,load_plus_tolerant_growth_context,linked_global,monoculture,A2780Naive,20k,1.0,,total
7.0,1563.5381556666664,1728.9173899145246,false,load_plus_tolerant_growth_context,linked_global,monoculture,A2780Naive,20k,1.0,,total
8.0,1634.130247,1679.2837418424554,false,load_plus_tolerant_growth_context,linked_global,monoculture,A2780Naive,20k,1.0,,total
9.0,1556.192554,1627.5800288702803,false,load_plus_tolerant_growth_context,linked_global,monoculture,A2780Naive,20k,1.0,,total
10.0,1522.992284,1583.6239678669365,false,load_plus_tolerant_growth_context,linked_global,monoculture,A2780Naive,20k,1.0,,total
11.0,1608.247685333333,1549.4096671156785,false,load_plus_tolerant_growth_context,linked_global,monoculture,A2780Naive,20k,1.0,,total
12.0,1500.9281636666667,1524.020971271992,false,load_plus_tolerant_growth_context,linked_global,monoculture,A2780Naive,20k,1.0,,total
13.0,2011.2254243333334,1505.732658462051,false,load_plus_tolerant_growth_context,linked_global,monoculture,A2780Naive,20k,1.0,,total
14.0,2445.406712666667,1492.8252693325069,false,load_plus_tolerant_growth_context,linked_global,monoculture,A2780Naive,20k,1.0,,total
0.0,67.0,67.0,true,load_plus_tolerant_growth_context,linked_global,monoculture,A2780Naive,20k,1.47,,total
1.0,470.381366,139.44413283034405,false,load_plus_tolerant_growth_context,linked_global,monoculture,A2780Naive,20k,1.47,,total
2.0,658.348264,400.2077965434175,false,load_plus_tolerant_growth_context,linked_global,monoculture,A2780Naive,20k,1.47,,total
3.0,910.885918,889.3635147190646,false,load_plus_tolerant_growth_context,linked_global,monoculture,A2780Naive,20k,1.47,,total
4.0,928.761304,1092.1453115094318,false,load_plus_tolerant_growth_context,linked_global,monoculture,A2780Naive,20k,1.47,,total
5.0,914.7665896666667,987.4943079065362,false,load_plus_tolerant_growth_context,linked_global,monoculture,A2780Naive,20k,1.47,,total
6.0,867.7298226666667,800.4123034007503,false,load_plus_tolerant_growth_context,linked_global,monoculture,A2780Naive,20k,1.47,,total
7.0,681.9129633333333,635.9680685087375,false,load_plus_tolerant_growth_context,linked_global,monoculture,A2780Naive,20k,1.47,,total
8.0,481.738503,513.7026318650312,false,load_plus_tolerant_growth_context,linked_global,monoculture,A2780Naive,20k,1.47,,total
9.0,333.6756173333333,427.09931863293053,false,load_plus_tolerant_growth_context,linked_global,monoculture,A2780Naive,20k,1.47,,total
10.0,232.34174399999998,366.2050449646506,false,load_plus_tolerant_growth_context,linked_global,monoculture,A2780Naive,20k,1.47,,total
11.0,155.3204476666667,323.04971109184277,false,load_plus_tolerant_growth_context,linked_global,monoculture,A2780Naive,20k,1.47,,total
12.0,103.907562,292.0719197855375,false,load_plus_tolerant_growth_context,linked_global,monoculture,A2780Naive,20k,1.47,,total
13.0,71.52523133333334,269.53444843889963,false,load_plus_tolerant_growth_context,linked_global,monoculture,A2780Naive,20k,1.47,,total
14.0,36.60995366666666,252.93369877438337,false,load_plus_tolerant_growth_context,linked_global,monoculture,A2780Naive,20k,1.47,,total
0.0,100.0,100.0,true,load_plus_tolerant_growth_context,linked_global,monoculture,A2780Naive,30k,0.67,,total
1.0,507.5015816666667,184.66381208673286,false,load_plus_tolerant_growth_context,linked_global,monoculture,A2780Naive,30k,0.67,,total
2.0,801.887693,451.80602724666153,false,load_plus_tolerant_growth_context,linked_global,monoculture,A2780Naive,30k,0.67,,total
3.0,1336.278318,973.5965876556161,false,load_plus_tolerant_growth_context,linked_global,monoculture,A2780Naive,30k,0.67,,total
4.0,1623.1049383333336,1626.9234478044023,false,load_plus_tolerant_growth_context,linked_global,monoculture,A2780Naive,30k,0.67,,total
5.0,2076.8491126666668,2225.317564845716,false,load_plus_tolerant_growth_context,linked_global,monoculture,A2780Naive,30k,0.67,,total
6.0,2482.367592666667,2668.872078859396,false,load_plus_tolerant_growth_context,linked_global,monoculture,A2780Naive,30k,0.67,,total
7.0,2895.899845666667,2955.681392398561,false,load_plus_tolerant_growth_context,linked_global,monoculture,A2780Naive,30k,0.67,,total
8.0,2949.133024666667,3126.064189867627,false,load_plus_tolerant_growth_context,linked_global,monoculture,A2780Naive,30k,0.67,,total
9.0,3220.295872,3222.0892528247928,false,load_plus_tolerant_growth_context,linked_global,monoculture,A2780Naive,30k,0.67,,total
10.0,2758.7708333333335,3274.3677967276344,false,load_plus_tolerant_growth_context,linked_global,monoculture,A2780Naive,30k,0.67,,total
11.0,3434.9652003333335,3302.109064396038,false,load_plus_tolerant_growth_context,linked_global,monoculture,A2780Naive,30k,0.67,,total
12.0,3115.501775,3316.500082593181,false,load_plus_tolerant_growth_context,linked_global,monoculture,A2780Naive,30k,0.67,,total
13.0,3633.6489583333337,3323.7884152755532,false,load_plus_tolerant_growth_context,linked_global,monoculture,A2780Naive,30k,0.67,,total
14.0,3423.783179,3327.3721202661345,false,load_plus_tolerant_growth_context,linked_global,monoculture,A2780Naive,30k,0.67,,total
0.0,100.0,100.0,true,load_plus_tolerant_growth_context,linked_global,monoculture,A2780Naive,30k,1.0,,total
1.0,277.1990353333333,184.66381208673286,false,load_plus_tolerant_growth_context,linked_global,monoculture,A2780Naive,30k,1.0,,total
2.0,512.5472606666666,451.80602724666153,false,load_plus_tolerant_growth_context,linked_global,monoculture,A2780Naive,30k,1.0,,total
3.0,810.4685956666666,948.4878127672574,false,load_plus_tolerant_growth_context,linked_global,monoculture,A2780Naive,30k,1.0,,total
4.0,1072.5972223333333,1393.1011032449742,false,load_plus_tolerant_growth_context,linked_global,monoculture,A2780Naive,30k,1.0,,total
5.0,1220.3375386666667,1632.3966375415039,false,load_plus_tolerant_growth_context,linked_global,monoculture,A2780Naive,30k,1.0,,total
6.0,1524.2378856666667,1707.5266207981724,false,load_plus_tolerant_growth_context,linked_global,monoculture,A2780Naive,30k,1.0,,total
7.0,1784.3173613333336,1698.188782102554,false,load_plus_tolerant_growth_context,linked_global,monoculture,A2780Naive,30k,1.0,,total
8.0,1754.768094,1657.791400875335,false,load_plus_tolerant_growth_context,linked_global,monoculture,A2780Naive,30k,1.0,,total
9.0,1630.9435183333335,1612.3339094639769,false,load_plus_tolerant_growth_context,linked_global,monoculture,A2780Naive,30k,1.0,,total
10.0,1765.6959490000002,1572.008834621724,false,load_plus_tolerant_growth_context,linked_global,monoculture,A2780Naive,30k,1.0,,total
11.0,1797.057716,1539.6086591317382,false,load_plus_tolerant_growth_context,linked_global,monoculture,A2780Naive,30k,1.0,,total
12.0,1664.883989,1514.9082731196395,false,load_plus_tolerant_growth_context,linked_global,monoculture,A2780Naive,30k,1.0,,total
13.0,1869.5183256666667,1496.67136586835,false,load_plus_tolerant_growth_context,linked_global,monoculture,A2780Naive,30k,1.0,,total
14.0,2521.7536263333336,1483.493691781688,false,load_plus_tolerant_growth_context,linked_global,monoculture,A2780Naive,30k,1.0,,total
0.0,100.0,100.0,true,load_plus_tolerant_growth_context,linked_global,monoculture,A2780Naive,30k,1.47,,total
1.0,683.0949846666667,184.66381208673286,false,load_plus_tolerant_growth_context,linked_global,monoculture,A2780Naive,30k,1.47,,total
2.0,962.59946,451.80602724666153,false,load_plus_tolerant_growth_context,linked_global,monoculture,A2780Naive,30k,1.47,,total
3.0,1293.4153163333333,910.6566124271743,false,load_plus_tolerant_growth_context,linked_global,monoculture,A2780Naive,30k,1.47,,total
4.0,1242.3761956666667,1091.9449109518655,false,load_plus_tolerant_growth_context,linked_global,monoculture,A2780Naive,30k,1.47,,total
5.0,1196.6721066666667,993.4730897880452,false,load_plus_tolerant_growth_context,linked_global,monoculture,A2780Naive,30k,1.47,,total
6.0,1151.6981093333334,815.7640467839218,false,load_plus_tolerant_growth_context,linked_global,monoculture,A2780Naive,30k,1.47,,total
7.0,908.6366510000001,655.7968756810407,false,load_plus_tolerant_growth_context,linked_global,monoculture,A2780Naive,30k,1.47,,total
8.0,684.2957563333333,534.2281171957201,false,load_plus_tolerant_growth_context,linked_global,monoculture,A2780Naive,30k,1.47,,total
9.0,451.471335,446.51674412522976,false,load_plus_tolerant_growth_context,linked_global,monoculture,A2780Naive,30k,1.47,,total
10.0,351.6421293333333,383.8814932329601,false,load_plus_tolerant_growth_context,linked_global,monoculture,A2780Naive,30k,1.47,,total
11.0,239.04888100000002,338.89388818033643,false,load_plus_tolerant_growth_context,linked_global,monoculture,A2780Naive,30k,1.47,,total
12.0,153.48256166666667,306.20752779892695,false,load_plus_tolerant_growth_context,linked_global,monoculture,A2780Naive,30k,1.47,,total
13.0,115.12735333333332,282.1531146757109,false,load_plus_tolerant_growth_context,linked_global,monoculture,A2780Naive,30k,1.47,,total
14.0,60.396604999999994,264.23435245804,false,load_plus_tolerant_growth_context,linked_global,monoculture,A2780Naive,30k,1.47,,total
0.0,67.0,67.0,true,load_plus_tolerant_growth_context,linked_global,monoculture,A2780cis,20k,0.67,,total
1.0,79.832716,75.98203951664703,false,load_plus_tolerant_growth_context,linked_global,monoculture,A2780cis,20k,0.67,,total
2.0,136.68186733333332,107.07175443359722,false,load_plus_tolerant_growth_context,linked_global,monoculture,A2780cis,20k,0.67,,total
3.0,256.032137,178.67199298654646,false,load_plus_tolerant_growth_context,linked_global,monoculture,A2780cis,20k,0.67,,total
4.0,551.4876543333334,336.231177003403,false,load_plus_tolerant_growth_context,linked_global,monoculture,A2780cis,20k,0.67,,total
5.0,932.248611,671.1380371949293,false,load_plus_tolerant_growth_context,linked_global,monoculture,A2780cis,20k,0.67,,total
6.0,1630.1435956666667,1299.824274639806,false,load_plus_tolerant_growth_context,linked_global,monoculture,A2780cis,20k,0.67,,total
7.0,2349.2489583333336,2178.8443588015025,false,load_plus_tolerant_growth_context,linked_global,monoculture,A2780cis,20k,0.67,,total
8.0,2344.200308666667,2750.518858436766,false,load_plus_tolerant_growth_context,linked_global,monoculture,A2780cis,20k,0.67,,total
9.0,3261.814429,3139.351378485338,false,load_plus_tolerant_growth_context,linked_global,monoculture,A2780cis,20k,0.67,,total
10.0,2744.403163333333,3364.410704103309,false,load_plus_tolerant_growth_context,linked_global,monoculture,A2780cis,20k,0.67,,total
11.0,3624.0109566666665,3490.384842278553,false,load_plus_tolerant_growth_context,linked_global,monoculture,A2780cis,20k,0.67,,total
12.0,2656.8393906666665,3565.479934437411,false,load_plus_tolerant_growth_context,linked_global,monoculture,A2780cis,20k,0.67,,total
13.0,3902.5750386666664,3614.8552848510785,false,load_plus_tolerant_growth_context,linked_global,monoculture,A2780cis,20k,0.67,,total
14.0,2987.771682,3650.05590195421,false,load_plus_tolerant_growth_context,linked_global,monoculture,A2780cis,20k,0.67,,total
0.0,67.0,67.0,true,load_plus_tolerant_growth_context,linked_global,monoculture,A2780cis,20k,1.0,,total
1.0,82.57476866666666,75.98203951664703,false,load_plus_tolerant_growth_context,linked_global,monoculture,A2780cis,20k,1.0,,total
2.0,153.74926733333334,107.07175443359722,false,load_plus_tolerant_growth_context,linked_global,monoculture,A2780cis,20k,1.0,,total
3.0,298.6227236666667,178.67199298654646,false,load_plus_tolerant_growth_context,linked_global,monoculture,A2780cis,20k,1.0,,total
4.0,584.2937496666667,336.231177003403,false,load_plus_tolerant_growth_context,linked_global,monoculture,A2780cis,20k,1.0,,total
5.0,1028.8575233333333,671.1380371949293,false,load_plus_tolerant_growth_context,linked_global,monoculture,A2780cis,20k,1.0,,total
6.0,1728.4681713333332,1299.824274639806,false,load_plus_tolerant_growth_context,linked_global,monoculture,A2780cis,20k,1.0,,total
7.0,2346.5103780000004,2110.821687961906,false,load_plus_tolerant_growth_context,linked_global,monoculture,A2780cis,20k,1.0,,total
8.0,2305.3690973333332,1928.4914671875122,false,load_plus_tolerant_growth_context,linked_global,monoculture,A2780cis,20k,1.0,,total
9.0,3049.6326773333335,2452.8314658993427,false,load_plus_tolerant_growth_context,linked_global,monoculture,A2780cis,20k,1.0,,total
10.0,3134.858873333333,2889.6667554859064,false,load_plus_tolerant_growth_context,linked_global,monoculture,A2780cis,20k,1.0,,total
11.0,3720.5385029999998,3128.4411260498996,false,load_plus_tolerant_growth_context,linked_global,monoculture,A2780cis,20k,1.0,,total
12.0,2824.6677086666664,3238.391847896446,false,load_plus_tolerant_growth_context,linked_global,monoculture,A2780cis,20k,1.0,,total
13.0,3906.9917053333334,3286.9454705104654,false,load_plus_tolerant_growth_context,linked_global,monoculture,A2780cis,20k,1.0,,total
14.0,4011.9759260000005,3309.467781803816,false,load_plus_tolerant_growth_context,linked_global,monoculture,A2780cis,20k,1.0,,total
0.0,67.0,67.0,true,load_plus_tolerant_growth_context,linked_global,monoculture,A2780cis,20k,1.47,,total
1.0,66.07534733333334,75.98203951664703,false,load_plus_tolerant_growth_context,linked_global,monoculture,A2780cis,20k,1.47,,total
2.0,136.019406,107.07175443359722,false,load_plus_tolerant_growth_context,linked_global,monoculture,A2780cis,20k,1.47,,total
3.0,262.4119983333333,178.67199298654646,false,load_plus_tolerant_growth_context,linked_global,monoculture,A2780cis,20k,1.47,,total
4.0,627.1851849999999,336.231177003403,false,load_plus_tolerant_growth_context,linked_global,monoculture,A2780cis,20k,1.47,,total
5.0,1055.7064813333334,671.1380371949293,false,load_plus_tolerant_growth_context,linked_global,monoculture,A2780cis,20k,1.47,,total
6.0,1644.4327546666666,1299.824274639806,false,load_plus_tolerant_growth_context,linked_global,monoculture,A2780cis,20k,1.47,,total
7.0,1888.7926696666666,2062.045354702632,false,load_plus_tolerant_growth_context,linked_global,monoculture,A2780cis,20k,1.47,,total
8.0,1640.846373333333,1734.2309956225834,false,load_plus_tolerant_growth_context,linked_global,monoculture,A2780cis,20k,1.47,,total
9.0,2390.4506556666665,2206.2158091732217,false,load_plus_tolerant_growth_context,linked_global,monoculture,A2780cis,20k,1.47,,total
10.0,1885.2126543333334,2562.6067433799403,false,load_plus_tolerant_growth_context,linked_global,monoculture,A2780cis,20k,1.47,,total
11.0,2693.7878856666666,2771.9570820319714,false,load_plus_tolerant_growth_context,linked_global,monoculture,A2780cis,20k,1.47,,total
12.0,2554.914467666667,2882.2764400009055,false,load_plus_tolerant_growth_context,linked_global,monoculture,A2780cis,20k,1.47,,total
13.0,3229.3090276666667,2939.138497527386,false,load_plus_tolerant_growth_context,linked_global,monoculture,A2780cis,20k,1.47,,total
14.0,3171.784760666667,2969.760899665937,false,load_plus_tolerant_growth_context,linked_global,monoculture,A2780cis,20k,1.47,,total
0.0,100.0,100.0,true,load_plus_tolerant_growth_context,linked_global,monoculture,A2780cis,30k,0.67,,total
1.0,119.12291633333332,113.26221702730646,false,load_plus_tolerant_growth_context,linked_global,monoculture,A2780cis,30k,0.67,,total
2.0,208.10995366666666,158.91277505587158,false,load_plus_tolerant_growth_context,linked_global,monoculture,A2780cis,30k,0.67,,total
3.0,381.1926696666667,262.58299103113467,false,load_plus_tolerant_growth_context,linked_global,monoculture,A2780cis,30k,0.67,,total
4.0,731.6507716666666,483.8649750343317,false,load_plus_tolerant_growth_context,linked_global,monoculture,A2780cis,30k,0.67,,total
5.0,1291.6760416666666,925.597582850878,false,load_plus_tolerant_growth_context,linked_global,monoculture,A2780cis,30k,0.67,,total
6.0,1980.2315586666666,1664.5780494287023,false,load_plus_tolerant_growth_context,linked_global,monoculture,A2780cis,30k,0.67,,total
7.0,2670.8478393333335,2536.869447969344,false,load_plus_tolerant_growth_context,linked_global,monoculture,A2780cis,30k,0.67,,total
8.0,2545.009915,2955.514126880772,false,load_plus_tolerant_growth_context,linked_global,monoculture,A2780cis,30k,0.67,,total
9.0,3548.7987266666664,3229.554233026295,false,load_plus_tolerant_growth_context,linked_global,monoculture,A2780cis,30k,0.67,,total
10.0,2897.7104553333334,3396.0161398125733,false,load_plus_tolerant_growth_context,linked_global,monoculture,A2780cis,30k,0.67,,total
11.0,3797.833449333333,3498.8903121096396,false,load_plus_tolerant_growth_context,linked_global,monoculture,A2780cis,30k,0.67,,total
12.0,2884.930285666667,3566.7637551229914,false,load_plus_tolerant_growth_context,linked_global,monoculture,A2780cis,30k,0.67,,total
13.0,4146.366087666666,3614.6265773189016,false,load_plus_tolerant_growth_context,linked_global,monoculture,A2780cis,30k,0.67,,total
14.0,3326.884761,3649.918088282914,false,load_plus_tolerant_growth_context,linked_global,monoculture,A2780cis,30k,0.67,,total
0.0,100.0,100.0,true,load_plus_tolerant_growth_context,linked_global,monoculture,A2780cis,30k,1.0,,total
1.0,117.62118066666666,113.26221702730646,false,load_plus_tolerant_growth_context,linked_global,monoculture,A2780cis,30k,1.0,,total
2.0,206.52970666666667,158.91277505587158,false,load_plus_tolerant_growth_context,linked_global,monoculture,A2780cis,30k,1.0,,total
3.0,392.79753066666666,262.58299103113467,false,load_plus_tolerant_growth_context,linked_global,monoculture,A2780cis,30k,1.0,,total
4.0,793.1631946666666,483.8649750343317,false,load_plus_tolerant_growth_context,linked_global,monoculture,A2780cis,30k,1.0,,total
5.0,1328.3501159999998,925.597582850878,false,load_plus_tolerant_growth_context,linked_global,monoculture,A2780cis,30k,1.0,,total
6.0,1947.6582176666668,1664.5780494287023,false,load_plus_tolerant_growth_context,linked_global,monoculture,A2780cis,30k,1.0,,total
7.0,2594.510609333334,2454.10893921335,false,load_plus_tolerant_growth_context,linked_global,monoculture,A2780cis,30k,1.0,,total
8.0,2352.0106483333334,2088.717827771167,false,load_plus_tolerant_growth_context,linked_global,monoculture,A2780cis,30k,1.0,,total
9.0,3220.0850306666666,2554.7886051822816,false,load_plus_tolerant_growth_context,linked_global,monoculture,A2780cis,30k,1.0,,total
10.0,2953.806751666667,2930.532953268135,false,load_plus_tolerant_growth_context,linked_global,monoculture,A2780cis,30k,1.0,,total
11.0,3595.1114196666663,3131.110613831891,false,load_plus_tolerant_growth_context,linked_global,monoculture,A2780cis,30k,1.0,,total
12.0,2534.660455333333,3223.9273365635786,false,load_plus_tolerant_growth_context,linked_global,monoculture,A2780cis,30k,1.0,,total
13.0,3853.449228666667,3266.066836923408,false,load_plus_tolerant_growth_context,linked_global,monoculture,A2780cis,30k,1.0,,total
14.0,4116.669907333334,3286.500486090309,false,load_plus_tolerant_growth_context,linked_global,monoculture,A2780cis,30k,1.0,,total
0.0,100.0,100.0,true,load_plus_tolerant_growth_context,linked_global,monoculture,A2780cis,30k,1.47,,total
1.0,73.88472200000001,113.26221702730646,false,load_plus_tolerant_growth_context,linked_global,monoculture,A2780cis,30k,1.47,,total
2.0,143.64463766666665,158.91277505587158,false,load_plus_tolerant_growth_context,linked_global,monoculture,A2780cis,30k,1.47,,total
3.0,301.875849,262.58299103113467,false,load_plus_tolerant_growth_context,linked_global,monoculture,A2780cis,30k,1.47,,total
4.0,670.1066746666667,483.8649750343317,false,load_plus_tolerant_growth_context,linked_global,monoculture,A2780cis,30k,1.47,,total
5.0,1170.9108796666667,925.597582850878,false,load_plus_tolerant_growth_context,linked_global,monoculture,A2780cis,30k,1.47,,total
6.0,1348.3380016666667,1664.5780494287023,false,load_plus_tolerant_growth_context,linked_global,monoculture,A2780cis,30k,1.47,,total
7.0,1881.759761,2394.925341833027,false,load_plus_tolerant_growth_context,linked_global,monoculture,A2780cis,30k,1.47,,total
8.0,1606.1887733333333,1886.5007947446086,false,load_plus_tolerant_growth_context,linked_global,monoculture,A2780cis,30k,1.47,,total
9.0,2421.258526333333,2295.117683466419,false,load_plus_tolerant_growth_context,linked_global,monoculture,A2780cis,30k,1.47,,total
10.0,1957.2380400000002,2589.901390764571,false,load_plus_tolerant_growth_context,linked_global,monoculture,A2780cis,30k,1.47,,total
11.0,2537.103395,2761.2664541619547,false,load_plus_tolerant_growth_context,linked_global,monoculture,A2780cis,30k,1.47,,total
12.0,2244.322531,2853.461166641619,false,load_plus_tolerant_growth_context,linked_global,monoculture,A2780cis,30k,1.47,,total
13.0,2827.4429400000004,2902.9961968095445,false,load_plus_tolerant_growth_context,linked_global,monoculture,A2780cis,30k,1.47,,total
14.0,3433.938387333333,2931.083700191605,false,load_plus_tolerant_growth_context,linked_global,monoculture,A2780cis,30k,1.47,,total
0.0,16.75,16.75,true,load_plus_tolerant_growth_context,linked_global,coculture,A2780Naive+A2780cis,20k,1.0,25-75,sensitive
1.0,99.62333333333333,29.903628570811026,false,load_plus_tolerant_growth_context,linked_global,coculture,A2780Naive+A2780cis,20k,1.0,25-75,sensitive
2.0,151.64666666666665,85.21635379039712,false,load_plus_tolerant_growth_context,linked_global,coculture,A2780Naive+A2780cis,20k,1.0,25-75,sensitive
3.0,256.715,226.15769357279373,false,load_plus_tolerant_growth_context,linked_global,coculture,A2780Naive+A2780cis,20k,1.0,25-75,sensitive
4.0,308.39166666666665,424.9007174445078,false,load_plus_tolerant_growth_context,linked_global,coculture,A2780Naive+A2780cis,20k,1.0,25-75,sensitive
5.0,458.41,618.1494086940991,false,load_plus_tolerant_growth_context,linked_global,coculture,A2780Naive+A2780cis,20k,1.0,25-75,sensitive
6.0,443.1983333333333,762.0952296168007,false,load_plus_tolerant_growth_context,linked_global,coculture,A2780Naive+A2780cis,20k,1.0,25-75,sensitive
7.0,684.745,840.783734000989,false,load_plus_tolerant_growth_context,linked_global,coculture,A2780Naive+A2780cis,20k,1.0,25-75,sensitive
8.0,381.4466666666667,891.1124380060679,false,load_plus_tolerant_growth_context,linked_global,coculture,A2780Naive+A2780cis,20k,1.0,25-75,sensitive
9.0,434.4266666666667,905.8677766832712,false,load_plus_tolerant_growth_context,linked_global,coculture,A2780Naive+A2780cis,20k,1.0,25-75,sensitive
10.0,381.8066666666667,882.0927779873916,false,load_plus_tolerant_growth_context,linked_global,coculture,A2780Naive+A2780cis,20k,1.0,25-75,sensitive
11.0,827.9266666666667,835.2147800525441,false,load_plus_tolerant_growth_context,linked_global,coculture,A2780Naive+A2780cis,20k,1.0,25-75,sensitive
12.0,564.2466666666667,779.1020763537365,false,load_plus_tolerant_growth_context,linked_global,coculture,A2780Naive+A2780cis,20k,1.0,25-75,sensitive
13.0,1105.2716666666665,722.0405818216805,false,load_plus_tolerant_growth_context,linked_global,coculture,A2780Naive+A2780cis,20k,1.0,25-75,sensitive
14.0,404.80333333333334,667.8550628017435,false,load_plus_tolerant_growth_context,linked_global,coculture,A2780Naive+A2780cis,20k,1.0,25-75,sensitive
0.0,50.25,50.25,true,load_plus_tolerant_growth_context,linked_global,coculture,A2780Naive+A2780cis,20k,1.0,25-75,resistant
1.0,88.58666666666666,57.05899174882454,false,load_plus_tolerant_growth_context,linked_global,coculture,A2780Naive+A2780cis,20k,1.0,25-75,resistant
2.0,143.335,80.40721570975535,false,load_plus_tolerant_growth_context,linked_global,coculture,A2780Naive+A2780cis,20k,1.0,25-75,resistant
3.0,247.62666666666667,132.02551184997833,false,load_plus_tolerant_growth_context,linked_global,coculture,A2780Naive+A2780cis,20k,1.0,25-75,resistant
4.0,494.3083333333334,235.1489321280942,false,load_plus_tolerant_growth_context,linked_global,coculture,A2780Naive+A2780cis,20k,1.0,25-75,resistant
5.0,903.3716666666666,425.4211555219636,false,load_plus_tolerant_growth_context,linked_global,coculture,A2780Naive+A2780cis,20k,1.0,25-75,resistant
6.0,1360.0966666666666,739.8927032317695,false,load_plus_tolerant_growth_context,linked_global,coculture,A2780Naive+A2780cis,20k,1.0,25-75,resistant
7.0,2438.3766666666666,1137.7436377663248,false,load_plus_tolerant_growth_context,linked_global,coculture,A2780Naive+A2780cis,20k,1.0,25-75,resistant
8.0,1945.3233333333335,1081.6152645240584,false,load_plus_tolerant_growth_context,linked_global,coculture,A2780Naive+A2780cis,20k,1.0,25-75,resistant
9.0,3250.286666666667,1489.7585093343457,false,load_plus_tolerant_growth_context,linked_global,coculture,A2780Naive+A2780cis,20k,1.0,25-75,resistant
10.0,3135.64,1913.6806619559102,false,load_plus_tolerant_growth_context,linked_global,coculture,A2780Naive+A2780cis,20k,1.0,25-75,resistant
11.0,3987.5866666666666,2244.541857569978,false,load_plus_tolerant_growth_context,linked_global,coculture,A2780Naive+A2780cis,20k,1.0,25-75,resistant
12.0,2308.2483333333334,2474.9001448311024,false,load_plus_tolerant_growth_context,linked_global,coculture,A2780Naive+A2780cis,20k,1.0,25-75,resistant
13.0,3826.773333333333,2633.4333328520906,false,load_plus_tolerant_growth_context,linked_global,coculture,A2780Naive+A2780cis,20k,1.0,25-75,resistant
14.0,2159.3716666666664,2748.469017657794,false,load_plus_tolerant_growth_context,linked_global,coculture,A2780Naive+A2780cis,20k,1.0,25-75,resistant
0.0,33.5,33.5,true,load_plus_tolerant_growth_context,linked_global,coculture,A2780Naive+A2780cis,20k,1.0,50-50,sensitive
1.0,154.28,58.5361358437627,false,load_plus_tolerant_growth_context,linked_global,coculture,A2780Naive+A2780cis,20k,1.0,50-50,sensitive
2.0,285.20666666666665,156.6107748876409,false,load_plus_tolerant_growth_context,linked_global,coculture,A2780Naive+A2780cis,20k,1.0,50-50,sensitive
3.0,425.075,376.68489008757666,false,load_plus_tolerant_growth_context,linked_global,coculture,A2780Naive+A2780cis,20k,1.0,50-50,sensitive
4.0,562.615,643.0768419179794,false,load_plus_tolerant_growth_context,linked_global,coculture,A2780Naive+A2780cis,20k,1.0,50-50,sensitive
5.0,850.4516666666667,870.8210579317381,false,load_plus_tolerant_growth_context,linked_global,coculture,A2780Naive+A2780cis,20k,1.0,50-50,sensitive
6.0,932.2550000000001,1027.0307053193994,false,load_plus_tolerant_growth_context,linked_global,coculture,A2780Naive+A2780cis,20k,1.0,50-50,sensitive
7.0,1392.045,1110.5328994071922,false,load_plus_tolerant_growth_context,linked_global,coculture,A2780Naive+A2780cis,20k,1.0,50-50,sensitive
8.0,999.73,1157.694332830531,false,load_plus_tolerant_growth_context,linked_global,coculture,A2780Naive+A2780cis,20k,1.0,50-50,sensitive
9.0,1287.6316666666664,1168.3515778445153,false,load_plus_tolerant_growth_context,linked_global,coculture,A2780Naive+A2780cis,20k,1.0,50-50,sensitive
10.0,1285.185,1140.2795220006487,false,load_plus_tolerant_growth_context,linked_global,coculture,A2780Naive+A2780cis,20k,1.0,50-50,sensitive
11.0,1589.9216666666669,1084.3480987315465,false,load_plus_tolerant_growth_context,linked_global,coculture,A2780Naive+A2780cis,20k,1.0,50-50,sensitive
12.0,1183.66,1013.2365663181052,false,load_plus_tolerant_growth_context,linked_global,coculture,A2780Naive+A2780cis,20k,1.0,50-50,sensitive
13.0,1283.0133333333333,937.3356100176032,false,load_plus_tolerant_growth_context,linked_global,coculture,A2780Naive+A2780cis,20k,1.0,50-50,sensitive
14.0,1010.3066666666667,863.1759752058781,false,load_plus_tolerant_growth_context,linked_global,coculture,A2780Naive+A2780cis,20k,1.0,50-50,sensitive
0.0,33.5,33.5,true,load_plus_tolerant_growth_context,linked_global,coculture,A2780Naive+A2780cis,20k,1.0,50-50,resistant
1.0,51.281666666666666,38.0240915555587,false,load_plus_tolerant_growth_context,linked_global,coculture,A2780Naive+A2780cis,20k,1.0,50-50,resistant
2.0,89.81333333333333,53.37940266897422,false,load_plus_tolerant_growth_context,linked_global,coculture,A2780Naive+A2780cis,20k,1.0,50-50,resistant
3.0,141.95833333333334,86.30640091730629,false,load_plus_tolerant_growth_context,linked_global,coculture,A2780Naive+A2780cis,20k,1.0,50-50,resistant
4.0,269.67333333333335,148.90228422348792,false,load_plus_tolerant_growth_context,linked_global,coculture,A2780Naive+A2780cis,20k,1.0,50-50,resistant
5.0,503.14333333333326,259.3563132116933,false,load_plus_tolerant_growth_context,linked_global,coculture,A2780Naive+A2780cis,20k,1.0,50-50,resistant
6.0,640.2366666666667,440.6187164301149,false,load_plus_tolerant_growth_context,linked_global,coculture,A2780Naive+A2780cis,20k,1.0,50-50,resistant
7.0,1228.7583333333334,685.7214009576122,false,load_plus_tolerant_growth_context,linked_global,coculture,A2780Naive+A2780cis,20k,1.0,50-50,resistant
8.0,1159.7433333333333,662.81374613679,false,load_plus_tolerant_growth_context,linked_global,coculture,A2780Naive+A2780cis,20k,1.0,50-50,resistant
9.0,2141.5383333333334,951.8687898687575,false,load_plus_tolerant_growth_context,linked_global,coculture,A2780Naive+A2780cis,20k,1.0,50-50,resistant
10.0,2331.901666666666,1316.255733035833,false,load_plus_tolerant_growth_context,linked_global,coculture,A2780Naive+A2780cis,20k,1.0,50-50,resistant
11.0,3319.126666666667,1676.2454949945275,false,load_plus_tolerant_growth_context,linked_global,coculture,A2780Naive+A2780cis,20k,1.0,50-50,resistant
12.0,1939.1216666666667,1983.9038178968897,false,load_plus_tolerant_growth_context,linked_global,coculture,A2780Naive+A2780cis,20k,1.0,50-50,resistant
13.0,3037.8416666666667,2225.0493670750807,false,load_plus_tolerant_growth_context,linked_global,coculture,A2780Naive+A2780cis,20k,1.0,50-50,resistant
14.0,1923.26,2408.971460212616,false,load_plus_tolerant_growth_context,linked_global,coculture,A2780Naive+A2780cis,20k,1.0,50-50,resistant
0.0,50.25,50.25,true,load_plus_tolerant_growth_context,linked_global,coculture,A2780Naive+A2780cis,20k,1.0,75-25,sensitive
1.0,216.94833333333335,86.24129953629354,false,load_plus_tolerant_growth_context,linked_global,coculture,A2780Naive+A2780cis,20k,1.0,75-25,sensitive
2.0,395.03833333333336,220.19291328791445,false,load_plus_tolerant_growth_context,linked_global,coculture,A2780Naive+A2780cis,20k,1.0,75-25,sensitive
3.0,575.9033333333333,496.34924179436587,false,load_plus_tolerant_growth_context,linked_global,coculture,A2780Naive+A2780cis,20k,1.0,75-25,sensitive
4.0,750.965,800.2328016490275,false,load_plus_tolerant_growth_context,linked_global,coculture,A2780Naive+A2780cis,20k,1.0,75-25,sensitive
5.0,1098.7666666666667,1041.186996531161,false,load_plus_tolerant_growth_context,linked_global,coculture,A2780Naive+A2780cis,20k,1.0,75-25,sensitive
6.0,1222.9466666666665,1200.2037505571907,false,load_plus_tolerant_growth_context,linked_global,coculture,A2780Naive+A2780cis,20k,1.0,75-25,sensitive
7.0,1636.885,1288.2745326556562,false,load_plus_tolerant_growth_context,linked_global,coculture,A2780Naive+A2780cis,20k,1.0,75-25,sensitive
8.0,1417.09,1335.9342795346263,false,load_plus_tolerant_growth_context,linked_global,coculture,A2780Naive+A2780cis,20k,1.0,75-25,sensitive
9.0,1830.3733333333337,1350.5478749084725,false,load_plus_tolerant_growth_context,linked_global,coculture,A2780Naive+A2780cis,20k,1.0,75-25,sensitive
10.0,2137.61,1332.8567671407056,false,load_plus_tolerant_growth_context,linked_global,coculture,A2780Naive+A2780cis,20k,1.0,75-25,sensitive
11.0,2132.978333333333,1287.3852992983443,false,load_plus_tolerant_growth_context,linked_global,coculture,A2780Naive+A2780cis,20k,1.0,75-25,sensitive
12.0,1500.195,1220.2291384044934,false,load_plus_tolerant_growth_context,linked_global,coculture,A2780Naive+A2780cis,20k,1.0,75-25,sensitive
13.0,1762.6516666666669,1139.419310322677,false,load_plus_tolerant_growth_context,linked_global,coculture,A2780Naive+A2780cis,20k,1.0,75-25,sensitive
14.0,1454.5266666666666,1053.3043506997076,false,load_plus_tolerant_growth_context,linked_global,coculture,A2780Naive+A2780cis,20k,1.0,75-25,sensitive
0.0,16.75,16.75,true,load_plus_tolerant_growth_context,linked_global,coculture,A2780Naive+A2780cis,20k,1.0,75-25,resistant
1.0,26.93166666666667,19.00483073251722,false,load_plus_tolerant_growth_context,linked_global,coculture,A2780Naive+A2780cis,20k,1.0,75-25,resistant
2.0,42.105,26.590683292896742,false,load_plus_tolerant_growth_context,linked_global,coculture,A2780Naive+A2780cis,20k,1.0,75-25,resistant
3.0,64.44166666666668,42.47838442170399,false,load_plus_tolerant_growth_context,linked_global,coculture,A2780Naive+A2780cis,20k,1.0,75-25,resistant
4.0,128.0016666666667,71.70744680173024,false,load_plus_tolerant_growth_context,linked_global,coculture,A2780Naive+A2780cis,20k,1.0,75-25,resistant
5.0,186.15166666666664,122.17701113231239,false,load_plus_tolerant_growth_context,linked_global,coculture,A2780Naive+A2780cis,20k,1.0,75-25,resistant
6.0,262.3983333333333,205.9084638229669,false,load_plus_tolerant_growth_context,linked_global,coculture,A2780Naive+A2780cis,20k,1.0,75-25,resistant
7.0,430.875,327.17003721803417,false,load_plus_tolerant_growth_context,linked_global,coculture,A2780Naive+A2780cis,20k,1.0,75-25,resistant
8.0,525.69,324.7638205257783,false,load_plus_tolerant_growth_context,linked_global,coculture,A2780Naive+A2780cis,20k,1.0,75-25,resistant
9.0,900.48,489.84322581471446,false,load_plus_tolerant_growth_context,linked_global,coculture,A2780Naive+A2780cis,20k,1.0,75-25,resistant
10.0,1261.5033333333333,738.3362931418673,false,load_plus_tolerant_growth_context,linked_global,coculture,A2780Naive+A2780cis,20k,1.0,75-25,resistant
11.0,1896.801666666667,1050.069198867589,false,load_plus_tolerant_growth_context,linked_global,coculture,A2780Naive+A2780cis,20k,1.0,75-25,resistant
12.0,1271.0700000000004,1389.9283892011738,false,load_plus_tolerant_growth_context,linked_global,coculture,A2780Naive+A2780cis,20k,1.0,75-25,resistant
13.0,2274.6516666666666,1713.413150674898,false,load_plus_tolerant_growth_context,linked_global,coculture,A2780Naive+A2780cis,20k,1.0,75-25,resistant
14.0,1507.9783333333335,1989.845349790041,false,load_plus_tolerant_growth_context,linked_global,coculture,A2780Naive+A2780cis,20k,1.0,75-25,resistant
0.0,25.0,25.0,true,load_plus_tolerant_growth_context,linked_global,coculture,A2780Naive+A2780cis,30k,1.0,25-75,sensitive
1.0,92.28666666666668,39.20088838503001,false,load_plus_tolerant_growth_context,linked_global,coculture,A2780Naive+A2780cis,30k,1.0,25-75,sensitive
2.0,166.93666666666667,92.25161111645669,false,load_plus_tolerant_growth_context,linked_global,coculture,A2780Naive+A2780cis,30k,1.0,25-75,sensitive
3.0,254.01833333333335,211.39184254729878,false,load_plus_tolerant_growth_context,linked_global,coculture,A2780Naive+A2780cis,30k,1.0,25-75,sensitive
4.0,304.3333333333333,363.77937189835393,false,load_plus_tolerant_growth_context,linked_global,coculture,A2780Naive+A2780cis,30k,1.0,25-75,sensitive
5.0,467.26833333333326,500.8099180069398,false,load_plus_tolerant_growth_context,linked_global,coculture,A2780Naive+A2780cis,30k,1.0,25-75,sensitive
6.0,478.9883333333334,591.81737313726,false,load_plus_tolerant_growth_context,linked_global,coculture,A2780Naive+A2780cis,30k,1.0,25-75,sensitive
7.0,644.6283333333333,628.1390035945132,false,load_plus_tolerant_growth_context,linked_global,coculture,A2780Naive+A2780cis,30k,1.0,25-75,sensitive
8.0,433.00666666666666,649.9139747867786,false,load_plus_tolerant_growth_context,linked_global,coculture,A2780Naive+A2780cis,30k,1.0,25-75,sensitive
9.0,360.13166666666666,645.9722954099165,false,load_plus_tolerant_growth_context,linked_global,coculture,A2780Naive+A2780cis,30k,1.0,25-75,sensitive
10.0,420.3900000000001,613.5489673239715,false,load_plus_tolerant_growth_context,linked_global,coculture,A2780Naive+A2780cis,30k,1.0,25-75,sensitive
11.0,492.47499999999997,566.5326315846474,false,load_plus_tolerant_growth_context,linked_global,coculture,A2780Naive+A2780cis,30k,1.0,25-75,sensitive
12.0,788.84,515.5015033058808,false,load_plus_tolerant_growth_context,linked_global,coculture,A2780Naive+A2780cis,30k,1.0,25-75,sensitive
13.0,1077.7166666666667,465.8822481630541,false,load_plus_tolerant_growth_context,linked_global,coculture,A2780Naive+A2780cis,30k,1.0,25-75,sensitive
14.0,921.545,419.8239298541518,false,load_plus_tolerant_growth_context,linked_global,coculture,A2780Naive+A2780cis,30k,1.0,25-75,sensitive
0.0,75.0,75.0,true,load_plus_tolerant_growth_context,linked_global,coculture,A2780Naive+A2780cis,30k,1.0,25-75,resistant
1.0,87.41333333333334,85.02730824658785,false,load_plus_tolerant_growth_context,linked_global,coculture,A2780Naive+A2780cis,30k,1.0,25-75,resistant
2.0,146.07000000000002,119.15562752877545,false,load_plus_tolerant_growth_context,linked_global,coculture,A2780Naive+A2780cis,30k,1.0,25-75,resistant
3.0,261.51,193.50554073367147,false,load_plus_tolerant_growth_context,linked_global,coculture,A2780Naive+A2780cis,30k,1.0,25-75,resistant
4.0,490.7949999999999,339.0499151705992,false,load_plus_tolerant_growth_context,linked_global,coculture,A2780Naive+A2780cis,30k,1.0,25-75,resistant
5.0,872.2133333333333,599.6177986832565,false,load_plus_tolerant_growth_context,linked_global,coculture,A2780Naive+A2780cis,30k,1.0,25-75,resistant
6.0,1398.1966666666667,1008.3592254476598,false,load_plus_tolerant_growth_context,linked_global,coculture,A2780Naive+A2780cis,30k,1.0,25-75,resistant
7.0,2656.3349999999996,1475.2159767442904,false,load_plus_tolerant_growth_context,linked_global,coculture,A2780Naive+A2780cis,30k,1.0,25-75,resistant
8.0,2187.6316666666667,1352.814168879624,false,load_plus_tolerant_growth_context,linked_global,coculture,A2780Naive+A2780cis,30k,1.0,25-75,resistant
9.0,3209.313333333333,1814.1168830544811,false,load_plus_tolerant_growth_context,linked_global,coculture,A2780Naive+A2780cis,30k,1.0,25-75,resistant
10.0,3193.9033333333336,2247.7966689475707,false,load_plus_tolerant_growth_context,linked_global,coculture,A2780Naive+A2780cis,30k,1.0,25-75,resistant
11.0,3624.1133333333332,2555.9845249603122,false,load_plus_tolerant_growth_context,linked_global,coculture,A2780Naive+A2780cis,30k,1.0,25-75,resistant
12.0,2743.473333333334,2758.533474430647,false,load_plus_tolerant_growth_context,linked_global,coculture,A2780Naive+A2780cis,30k,1.0,25-75,resistant
13.0,3918.6783333333333,2895.9817273646067,false,load_plus_tolerant_growth_context,linked_global,coculture,A2780Naive+A2780cis,30k,1.0,25-75,resistant
14.0,3231.2383333333332,2997.295430865353,false,load_plus_tolerant_growth_context,linked_global,coculture,A2780Naive+A2780cis,30k,1.0,25-75,resistant
0.0,50.0,50.0,true,load_plus_tolerant_growth_context,linked_global,coculture,A2780Naive+A2780cis,30k,1.0,50-50,sensitive
1.0,165.45833333333334,77.06414077380926,false,load_plus_tolerant_growth_context,linked_global,coculture,A2780Naive+A2780cis,30k,1.0,50-50,sensitive
2.0,282.01500000000004,172.64170559319157,false,load_plus_tolerant_growth_context,linked_global,coculture,A2780Naive+A2780cis,30k,1.0,50-50,sensitive
3.0,432.8383333333333,365.7813012014849,false,load_plus_tolerant_growth_context,linked_global,coculture,A2780Naive+A2780cis,30k,1.0,50-50,sensitive
4.0,607.8166666666667,583.2172521662785,false,load_plus_tolerant_growth_context,linked_global,coculture,A2780Naive+A2780cis,30k,1.0,50-50,sensitive
5.0,879.0050000000001,760.563036687468,false,load_plus_tolerant_growth_context,linked_global,coculture,A2780Naive+A2780cis,30k,1.0,50-50,sensitive
6.0,947.1116666666667,874.6028780010231,false,load_plus_tolerant_growth_context,linked_global,coculture,A2780Naive+A2780cis,30k,1.0,50-50,sensitive
7.0,1412.7849999999999,925.0562138180146,false,load_plus_tolerant_growth_context,linked_global,coculture,A2780Naive+A2780cis,30k,1.0,50-50,sensitive
8.0,1018.185,951.8507401726729,false,load_plus_tolerant_growth_context,linked_global,coculture,A2780Naive+A2780cis,30k,1.0,50-50,sensitive
9.0,1172.4866666666667,948.5034476410892,false,load_plus_tolerant_growth_context,linked_global,coculture,A2780Naive+A2780cis,30k,1.0,50-50,sensitive
10.0,1294.5683333333334,910.9757282645959,false,load_plus_tolerant_growth_context,linked_global,coculture,A2780Naive+A2780cis,30k,1.0,50-50,sensitive
11.0,1082.5033333333333,850.9036497774814,false,load_plus_tolerant_growth_context,linked_global,coculture,A2780Naive+A2780cis,30k,1.0,50-50,sensitive
12.0,1456.9150000000002,780.3941935343909,false,load_plus_tolerant_growth_context,linked_global,coculture,A2780Naive+A2780cis,30k,1.0,50-50,sensitive
13.0,1700.3266666666666,708.1284380010502,false,load_plus_tolerant_growth_context,linked_global,coculture,A2780Naive+A2780cis,30k,1.0,50-50,sensitive
14.0,1370.07,638.9498145384403,false,load_plus_tolerant_growth_context,linked_global,coculture,A2780Naive+A2780cis,30k,1.0,50-50,sensitive
0.0,50.0,50.0,true,load_plus_tolerant_growth_context,linked_global,coculture,A2780Naive+A2780cis,30k,1.0,50-50,resistant
1.0,53.36166666666666,56.64540893310637,false,load_plus_tolerant_growth_context,linked_global,coculture,A2780Naive+A2780cis,30k,1.0,50-50,resistant
2.0,85.83833333333332,78.99159081490492,false,load_plus_tolerant_growth_context,linked_global,coculture,A2780Naive+A2780cis,30k,1.0,50-50,resistant
3.0,136.93666666666667,126.08157529553023,false,load_plus_tolerant_growth_context,linked_global,coculture,A2780Naive+A2780cis,30k,1.0,50-50,resistant
4.0,278.0416666666667,213.6863965921529,false,load_plus_tolerant_growth_context,linked_global,coculture,A2780Naive+A2780cis,30k,1.0,50-50,resistant
5.0,439.5783333333333,364.138548921836,false,load_plus_tolerant_growth_context,linked_global,coculture,A2780Naive+A2780cis,30k,1.0,50-50,resistant
6.0,738.2216666666667,601.3266196623699,false,load_plus_tolerant_growth_context,linked_global,coculture,A2780Naive+A2780cis,30k,1.0,50-50,resistant
7.0,1333.6733333333334,899.0923168032892,false,load_plus_tolerant_growth_context,linked_global,coculture,A2780Naive+A2780cis,30k,1.0,50-50,resistant
8.0,1333.7316666666666,838.5289440768212,false,load_plus_tolerant_growth_context,linked_global,coculture,A2780Naive+A2780cis,30k,1.0,50-50,resistant
9.0,2235.375,1171.3697133588132,false,load_plus_tolerant_growth_context,linked_global,coculture,A2780Naive+A2780cis,30k,1.0,50-50,resistant
10.0,2239.6666666666665,1558.8283087731866,false,load_plus_tolerant_growth_context,linked_global,coculture,A2780Naive+A2780cis,30k,1.0,50-50,resistant
11.0,2711.556666666667,1913.037453598573,false,load_plus_tolerant_growth_context,linked_global,coculture,A2780Naive+A2780cis,30k,1.0,50-50,resistant
12.0,2136.7833333333333,2200.128080064177,false,load_plus_tolerant_growth_context,linked_global,coculture,A2780Naive+A2780cis,30k,1.0,50-50,resistant
13.0,3352.3216666666667,2421.146221446022,false,load_plus_tolerant_growth_context,linked_global,coculture,A2780Naive+A2780cis,30k,1.0,50-50,resistant
14.0,2315.278333333333,2591.8697946564416,false,load_plus_tolerant_growth_context,linked_global,coculture,A2780Naive+A2780cis,30k,1.0,50-50,resistant
0.0,75.0,75.0,true,load_plus_tolerant_growth_context,linked_global,coculture,A2780Naive+A2780cis,30k,1.0,75-25,sensitive
1.0,218.08333333333334,113.8945805486226,false,load_plus_tolerant_growth_context,linked_global,coculture,A2780Naive+A2780cis,30k,1.0,75-25,sensitive
2.0,356.52833333333336,245.6176764172827,false,load_plus_tolerant_growth_context,linked_global,coculture,A2780Naive+A2780cis,30k,1.0,75-25,sensitive
3.0,545.945,492.99637046009934,false,load_plus_tolerant_growth_context,linked_global,coculture,A2780Naive+A2780cis,30k,1.0,75-25,sensitive
4.0,755.7766666666666,749.3523953547331,false,load_plus_tolerant_growth_context,linked_global,coculture,A2780Naive+A2780cis,30k,1.0,75-25,sensitive
5.0,1013.1566666666666,946.7806870781424,false,load_plus_tolerant_growth_context,linked_global,coculture,A2780Naive+A2780cis,30k,1.0,75-25,sensitive
6.0,1191.6316666666664,1073.5581529933531,false,load_plus_tolerant_growth_context,linked_global,coculture,A2780Naive+A2780cis,30k,1.0,75-25,sensitive
7.0,1758.6866666666667,1138.606340165213,false,load_plus_tolerant_growth_context,linked_global,coculture,A2780Naive+A2780cis,30k,1.0,75-25,sensitive
8.0,1400.4566666666667,1173.1022333009794,false,load_plus_tolerant_growth_context,linked_global,coculture,A2780Naive+A2780cis,30k,1.0,75-25,sensitive
9.0,1660.7133333333334,1178.7031352842018,false,load_plus_tolerant_growth_context,linked_global,coculture,A2780Naive+A2780cis,30k,1.0,75-25,sensitive
10.0,2107.1266666666666,1153.1248925752998,false,load_plus_tolerant_growth_context,linked_global,coculture,A2780Naive+A2780cis,30k,1.0,75-25,sensitive
11.0,1744.1750000000002,1101.287451936399,false,load_plus_tolerant_growth_context,linked_global,coculture,A2780Naive+A2780cis,30k,1.0,75-25,sensitive
12.0,1827.7083333333333,1030.3223139188713,false,load_plus_tolerant_growth_context,linked_global,coculture,A2780Naive+A2780cis,30k,1.0,75-25,sensitive
13.0,1923.9083333333335,948.539158079891,false,load_plus_tolerant_growth_context,linked_global,coculture,A2780Naive+A2780cis,30k,1.0,75-25,sensitive
14.0,1647.07,863.5256758393238,false,load_plus_tolerant_growth_context,linked_global,coculture,A2780Naive+A2780cis,30k,1.0,75-25,sensitive
0.0,25.0,25.0,true,load_plus_tolerant_growth_context,linked_global,coculture,A2780Naive+A2780cis,30k,1.0,75-25,resistant
1.0,28.45,28.30378510493297,false,load_plus_tolerant_growth_context,linked_global,coculture,A2780Naive+A2780cis,30k,1.0,75-25,resistant
2.0,45.685,39.296234755641336,false,load_plus_tolerant_growth_context,linked_global,coculture,A2780Naive+A2780cis,30k,1.0,75-25,resistant
3.0,72.71833333333332,61.85554640515732,false,load_plus_tolerant_growth_context,linked_global,coculture,A2780Naive+A2780cis,30k,1.0,75-25,resistant
4.0,127.53333333333332,102.37524890742267,false,load_plus_tolerant_growth_context,linked_global,coculture,A2780Naive+A2780cis,30k,1.0,75-25,resistant
5.0,211.36,170.51942085718377,false,load_plus_tolerant_growth_context,linked_global,coculture,A2780Naive+A2780cis,30k,1.0,75-25,resistant
6.0,311.8583333333333,279.93405604274506,false,load_plus_tolerant_growth_context,linked_global,coculture,A2780Naive+A2780cis,30k,1.0,75-25,resistant
7.0,585.2883333333333,429.99682278804573,false,load_plus_tolerant_growth_context,linked_global,coculture,A2780Naive+A2780cis,30k,1.0,75-25,resistant
8.0,720.1316666666667,411.58301653270445,false,load_plus_tolerant_growth_context,linked_global,coculture,A2780Naive+A2780cis,30k,1.0,75-25,resistant
9.0,1168.5216666666668,603.5152206944247,false,load_plus_tolerant_growth_context,linked_global,coculture,A2780Naive+A2780cis,30k,1.0,75-25,resistant
10.0,1358.1716666666664,875.6102085080553,false,load_plus_tolerant_growth_context,linked_global,coculture,A2780Naive+A2780cis,30k,1.0,75-25,resistant
11.0,1719.3033333333333,1196.432827957997,false,load_plus_tolerant_growth_context,linked_global,coculture,A2780Naive+A2780cis,30k,1.0,75-25,resistant
12.0,1458.7166666666665,1528.6689404344665,false,load_plus_tolerant_growth_context,linked_global,coculture,A2780Naive+A2780cis,30k,1.0,75-25,resistant
13.0,2386.6633333333334,1835.7271892892622,false,load_plus_tolerant_growth_context,linked_global,coculture,A2780Naive+A2780cis,30k,1.0,75-25,resistant
14.0,1738.6666666666667,2097.580452055486,false,load_plus_tolerant_growth_context,linked_global,coculture,A2780Naive+A2780cis,30k,1.0,75-25,resistant
0.0,67.0,67.0,true,fully_free_context_diagnostic,linked_global,monoculture,A2780Naive,20k,0.67,,total
1.0,305.18962200000004,139.44413145280134,false,fully_free_context_diagnostic,linked_global,monoculture,A2780Naive,20k,0.67,,total
2.0,465.63738433333333,400.2077942625983,false,fully_free_context_diagnostic,linked_global,monoculture,A2780Naive,20k,0.67,,total
3.0,790.214892,955.8378157196414,false,fully_free_context_diagnostic,linked_global,monoculture,A2780Naive,20k,0.67,,total
4.0,880.948534,1673.9127481736741,false,fully_free_context_diagnostic,linked_global,monoculture,A2780Naive,20k,0.67,,total
5.0,1277.0010803333332,2320.2120910135623,false,fully_free_context_diagnostic,linked_global,monoculture,A2780Naive,20k,0.67,,total
6.0,1612.01223,2776.265861212305,false,fully_free_context_diagnostic,linked_global,monoculture,A2780Naive,20k,0.67,,total
7.0,2016.4244216666668,3052.295391073267,false,fully_free_context_diagnostic,linked_global,monoculture,A2780Naive,20k,0.67,,total
8.0,2081.411111,3204.363279036655,false,fully_free_context_diagnostic,linked_global,monoculture,A2780Naive,20k,0.67,,total
9.0,2395.0547066666663,3283.2124107568193,false,fully_free_context_diagnostic,linked_global,monoculture,A2780Naive,20k,0.67,,total
10.0,2537.1984183333334,3322.276019567037,false,fully_free_context_diagnostic,linked_global,monoculture,A2780Naive,20k,0.67,,total
11.0,3073.8874999999994,3340.801053358435,false,fully_free_context_diagnostic,linked_global,monoculture,A2780Naive,20k,0.67,,total
12.0,3042.368325666667,3349.122055326701,false,fully_free_context_diagnostic,linked_global,monoculture,A2780Naive,20k,0.67,,total
13.0,3537.7463733333334,3352.558193290833,false,fully_free_context_diagnostic,linked_global,monoculture,A2780Naive,20k,0.67,,total
14.0,3458.3808643333336,3353.7606989022106,false,fully_free_context_diagnostic,linked_global,monoculture,A2780Naive,20k,0.67,,total
0.0,67.0,67.0,true,fully_free_context_diagnostic,linked_global,monoculture,A2780Naive,20k,1.0,,total
1.0,164.83707566666666,139.44413145280134,false,fully_free_context_diagnostic,linked_global,monoculture,A2780Naive,20k,1.0,,total
2.0,310.328588,400.2077942625983,false,fully_free_context_diagnostic,linked_global,monoculture,A2780Naive,20k,1.0,,total
3.0,498.45925933333325,926.5349641212592,false,fully_free_context_diagnostic,linked_global,monoculture,A2780Naive,20k,1.0,,total
4.0,690.7097223333334,1405.1676952143591,false,fully_free_context_diagnostic,linked_global,monoculture,A2780Naive,20k,1.0,,total
5.0,804.9089893333334,1648.9912786805376,false,fully_free_context_diagnostic,linked_global,monoculture,A2780Naive,20k,1.0,,total
6.0,1188.2886573333333,1710.4734249351782,false,fully_free_context_diagnostic,linked_global,monoculture,A2780Naive,20k,1.0,,total
7.0,1563.5381556666664,1685.212442298369,false,fully_free_context_diagnostic,linked_global,monoculture,A2780Naive,20k,1.0,,total
8.0,1634.130247,1632.804806351948,false,fully_free_context_diagnostic,linked_global,monoculture,A2780Naive,20k,1.0,,total
9.0,1556.192554,1579.7879618080508,false,fully_free_context_diagnostic,linked_global,monoculture,A2780Naive,20k,1.0,,total
10.0,1522.992284,1535.2441329772762,false,fully_free_context_diagnostic,linked_global,monoculture,A2780Naive,20k,1.0,,total
11.0,1608.247685333333,1500.780624165098,false,fully_free_context_diagnostic,linked_global,monoculture,A2780Naive,20k,1.0,,total
12.0,1500.9281636666667,1475.2918233482849,false,fully_free_context_diagnostic,linked_global,monoculture,A2780Naive,20k,1.0,,total
13.0,2011.2254243333334,1456.964497615845,false,fully_free_context_diagnostic,linked_global,monoculture,A2780Naive,20k,1.0,,total
14.0,2445.406712666667,1444.0405881778947,false,fully_free_context_diagnostic,linked_global,monoculture,A2780Naive,20k,1.0,,total
0.0,67.0,67.0,true,fully_free_context_diagnostic,linked_global,monoculture,A2780Naive,20k,1.47,,total
1.0,470.381366,139.44413145280134,false,fully_free_context_diagnostic,linked_global,monoculture,A2780Naive,20k,1.47,,total
2.0,658.348264,400.2077942625983,false,fully_free_context_diagnostic,linked_global,monoculture,A2780Naive,20k,1.47,,total
3.0,910.885918,883.2308433713287,false,fully_free_context_diagnostic,linked_global,monoculture,A2780Naive,20k,1.47,,total
4.0,928.761304,1070.996113589469,false,fully_free_context_diagnostic,linked_global,monoculture,A2780Naive,20k,1.47,,total
5.0,914.7665896666667,958.0388856840975,false,fully_free_context_diagnostic,linked_global,monoculture,A2780Naive,20k,1.47,,total
6.0,867.7298226666667,769.8031719615367,false,fully_free_context_diagnostic,linked_global,monoculture,A2780Naive,20k,1.47,,total
7.0,681.9129633333333,607.2749961692323,false,fully_free_context_diagnostic,linked_global,monoculture,A2780Naive,20k,1.47,,total
8.0,481.738503,487.56801886275673,false,fully_free_context_diagnostic,linked_global,monoculture,A2780Naive,20k,1.47,,total
9.0,333.6756173333333,403.2706024889512,false,fully_free_context_diagnostic,linked_global,monoculture,A2780Naive,20k,1.47,,total
10.0,232.34174399999998,344.2160665716188,false,fully_free_context_diagnostic,linked_global,monoculture,A2780Naive,20k,1.47,,total
11.0,155.3204476666667,302.4545501481037,false,fully_free_context_diagnostic,linked_global,monoculture,A2780Naive,20k,1.47,,total
12.0,103.907562,272.50522153012815,false,fully_free_context_diagnostic,linked_global,monoculture,A2780Naive,20k,1.47,,total
13.0,71.52523133333334,250.7139477365699,false,fully_free_context_diagnostic,linked_global,monoculture,A2780Naive,20k,1.47,,total
14.0,36.60995366666666,234.64699838202134,false,fully_free_context_diagnostic,linked_global,monoculture,A2780Naive,20k,1.47,,total
0.0,100.0,100.0,true,fully_free_context_diagnostic,linked_global,monoculture,A2780Naive,30k,0.67,,total
1.0,507.5015816666667,184.6638106315886,false,fully_free_context_diagnostic,linked_global,monoculture,A2780Naive,30k,0.67,,total
2.0,801.887693,451.80602484427067,false,fully_free_context_diagnostic,linked_global,monoculture,A2780Naive,30k,0.67,,total
3.0,1336.278318,972.8545554241963,false,fully_free_context_diagnostic,linked_global,monoculture,A2780Naive,30k,0.67,,total
4.0,1623.1049383333336,1622.7079512807272,false,fully_free_context_diagnostic,linked_global,monoculture,A2780Naive,30k,0.67,,total
5.0,2076.8491126666668,2215.7867583873026,false,fully_free_context_diagnostic,linked_global,monoculture,A2780Naive,30k,0.67,,total
6.0,2482.367592666667,2654.0895193253195,false,fully_free_context_diagnostic,linked_global,monoculture,A2780Naive,30k,0.67,,total
7.0,2895.899845666667,2936.8387971475113,false,fully_free_context_diagnostic,linked_global,monoculture,A2780Naive,30k,0.67,,total
8.0,2949.133024666667,3104.496847714776,false,fully_free_context_diagnostic,linked_global,monoculture,A2780Naive,30k,0.67,,total
9.0,3220.295872,3198.837720427457,false,fully_free_context_diagnostic,linked_global,monoculture,A2780Naive,30k,0.67,,total
10.0,2758.7708333333335,3250.1251852784426,false,fully_free_context_diagnostic,linked_global,monoculture,A2780Naive,30k,0.67,,total
11.0,3434.9652003333335,3277.3012423933014,false,fully_free_context_diagnostic,linked_global,monoculture,A2780Naive,30k,0.67,,total
12.0,3115.501775,3291.377103585489,false,fully_free_context_diagnostic,linked_global,monoculture,A2780Naive,30k,0.67,,total
13.0,3633.6489583333337,3298.4930378453155,false,fully_free_context_diagnostic,linked_global,monoculture,A2780Naive,30k,0.67,,total
14.0,3423.783179,3301.984244063277,false,fully_free_context_diagnostic,linked_global,monoculture,A2780Naive,30k,0.67,,total
0.0,100.0,100.0,true,fully_free_context_diagnostic,linked_global,monoculture,A2780Naive,30k,1.0,,total
1.0,277.1990353333333,184.6638106315886,false,fully_free_context_diagnostic,linked_global,monoculture,A2780Naive,30k,1.0,,total
2.0,512.5472606666666,451.80602484427067,false,fully_free_context_diagnostic,linked_global,monoculture,A2780Naive,30k,1.0,,total
3.0,810.4685956666666,945.6238854468671,false,fully_free_context_diagnostic,linked_global,monoculture,A2780Naive,30k,1.0,,total
4.0,1072.5972223333333,1380.5291109151908,false,fully_free_context_diagnostic,linked_global,monoculture,A2780Naive,30k,1.0,,total
5.0,1220.3375386666667,1609.2682672974042,false,fully_free_context_diagnostic,linked_global,monoculture,A2780Naive,30k,1.0,,total
6.0,1524.2378856666667,1676.7631492640849,false,fully_free_context_diagnostic,linked_global,monoculture,A2780Naive,30k,1.0,,total
7.0,1784.3173613333336,1662.9484329761005,false,fully_free_context_diagnostic,linked_global,monoculture,A2780Naive,30k,1.0,,total
8.0,1754.768094,1620.2209452377133,false,fully_free_context_diagnostic,linked_global,monoculture,A2780Naive,30k,1.0,,total
9.0,1630.9435183333335,1573.6475348341396,false,fully_free_context_diagnostic,linked_global,monoculture,A2780Naive,30k,1.0,,total
10.0,1765.6959490000002,1532.829613941257,false,fully_free_context_diagnostic,linked_global,monoculture,A2780Naive,30k,1.0,,total
11.0,1797.057716,1500.2347839797242,false,fully_free_context_diagnostic,linked_global,monoculture,A2780Naive,30k,1.0,,total
12.0,1664.883989,1475.4723588487125,false,fully_free_context_diagnostic,linked_global,monoculture,A2780Naive,30k,1.0,,total
13.0,1869.5183256666667,1457.2263012044264,false,fully_free_context_diagnostic,linked_global,monoculture,A2780Naive,30k,1.0,,total
14.0,2521.7536263333336,1444.0563410760242,false,fully_free_context_diagnostic,linked_global,monoculture,A2780Naive,30k,1.0,,total
0.0,100.0,100.0,true,fully_free_context_diagnostic,linked_global,monoculture,A2780Naive,30k,1.47,,total
1.0,683.0949846666667,184.6638106315886,false,fully_free_context_diagnostic,linked_global,monoculture,A2780Naive,30k,1.47,,total
2.0,962.59946,451.80602484427067,false,fully_free_context_diagnostic,linked_global,monoculture,A2780Naive,30k,1.47,,total
3.0,1293.4153163333333,905.2452795579155,false,fully_free_context_diagnostic,linked_global,monoculture,A2780Naive,30k,1.47,,total
4.0,1242.3761956666667,1074.686597498342,false,fully_free_context_diagnostic,linked_global,monoculture,A2780Naive,30k,1.47,,total
5.0,1196.6721066666667,970.0602278169712,false,fully_free_context_diagnostic,linked_global,monoculture,A2780Naive,30k,1.47,,total
6.0,1151.6981093333334,791.6967637306476,false,fully_free_context_diagnostic,linked_global,monoculture,A2780Naive,30k,1.47,,total
7.0,908.6366510000001,633.3987978842997,false,fully_free_context_diagnostic,linked_global,monoculture,A2780Naive,30k,1.47,,total
8.0,684.2957563333333,513.9665090398457,false,fully_free_context_diagnostic,linked_global,monoculture,A2780Naive,30k,1.47,,total
9.0,451.471335,428.17224293141504,false,fully_free_context_diagnostic,linked_global,monoculture,A2780Naive,30k,1.47,,total
10.0,351.6421293333333,367.07218084943946,false,fully_free_context_diagnostic,linked_global,monoculture,A2780Naive,30k,1.47,,total
11.0,239.04888100000002,323.2566404414275,false,fully_free_context_diagnostic,linked_global,monoculture,A2780Naive,30k,1.47,,total
12.0,153.48256166666667,291.44472769456024,false,fully_free_context_diagnostic,linked_global,monoculture,A2780Naive,30k,1.47,,total
13.0,115.12735333333332,268.03412901848617,false,fully_free_context_diagnostic,linked_global,monoculture,A2780Naive,30k,1.47,,total
14.0,60.396604999999994,250.5846997196175,false,fully_free_context_diagnostic,linked_global,monoculture,A2780Naive,30k,1.47,,total
0.0,67.0,67.0,true,fully_free_context_diagnostic,linked_global,monoculture,A2780cis,20k,0.67,,total
1.0,79.832716,75.98203915056217,false,fully_free_context_diagnostic,linked_global,monoculture,A2780cis,20k,0.67,,total
2.0,136.68186733333332,107.07175401092047,false,fully_free_context_diagnostic,linked_global,monoculture,A2780cis,20k,0.67,,total
3.0,256.032137,178.67199224995517,false,fully_free_context_diagnostic,linked_global,monoculture,A2780cis,20k,0.67,,total
4.0,551.4876543333334,336.23117582625093,false,fully_free_context_diagnostic,linked_global,monoculture,A2780cis,20k,0.67,,total
5.0,932.248611,671.1380289948422,false,fully_free_context_diagnostic,linked_global,monoculture,A2780cis,20k,0.67,,total
6.0,1630.1435956666667,1299.824259968434,false,fully_free_context_diagnostic,linked_global,monoculture,A2780cis,20k,0.67,,total
7.0,2349.2489583333336,2153.396007237744,false,fully_free_context_diagnostic,linked_global,monoculture,A2780cis,20k,0.67,,total
8.0,2344.200308666667,2737.091157786833,false,fully_free_context_diagnostic,linked_global,monoculture,A2780cis,20k,0.67,,total
9.0,3261.814429,3135.8280514022567,false,fully_free_context_diagnostic,linked_global,monoculture,A2780cis,20k,0.67,,total
10.0,2744.403163333333,3365.8891035565525,false,fully_free_context_diagnostic,linked_global,monoculture,A2780cis,20k,0.67,,total
11.0,3624.0109566666665,3493.5387458116898,false,fully_free_context_diagnostic,linked_global,monoculture,A2780cis,20k,0.67,,total
12.0,2656.8393906666665,3568.8082167880575,false,fully_free_context_diagnostic,linked_global,monoculture,A2780cis,20k,0.67,,total
13.0,3902.5750386666664,3617.832419380024,false,fully_free_context_diagnostic,linked_global,monoculture,A2780cis,20k,0.67,,total
14.0,2987.771682,3652.557509383672,false,fully_free_context_diagnostic,linked_global,monoculture,A2780cis,20k,0.67,,total
0.0,67.0,67.0,true,fully_free_context_diagnostic,linked_global,monoculture,A2780cis,20k,1.0,,total
1.0,82.57476866666666,75.98203915056217,false,fully_free_context_diagnostic,linked_global,monoculture,A2780cis,20k,1.0,,total
2.0,153.74926733333334,107.07175401092047,false,fully_free_context_diagnostic,linked_global,monoculture,A2780cis,20k,1.0,,total
3.0,298.6227236666667,178.67199224995517,false,fully_free_context_diagnostic,linked_global,monoculture,A2780cis,20k,1.0,,total
4.0,584.2937496666667,336.23117582625093,false,fully_free_context_diagnostic,linked_global,monoculture,A2780cis,20k,1.0,,total
5.0,1028.8575233333333,671.1380289948422,false,fully_free_context_diagnostic,linked_global,monoculture,A2780cis,20k,1.0,,total
6.0,1728.4681713333332,1299.824259968434,false,fully_free_context_diagnostic,linked_global,monoculture,A2780cis,20k,1.0,,total
7.0,2346.5103780000004,1925.4757009912364,false,fully_free_context_diagnostic,linked_global,monoculture,A2780cis,20k,1.0,,total
8.0,2305.3690973333332,1919.979192157517,false,fully_free_context_diagnostic,linked_global,monoculture,A2780cis,20k,1.0,,total
9.0,3049.6326773333335,2465.8418178264387,false,fully_free_context_diagnostic,linked_global,monoculture,A2780cis,20k,1.0,,total
10.0,3134.858873333333,2899.390680910151,false,fully_free_context_diagnostic,linked_global,monoculture,A2780cis,20k,1.0,,total
11.0,3720.5385029999998,3133.5697772947733,false,fully_free_context_diagnostic,linked_global,monoculture,A2780cis,20k,1.0,,total
12.0,2824.6677086666664,3241.069898988149,false,fully_free_context_diagnostic,linked_global,monoculture,A2780cis,20k,1.0,,total
13.0,3906.9917053333334,3288.5833819554095,false,fully_free_context_diagnostic,linked_global,monoculture,A2780cis,20k,1.0,,total
14.0,4011.9759260000005,3310.6987391950856,false,fully_free_context_diagnostic,linked_global,monoculture,A2780cis,20k,1.0,,total
0.0,67.0,67.0,true,fully_free_context_diagnostic,linked_global,monoculture,A2780cis,20k,1.47,,total
1.0,66.07534733333334,75.98203915056217,false,fully_free_context_diagnostic,linked_global,monoculture,A2780cis,20k,1.47,,total
2.0,136.019406,107.07175401092047,false,fully_free_context_diagnostic,linked_global,monoculture,A2780cis,20k,1.47,,total
3.0,262.4119983333333,178.67199224995517,false,fully_free_context_diagnostic,linked_global,monoculture,A2780cis,20k,1.47,,total
4.0,627.1851849999999,336.23117582625093,false,fully_free_context_diagnostic,linked_global,monoculture,A2780cis,20k,1.47,,total
5.0,1055.7064813333334,671.1380289948422,false,fully_free_context_diagnostic,linked_global,monoculture,A2780cis,20k,1.47,,total
6.0,1644.4327546666666,1299.824259968434,false,fully_free_context_diagnostic,linked_global,monoculture,A2780cis,20k,1.47,,total
7.0,1888.7926696666666,1785.9234184383122,false,fully_free_context_diagnostic,linked_global,monoculture,A2780cis,20k,1.47,,total
8.0,1640.846373333333,1730.1042863239486,false,fully_free_context_diagnostic,linked_global,monoculture,A2780cis,20k,1.47,,total
9.0,2390.4506556666665,2210.046432817664,false,fully_free_context_diagnostic,linked_global,monoculture,A2780cis,20k,1.47,,total
10.0,1885.2126543333334,2565.9165517331444,false,fully_free_context_diagnostic,linked_global,monoculture,A2780cis,20k,1.47,,total
11.0,2693.7878856666666,2774.561981844067,false,fully_free_context_diagnostic,linked_global,monoculture,A2780cis,20k,1.47,,total
12.0,2554.914467666667,2884.424532332532,false,fully_free_context_diagnostic,linked_global,monoculture,A2780cis,20k,1.47,,total
13.0,3229.3090276666667,2941.036048808237,false,fully_free_context_diagnostic,linked_global,monoculture,A2780cis,20k,1.47,,total
14.0,3171.784760666667,2971.528132141059,false,fully_free_context_diagnostic,linked_global,monoculture,A2780cis,20k,1.47,,total
0.0,100.0,100.0,true,fully_free_context_diagnostic,linked_global,monoculture,A2780cis,30k,0.67,,total
1.0,119.12291633333332,113.26221648753014,false,fully_free_context_diagnostic,linked_global,monoculture,A2780cis,30k,0.67,,total
2.0,208.10995366666666,158.9127744173722,false,fully_free_context_diagnostic,linked_global,monoculture,A2780cis,30k,0.67,,total
3.0,381.1926696666667,262.58298993197513,false,fully_free_context_diagnostic,linked_global,monoculture,A2780cis,30k,0.67,,total
4.0,731.6507716666666,483.86497225362905,false,fully_free_context_diagnostic,linked_global,monoculture,A2780cis,30k,0.67,,total
5.0,1291.6760416666666,925.5975742616165,false,fully_free_context_diagnostic,linked_global,monoculture,A2780cis,30k,0.67,,total
6.0,1980.2315586666666,1664.578032697054,false,fully_free_context_diagnostic,linked_global,monoculture,A2780cis,30k,0.67,,total
7.0,2670.8478393333335,2506.068866792531,false,fully_free_context_diagnostic,linked_global,monoculture,A2780cis,30k,0.67,,total
8.0,2545.009915,2941.9649474049374,false,fully_free_context_diagnostic,linked_global,monoculture,A2780cis,30k,0.67,,total
9.0,3548.7987266666664,3226.890882300485,false,fully_free_context_diagnostic,linked_global,monoculture,A2780cis,30k,0.67,,total
10.0,2897.7104553333334,3398.17309655415,false,fully_free_context_diagnostic,linked_global,monoculture,A2780cis,30k,0.67,,total
11.0,3797.833449333333,3502.487499425761,false,fully_free_context_diagnostic,linked_global,monoculture,A2780cis,30k,0.67,,total
12.0,2884.930285666667,3570.375641903721,false,fully_free_context_diagnostic,linked_global,monoculture,A2780cis,30k,0.67,,total
13.0,4146.366087666666,3617.7785078813695,false,fully_free_context_diagnostic,linked_global,monoculture,A2780cis,30k,0.67,,total
14.0,3326.884761,3652.518407382847,false,fully_free_context_diagnostic,linked_global,monoculture,A2780cis,30k,0.67,,total
0.0,100.0,100.0,true,fully_free_context_diagnostic,linked_global,monoculture,A2780cis,30k,1.0,,total
1.0,117.62118066666666,113.26221648753014,false,fully_free_context_diagnostic,linked_global,monoculture,A2780cis,30k,1.0,,total
2.0,206.52970666666667,158.9127744173722,false,fully_free_context_diagnostic,linked_global,monoculture,A2780cis,30k,1.0,,total
3.0,392.79753066666666,262.58298993197513,false,fully_free_context_diagnostic,linked_global,monoculture,A2780cis,30k,1.0,,total
4.0,793.1631946666666,483.86497225362905,false,fully_free_context_diagnostic,linked_global,monoculture,A2780cis,30k,1.0,,total
5.0,1328.3501159999998,925.5975742616165,false,fully_free_context_diagnostic,linked_global,monoculture,A2780cis,30k,1.0,,total
6.0,1947.6582176666668,1664.578032697054,false,fully_free_context_diagnostic,linked_global,monoculture,A2780cis,30k,1.0,,total
7.0,2594.510609333334,2231.3350785077632,false,fully_free_context_diagnostic,linked_global,monoculture,A2780cis,30k,1.0,,total
8.0,2352.0106483333334,2084.8625324226728,false,fully_free_context_diagnostic,linked_global,monoculture,A2780cis,30k,1.0,,total
9.0,3220.0850306666666,2570.6032945990687,false,fully_free_context_diagnostic,linked_global,monoculture,A2780cis,30k,1.0,,total
10.0,2953.806751666667,2941.162146586701,false,fully_free_context_diagnostic,linked_global,monoculture,A2780cis,30k,1.0,,total
11.0,3595.1114196666663,3136.620016318421,false,fully_free_context_diagnostic,linked_global,monoculture,A2780cis,30k,1.0,,total
12.0,2534.660455333333,3226.866263732592,false,fully_free_context_diagnostic,linked_global,monoculture,A2780cis,30k,1.0,,total
13.0,3853.449228666667,3267.9295665175437,false,fully_free_context_diagnostic,linked_global,monoculture,A2780cis,30k,1.0,,total
14.0,4116.669907333334,3287.9408239225527,false,fully_free_context_diagnostic,linked_global,monoculture,A2780cis,30k,1.0,,total
0.0,100.0,100.0,true,fully_free_context_diagnostic,linked_global,monoculture,A2780cis,30k,1.47,,total
1.0,73.88472200000001,113.26221648753014,false,fully_free_context_diagnostic,linked_global,monoculture,A2780cis,30k,1.47,,total
2.0,143.64463766666665,158.9127744173722,false,fully_free_context_diagnostic,linked_global,monoculture,A2780cis,30k,1.47,,total
3.0,301.875849,262.58298993197513,false,fully_free_context_diagnostic,linked_global,monoculture,A2780cis,30k,1.47,,total
4.0,670.1066746666667,483.86497225362905,false,fully_free_context_diagnostic,linked_global,monoculture,A2780cis,30k,1.47,,total
5.0,1170.9108796666667,925.5975742616165,false,fully_free_context_diagnostic,linked_global,monoculture,A2780cis,30k,1.47,,total
6.0,1348.3380016666667,1664.578032697054,false,fully_free_context_diagnostic,linked_global,monoculture,A2780cis,30k,1.47,,total
7.0,1881.759761,2064.7145284622266,false,fully_free_context_diagnostic,linked_global,monoculture,A2780cis,30k,1.47,,total
8.0,1606.1887733333333,1886.4521514788992,false,fully_free_context_diagnostic,linked_global,monoculture,A2780cis,30k,1.47,,total
9.0,2421.258526333333,2301.365721951485,false,fully_free_context_diagnostic,linked_global,monoculture,A2780cis,30k,1.47,,total
10.0,1957.2380400000002,2594.602493430592,false,fully_free_context_diagnostic,linked_global,monoculture,A2780cis,30k,1.47,,total
11.0,2537.103395,2764.701296962563,false,fully_free_context_diagnostic,linked_global,monoculture,A2780cis,30k,1.47,,total
12.0,2244.322531,2856.1641440234066,false,fully_free_context_diagnostic,linked_global,monoculture,A2780cis,30k,1.47,,total
13.0,2827.4429400000004,2905.3223847385343,false,fully_free_context_diagnostic,linked_global,monoculture,A2780cis,30k,1.47,,total
14.0,3433.938387333333,2933.2226723697463,false,fully_free_context_diagnostic,linked_global,monoculture,A2780cis,30k,1.47,,total
0.0,16.75,16.75,true,fully_free_context_diagnostic,linked_global,coculture,A2780Naive+A2780cis,20k,1.0,25-75,sensitive
1.0,99.62333333333333,29.904539050498226,false,fully_free_context_diagnostic,linked_global,coculture,A2780Naive+A2780cis,20k,1.0,25-75,sensitive
2.0,151.64666666666665,78.51392731471915,false,fully_free_context_diagnostic,linked_global,coculture,A2780Naive+A2780cis,20k,1.0,25-75,sensitive
3.0,256.715,176.43056338578626,false,fully_free_context_diagnostic,linked_global,coculture,A2780Naive+A2780cis,20k,1.0,25-75,sensitive
4.0,308.39166666666665,336.5161485911935,false,fully_free_context_diagnostic,linked_global,coculture,A2780Naive+A2780cis,20k,1.0,25-75,sensitive
5.0,458.41,536.8678467832952,false,fully_free_context_diagnostic,linked_global,coculture,A2780Naive+A2780cis,20k,1.0,25-75,sensitive
6.0,443.1983333333333,727.0905697831731,false,fully_free_context_diagnostic,linked_global,coculture,A2780Naive+A2780cis,20k,1.0,25-75,sensitive
7.0,684.745,872.0432311649762,false,fully_free_context_diagnostic,linked_global,coculture,A2780Naive+A2780cis,20k,1.0,25-75,sensitive
8.0,381.4466666666667,966.9204455943476,false,fully_free_context_diagnostic,linked_global,coculture,A2780Naive+A2780cis,20k,1.0,25-75,sensitive
9.0,434.4266666666667,993.073266622334,false,fully_free_context_diagnostic,linked_global,coculture,A2780Naive+A2780cis,20k,1.0,25-75,sensitive
10.0,381.8066666666667,969.413759504547,false,fully_free_context_diagnostic,linked_global,coculture,A2780Naive+A2780cis,20k,1.0,25-75,sensitive
11.0,827.9266666666667,920.7082693323982,false,fully_free_context_diagnostic,linked_global,coculture,A2780Naive+A2780cis,20k,1.0,25-75,sensitive
12.0,564.2466666666667,863.8374924070666,false,fully_free_context_diagnostic,linked_global,coculture,A2780Naive+A2780cis,20k,1.0,25-75,sensitive
13.0,1105.2716666666665,807.3233341034371,false,fully_free_context_diagnostic,linked_global,coculture,A2780Naive+A2780cis,20k,1.0,25-75,sensitive
14.0,404.80333333333334,754.583053888076,false,fully_free_context_diagnostic,linked_global,coculture,A2780Naive+A2780cis,20k,1.0,25-75,sensitive
0.0,50.25,50.25,true,fully_free_context_diagnostic,linked_global,coculture,A2780Naive+A2780cis,20k,1.0,25-75,resistant
1.0,88.58666666666666,56.96229295826625,false,fully_free_context_diagnostic,linked_global,coculture,A2780Naive+A2780cis,20k,1.0,25-75,resistant
2.0,143.335,79.92030394314251,false,fully_free_context_diagnostic,linked_global,coculture,A2780Naive+A2780cis,20k,1.0,25-75,resistant
3.0,247.62666666666667,131.01230863074002,false,fully_free_context_diagnostic,linked_global,coculture,A2780Naive+A2780cis,20k,1.0,25-75,resistant
4.0,494.3083333333334,235.44836387166868,false,fully_free_context_diagnostic,linked_global,coculture,A2780Naive+A2780cis,20k,1.0,25-75,resistant
5.0,903.3716666666666,432.3977437205418,false,fully_free_context_diagnostic,linked_global,coculture,A2780Naive+A2780cis,20k,1.0,25-75,resistant
6.0,1360.0966666666666,757.4425364276002,false,fully_free_context_diagnostic,linked_global,coculture,A2780Naive+A2780cis,20k,1.0,25-75,resistant
7.0,2438.3766666666666,938.7204228189662,false,fully_free_context_diagnostic,linked_global,coculture,A2780Naive+A2780cis,20k,1.0,25-75,resistant
8.0,1945.3233333333335,1302.523391328334,false,fully_free_context_diagnostic,linked_global,coculture,A2780Naive+A2780cis,20k,1.0,25-75,resistant
9.0,3250.286666666667,1724.158257402753,false,fully_free_context_diagnostic,linked_global,coculture,A2780Naive+A2780cis,20k,1.0,25-75,resistant
10.0,3135.64,2074.7175694637103,false,fully_free_context_diagnostic,linked_global,coculture,A2780Naive+A2780cis,20k,1.0,25-75,resistant
11.0,3987.5866666666666,2329.6522783486225,false,fully_free_context_diagnostic,linked_global,coculture,A2780Naive+A2780cis,20k,1.0,25-75,resistant
12.0,2308.2483333333334,2509.1410422009158,false,fully_free_context_diagnostic,linked_global,coculture,A2780Naive+A2780cis,20k,1.0,25-75,resistant
13.0,3826.773333333333,2639.6994775860053,false,fully_free_context_diagnostic,linked_global,coculture,A2780Naive+A2780cis,20k,1.0,25-75,resistant
14.0,2159.3716666666664,2740.290623674623,false,fully_free_context_diagnostic,linked_global,coculture,A2780Naive+A2780cis,20k,1.0,25-75,resistant
0.0,33.5,33.5,true,fully_free_context_diagnostic,linked_global,coculture,A2780Naive+A2780cis,20k,1.0,50-50,sensitive
1.0,154.28,58.53711299544217,false,fully_free_context_diagnostic,linked_global,coculture,A2780Naive+A2780cis,20k,1.0,50-50,sensitive
2.0,285.20666666666665,144.4178728467391,false,fully_free_context_diagnostic,linked_global,coculture,A2780Naive+A2780cis,20k,1.0,50-50,sensitive
3.0,425.075,296.48882530065475,false,fully_free_context_diagnostic,linked_global,coculture,A2780Naive+A2780cis,20k,1.0,50-50,sensitive
4.0,562.615,514.6441259198685,false,fully_free_context_diagnostic,linked_global,coculture,A2780Naive+A2780cis,20k,1.0,50-50,sensitive
5.0,850.4516666666667,758.0905070265932,false,fully_free_context_diagnostic,linked_global,coculture,A2780Naive+A2780cis,20k,1.0,50-50,sensitive
6.0,932.2550000000001,972.6156129698942,false,fully_free_context_diagnostic,linked_global,coculture,A2780Naive+A2780cis,20k,1.0,50-50,sensitive
7.0,1392.045,1129.4377320533954,false,fully_free_context_diagnostic,linked_global,coculture,A2780Naive+A2780cis,20k,1.0,50-50,sensitive
8.0,999.73,1228.4895890777364,false,fully_free_context_diagnostic,linked_global,coculture,A2780Naive+A2780cis,20k,1.0,50-50,sensitive
9.0,1287.6316666666664,1258.0379623880813,false,fully_free_context_diagnostic,linked_global,coculture,A2780Naive+A2780cis,20k,1.0,50-50,sensitive
10.0,1285.185,1232.5745973698774,false,fully_free_context_diagnostic,linked_global,coculture,A2780Naive+A2780cis,20k,1.0,50-50,sensitive
11.0,1589.9216666666669,1173.4268230760313,false,fully_free_context_diagnostic,linked_global,coculture,A2780Naive+A2780cis,20k,1.0,50-50,sensitive
12.0,1183.66,1098.9442193544287,false,fully_free_context_diagnostic,linked_global,coculture,A2780Naive+A2780cis,20k,1.0,50-50,sensitive
13.0,1283.0133333333333,1021.2389373046366,false,fully_free_context_diagnostic,linked_global,coculture,A2780Naive+A2780cis,20k,1.0,50-50,sensitive
14.0,1010.3066666666667,946.7765093871062,false,fully_free_context_diagnostic,linked_global,coculture,A2780Naive+A2780cis,20k,1.0,50-50,sensitive
0.0,33.5,33.5,true,fully_free_context_diagnostic,linked_global,coculture,A2780Naive+A2780cis,20k,1.0,50-50,resistant
1.0,51.281666666666666,37.95983327855969,false,fully_free_context_diagnostic,linked_global,coculture,A2780Naive+A2780cis,20k,1.0,50-50,resistant
2.0,89.81333333333333,53.06701864031973,false,fully_free_context_diagnostic,linked_global,coculture,A2780Naive+A2780cis,20k,1.0,50-50,resistant
3.0,141.95833333333334,85.95739125965085,false,fully_free_context_diagnostic,linked_global,coculture,A2780Naive+A2780cis,20k,1.0,50-50,resistant
4.0,269.67333333333335,150.94165874235392,false,fully_free_context_diagnostic,linked_global,coculture,A2780Naive+A2780cis,20k,1.0,50-50,resistant
5.0,503.14333333333326,269.4564644433937,false,fully_free_context_diagnostic,linked_global,coculture,A2780Naive+A2780cis,20k,1.0,50-50,resistant
6.0,640.2366666666667,464.1921736913405,false,fully_free_context_diagnostic,linked_global,coculture,A2780Naive+A2780cis,20k,1.0,50-50,resistant
7.0,1228.7583333333334,578.0128306571776,false,fully_free_context_diagnostic,linked_global,coculture,A2780Naive+A2780cis,20k,1.0,50-50,resistant
8.0,1159.7433333333333,821.8139725327568,false,fully_free_context_diagnostic,linked_global,coculture,A2780Naive+A2780cis,20k,1.0,50-50,resistant
9.0,2141.5383333333334,1150.7498304672445,false,fully_free_context_diagnostic,linked_global,coculture,A2780Naive+A2780cis,20k,1.0,50-50,resistant
10.0,2331.901666666666,1489.5035194667164,false,fully_free_context_diagnostic,linked_global,coculture,A2780Naive+A2780cis,20k,1.0,50-50,resistant
11.0,3319.126666666667,1794.7317561587681,false,fully_free_context_diagnostic,linked_global,coculture,A2780Naive+A2780cis,20k,1.0,50-50,resistant
12.0,1939.1216666666667,2048.0454790784042,false,fully_free_context_diagnostic,linked_global,coculture,A2780Naive+A2780cis,20k,1.0,50-50,resistant
13.0,3037.8416666666667,2250.558242576536,false,fully_free_context_diagnostic,linked_global,coculture,A2780Naive+A2780cis,20k,1.0,50-50,resistant
14.0,1923.26,2411.9386617919995,false,fully_free_context_diagnostic,linked_global,coculture,A2780Naive+A2780cis,20k,1.0,50-50,resistant
0.0,50.25,50.25,true,fully_free_context_diagnostic,linked_global,coculture,A2780Naive+A2780cis,20k,1.0,75-25,sensitive
1.0,216.94833333333335,86.24191904814847,false,fully_free_context_diagnostic,linked_global,coculture,A2780Naive+A2780cis,20k,1.0,75-25,sensitive
2.0,395.03833333333336,203.1641893070455,false,fully_free_context_diagnostic,linked_global,coculture,A2780Naive+A2780cis,20k,1.0,75-25,sensitive
3.0,575.9033333333333,392.7106012242393,false,fully_free_context_diagnostic,linked_global,coculture,A2780Naive+A2780cis,20k,1.0,75-25,sensitive
4.0,750.965,643.729026126322,false,fully_free_context_diagnostic,linked_global,coculture,A2780Naive+A2780cis,20k,1.0,75-25,sensitive
5.0,1098.7666666666667,907.2303682400997,false,fully_free_context_diagnostic,linked_global,coculture,A2780Naive+A2780cis,20k,1.0,75-25,sensitive
6.0,1222.9466666666665,1133.9305843816862,false,fully_free_context_diagnostic,linked_global,coculture,A2780Naive+A2780cis,20k,1.0,75-25,sensitive
7.0,1636.885,1301.222287754339,false,fully_free_context_diagnostic,linked_global,coculture,A2780Naive+A2780cis,20k,1.0,75-25,sensitive
8.0,1417.09,1410.5144788629502,false,fully_free_context_diagnostic,linked_global,coculture,A2780Naive+A2780cis,20k,1.0,75-25,sensitive
9.0,1830.3733333333337,1458.387093144818,false,fully_free_context_diagnostic,linked_global,coculture,A2780Naive+A2780cis,20k,1.0,75-25,sensitive
10.0,2137.61,1453.676121211642,false,fully_free_context_diagnostic,linked_global,coculture,A2780Naive+A2780cis,20k,1.0,75-25,sensitive
11.0,2132.978333333333,1408.7480277699087,false,fully_free_context_diagnostic,linked_global,coculture,A2780Naive+A2780cis,20k,1.0,75-25,sensitive
12.0,1500.195,1336.8730510582877,false,fully_free_context_diagnostic,linked_global,coculture,A2780Naive+A2780cis,20k,1.0,75-25,sensitive
13.0,1762.6516666666669,1250.6166955069377,false,fully_free_context_diagnostic,linked_global,coculture,A2780Naive+A2780cis,20k,1.0,75-25,sensitive
14.0,1454.5266666666666,1160.1119766747354,false,fully_free_context_diagnostic,linked_global,coculture,A2780Naive+A2780cis,20k,1.0,75-25,sensitive
0.0,16.75,16.75,true,fully_free_context_diagnostic,linked_global,coculture,A2780Naive+A2780cis,20k,1.0,75-25,resistant
1.0,26.93166666666667,18.972799555694834,false,fully_free_context_diagnostic,linked_global,coculture,A2780Naive+A2780cis,20k,1.0,75-25,resistant
2.0,42.105,26.43985659230554,false,fully_free_context_diagnostic,linked_global,coculture,A2780Naive+A2780cis,20k,1.0,75-25,resistant
3.0,64.44166666666668,42.431428837083445,false,fully_free_context_diagnostic,linked_global,coculture,A2780Naive+A2780cis,20k,1.0,75-25,resistant
4.0,128.0016666666667,73.37270069667792,false,fully_free_context_diagnostic,linked_global,coculture,A2780Naive+A2780cis,20k,1.0,75-25,resistant
5.0,186.15166666666664,129.05524400822972,false,fully_free_context_diagnostic,linked_global,coculture,A2780Naive+A2780cis,20k,1.0,75-25,resistant
6.0,262.3983333333333,221.93152557553614,false,fully_free_context_diagnostic,linked_global,coculture,A2780Naive+A2780cis,20k,1.0,75-25,resistant
7.0,430.875,281.0736216035568,false,fully_free_context_diagnostic,linked_global,coculture,A2780Naive+A2780cis,20k,1.0,75-25,resistant
8.0,525.69,413.38174146227254,false,fully_free_context_diagnostic,linked_global,coculture,A2780Naive+A2780cis,20k,1.0,75-25,resistant
9.0,900.48,617.7986848943045,false,fully_free_context_diagnostic,linked_global,coculture,A2780Naive+A2780cis,20k,1.0,75-25,resistant
10.0,1261.5033333333333,875.5849428298221,false,fully_free_context_diagnostic,linked_global,coculture,A2780Naive+A2780cis,20k,1.0,75-25,resistant
11.0,1896.801666666667,1166.6881590742014,false,fully_free_context_diagnostic,linked_global,coculture,A2780Naive+A2780cis,20k,1.0,75-25,resistant
12.0,1271.0700000000004,1463.252605623204,false,fully_free_context_diagnostic,linked_global,coculture,A2780Naive+A2780cis,20k,1.0,75-25,resistant
13.0,2274.6516666666666,1739.2616792964632,false,fully_free_context_diagnostic,linked_global,coculture,A2780Naive+A2780cis,20k,1.0,75-25,resistant
14.0,1507.9783333333335,1979.57099081173,false,fully_free_context_diagnostic,linked_global,coculture,A2780Naive+A2780cis,20k,1.0,75-25,resistant
0.0,25.0,25.0,true,fully_free_context_diagnostic,linked_global,coculture,A2780Naive+A2780cis,30k,1.0,25-75,sensitive
1.0,92.28666666666668,39.202212553736594,false,fully_free_context_diagnostic,linked_global,coculture,A2780Naive+A2780cis,30k,1.0,25-75,sensitive
2.0,166.93666666666667,85.62291292269083,false,fully_free_context_diagnostic,linked_global,coculture,A2780Naive+A2780cis,30k,1.0,25-75,sensitive
3.0,254.01833333333335,167.8531032215817,false,fully_free_context_diagnostic,linked_global,coculture,A2780Naive+A2780cis,30k,1.0,25-75,sensitive
4.0,304.3333333333333,289.87685286518763,false,fully_free_context_diagnostic,linked_global,coculture,A2780Naive+A2780cis,30k,1.0,25-75,sensitive
5.0,467.26833333333326,430.2912120491652,false,fully_free_context_diagnostic,linked_global,coculture,A2780Naive+A2780cis,30k,1.0,25-75,sensitive
6.0,478.9883333333334,551.1399734615735,false,fully_free_context_diagnostic,linked_global,coculture,A2780Naive+A2780cis,30k,1.0,25-75,sensitive
7.0,644.6283333333333,634.1239083191856,false,fully_free_context_diagnostic,linked_global,coculture,A2780Naive+A2780cis,30k,1.0,25-75,sensitive
8.0,433.00666666666666,683.1751611959086,false,fully_free_context_diagnostic,linked_global,coculture,A2780Naive+A2780cis,30k,1.0,25-75,sensitive
9.0,360.13166666666666,681.4067000450472,false,fully_free_context_diagnostic,linked_global,coculture,A2780Naive+A2780cis,30k,1.0,25-75,sensitive
10.0,420.3900000000001,646.1170208876254,false,fully_free_context_diagnostic,linked_global,coculture,A2780Naive+A2780cis,30k,1.0,25-75,sensitive
11.0,492.47499999999997,596.5528816061639,false,fully_free_context_diagnostic,linked_global,coculture,A2780Naive+A2780cis,30k,1.0,25-75,sensitive
12.0,788.84,544.1002068405271,false,fully_free_context_diagnostic,linked_global,coculture,A2780Naive+A2780cis,30k,1.0,25-75,sensitive
13.0,1077.7166666666667,493.79661740055224,false,fully_free_context_diagnostic,linked_global,coculture,A2780Naive+A2780cis,30k,1.0,25-75,sensitive
14.0,921.545,447.3885301839249,false,fully_free_context_diagnostic,linked_global,coculture,A2780Naive+A2780cis,30k,1.0,25-75,sensitive
0.0,75.0,75.0,true,fully_free_context_diagnostic,linked_global,coculture,A2780Naive+A2780cis,30k,1.0,25-75,resistant
1.0,87.41333333333334,84.88508071731611,false,fully_free_context_diagnostic,linked_global,coculture,A2780Naive+A2780cis,30k,1.0,25-75,resistant
2.0,146.07000000000002,118.45038182568547,false,fully_free_context_diagnostic,linked_global,coculture,A2780Naive+A2780cis,30k,1.0,25-75,resistant
3.0,261.51,192.11876098982296,false,fully_free_context_diagnostic,linked_global,coculture,A2780Naive+A2780cis,30k,1.0,25-75,resistant
4.0,490.7949999999999,339.57619561066247,false,fully_free_context_diagnostic,linked_global,coculture,A2780Naive+A2780cis,30k,1.0,25-75,resistant
5.0,872.2133333333333,609.1787072795778,false,fully_free_context_diagnostic,linked_global,coculture,A2780Naive+A2780cis,30k,1.0,25-75,resistant
6.0,1398.1966666666667,1032.7539362013367,false,fully_free_context_diagnostic,linked_global,coculture,A2780Naive+A2780cis,30k,1.0,25-75,resistant
7.0,2656.3349999999996,1228.7910884659545,false,fully_free_context_diagnostic,linked_global,coculture,A2780Naive+A2780cis,30k,1.0,25-75,resistant
8.0,2187.6316666666667,1659.066539540833,false,fully_free_context_diagnostic,linked_global,coculture,A2780Naive+A2780cis,30k,1.0,25-75,resistant
9.0,3209.313333333333,2118.5917510167424,false,fully_free_context_diagnostic,linked_global,coculture,A2780Naive+A2780cis,30k,1.0,25-75,resistant
10.0,3193.9033333333336,2463.815383382204,false,fully_free_context_diagnostic,linked_global,coculture,A2780Naive+A2780cis,30k,1.0,25-75,resistant
11.0,3624.1133333333332,2696.0842020488726,false,fully_free_context_diagnostic,linked_global,coculture,A2780Naive+A2780cis,30k,1.0,25-75,resistant
12.0,2743.473333333334,2854.0210041712617,false,fully_free_context_diagnostic,linked_global,coculture,A2780Naive+A2780cis,30k,1.0,25-75,resistant
13.0,3918.6783333333333,2969.481642786583,false,fully_free_context_diagnostic,linked_global,coculture,A2780Naive+A2780cis,30k,1.0,25-75,resistant
14.0,3231.2383333333332,3060.800823814095,false,fully_free_context_diagnostic,linked_global,coculture,A2780Naive+A2780cis,30k,1.0,25-75,resistant
0.0,50.0,50.0,true,fully_free_context_diagnostic,linked_global,coculture,A2780Naive+A2780cis,30k,1.0,50-50,sensitive
1.0,165.45833333333334,77.06562140037732,false,fully_free_context_diagnostic,linked_global,coculture,A2780Naive+A2780cis,30k,1.0,50-50,sensitive
2.0,282.01500000000004,160.36178539401436,false,fully_free_context_diagnostic,linked_global,coculture,A2780Naive+A2780cis,30k,1.0,50-50,sensitive
3.0,432.8383333333333,293.033585983338,false,fully_free_context_diagnostic,linked_global,coculture,A2780Naive+A2780cis,30k,1.0,50-50,sensitive
4.0,607.8166666666667,470.9438923997536,false,fully_free_context_diagnostic,linked_global,coculture,A2780Naive+A2780cis,30k,1.0,50-50,sensitive
5.0,879.0050000000001,660.2697756686863,false,fully_free_context_diagnostic,linked_global,coculture,A2780Naive+A2780cis,30k,1.0,50-50,sensitive
6.0,947.1116666666667,819.3904151263022,false,fully_free_context_diagnostic,linked_global,coculture,A2780Naive+A2780cis,30k,1.0,50-50,sensitive
7.0,1412.7849999999999,930.6357752587717,false,fully_free_context_diagnostic,linked_global,coculture,A2780Naive+A2780cis,30k,1.0,50-50,sensitive
8.0,1018.185,998.1323959058672,false,fully_free_context_diagnostic,linked_global,coculture,A2780Naive+A2780cis,30k,1.0,50-50,sensitive
9.0,1172.4866666666667,1005.8888746453678,false,fully_free_context_diagnostic,linked_global,coculture,A2780Naive+A2780cis,30k,1.0,50-50,sensitive
10.0,1294.5683333333334,967.9029636731686,false,fully_free_context_diagnostic,linked_global,coculture,A2780Naive+A2780cis,30k,1.0,50-50,sensitive
11.0,1082.5033333333333,904.1486485191249,false,fully_free_context_diagnostic,linked_global,coculture,A2780Naive+A2780cis,30k,1.0,50-50,sensitive
12.0,1456.9150000000002,830.2403103415538,false,fully_free_context_diagnostic,linked_global,coculture,A2780Naive+A2780cis,30k,1.0,50-50,sensitive
13.0,1700.3266666666666,755.4892138327399,false,fully_free_context_diagnostic,linked_global,coculture,A2780Naive+A2780cis,30k,1.0,50-50,sensitive
14.0,1370.07,684.4545923905288,false,fully_free_context_diagnostic,linked_global,coculture,A2780Naive+A2780cis,30k,1.0,50-50,sensitive
0.0,50.0,50.0,true,fully_free_context_diagnostic,linked_global,coculture,A2780Naive+A2780cis,30k,1.0,50-50,resistant
1.0,53.36166666666666,56.55113604029226,false,fully_free_context_diagnostic,linked_global,coculture,A2780Naive+A2780cis,30k,1.0,50-50,resistant
2.0,85.83833333333332,78.54368559856212,false,fully_free_context_diagnostic,linked_global,coculture,A2780Naive+A2780cis,30k,1.0,50-50,resistant
3.0,136.93666666666667,125.6902353094633,false,fully_free_context_diagnostic,linked_global,coculture,A2780Naive+A2780cis,30k,1.0,50-50,resistant
4.0,278.0416666666667,216.92373235650518,false,fully_free_context_diagnostic,linked_global,coculture,A2780Naive+A2780cis,30k,1.0,50-50,resistant
5.0,439.5783333333333,378.8347378510394,false,fully_free_context_diagnostic,linked_global,coculture,A2780Naive+A2780cis,30k,1.0,50-50,resistant
6.0,738.2216666666667,634.5745860099952,false,fully_free_context_diagnostic,linked_global,coculture,A2780Naive+A2780cis,30k,1.0,50-50,resistant
7.0,1333.6733333333334,761.7187738982918,false,fully_free_context_diagnostic,linked_global,coculture,A2780Naive+A2780cis,30k,1.0,50-50,resistant
8.0,1333.7316666666666,1053.5798471582814,false,fully_free_context_diagnostic,linked_global,coculture,A2780Naive+A2780cis,30k,1.0,50-50,resistant
9.0,2235.375,1420.7508516142682,false,fully_free_context_diagnostic,linked_global,coculture,A2780Naive+A2780cis,30k,1.0,50-50,resistant
10.0,2239.6666666666665,1767.8129359720485,false,fully_free_context_diagnostic,linked_global,coculture,A2780Naive+A2780cis,30k,1.0,50-50,resistant
11.0,2711.556666666667,2059.9129544167704,false,fully_free_context_diagnostic,linked_global,coculture,A2780Naive+A2780cis,30k,1.0,50-50,resistant
12.0,2136.7833333333333,2294.1695605791574,false,fully_free_context_diagnostic,linked_global,coculture,A2780Naive+A2780cis,30k,1.0,50-50,resistant
13.0,3352.3216666666667,2481.6505793653528,false,fully_free_context_diagnostic,linked_global,coculture,A2780Naive+A2780cis,30k,1.0,50-50,resistant
14.0,2315.278333333333,2634.9320022124257,false,fully_free_context_diagnostic,linked_global,coculture,A2780Naive+A2780cis,30k,1.0,50-50,resistant
0.0,75.0,75.0,true,fully_free_context_diagnostic,linked_global,coculture,A2780Naive+A2780cis,30k,1.0,75-25,sensitive
1.0,218.08333333333334,113.89554324501245,false,fully_free_context_diagnostic,linked_global,coculture,A2780Naive+A2780cis,30k,1.0,75-25,sensitive
2.0,356.52833333333336,228.26953457969813,false,fully_free_context_diagnostic,linked_global,coculture,A2780Naive+A2780cis,30k,1.0,75-25,sensitive
3.0,545.945,397.1318412294188,false,fully_free_context_diagnostic,linked_global,coculture,A2780Naive+A2780cis,30k,1.0,75-25,sensitive
4.0,755.7766666666666,609.6923627026471,false,fully_free_context_diagnostic,linked_global,coculture,A2780Naive+A2780cis,30k,1.0,75-25,sensitive
5.0,1013.1566666666666,827.2647335643331,false,fully_free_context_diagnostic,linked_global,coculture,A2780Naive+A2780cis,30k,1.0,75-25,sensitive
6.0,1191.6316666666664,1012.2744813933546,false,fully_free_context_diagnostic,linked_global,coculture,A2780Naive+A2780cis,30k,1.0,75-25,sensitive
7.0,1758.6866666666667,1148.7113528988648,false,fully_free_context_diagnostic,linked_global,coculture,A2780Naive+A2780cis,30k,1.0,75-25,sensitive
8.0,1400.4566666666667,1238.602422753266,false,fully_free_context_diagnostic,linked_global,coculture,A2780Naive+A2780cis,30k,1.0,75-25,sensitive
9.0,1660.7133333333334,1272.4744305085248,false,fully_free_context_diagnostic,linked_global,coculture,A2780Naive+A2780cis,30k,1.0,75-25,sensitive
10.0,2107.1266666666666,1257.394623858988,false,fully_free_context_diagnostic,linked_global,coculture,A2780Naive+A2780cis,30k,1.0,75-25,sensitive
11.0,1744.1750000000002,1205.7856107943044,false,fully_free_context_diagnostic,linked_global,coculture,A2780Naive+A2780cis,30k,1.0,75-25,sensitive
12.0,1827.7083333333333,1130.888244870985,false,fully_free_context_diagnostic,linked_global,coculture,A2780Naive+A2780cis,30k,1.0,75-25,sensitive
13.0,1923.9083333333335,1044.2661884361714,false,fully_free_context_diagnostic,linked_global,coculture,A2780Naive+A2780cis,30k,1.0,75-25,sensitive
14.0,1647.07,954.4929009060526,false,fully_free_context_diagnostic,linked_global,coculture,A2780Naive+A2780cis,30k,1.0,75-25,sensitive
0.0,25.0,25.0,true,fully_free_context_diagnostic,linked_global,coculture,A2780Naive+A2780cis,30k,1.0,75-25,resistant
1.0,28.45,28.25690981368802,false,fully_free_context_diagnostic,linked_global,coculture,A2780Naive+A2780cis,30k,1.0,75-25,resistant
2.0,45.685,39.08221623492451,false,fully_free_context_diagnostic,linked_global,coculture,A2780Naive+A2780cis,30k,1.0,75-25,resistant
3.0,72.71833333333332,61.872904113366204,false,fully_free_context_diagnostic,linked_global,coculture,A2780Naive+A2780cis,30k,1.0,75-25,resistant
4.0,127.53333333333332,105.03248620053336,false,fully_free_context_diagnostic,linked_global,coculture,A2780Naive+A2780cis,30k,1.0,75-25,resistant
5.0,211.36,180.7271852603875,false,fully_free_context_diagnostic,linked_global,coculture,A2780Naive+A2780cis,30k,1.0,75-25,resistant
6.0,311.8583333333333,302.80865779654334,false,fully_free_context_diagnostic,linked_global,coculture,A2780Naive+A2780cis,30k,1.0,75-25,resistant
7.0,585.2883333333333,370.293689256497,false,fully_free_context_diagnostic,linked_global,coculture,A2780Naive+A2780cis,30k,1.0,75-25,resistant
8.0,720.1316666666667,529.1337553694582,false,fully_free_context_diagnostic,linked_global,coculture,A2780Naive+A2780cis,30k,1.0,75-25,resistant
9.0,1168.5216666666668,760.6935825269612,false,fully_free_context_diagnostic,linked_global,coculture,A2780Naive+A2780cis,30k,1.0,75-25,resistant
10.0,1358.1716666666664,1032.4613613510894,false,fully_free_context_diagnostic,linked_global,coculture,A2780Naive+A2780cis,30k,1.0,75-25,resistant
11.0,1719.3033333333333,1320.4511933616893,false,fully_free_context_diagnostic,linked_global,coculture,A2780Naive+A2780cis,30k,1.0,75-25,resistant
12.0,1458.7166666666665,1601.7934730262004,false,fully_free_context_diagnostic,linked_global,coculture,A2780Naive+A2780cis,30k,1.0,75-25,resistant
13.0,2386.6633333333334,1860.2610097427228,false,fully_free_context_diagnostic,linked_global,coculture,A2780Naive+A2780cis,30k,1.0,75-25,resistant
14.0,1738.6666666666667,2088.6285254272007,false,fully_free_context_diagnostic,linked_global,coculture,A2780Naive+A2780cis,30k,1.0,75-25,resistant
